t_wall_s,t_mono_s,dt_actual_s,phase,axis,vel_ff,vel_ff_vz,v_cmd_z,v_ach,vz_achieved_tool,fz,feedback_age_s,sensor_age_s,a_tcp_z_plus,motion_seq
5.010438,597087.092187,0.005000,rest,2,0.000000,0.000000,0.000000,0.001855,0.001855,0.499028,0.002335,0.002335,0.267652,213372
5.010438,597087.097307,0.000001,rest,2,0.000000,0.000000,0.000000,0.001855,0.001855,0.499028,0.002335,0.002335,0.267652,213372
5.020676,597087.102436,0.010238,rest,2,0.000000,0.000000,0.000000,-0.000627,-0.000627,0.445456,0.002526,0.002526,0.000000,213376
5.025438,597087.107578,0.004762,rest,2,0.000000,0.000000,0.000000,-0.000627,-0.000627,0.459325,0.001682,0.001682,0.000000,213378
5.030437,597087.112727,0.005000,rest,2,0.000000,0.000000,0.000000,0.000123,0.000123,0.481469,0.002208,0.002208,0.149839,213380
5.035438,597087.117857,0.005000,rest,2,0.000000,0.000000,0.000000,-0.000486,-0.000486,0.461462,0.001576,0.001576,0.000000,213382
5.040447,597087.123016,0.005009,rest,2,0.000000,0.000000,0.000000,-0.000729,-0.000729,0.480860,0.002128,0.002128,0.000000,213384
5.045437,597087.128182,0.004991,rest,2,0.000000,0.000000,0.000000,0.000274,0.000274,0.485038,0.001659,0.001659,0.201075,213386
5.050438,597087.133294,0.005000,rest,2,0.000000,0.000000,0.000000,-0.000231,-0.000231,0.514777,0.002202,0.002202,0.000000,213388
5.055437,597087.138365,0.004999,rest,2,0.000000,0.000000,0.000000,-0.001441,-0.001441,0.556613,0.001720,0.001720,0.000000,213390
5.060437,597087.143479,0.005000,rest,2,0.000000,0.000000,0.000000,-0.000152,-0.000152,0.515297,0.002323,0.002323,0.257774,213392
5.065438,597087.148590,0.005000,rest,2,0.000000,0.000000,0.000000,-0.000049,-0.000049,0.471950,0.001766,0.001766,0.020593,213394
5.070437,597087.153713,0.005000,rest,2,0.000000,0.000000,0.000000,-0.000224,-0.000224,0.478945,0.002321,0.002321,0.000000,213396
5.075438,597087.158835,0.005001,rest,2,0.000000,0.000000,0.000000,-0.000049,-0.000049,0.506656,0.001900,0.001900,0.035010,213398
5.080438,597087.163960,0.005000,rest,2,0.000000,0.000000,0.000000,0.000160,0.000160,0.538592,0.002495,0.002495,0.041832,213400
5.085437,597087.169130,0.004999,rest,2,0.000000,0.000000,0.000000,-0.001379,-0.001379,0.555646,0.001842,0.001842,0.000000,213402
5.090438,597087.174248,0.005001,rest,2,0.000000,0.000000,0.000000,0.000039,0.000039,0.539937,0.002423,0.002423,0.283551,213404
5.095842,597087.179410,0.005404,rest,2,0.000000,0.000000,0.000000,0.000129,0.000129,0.500213,0.002160,0.002160,0.016803,213406
5.100638,597087.184535,0.004796,rest,2,0.000000,0.000000,0.000000,-0.000277,-0.000277,0.506492,0.002470,0.002470,0.000000,213408
5.105438,597087.189663,0.004800,rest,2,0.000000,0.000000,0.000000,0.001018,0.001018,0.539129,0.001739,0.001739,0.269815,213410
5.110704,597087.194784,0.005265,rest,2,0.000000,0.000000,0.000000,0.001242,0.001242,0.537808,0.002528,0.002528,0.042535,213412
5.115441,597087.199918,0.004737,rest,2,0.000000,0.000000,0.000000,0.000987,0.000987,0.530754,0.001714,0.001714,0.000000,213414
5.120438,597087.205048,0.004998,rest,2,0.000000,0.000000,0.000000,0.000987,0.000987,0.541523,0.002189,0.002189,0.000001,213416
5.125437,597087.210155,0.004999,rest,2,0.000000,0.000000,0.000000,0.000106,0.000106,0.526411,0.001573,0.001573,0.000000,213418
5.131080,597087.215265,0.005642,rest,2,0.000000,0.000000,0.000000,-0.000017,-0.000017,0.472441,0.002705,0.002705,0.000000,213420
5.136575,597087.220417,0.005496,rest,2,0.000000,0.000000,0.000000,-0.000990,-0.000990,0.433634,0.002744,0.002744,0.000000,213422
5.141933,597087.225524,0.005357,rest,2,0.000000,0.000000,0.000000,-0.000960,-0.000960,0.444115,0.003710,0.003710,0.005471,213424
5.146124,597087.230637,0.004192,rest,2,0.000000,0.000000,0.000000,-0.000803,-0.000803,0.479709,0.002474,0.002474,0.037450,213426
5.150449,597087.235798,0.004325,rest,2,0.000000,0.000000,0.000000,-0.000565,-0.000565,0.490005,0.002516,0.002516,0.055098,213428
5.155464,597087.240924,0.005015,rest,2,0.000000,0.000000,0.000000,0.000200,0.000200,0.487411,0.001972,0.001972,0.152597,213430
5.160441,597087.246044,0.004977,rest,2,0.000000,0.000000,0.000000,0.000200,0.000200,0.469513,0.002665,0.002665,0.000000,213432
5.165726,597087.251175,0.005285,rest,2,0.000000,0.000000,0.000000,0.000837,0.000837,0.488248,0.002475,0.002475,0.120523,213434
5.171144,597087.256305,0.005418,rest,2,0.000000,0.000000,0.000000,0.000837,0.000837,0.536823,0.002299,0.002299,0.000000,213436
5.180472,597087.261421,0.009328,rest,2,0.000000,0.000000,0.000000,0.000461,0.000461,0.528843,0.001692,0.001692,0.000000,213440
5.185438,597087.266553,0.004966,rest,2,0.000000,0.000000,0.000000,0.000431,0.000431,0.508549,0.002205,0.002205,0.000000,213442
5.190440,597087.271669,0.005002,rest,2,0.000000,0.000000,0.000000,0.000504,0.000504,0.510313,0.001651,0.001651,0.014722,213444
5.195439,597087.276783,0.004999,rest,2,0.000000,0.000000,0.000000,-0.000780,-0.000780,0.501552,0.002212,0.002212,0.000000,213446
5.200438,597087.281923,0.005000,rest,2,0.000000,0.000000,0.000000,-0.000075,-0.000075,0.519243,0.001642,0.001642,0.141106,213448
5.205437,597087.287043,0.004999,rest,2,0.000000,0.000000,0.000000,-0.000354,-0.000354,0.544605,0.002188,0.002188,0.000000,213450
5.210439,597087.292167,0.005002,rest,2,0.000000,0.000000,0.000000,0.000204,0.000204,0.539878,0.001698,0.001698,0.111446,213452
5.215440,597087.297284,0.005001,rest,2,0.000000,0.000000,0.000000,0.000655,0.000655,0.533936,0.002218,0.002218,0.090265,213454
5.220437,597087.302433,0.004997,rest,2,0.000000,0.000000,0.000000,0.001148,0.001148,0.498541,0.001601,0.001601,0.098567,213456
5.225437,597087.307592,0.005000,rest,2,0.000000,0.000000,0.000000,0.000253,0.000253,0.490536,0.002129,0.002129,0.000000,213458
5.230446,597087.312793,0.005009,rest,2,0.000000,0.000000,0.000000,-0.000707,-0.000707,0.506043,0.002703,0.002703,0.000000,213460
5.235438,597087.317901,0.004991,rest,2,0.000000,0.000000,0.000000,-0.000276,-0.000276,0.478186,0.002054,0.002054,0.086267,213462
5.240443,597087.323132,0.005005,rest,2,0.000000,0.000000,0.000000,-0.001739,-0.001739,0.442590,0.002627,0.002627,0.000000,213464
5.245437,597087.328237,0.004994,rest,2,0.000000,0.000000,0.000000,-0.000160,-0.000160,0.428749,0.001985,0.001985,0.316331,213466
5.250437,597087.333373,0.005001,rest,2,0.000000,0.000000,0.000000,-0.001132,-0.001132,0.467922,0.002239,0.002239,0.000000,213468
5.255437,597087.338518,0.004999,rest,2,0.000000,0.000000,0.000000,-0.001279,-0.001279,0.507188,0.001562,0.001562,0.000000,213470
5.260437,597087.343728,0.005001,rest,2,0.000000,0.000000,0.000000,-0.001059,-0.001059,0.506934,0.002051,0.002051,0.043969,213472
5.265437,597087.348913,0.005000,rest,2,0.000000,0.000000,0.000000,-0.001162,-0.001162,0.519114,0.002417,0.002417,0.000000,213474
5.270438,597087.354135,0.005001,rest,2,0.000000,0.000000,0.000000,-0.000736,-0.000736,0.509212,0.001933,0.001933,0.085157,213476
5.276078,597087.359242,0.005640,rest,2,0.000000,0.000000,0.000000,-0.000556,-0.000556,0.475449,0.003027,0.003027,0.031944,213478
5.281416,597087.364344,0.005338,rest,2,0.000000,0.000000,0.000000,-0.001586,-0.001586,0.470239,0.002814,0.002814,0.000000,213480
5.286099,597087.369454,0.004682,rest,2,0.000000,0.000000,0.000000,-0.001313,-0.001313,0.505667,0.003133,0.003133,0.058384,213482
5.290438,597087.374609,0.004339,rest,2,0.000000,0.000000,0.000000,-0.000427,-0.000427,0.547326,0.002043,0.002043,0.204162,213484
5.295438,597087.379750,0.005000,rest,2,0.000000,0.000000,0.000000,0.000722,0.000722,0.545652,0.001545,0.001545,0.229781,213486
5.300437,597087.384950,0.004999,rest,2,0.000000,0.000000,0.000000,0.000399,0.000399,0.519405,0.001965,0.001965,0.000000,213488
5.305437,597087.390111,0.005000,rest,2,0.000000,0.000000,0.000000,-0.000858,-0.000858,0.534613,0.002564,0.002564,0.000000,213490
5.310437,597087.395229,0.005000,rest,2,0.000000,0.000000,0.000000,0.000219,0.000219,0.570944,0.002139,0.002139,0.215255,213492
5.315438,597087.400337,0.005001,rest,2,0.000000,0.000000,0.000000,-0.000237,-0.000237,0.546396,0.001608,0.001608,0.000000,213494
5.320437,597087.405444,0.004999,rest,2,0.000000,0.000000,0.000000,-0.000281,-0.000281,0.509692,0.002198,0.002198,0.000000,213496
5.325438,597087.410586,0.005001,rest,2,0.000000,0.000000,0.000000,0.001148,0.001148,0.488136,0.001679,0.001679,0.285619,213498
5.330438,597087.415757,0.005000,rest,2,0.000000,0.000000,0.000000,0.001148,0.001148,0.461071,0.002175,0.002175,0.000000,213500
5.335438,597087.420890,0.005000,rest,2,0.000000,0.000000,0.000000,-0.000706,-0.000706,0.486060,0.001540,0.001540,0.000000,213502
5.340438,597087.426016,0.005000,rest,2,0.000000,0.000000,0.000000,-0.000706,-0.000706,0.511701,0.002025,0.002025,0.000000,213504
5.346210,597087.431104,0.005773,rest,2,0.000000,0.000000,0.000000,-0.000280,-0.000280,0.511242,0.003428,0.003428,0.073767,213506
5.351853,597087.436213,0.005643,rest,2,0.000000,0.000000,0.000000,-0.000280,-0.000280,0.509199,0.003422,0.003422,0.000000,213508
5.357309,597087.441493,0.005456,rest,2,0.000000,0.000000,0.000000,0.000145,0.000145,0.493114,0.003393,0.003393,0.078020,213510
5.361796,597087.446686,0.004487,rest,2,0.000000,0.000000,0.000000,0.001329,0.001329,0.502366,0.003459,0.003459,0.263670,213512
5.366728,597087.451833,0.004931,rest,2,0.000000,0.000000,0.000000,0.001554,0.001554,0.533000,0.003907,0.003907,0.045694,213514
5.371327,597087.456972,0.004599,rest,2,0.000000,0.000000,0.000000,-0.000632,-0.000632,0.536250,0.002948,0.002948,0.000000,213516
5.380515,597087.462116,0.009188,rest,2,0.000000,0.000000,0.000000,0.000694,0.000694,0.493996,0.001745,0.001745,0.237463,213520
5.385440,597087.467275,0.004925,rest,2,0.000000,0.000000,0.000000,0.000621,0.000621,0.489014,0.002177,0.002177,0.000000,213522
5.390439,597087.472483,0.004999,rest,2,0.000000,0.000000,0.000000,0.000195,0.000195,0.497151,0.002564,0.002564,0.000000,213524
5.395441,597087.477656,0.005003,rest,2,0.000000,0.000000,0.000000,0.000072,0.000072,0.516221,0.001980,0.001980,0.000000,213526
5.400438,597087.482777,0.004997,rest,2,0.000000,0.000000,0.000000,0.000297,0.000297,0.526198,0.002250,0.002250,0.044996,213528
5.405438,597087.487939,0.004999,rest,2,0.000000,0.000000,0.000000,0.001574,0.001574,0.522991,0.001678,0.001678,0.255402,213530
5.410438,597087.493117,0.005000,rest,2,0.000000,0.000000,0.000000,0.000223,0.000223,0.500298,0.002202,0.002202,0.000000,213532
5.415440,597087.498220,0.005002,rest,2,0.000000,0.000000,0.000000,-0.001357,-0.001357,0.490034,0.001612,0.001612,0.000000,213534
5.420439,597087.503386,0.004998,rest,2,0.000000,0.000000,0.000000,-0.000354,-0.000354,0.489967,0.002176,0.002176,0.200598,213536
5.425439,597087.508501,0.005000,rest,2,0.000000,0.000000,0.000000,-0.000280,-0.000280,0.514214,0.001615,0.001615,0.014831,213538
5.430438,597087.513614,0.004999,rest,2,0.000000,0.000000,0.000000,0.000600,0.000600,0.537364,0.002129,0.002129,0.176024,213540
5.435438,597087.518734,0.005001,rest,2,0.000000,0.000000,0.000000,-0.000428,-0.000428,0.515889,0.001590,0.001590,0.000000,213542
5.440441,597087.523844,0.005002,rest,2,0.000000,0.000000,0.000000,0.000420,0.000420,0.499384,0.002172,0.002172,0.169385,213544
5.445438,597087.528955,0.004997,rest,2,0.000000,0.000000,0.000000,0.000072,0.000072,0.485412,0.001549,0.001549,0.000000,213546
5.450440,597087.534123,0.005002,rest,2,0.000000,0.000000,0.000000,-0.000428,-0.000428,0.492595,0.002082,0.002082,0.000000,213548
5.455438,597087.539236,0.004998,rest,2,0.000000,0.000000,0.000000,-0.000428,-0.000428,0.495643,0.001501,0.001501,0.000001,213550
5.460437,597087.544377,0.004999,rest,2,0.000000,0.000000,0.000000,0.000027,0.000027,0.492324,0.002012,0.002012,0.090905,213552
5.465438,597087.549464,0.005001,rest,2,0.000000,0.000000,0.000000,0.000101,0.000101,0.500700,0.002255,0.002255,0.014775,213554
5.470438,597087.554584,0.004999,rest,2,0.000000,0.000000,0.000000,-0.000002,-0.000002,0.508994,0.001724,0.001724,0.000000,213556
5.475437,597087.559698,0.004999,rest,2,0.000000,0.000000,0.000000,-0.000312,-0.000312,0.508886,0.002280,0.002280,0.000000,213558
5.480437,597087.564859,0.005000,rest,2,0.000000,0.000000,0.000000,-0.000768,-0.000768,0.485819,0.001843,0.001843,0.000000,213560
5.485439,597087.569977,0.005002,rest,2,0.000000,0.000000,0.000000,0.000174,0.000174,0.461367,0.002471,0.002471,0.188411,213562
5.490439,597087.575048,0.005000,rest,2,0.000000,0.000000,0.000000,0.000677,0.000677,0.486374,0.002011,0.002011,0.100584,213564
5.495438,597087.580167,0.004999,rest,2,0.000000,0.000000,0.000000,-0.001134,-0.001134,0.534451,0.001472,0.001472,0.000000,213566
5.500438,597087.585289,0.005000,rest,2,0.000000,0.000000,0.000000,0.000072,0.000072,0.511578,0.002004,0.002004,0.241144,213568
5.505438,597087.590437,0.005000,rest,2,0.000000,0.000000,0.000000,0.000231,0.000231,0.474228,0.002575,0.002575,0.031865,213570
5.510438,597087.595614,0.005000,step_4,2,0.004000,0.004000,0.004000,0.000202,0.000202,0.478109,0.002216,0.002216,0.000000,213572
5.515439,597087.600737,0.005002,step_4,2,0.004000,0.004000,0.004000,-0.000353,-0.000353,0.475410,0.001716,0.001716,0.000000,213574
5.520438,597087.605861,0.004999,step_4,2,0.004000,0.004000,0.004000,0.000723,0.000723,0.508528,0.002271,0.002271,0.215235,213576
5.525437,597087.611036,0.004999,step_4,2,0.004000,0.004000,0.004000,0.000220,0.000220,0.509091,0.001780,0.001780,0.000000,213578
5.530438,597087.616164,0.005000,step_4,2,0.004000,0.004000,0.004000,0.000779,0.000779,0.481309,0.002242,0.002242,0.111834,213580
5.535437,597087.621277,0.005000,step_4,2,0.004000,0.004000,0.004000,0.000100,0.000100,0.503337,0.001782,0.001782,0.000000,213582
5.545438,597087.626385,0.010001,step_4,2,0.004000,0.004000,0.004000,0.000032,0.000032,0.563927,0.001828,0.001828,0.000000,213586
5.550439,597087.631542,0.005000,step_4,2,0.004000,0.004000,0.004000,0.001819,0.001819,0.529379,0.002407,0.002407,0.357363,213588
5.555438,597087.636648,0.004999,step_4,2,0.004000,0.004000,0.004000,0.000756,0.000756,0.456986,0.001887,0.001887,0.000000,213590
5.560437,597087.641805,0.004999,step_4,2,0.004000,0.004000,0.004000,0.000241,0.000241,0.444868,0.002443,0.002443,0.000000,213592
5.565439,597087.646922,0.005002,step_4,2,0.004000,0.004000,0.004000,0.000757,0.000757,0.513969,0.001929,0.001929,0.103223,213594
5.570438,597087.652056,0.004999,step_4,2,0.004000,0.004000,0.004000,0.000906,0.000906,0.551855,0.002363,0.002363,0.029795,213596
5.575438,597087.657172,0.005000,step_4,2,0.004000,0.004000,0.004000,0.000906,0.000906,0.536142,0.001866,0.001866,0.000024,213598
5.580437,597087.662293,0.004999,step_4,2,0.004000,0.004000,0.004000,0.000090,0.000090,0.533516,0.002336,0.002336,0.000000,213600
5.585438,597087.667419,0.005001,step_4,2,0.004000,0.004000,0.004000,0.000090,0.000090,0.525141,0.001796,0.001796,0.000000,213602
5.590441,597087.672545,0.005003,step_4,2,0.004000,0.004000,0.004000,0.001244,0.001244,0.511693,0.002307,0.002307,0.230830,213604
5.595438,597087.677662,0.004997,step_4,2,0.004000,0.004000,0.004000,0.001244,0.001244,0.492515,0.001737,0.001737,0.000000,213606
5.600439,597087.682836,0.005001,step_4,2,0.004000,0.004000,0.004000,0.001393,0.001393,0.478449,0.002224,0.002224,0.029740,213608
5.605438,597087.687990,0.004999,step_4,2,0.004000,0.004000,0.004000,0.001454,0.001454,0.499539,0.001669,0.001669,0.012274,213610
5.610439,597087.693185,0.005001,step_4,2,0.004000,0.004000,0.004000,0.001867,0.001867,0.524058,0.002218,0.002218,0.082490,213612
5.615439,597087.698296,0.005000,step_4,2,0.004000,0.004000,0.004000,0.001641,0.001641,0.535675,0.001634,0.001634,0.000000,213614
5.620450,597087.703447,0.005011,step_4,2,0.004000,0.004000,0.004000,0.002946,0.002946,0.538759,0.002265,0.002265,0.260388,213616
5.625439,597087.708612,0.004989,step_4,2,0.004000,0.004000,0.004000,0.003280,0.003280,0.526451,0.001604,0.001604,0.067056,213618
5.630437,597087.713772,0.004998,step_4,2,0.004000,0.004000,0.004000,0.001200,0.001200,0.522974,0.002153,0.002153,0.000000,213620
5.635437,597087.718867,0.005000,step_4,2,0.004000,0.004000,0.004000,0.002431,0.002431,0.515218,0.001620,0.001620,0.246249,213622
5.640438,597087.723991,0.005001,step_4,2,0.004000,0.004000,0.004000,0.003118,0.003118,0.511590,0.002159,0.002159,0.137432,213624
5.645437,597087.729044,0.004999,step_4,2,0.004000,0.004000,0.004000,0.001761,0.001761,0.552819,0.001604,0.001604,0.000000,213626
5.650438,597087.734221,0.005001,step_4,2,0.004000,0.004000,0.004000,0.004015,0.004015,0.577023,0.002150,0.002150,0.450738,213628
5.655438,597087.739350,0.004999,step_4,2,0.004000,0.004000,0.004000,0.003403,0.003403,0.569406,0.002629,0.002629,0.000000,213630
5.660438,597087.744440,0.005000,step_4,2,0.004000,0.004000,0.004000,0.005593,0.005593,0.572522,0.002115,0.002115,0.437856,213632
5.665438,597087.749537,0.005000,step_4,2,0.004000,0.004000,0.004000,0.003890,0.003890,0.566625,0.002613,0.002613,0.000000,213634
5.670437,597087.754614,0.004999,step_4,2,0.004000,0.004000,0.004000,0.004152,0.004152,0.576114,0.002063,0.002063,0.052325,213636
5.675437,597087.759736,0.005000,step_4,2,0.004000,0.004000,0.004000,0.003705,0.003705,0.528736,0.002570,0.002570,0.000000,213638
5.680437,597087.764838,0.005000,step_4,2,0.004000,0.004000,0.004000,0.005139,0.005139,0.456112,0.002090,0.002090,0.286751,213640
5.685438,597087.769924,0.005001,step_4,2,0.004000,0.004000,0.004000,0.003239,0.003239,0.430137,0.002665,0.002665,0.000000,213642
5.690437,597087.775000,0.004999,step_4,2,0.004000,0.004000,0.004000,0.003857,0.003857,0.454684,0.002144,0.002144,0.123729,213644
5.695437,597087.780085,0.005000,step_4,2,0.004000,0.004000,0.004000,0.004193,0.004193,0.489492,0.001581,0.001581,0.067010,213646
5.700438,597087.785245,0.005001,step_4,2,0.004000,0.004000,0.004000,0.004158,0.004158,0.492812,0.002135,0.002135,0.000000,213648
5.705440,597087.790334,0.005002,step_4,2,0.004000,0.004000,0.004000,0.003796,0.003796,0.505762,0.001635,0.001635,0.000000,213650
5.710439,597087.795463,0.004999,step_4,2,0.004000,0.004000,0.004000,0.003794,0.003794,0.485776,0.002170,0.002170,0.000000,213652
5.715439,597087.800533,0.005001,step_4,2,0.004000,0.004000,0.004000,0.003756,0.003756,0.449008,0.001613,0.001613,0.000000,213654
5.720437,597087.805655,0.004998,step_4,2,0.004000,0.004000,0.004000,0.003304,0.003304,0.443793,0.002131,0.002131,0.000000,213656
5.725438,597087.810782,0.005001,step_4,2,0.004000,0.004000,0.004000,0.004345,0.004345,0.464765,0.001626,0.001626,0.208135,213658
5.730439,597087.815923,0.005001,step_4,2,0.004000,0.004000,0.004000,0.001298,0.001298,0.467497,0.002188,0.002188,0.000000,213660
5.735437,597087.821077,0.004998,step_4,2,0.004000,0.004000,0.004000,0.001298,0.001298,0.489007,0.001587,0.001587,0.000001,213662
5.740438,597087.826166,0.005001,step_4,2,0.004000,0.004000,0.004000,0.002113,0.002113,0.528890,0.002126,0.002126,0.162956,213664
5.750438,597087.831382,0.010000,step_4,2,0.004000,0.004000,0.004000,0.003281,0.003281,0.507731,0.002261,0.002261,0.000000,213668
5.755439,597087.836535,0.005000,step_4,2,0.004000,0.004000,0.004000,0.002485,0.002485,0.515754,0.001549,0.001549,0.000000,213670
5.760437,597087.841746,0.004999,step_4,2,0.004000,0.004000,0.004000,0.004338,0.004338,0.480587,0.001996,0.001996,0.370540,213672
5.765438,597087.846971,0.005000,step_4,2,0.004000,0.004000,0.004000,0.003858,0.003858,0.454900,0.002243,0.002243,0.000000,213674
5.770437,597087.852159,0.004999,step_4,2,0.004000,0.004000,0.004000,0.002575,0.002575,0.485400,0.001735,0.001735,0.000000,213676
5.775437,597087.857269,0.005000,step_4,2,0.004000,0.004000,0.004000,0.002972,0.002972,0.498754,0.002188,0.002188,0.079550,213678
5.780437,597087.862377,0.005000,step_4,2,0.004000,0.004000,0.004000,0.003371,0.003371,0.490776,0.001671,0.001671,0.079799,213680
5.785438,597087.867525,0.005000,step_4,2,0.004000,0.004000,0.004000,0.003461,0.003461,0.528750,0.002262,0.002262,0.017982,213682
5.790438,597087.872733,0.005000,step_4,2,0.004000,0.004000,0.004000,0.003000,0.003000,0.526697,0.001628,0.001628,0.000000,213684
5.795437,597087.877951,0.005000,step_4,2,0.004000,0.004000,0.004000,0.003344,0.003344,0.478442,0.002099,0.002099,0.068788,213686
5.800438,597087.883139,0.005000,step_4,2,0.004000,0.004000,0.004000,0.003424,0.003424,0.479057,0.002519,0.002519,0.015902,213688
5.805438,597087.888307,0.005001,step_4,2,0.004000,0.004000,0.004000,0.002847,0.002847,0.475472,0.002050,0.002050,0.000000,213690
5.810440,597087.893457,0.005002,step_4,2,0.004000,0.004000,0.004000,0.003671,0.003671,0.469544,0.001530,0.001530,0.164695,213692
5.815439,597087.898586,0.004999,step_4,2,0.004000,0.004000,0.004000,0.003373,0.003373,0.501550,0.002097,0.002097,0.000000,213694
5.820437,597087.903742,0.004998,step_4,2,0.004000,0.004000,0.004000,0.003371,0.003371,0.525651,0.001679,0.001679,0.000000,213696
5.825438,597087.908905,0.005000,step_4,2,0.004000,0.004000,0.004000,0.002912,0.002912,0.506714,0.002198,0.002198,0.000000,213698
5.830440,597087.914041,0.005002,step_4,2,0.004000,0.004000,0.004000,0.002362,0.002362,0.509847,0.001638,0.001638,0.000000,213700
5.835437,597087.919244,0.004997,step_4,2,0.004000,0.004000,0.004000,0.004310,0.004310,0.555902,0.002120,0.002120,0.389840,213702
5.840438,597087.924353,0.005001,step_4,2,0.004000,0.004000,0.004000,0.003824,0.003824,0.556667,0.001605,0.001605,0.000000,213704
5.845437,597087.929500,0.004999,step_4,2,0.004000,0.004000,0.004000,0.002767,0.002767,0.544182,0.002085,0.002085,0.000000,213706
5.850438,597087.934718,0.005001,step_4,2,0.004000,0.004000,0.004000,0.005161,0.005161,0.513881,0.002423,0.002423,0.478784,213708
5.855437,597087.939989,0.005000,step_4,2,0.004000,0.004000,0.004000,0.002757,0.002757,0.445888,0.001918,0.001918,0.000000,213710
5.860437,597087.945204,0.005000,step_4,2,0.004000,0.004000,0.004000,0.003886,0.003886,0.392455,0.002490,0.002490,0.225821,213712
5.865438,597087.950314,0.005001,step_4,2,0.004000,0.004000,0.004000,0.003939,0.003939,0.411551,0.002083,0.002083,0.010631,213714
5.870437,597087.955458,0.004999,step_4,2,0.004000,0.004000,0.004000,0.004398,0.004398,0.440510,0.002557,0.002557,0.091900,213716
5.875437,597087.960673,0.005000,step_4,2,0.004000,0.004000,0.004000,0.004398,0.004398,0.460680,0.002057,0.002057,0.000001,213718
5.880437,597087.965914,0.005000,step_4,2,0.004000,0.004000,0.004000,0.003435,0.003435,0.474349,0.002363,0.002363,0.000000,213720
5.885515,597087.971147,0.005078,step_4,2,0.004000,0.004000,0.004000,0.003435,0.003435,0.475701,0.002024,0.002024,0.000001,213722
5.890438,597087.976259,0.004923,step_4,2,0.004000,0.004000,0.004000,0.002705,0.002705,0.498928,0.002395,0.002395,0.000000,213724
5.900437,597087.981402,0.009999,step_4,2,0.004000,0.004000,0.004000,0.004246,0.004246,0.437888,0.002307,0.002307,0.193016,213728
5.900437,597087.986559,0.000001,step_4,2,0.004000,0.004000,0.004000,0.004246,0.004246,0.437888,0.002307,0.002307,0.193016,213728
5.905438,597087.991768,0.005001,step_4,2,0.004000,0.004000,0.004000,0.001844,0.001844,0.486361,0.001743,0.001743,0.000000,213730
5.911183,597087.997013,0.005745,step_4,2,0.004000,0.004000,0.004000,0.003335,0.003335,0.504735,0.002858,0.002858,0.259405,213732
5.916549,597088.002173,0.005366,step_4,2,0.004000,0.004000,0.004000,0.004121,0.004121,0.499925,0.003540,0.003540,0.146482,213734
5.920773,597088.007281,0.004224,step_4,2,0.004000,0.004000,0.004000,0.004671,0.004671,0.503991,0.002184,0.002184,0.130323,213736
5.931312,597088.012409,0.010539,step_4,2,0.004000,0.004000,0.004000,0.003912,0.003912,0.521812,0.002582,0.002582,0.228720,213740
5.935663,597088.017518,0.004350,step_4,2,0.004000,0.004000,0.004000,0.002695,0.002695,0.465878,0.002404,0.002404,0.000000,213742
5.940439,597088.022648,0.004776,step_4,2,0.004000,0.004000,0.004000,0.003244,0.003244,0.426657,0.001623,0.001623,0.114910,213744
5.945437,597088.027727,0.004998,step_4,2,0.004000,0.004000,0.004000,0.003064,0.003064,0.400967,0.002181,0.002181,0.000000,213746
5.950439,597088.032851,0.005001,step_4,2,0.004000,0.004000,0.004000,0.002178,0.002178,0.417868,0.001686,0.001686,0.000000,213748
5.955437,597088.037974,0.004999,step_4,2,0.004000,0.004000,0.004000,0.000843,0.000843,0.486191,0.002277,0.002277,0.000000,213750
5.960437,597088.043086,0.005000,step_4,2,0.004000,0.004000,0.004000,0.002143,0.002143,0.496975,0.001800,0.001800,0.260095,213752
5.965439,597088.048195,0.005002,step_4,2,0.004000,0.004000,0.004000,0.003487,0.003487,0.463162,0.002304,0.002304,0.268639,213754
5.970438,597088.053285,0.004999,step_4,2,0.004000,0.004000,0.004000,0.003396,0.003396,0.480813,0.001726,0.001726,0.000000,213756
5.975438,597088.058395,0.005000,step_4,2,0.004000,0.004000,0.004000,0.003885,0.003885,0.519905,0.002271,0.002271,0.097722,213758
5.980438,597088.063531,0.005000,step_4,2,0.004000,0.004000,0.004000,0.004337,0.004337,0.535726,0.001682,0.001682,0.090393,213760
5.985437,597088.068637,0.004999,step_4,2,0.004000,0.004000,0.004000,0.001206,0.001206,0.539690,0.002174,0.002174,0.000000,213762
5.990437,597088.073740,0.005000,step_4,2,0.004000,0.004000,0.004000,0.003636,0.003636,0.541772,0.001623,0.001623,0.485866,213764
5.995437,597088.078841,0.005000,step_4,2,0.004000,0.004000,0.004000,0.003636,0.003636,0.509878,0.002156,0.002156,0.000000,213766
6.000437,597088.083946,0.005000,step_4,2,0.004000,0.004000,0.004000,0.002721,0.002721,0.473844,0.001611,0.001611,0.000000,213768
6.005437,597088.089022,0.005000,step_4,2,0.004000,0.004000,0.004000,0.002848,0.002848,0.478622,0.002091,0.002091,0.025456,213770
6.010438,597088.094110,0.005000,step_4,2,0.004000,0.004000,0.004000,0.002848,0.002848,0.501757,0.001577,0.001577,0.000000,213772
6.015437,597088.099193,0.005000,step_4,2,0.004000,0.004000,0.004000,0.005161,0.005161,0.525271,0.002141,0.002141,0.462654,213774
6.020437,597088.104274,0.005000,step_4,2,0.004000,0.004000,0.004000,0.003247,0.003247,0.527855,0.001565,0.001565,0.000000,213776
6.025437,597088.109429,0.005000,step_4,2,0.004000,0.004000,0.004000,0.002322,0.002322,0.517753,0.002118,0.002118,0.000000,213778
6.030438,597088.114579,0.005001,step_4,2,0.004000,0.004000,0.004000,0.002624,0.002624,0.465580,0.001619,0.001619,0.060581,213780
6.035438,597088.119768,0.005000,step_4,2,0.004000,0.004000,0.004000,0.001358,0.001358,0.415841,0.002206,0.002206,0.000000,213782
6.040439,597088.125043,0.005001,step_4,2,0.004000,0.004000,0.004000,0.004183,0.004183,0.423063,0.001696,0.001696,0.564871,213784
6.045438,597088.130186,0.004999,step_4,2,0.004000,0.004000,0.004000,0.002296,0.002296,0.462236,0.002205,0.002205,0.000000,213786
6.050437,597088.135296,0.005000,step_4,2,0.004000,0.004000,0.004000,0.003309,0.003309,0.530996,0.001555,0.001555,0.202570,213788
6.055438,597088.140403,0.005000,step_4,2,0.004000,0.004000,0.004000,0.004158,0.004158,0.548490,0.002067,0.002067,0.169732,213790
6.060437,597088.145580,0.004999,step_4,2,0.004000,0.004000,0.004000,0.002823,0.002823,0.497042,0.001567,0.001567,0.000000,213792
6.065437,597088.150828,0.005000,step_4,2,0.004000,0.004000,0.004000,0.003119,0.003119,0.437419,0.002079,0.002079,0.059207,213794
6.070438,597088.156059,0.005000,step_4,2,0.004000,0.004000,0.004000,0.003504,0.003504,0.412620,0.001571,0.001571,0.077112,213796
6.075437,597088.161215,0.004999,step_4,2,0.004000,0.004000,0.004000,0.001844,0.001844,0.443732,0.002115,0.002115,0.000000,213798
6.080437,597088.166324,0.005000,step_4,2,0.004000,0.004000,0.004000,0.002361,0.002361,0.478692,0.001564,0.001564,0.103320,213800
6.090437,597088.171469,0.010000,step_4,2,0.004000,0.004000,0.004000,0.003426,0.003426,0.501556,0.002591,0.002591,0.066430,213804
6.095438,597088.176687,0.005001,step_4,2,0.004000,0.004000,0.004000,0.004001,0.004001,0.554212,0.002104,0.002104,0.115069,213806
6.100437,597088.181911,0.005000,step_4,2,0.004000,0.004000,0.004000,0.004710,0.004710,0.553850,0.001514,0.001514,0.141821,213808
6.105437,597088.187186,0.005000,step_4,2,0.004000,0.004000,0.004000,0.005189,0.005189,0.526475,0.002057,0.002057,0.095677,213810
6.110437,597088.192292,0.005000,step_4,2,0.004000,0.004000,0.004000,0.003682,0.003682,0.511673,0.002236,0.002236,0.000000,213812
6.115437,597088.197400,0.005000,step_4,2,0.004000,0.004000,0.004000,0.003825,0.003825,0.517128,0.001692,0.001692,0.028518,213814
6.120438,597088.202551,0.005000,step_4,2,0.004000,0.004000,0.004000,0.004712,0.004712,0.499464,0.002112,0.002112,0.177402,213816
6.125438,597088.207724,0.005000,step_4,2,0.004000,0.004000,0.004000,0.004184,0.004184,0.483209,0.001579,0.001579,0.000000,213818
6.130437,597088.212933,0.005000,step_4,2,0.004000,0.004000,0.004000,0.003606,0.003606,0.505425,0.002097,0.002097,0.000000,213820
6.135437,597088.218192,0.005000,step_4,2,0.004000,0.004000,0.004000,0.004082,0.004082,0.527746,0.002489,0.002489,0.095229,213822
6.140486,597088.223298,0.005049,step_4,2,0.004000,0.004000,0.004000,0.004082,0.004082,0.510355,0.001952,0.001952,0.000000,213824
6.145438,597088.228405,0.004952,step_4,2,0.004000,0.004000,0.004000,0.004185,0.004185,0.477749,0.002194,0.002194,0.020738,213826
6.150439,597088.233509,0.005001,step_4,2,0.004000,0.004000,0.004000,0.004185,0.004185,0.451855,0.001620,0.001620,0.000000,213828
6.155438,597088.238674,0.004999,step_4,2,0.004000,0.004000,0.004000,0.003758,0.003758,0.421140,0.002224,0.002224,0.000000,213830
6.160438,597088.243884,0.005000,step_4,2,0.004000,0.004000,0.004000,0.004397,0.004397,0.445260,0.001761,0.001761,0.127852,213832
6.165439,597088.249011,0.005001,step_4,2,0.004000,0.004000,0.004000,0.002715,0.002715,0.496448,0.002274,0.002274,0.000000,213834
6.170439,597088.254225,0.005000,step_4,2,0.004000,0.004000,0.004000,0.004644,0.004644,0.530775,0.001677,0.001677,0.385912,213836
6.175439,597088.259361,0.005001,step_4,2,0.004000,0.004000,0.004000,0.002663,0.002663,0.522183,0.002247,0.002247,0.000000,213838
6.180437,597088.264480,0.004998,step_4,2,0.004000,0.004000,0.004000,0.005157,0.005157,0.458883,0.001690,0.001690,0.499031,213840
6.185437,597088.269604,0.005000,step_4,2,0.004000,0.004000,0.004000,0.004138,0.004138,0.433824,0.002236,0.002236,0.000000,213842
6.190438,597088.274731,0.005001,step_4,2,0.004000,0.004000,0.004000,0.003955,0.003955,0.457352,0.001696,0.001696,0.000000,213844
6.195438,597088.279853,0.005000,step_4,2,0.004000,0.004000,0.004000,0.004937,0.004937,0.466268,0.002198,0.002198,0.196367,213846
6.200437,597088.285118,0.004999,step_4,2,0.004000,0.004000,0.004000,0.005248,0.005248,0.466568,0.001636,0.001636,0.062155,213848
6.205437,597088.290235,0.005000,step_4,2,0.004000,0.004000,0.004000,0.003743,0.003743,0.490295,0.002154,0.002154,0.000000,213850
6.210437,597088.295344,0.005000,step_4,2,0.004000,0.004000,0.004000,0.004399,0.004399,0.516424,0.001598,0.001598,0.131128,213852
6.215438,597088.300498,0.005000,step_4,2,0.004000,0.004000,0.004000,0.004183,0.004183,0.500987,0.002137,0.002137,0.000000,213854
6.220437,597088.305645,0.005000,step_4,2,0.004000,0.004000,0.004000,0.004056,0.004056,0.472432,0.001601,0.001601,0.000000,213856
6.225437,597088.310753,0.005000,step_4,2,0.004000,0.004000,0.004000,0.002950,0.002950,0.463044,0.002162,0.002162,0.000000,213858
6.230437,597088.315979,0.005000,step_4,2,0.004000,0.004000,0.004000,0.003615,0.003615,0.467334,0.001597,0.001597,0.132940,213860
6.235437,597088.321145,0.005000,step_4,2,0.004000,0.004000,0.004000,0.004182,0.004182,0.471617,0.002141,0.002141,0.113359,213862
6.240437,597088.326256,0.005000,step_4,2,0.004000,0.004000,0.004000,0.003932,0.003932,0.490929,0.001641,0.001641,0.000000,213864
6.245437,597088.331369,0.005000,step_4,2,0.004000,0.004000,0.004000,0.004116,0.004116,0.499541,0.002072,0.002072,0.036736,213866
6.250438,597088.336519,0.005001,step_4,2,0.004000,0.004000,0.004000,0.003604,0.003604,0.467584,0.001568,0.001568,0.000000,213868
6.260438,597088.341725,0.009999,step_4,2,0.004000,0.004000,0.004000,0.003655,0.003655,0.402935,0.002324,0.002324,0.000000,213872
6.260438,597088.346855,0.000001,step_4,2,0.004000,0.004000,0.004000,0.003655,0.003655,0.402935,0.002324,0.002324,0.000000,213872
6.265438,597088.352090,0.005000,step_4,2,0.004000,0.004000,0.004000,0.002387,0.002387,0.388090,0.001805,0.001805,0.000000,213874
6.270438,597088.357206,0.005000,step_4,2,0.004000,0.004000,0.004000,0.002703,0.002703,0.400698,0.002378,0.002378,0.063286,213876
6.276217,597088.362318,0.005779,step_4,2,0.004000,0.004000,0.004000,0.002668,0.002668,0.427295,0.002688,0.002688,0.000000,213878
6.282340,597088.367556,0.006123,step_4,2,0.004000,0.004000,0.004000,0.003027,0.003027,0.424837,0.004239,0.004239,0.058620,213880
6.288523,597088.372785,0.006183,step_4,2,0.004000,0.004000,0.004000,0.001715,0.001715,0.409081,0.004978,0.004978,0.000000,213882
6.294493,597088.377993,0.005969,step_4,2,0.004000,0.004000,0.004000,0.003246,0.003246,0.433859,0.004395,0.004395,0.256474,213884
6.300104,597088.383154,0.005611,step_4,2,0.004000,0.004000,0.004000,0.002130,0.002130,0.471414,0.004455,0.004455,0.000000,213886
6.305057,597088.388269,0.004953,step_4,2,0.004000,0.004000,0.004000,0.003646,0.003646,0.489131,0.004712,0.004712,0.305965,213888
6.309331,597088.393414,0.004274,step_4,2,0.004000,0.004000,0.004000,0.002667,0.002667,0.486469,0.002491,0.002491,0.000000,213890
6.313661,597088.398558,0.004331,step_4,2,0.004000,0.004000,0.004000,0.003220,0.003220,0.455888,0.001248,0.001248,0.127806,213892
6.322101,597088.403757,0.008440,step_4,2,0.004000,0.004000,0.004000,0.002309,0.002309,0.439314,0.004031,0.004031,0.000000,213896
6.326485,597088.408999,0.004384,step_4,2,0.004000,0.004000,0.004000,0.001398,0.001398,0.475178,0.004028,0.004028,0.000000,213898
6.330822,597088.414314,0.004336,step_4,2,0.004000,0.004000,0.004000,0.002267,0.002267,0.486338,0.002856,0.002856,0.200367,213900
6.335438,597088.419459,0.004616,step_4,2,0.004000,0.004000,0.004000,0.002277,0.002277,0.492953,0.002007,0.002007,0.002254,213902
6.340437,597088.424675,0.004999,step_4,2,0.004000,0.004000,0.004000,0.001143,0.001143,0.497892,0.001429,0.001429,0.000000,213904
6.345437,597088.429862,0.005000,step_4,2,0.004000,0.004000,0.004000,0.001791,0.001791,0.499150,0.001983,0.001983,0.129516,213906
6.350438,597088.435125,0.005000,step_4,2,0.004000,0.004000,0.004000,0.002904,0.002904,0.483866,0.001450,0.001450,0.222619,213908
6.355437,597088.440236,0.004999,step_4,2,0.004000,0.004000,0.004000,0.003451,0.003451,0.429724,0.002026,0.002026,0.109468,213910
6.360437,597088.445346,0.005000,step_4,2,0.004000,0.004000,0.004000,0.002608,0.002608,0.433526,0.001505,0.001505,0.000000,213912
6.365438,597088.450524,0.005000,step_4,2,0.004000,0.004000,0.004000,0.003755,0.003755,0.472666,0.002098,0.002098,0.229478,213914
6.370438,597088.455739,0.005000,step_4,2,0.004000,0.004000,0.004000,0.001390,0.001390,0.496030,0.001591,0.001591,0.000000,213916
6.375437,597088.460988,0.004999,step_4,2,0.004000,0.004000,0.004000,0.003698,0.003698,0.498834,0.002180,0.002180,0.461574,213918
6.380437,597088.466189,0.005000,step_4,2,0.004000,0.004000,0.004000,0.003680,0.003680,0.502764,0.001617,0.001617,0.000000,213920
6.385438,597088.471297,0.005000,step_4,2,0.004000,0.004000,0.004000,0.003561,0.003561,0.500853,0.002167,0.002167,0.000000,213922
6.390437,597088.476429,0.004999,step_4,2,0.004000,0.004000,0.004000,0.002855,0.002855,0.476850,0.001628,0.001628,0.000000,213924
6.395437,597088.481578,0.005000,step_4,2,0.004000,0.004000,0.004000,0.004437,0.004437,0.447939,0.002258,0.002258,0.316408,213926
6.400438,597088.486780,0.005001,step_4,2,0.004000,0.004000,0.004000,0.004676,0.004676,0.450762,0.001761,0.001761,0.047691,213928
6.406055,597088.491989,0.005617,step_4,2,0.004000,0.004000,0.004000,0.003247,0.003247,0.493979,0.002924,0.002924,0.000000,213930
6.411788,597088.497143,0.005733,step_4,2,0.004000,0.004000,0.004000,0.003238,0.003238,0.489129,0.003132,0.003132,0.000000,213932
6.417172,597088.502250,0.005384,step_4,2,0.004000,0.004000,0.004000,0.004165,0.004165,0.463542,0.004070,0.004070,0.172120,213934
6.425672,597088.507356,0.008500,step_4,2,0.004000,0.004000,0.004000,0.002121,0.002121,0.466878,0.001321,0.001321,0.000000,213938
6.430437,597088.512468,0.004765,step_4,2,0.004000,0.004000,0.004000,0.003321,0.003321,0.451336,0.001465,0.001465,0.251703,213940
6.435438,597088.517621,0.005000,step_4,2,0.004000,0.004000,0.004000,0.002718,0.002718,0.442024,0.000900,0.000900,0.000000,213942
6.440439,597088.522821,0.005002,step_4,2,0.004000,0.004000,0.004000,0.003169,0.003169,0.451128,0.001388,0.001388,0.090184,213944
6.445438,597088.528032,0.004998,step_4,2,0.004000,0.004000,0.004000,0.003169,0.003169,0.443199,0.006314,0.006314,0.000000,213946
6.450437,597088.533190,0.005000,step_4,2,0.004000,0.004000,0.004000,0.004692,0.004692,0.470860,0.001375,0.001375,0.304763,213948
6.455437,597088.538273,0.005000,step_4,2,0.004000,0.004000,0.004000,0.004692,0.004692,0.516656,0.006312,0.006312,0.000000,213950
6.460438,597088.543415,0.005000,step_4,2,0.004000,0.004000,0.004000,0.005039,0.005039,0.528329,0.001380,0.001380,0.069361,213952
6.465440,597088.548549,0.005002,step_4,2,0.004000,0.004000,0.004000,0.005039,0.005039,0.522615,0.006339,0.006339,0.000000,213954
6.470437,597088.553678,0.004998,step_4,2,0.004000,0.004000,0.004000,0.003031,0.003031,0.492371,0.001375,0.001375,0.000000,213956
6.475438,597088.558781,0.005000,step_4,2,0.004000,0.004000,0.004000,0.003031,0.003031,0.449629,0.006299,0.006299,0.000000,213958
6.480437,597088.563983,0.005000,step_4,2,0.004000,0.004000,0.004000,0.002700,0.002700,0.435573,0.001398,0.001398,0.000000,213960
6.485437,597088.569060,0.005000,step_4,2,0.004000,0.004000,0.004000,0.004104,0.004104,0.460686,0.000802,0.000802,0.280779,213962
6.490439,597088.574188,0.005002,step_4,2,0.004000,0.004000,0.004000,0.004249,0.004249,0.469251,0.001293,0.001293,0.028995,213964
6.495437,597088.579343,0.004998,step_4,2,0.004000,0.004000,0.004000,0.004249,0.004249,0.444835,0.006234,0.006234,0.000000,213966
6.500437,597088.584515,0.005000,step_4,2,0.004000,0.004000,0.004000,0.003687,0.003687,0.432649,0.001356,0.001356,0.000000,213968
6.505437,597088.589719,0.005000,step_4,2,0.004000,0.004000,0.004000,0.003687,0.003687,0.426694,0.006271,0.006271,0.000000,213970
6.510437,597088.594960,0.005000,step_4,2,0.004000,0.004000,0.004000,0.002213,0.002213,0.425745,0.001402,0.001402,0.000000,213972
6.515438,597088.600184,0.005000,rest,2,0.000000,0.000000,0.000000,0.002213,0.002213,0.427346,0.006352,0.006352,0.000000,213974
6.520438,597088.605294,0.005000,rest,2,0.000000,0.000000,0.000000,0.001849,0.001849,0.429336,0.001435,0.001435,0.000000,213976
6.525437,597088.610439,0.005000,rest,2,0.000000,0.000000,0.000000,0.001849,0.001849,0.431524,0.006361,0.006361,0.000000,213978
6.530437,597088.615667,0.005000,rest,2,0.000000,0.000000,0.000000,0.001712,0.001712,0.441482,0.001418,0.001418,0.000000,213980
6.535438,597088.620814,0.005000,rest,2,0.000000,0.000000,0.000000,0.004578,0.004578,0.490051,0.000936,0.000936,0.573256,213982
6.540438,597088.625968,0.005000,rest,2,0.000000,0.000000,0.000000,0.002273,0.002273,0.510724,0.001387,0.001387,0.000000,213984
6.545437,597088.631166,0.005000,rest,2,0.000000,0.000000,0.000000,0.002273,0.002273,0.482532,0.006318,0.006318,0.000000,213986
6.550437,597088.636275,0.005000,rest,2,0.000000,0.000000,0.000000,0.002290,0.002290,0.449701,0.001287,0.001287,0.003409,213988
6.555437,597088.641385,0.005000,rest,2,0.000000,0.000000,0.000000,0.002290,0.002290,0.414507,0.006234,0.006234,0.000000,213990
6.560437,597088.646577,0.005000,rest,2,0.000000,0.000000,0.000000,0.001455,0.001455,0.421605,0.004843,0.004843,0.000000,213992
6.570438,597088.651711,0.010000,rest,2,0.000000,0.000000,0.000000,-0.000000,-0.000000,0.327422,0.000924,0.000924,0.000000,213996
6.575438,597088.656810,0.005000,rest,2,0.000000,0.000000,0.000000,0.000485,0.000485,0.376515,0.001447,0.001447,0.097064,213998
6.580438,597088.661900,0.005000,rest,2,0.000000,0.000000,0.000000,0.000485,0.000485,0.463244,0.006374,0.006374,0.000000,214000
6.585438,597088.667048,0.005000,rest,2,0.000000,0.000000,0.000000,0.000000,0.000000,0.502062,0.001379,0.001379,0.000000,214002
6.590439,597088.672131,0.005001,rest,2,0.000000,0.000000,0.000000,0.000000,0.000000,0.516469,0.006336,0.006336,0.000000,214004
6.595437,597088.677213,0.004999,rest,2,0.000000,0.000000,0.000000,0.000000,0.000000,0.487814,0.001428,0.001428,0.000007,214006
6.600438,597088.682352,0.005001,rest,2,0.000000,0.000000,0.000000,0.000000,0.000000,0.459173,0.000911,0.000911,0.000000,214008
6.605438,597088.687484,0.005000,rest,2,0.000000,0.000000,0.000000,0.000026,0.000026,0.479080,0.001428,0.001428,0.005121,214010
6.610437,597088.692632,0.004999,rest,2,0.000000,0.000000,0.000000,0.000026,0.000026,0.501771,0.006358,0.006358,0.000000,214012
6.615438,597088.697736,0.005001,rest,2,0.000000,0.000000,0.000000,0.000102,0.000102,0.517959,0.001438,0.001438,0.015166,214014
6.620438,597088.702841,0.004999,rest,2,0.000000,0.000000,0.000000,0.000102,0.000102,0.530833,0.006387,0.006387,0.000000,214016
6.625438,597088.707925,0.005001,rest,2,0.000000,0.000000,0.000000,0.000001,0.000001,0.516588,0.001100,0.001100,0.000000,214018
6.630438,597088.713053,0.004999,rest,2,0.000000,0.000000,0.000000,0.000001,0.000001,0.488525,0.006012,0.006012,0.000000,214020
6.635437,597088.718140,0.005000,rest,2,0.000000,0.000000,0.000000,0.000025,0.000025,0.485892,0.001427,0.001427,0.004857,214022
6.640438,597088.723230,0.005001,rest,2,0.000000,0.000000,0.000000,0.000025,0.000025,0.496216,0.006375,0.006375,0.000000,214024
6.645437,597088.728324,0.004999,rest,2,0.000000,0.000000,0.000000,0.000486,0.000486,0.494168,0.004836,0.004836,0.092192,214026
6.650439,597088.733540,0.005001,rest,2,0.000000,0.000000,0.000000,0.000510,0.000510,0.499865,0.001436,0.001436,0.004861,214028
6.655438,597088.738630,0.004999,rest,2,0.000000,0.000000,0.000000,0.000510,0.000510,0.516820,0.006370,0.006370,0.000000,214030
6.660438,597088.743764,0.005000,rest,2,0.000000,0.000000,0.000000,0.000153,0.000153,0.503441,0.004844,0.004844,0.000000,214032
6.665441,597088.748883,0.005003,rest,2,0.000000,0.000000,0.000000,0.000970,0.000970,0.477222,0.001444,0.001444,0.163349,214034
6.670439,597088.753995,0.004997,rest,2,0.000000,0.000000,0.000000,0.000970,0.000970,0.466477,0.006346,0.006346,0.000000,214036
6.675438,597088.759087,0.004999,rest,2,0.000000,0.000000,0.000000,0.000663,0.000663,0.461107,0.001229,0.001229,0.000000,214038
6.680439,597088.764224,0.005001,rest,2,0.000000,0.000000,0.000000,0.000663,0.000663,0.458477,0.006177,0.006177,0.000000,214040
6.685438,597088.769361,0.004999,rest,2,0.000000,0.000000,0.000000,0.000486,0.000486,0.461261,0.001150,0.001150,0.000000,214042
6.690438,597088.774514,0.005000,rest,2,0.000000,0.000000,0.000000,0.000486,0.000486,0.466804,0.006079,0.006079,0.000000,214044
6.695438,597088.779639,0.004999,rest,2,0.000000,0.000000,0.000000,0.000001,0.000001,0.485869,0.001446,0.001446,0.000000,214046
6.700438,597088.784775,0.005001,rest,2,0.000000,0.000000,0.000000,-0.000111,-0.000111,0.481232,0.000992,0.000992,0.000000,214048
6.705438,597088.789899,0.005000,rest,2,0.000000,0.000000,0.000000,-0.000111,-0.000111,0.448276,0.005925,0.005925,0.000000,214050
6.711258,597088.795046,0.005820,rest,2,0.000000,0.000000,0.000000,-0.000426,-0.000426,0.441712,0.002264,0.002264,0.000000,214052
6.716726,597088.800147,0.005468,rest,2,0.000000,0.000000,0.000000,-0.000188,-0.000188,0.460397,0.002260,0.002260,0.043513,214054
6.722156,597088.805261,0.005430,rest,2,0.000000,0.000000,0.000000,0.000178,0.000178,0.479391,0.002241,0.002241,0.067441,214056
6.727508,597088.810372,0.005353,rest,2,0.000000,0.000000,0.000000,-0.000579,-0.000579,0.477427,0.003211,0.003211,0.000000,214058
6.732898,597088.815506,0.005390,rest,2,0.000000,0.000000,0.000000,-0.000579,-0.000579,0.460352,0.003093,0.003093,0.000006,214060
6.737084,597088.820631,0.004185,rest,2,0.000000,0.000000,0.000000,0.000485,0.000485,0.438428,0.002848,0.002848,0.254262,214062
6.741329,597088.825754,0.004245,rest,2,0.000000,0.000000,0.000000,-0.000579,-0.000579,0.432334,0.001626,0.001626,0.000000,214064
6.745565,597088.830830,0.004237,rest,2,0.000000,0.000000,0.000000,0.000102,0.000102,0.448933,0.001341,0.001341,0.160645,214066
6.750438,597088.835942,0.004873,rest,2,0.000000,0.000000,0.000000,0.000102,0.000102,0.465557,0.006150,0.006150,0.000000,214068
6.755438,597088.841086,0.005000,rest,2,0.000000,0.000000,0.000000,-0.001252,-0.001252,0.481083,0.001460,0.001460,0.000000,214070
6.760438,597088.846181,0.005000,rest,2,0.000000,0.000000,0.000000,-0.000162,-0.000162,0.466617,0.001021,0.001021,0.217907,214072
6.765439,597088.851366,0.005001,rest,2,0.000000,0.000000,0.000000,-0.000162,-0.000162,0.429814,0.005958,0.005958,0.000000,214074
6.770438,597088.856474,0.004999,rest,2,0.000000,0.000000,0.000000,-0.000767,-0.000767,0.434952,0.001512,0.001512,0.000000,214076
6.780438,597088.861568,0.010000,rest,2,0.000000,0.000000,0.000000,-0.001737,-0.001737,0.474965,0.006002,0.006002,0.000000,214080
6.785438,597088.866682,0.005000,rest,2,0.000000,0.000000,0.000000,0.000416,0.000416,0.494872,0.001500,0.001500,0.430631,214082
6.790437,597088.871804,0.005000,rest,2,0.000000,0.000000,0.000000,-0.000111,-0.000111,0.512135,0.001050,0.001050,0.000000,214084
6.795444,597088.876912,0.005007,rest,2,0.000000,0.000000,0.000000,-0.000111,-0.000111,0.515027,0.006060,0.006060,0.000000,214086
6.800438,597088.882128,0.004993,rest,2,0.000000,0.000000,0.000000,-0.001737,-0.001737,0.521015,0.001327,0.001327,0.000000,214088
6.805438,597088.887274,0.005000,rest,2,0.000000,0.000000,0.000000,-0.001737,-0.001737,0.528580,0.006269,0.006269,0.000000,214090
6.810438,597088.892422,0.005000,rest,2,0.000000,0.000000,0.000000,0.000639,0.000639,0.522106,0.001339,0.001339,0.475089,214092
6.815439,597088.897547,0.005001,rest,2,0.000000,0.000000,0.000000,0.000638,0.000638,0.494974,0.000930,0.000930,0.000000,214094
6.820439,597088.902765,0.005000,rest,2,0.000000,0.000000,0.000000,-0.000673,-0.000673,0.453903,0.001547,0.001547,0.000000,214096
6.825439,597088.907978,0.005000,rest,2,0.000000,0.000000,0.000000,-0.001005,-0.001005,0.436581,0.000857,0.000857,0.000000,214098
6.830442,597088.913166,0.005003,rest,2,0.000000,0.000000,0.000000,-0.000579,-0.000579,0.469597,0.001507,0.001507,0.085191,214100
6.835438,597088.918409,0.004996,rest,2,0.000000,0.000000,0.000000,-0.000673,-0.000673,0.490078,0.000999,0.000999,0.000000,214102
6.840439,597088.923552,0.005001,rest,2,0.000000,0.000000,0.000000,-0.000673,-0.000673,0.479678,0.005935,0.005935,0.000000,214104
6.845438,597088.928791,0.004999,rest,2,0.000000,0.000000,0.000000,-0.001133,-0.001133,0.481810,0.001458,0.001458,0.000000,214106
6.850439,597088.933932,0.005001,rest,2,0.000000,0.000000,0.000000,-0.001158,-0.001158,0.459765,0.001040,0.001040,0.000000,214108
6.855438,597088.939046,0.005000,rest,2,0.000000,0.000000,0.000000,-0.001158,-0.001158,0.417970,0.005978,0.005978,0.000000,214110
6.860438,597088.944159,0.005000,rest,2,0.000000,0.000000,0.000000,0.000995,0.000995,0.417644,0.001448,0.001448,0.430629,214112
6.865439,597088.949310,0.005001,rest,2,0.000000,0.000000,0.000000,-0.000502,-0.000502,0.441647,0.001018,0.001018,0.000000,214114
6.870438,597088.954420,0.005000,rest,2,0.000000,0.000000,0.000000,-0.000502,-0.000502,0.457074,0.005956,0.005956,0.000000,214116
6.875438,597088.959581,0.004999,rest,2,0.000000,0.000000,0.000000,0.000486,0.000486,0.489479,0.001516,0.001516,0.197575,214118
6.880437,597088.964732,0.005000,rest,2,0.000000,0.000000,0.000000,-0.000093,-0.000093,0.530533,0.000923,0.000923,0.000000,214120
6.885438,597088.969876,0.005000,rest,2,0.000000,0.000000,0.000000,-0.000188,-0.000188,0.526136,0.001483,0.001483,0.000000,214122
6.890439,597088.975021,0.005001,rest,2,0.000000,0.000000,0.000000,-0.000502,-0.000502,0.498580,0.001053,0.001053,0.000000,214124
6.895439,597088.980128,0.005000,rest,2,0.000000,0.000000,0.000000,-0.000502,-0.000502,0.484539,0.005983,0.005983,0.000000,214126
6.900438,597088.985279,0.004999,rest,2,0.000000,0.000000,0.000000,-0.001584,-0.001584,0.464278,0.001530,0.001530,0.000000,214128
6.905438,597088.990423,0.005000,rest,2,0.000000,0.000000,0.000000,-0.001584,-0.001584,0.462904,0.001082,0.001082,0.000010,214130
6.910438,597088.995565,0.005000,rest,2,0.000000,0.000000,0.000000,-0.001584,-0.001584,0.484261,0.006013,0.006013,0.000000,214132
6.915439,597089.000734,0.005001,rest,2,0.000000,0.000000,0.000000,0.000077,0.000077,0.495692,0.001494,0.001494,0.332190,214134
6.920439,597089.005944,0.005000,rest,2,0.000000,0.000000,0.000000,-0.000673,-0.000673,0.525203,0.000956,0.000956,0.000000,214136
6.925438,597089.011191,0.004999,rest,2,0.000000,0.000000,0.000000,0.000391,0.000391,0.533918,0.001507,0.001507,0.212844,214138
6.930438,597089.016298,0.005000,rest,2,0.000000,0.000000,0.000000,-0.000231,-0.000231,0.507020,0.001053,0.001053,0.000000,214140
6.935439,597089.021447,0.005001,rest,2,0.000000,0.000000,0.000000,-0.000231,-0.000231,0.491432,0.006001,0.006001,0.000000,214142
6.945438,597089.026669,0.009999,rest,2,0.000000,0.000000,0.000000,0.000486,0.000486,0.491726,0.000963,0.000963,0.085424,214146
6.950439,597089.031894,0.005001,rest,2,0.000000,0.000000,0.000000,0.000059,0.000059,0.524325,0.001591,0.001591,0.000000,214148
6.955438,597089.037236,0.004999,rest,2,0.000000,0.000000,0.000000,0.000001,0.000001,0.512581,0.001003,0.001003,0.000000,214150
6.960438,597089.042348,0.005000,rest,2,0.000000,0.000000,0.000000,-0.000596,-0.000596,0.462369,0.001538,0.001538,0.000000,214152
6.965438,597089.047514,0.005000,rest,2,0.000000,0.000000,0.000000,0.000502,0.000502,0.432375,0.000842,0.000842,0.219701,214154
6.970437,597089.052715,0.005000,rest,2,0.000000,0.000000,0.000000,0.000468,0.000468,0.462720,0.001251,0.001251,0.000000,214156
6.975438,597089.057921,0.005001,rest,2,0.000000,0.000000,0.000000,0.000468,0.000468,0.512992,0.006190,0.006190,0.000000,214158
6.980438,597089.063155,0.005000,rest,2,0.000000,0.000000,0.000000,-0.000153,-0.000153,0.512683,0.001370,0.001370,0.000000,214160
6.985438,597089.068268,0.005000,rest,2,0.000000,0.000000,0.000000,-0.000153,-0.000153,0.486602,0.006318,0.006318,0.000000,214162
6.990438,597089.073435,0.005000,rest,2,0.000000,0.000000,0.000000,0.001047,0.001047,0.461015,0.001348,0.001348,0.239989,214164
6.995438,597089.078593,0.005001,rest,2,0.000000,0.000000,0.000000,0.001047,0.001047,0.435679,0.006301,0.006301,0.000000,214166
7.000439,597089.083812,0.005001,rest,2,0.000000,0.000000,0.000000,0.000486,0.000486,0.462427,0.001422,0.001422,0.000000,214168
7.005437,597089.089016,0.004998,rest,2,0.000000,0.000000,0.000000,-0.001157,-0.001157,0.513629,0.000888,0.000888,0.000000,214170
7.010438,597089.094177,0.005000,rest,2,0.000000,0.000000,0.000000,0.000392,0.000392,0.485077,0.001438,0.001438,0.309681,214172
7.015438,597089.099313,0.005000,rest,2,0.000000,0.000000,0.000000,-0.001081,-0.001081,0.441955,0.000902,0.000902,0.000000,214174
7.020438,597089.104488,0.005000,step_4,2,-0.004000,-0.004000,-0.004000,0.000001,0.000001,0.440980,0.001476,0.001476,0.216382,214176
7.025438,597089.109703,0.005000,step_4,2,-0.004000,-0.004000,-0.004000,-0.001081,-0.001081,0.451891,0.000848,0.000848,0.000000,214178
7.030438,597089.114914,0.005000,step_4,2,-0.004000,-0.004000,-0.004000,0.000851,0.000851,0.468540,0.001396,0.001396,0.386462,214180
7.035438,597089.120157,0.005000,step_4,2,-0.004000,-0.004000,-0.004000,0.000851,0.000851,0.473717,0.000709,0.000709,0.000000,214182
7.040438,597089.125268,0.005000,step_4,2,-0.004000,-0.004000,-0.004000,-0.000672,-0.000672,0.462207,0.001340,0.001340,0.000000,214184
7.045438,597089.130380,0.005000,step_4,2,-0.004000,-0.004000,-0.004000,-0.000672,-0.000672,0.442194,0.006263,0.006263,0.000000,214186
7.050438,597089.135538,0.005000,step_4,2,-0.004000,-0.004000,-0.004000,0.000059,0.000059,0.454918,0.001448,0.001448,0.146197,214188
7.055437,597089.140744,0.004999,step_4,2,-0.004000,-0.004000,-0.004000,0.000390,0.000390,0.484322,0.000889,0.000889,0.066181,214190
7.060438,597089.145958,0.005000,step_4,2,-0.004000,-0.004000,-0.004000,-0.001039,-0.001039,0.472360,0.001463,0.001463,0.000000,214192
7.065438,597089.151159,0.005000,step_4,2,-0.004000,-0.004000,-0.004000,-0.001039,-0.001039,0.439321,0.006407,0.006407,0.000000,214194
7.070439,597089.156273,0.005001,step_4,2,-0.004000,-0.004000,-0.004000,-0.000189,-0.000189,0.419220,0.001404,0.001404,0.170052,214196
7.075438,597089.161393,0.004999,step_4,2,-0.004000,-0.004000,-0.004000,-0.000189,-0.000189,0.415197,0.000782,0.000782,0.000011,214198
7.085437,597089.166505,0.009999,step_4,2,-0.004000,-0.004000,-0.004000,-0.000460,-0.000460,0.455191,0.006059,0.006059,0.000000,214202
7.090438,597089.171718,0.005001,step_4,2,-0.004000,-0.004000,-0.004000,-0.000485,-0.000485,0.477834,0.001448,0.001448,0.000000,214204
7.095438,597089.176967,0.005000,step_4,2,-0.004000,-0.004000,-0.004000,-0.000485,-0.000485,0.501265,0.006394,0.006394,0.000000,214206
7.100445,597089.182115,0.005007,step_4,2,-0.004000,-0.004000,-0.004000,0.000391,0.000391,0.498398,0.001417,0.001417,0.174865,214208
7.105438,597089.187282,0.004994,step_4,2,-0.004000,-0.004000,-0.004000,0.000391,0.000391,0.482132,0.006349,0.006349,0.000000,214210
7.110449,597089.192420,0.005011,step_4,2,-0.004000,-0.004000,-0.004000,-0.000035,-0.000035,0.455176,0.001374,0.001374,0.000000,214212
7.115445,597089.197609,0.004996,step_4,2,-0.004000,-0.004000,-0.004000,-0.000035,-0.000035,0.422774,0.006341,0.006341,0.000000,214214
7.120438,597089.202852,0.004993,step_4,2,-0.004000,-0.004000,-0.004000,-0.001633,-0.001633,0.429762,0.001284,0.001284,0.000000,214216
7.125438,597089.208178,0.005000,step_4,2,-0.004000,-0.004000,-0.004000,-0.002612,-0.002612,0.448463,0.000677,0.000677,0.000000,214218
7.130438,597089.213292,0.005000,step_4,2,-0.004000,-0.004000,-0.004000,-0.001939,-0.001939,0.444885,0.000898,0.000898,0.134550,214220
7.135438,597089.218425,0.005000,step_4,2,-0.004000,-0.004000,-0.004000,-0.001504,-0.001504,0.457044,0.001423,0.001423,0.087168,214222
7.140438,597089.223595,0.005000,step_4,2,-0.004000,-0.004000,-0.004000,-0.001504,-0.001504,0.481968,0.006364,0.006364,0.000000,214224
7.145438,597089.228746,0.005000,step_4,2,-0.004000,-0.004000,-0.004000,-0.002602,-0.002602,0.455325,0.001169,0.001169,0.000000,214226
7.150443,597089.233899,0.005005,step_4,2,-0.004000,-0.004000,-0.004000,-0.002602,-0.002602,0.402408,0.006191,0.006191,0.000000,214228
7.155442,597089.238987,0.004999,step_4,2,-0.004000,-0.004000,-0.004000,-0.003250,-0.003250,0.402910,0.001247,0.001247,0.000000,214230
7.160442,597089.244065,0.005000,step_4,2,-0.004000,-0.004000,-0.004000,-0.002687,-0.002687,0.428408,0.000789,0.000789,0.112577,214232
7.165451,597089.249198,0.005009,step_4,2,-0.004000,-0.004000,-0.004000,-0.003420,-0.003420,0.431433,0.001220,0.001220,0.000000,214234
7.170438,597089.254316,0.004988,step_4,2,-0.004000,-0.004000,-0.004000,-0.002142,-0.002142,0.421711,0.001585,0.001585,0.256131,214236
7.175438,597089.259432,0.005000,step_4,2,-0.004000,-0.004000,-0.004000,-0.003291,-0.003291,0.420090,0.001088,0.001088,0.000000,214238
7.180438,597089.264552,0.004999,step_4,2,-0.004000,-0.004000,-0.004000,-0.004176,-0.004176,0.463985,0.001559,0.001559,0.000000,214240
7.185437,597089.269669,0.005000,step_4,2,-0.004000,-0.004000,-0.004000,-0.003137,-0.003137,0.524218,0.001001,0.001001,0.207671,214242
7.190438,597089.274784,0.005000,step_4,2,-0.004000,-0.004000,-0.004000,-0.002108,-0.002108,0.548097,0.001334,0.001334,0.205758,214244
7.195438,597089.279902,0.005000,step_4,2,-0.004000,-0.004000,-0.004000,-0.002108,-0.002108,0.553452,0.006260,0.006260,0.000000,214246
7.200437,597089.285026,0.004999,step_4,2,-0.004000,-0.004000,-0.004000,-0.002227,-0.002227,0.534827,0.001114,0.001114,0.000000,214248
7.205437,597089.290148,0.005000,step_4,2,-0.004000,-0.004000,-0.004000,-0.002618,-0.002618,0.503984,0.001542,0.001542,0.000000,214250
7.210439,597089.295270,0.005002,step_4,2,-0.004000,-0.004000,-0.004000,-0.003254,-0.003254,0.489634,0.001039,0.001039,0.000000,214252
7.215440,597089.300393,0.005000,step_4,2,-0.004000,-0.004000,-0.004000,-0.003254,-0.003254,0.483688,0.005977,0.005977,0.000000,214254
7.220437,597089.305514,0.004998,step_4,2,-0.004000,-0.004000,-0.004000,-0.002168,-0.002168,0.470905,0.001390,0.001390,0.217305,214256
7.225438,597089.310779,0.005001,step_4,2,-0.004000,-0.004000,-0.004000,-0.002168,-0.002168,0.454638,0.006331,0.006331,0.000000,214258
7.230456,597089.316046,0.005018,step_4,2,-0.004000,-0.004000,-0.004000,-0.002456,-0.002456,0.463669,0.001561,0.001561,0.000000,214260
7.235438,597089.321182,0.004982,step_4,2,-0.004000,-0.004000,-0.004000,-0.002394,-0.002394,0.473415,0.000925,0.000925,0.012511,214262
7.240437,597089.326323,0.004999,step_4,2,-0.004000,-0.004000,-0.004000,-0.003570,-0.003570,0.467693,0.001380,0.001380,0.000000,214264
7.250440,597089.331464,0.010003,step_4,2,-0.004000,-0.004000,-0.004000,-0.002072,-0.002072,0.462185,0.001374,0.001374,0.299548,214268
7.255438,597089.336689,0.004998,step_4,2,-0.004000,-0.004000,-0.004000,-0.002072,-0.002072,0.456755,0.006306,0.006306,0.000000,214270
7.260438,597089.341896,0.005000,step_4,2,-0.004000,-0.004000,-0.004000,-0.003135,-0.003135,0.473475,0.001116,0.001116,0.000000,214272
7.265438,597089.347151,0.005001,step_4,2,-0.004000,-0.004000,-0.004000,-0.003110,-0.003110,0.498166,0.001613,0.001613,0.005049,214274
7.270437,597089.352260,0.004999,step_4,2,-0.004000,-0.004000,-0.004000,-0.003034,-0.003034,0.502987,0.001070,0.001070,0.015117,214276
7.275438,597089.357371,0.005001,step_4,2,-0.004000,-0.004000,-0.004000,-0.003034,-0.003034,0.500997,0.006028,0.006028,0.000000,214278
7.280438,597089.362525,0.005000,step_4,2,-0.004000,-0.004000,-0.004000,-0.003721,-0.003721,0.481872,0.004841,0.004841,0.000000,214280
7.285437,597089.367735,0.004999,step_4,2,-0.004000,-0.004000,-0.004000,-0.002563,-0.002563,0.481866,0.001238,0.001238,0.231526,214282
7.290438,597089.372842,0.005001,step_4,2,-0.004000,-0.004000,-0.004000,-0.002563,-0.002563,0.509714,0.006194,0.006194,0.000000,214284
7.290438,597089.378057,0.000001,step_4,2,-0.004000,-0.004000,-0.004000,-0.002563,-0.002563,0.509714,0.006194,0.006194,0.000000,214284
7.295460,597089.383197,0.005021,step_4,2,-0.004000,-0.004000,-0.004000,-0.002446,-0.002446,0.497380,0.001477,0.001477,0.023302,214286
7.306769,597089.388306,0.011310,step_4,2,-0.004000,-0.004000,-0.004000,-0.003025,-0.003025,0.508327,0.002789,0.002789,0.000000,214290
7.311001,597089.393414,0.004231,step_4,2,-0.004000,-0.004000,-0.004000,-0.005065,-0.005065,0.511804,0.001595,0.001595,0.000000,214292
7.315437,597089.398574,0.004437,step_4,2,-0.004000,-0.004000,-0.004000,-0.004342,-0.004342,0.488807,0.000566,0.000566,0.163053,214294
7.320437,597089.403681,0.005000,step_4,2,-0.004000,-0.004000,-0.004000,-0.004541,-0.004541,0.478706,0.001116,0.001116,0.000000,214296
7.325438,597089.408884,0.005000,step_4,2,-0.004000,-0.004000,-0.004000,-0.004541,-0.004541,0.476212,0.006056,0.006056,0.000000,214298
7.330437,597089.414182,0.005000,step_4,2,-0.004000,-0.004000,-0.004000,-0.003917,-0.003917,0.470683,0.001448,0.001448,0.124950,214300
7.335438,597089.419383,0.005000,step_4,2,-0.004000,-0.004000,-0.004000,-0.004720,-0.004720,0.465507,0.001030,0.001030,0.000000,214302
7.340437,597089.424490,0.005000,step_4,2,-0.004000,-0.004000,-0.004000,-0.004720,-0.004720,0.464771,0.005931,0.005931,0.000000,214304
7.345437,597089.429640,0.005000,step_4,2,-0.004000,-0.004000,-0.004000,-0.003807,-0.003807,0.464888,0.001290,0.001290,0.182650,214306
7.350437,597089.434906,0.005000,step_4,2,-0.004000,-0.004000,-0.004000,-0.003807,-0.003807,0.465439,0.006166,0.006166,0.000000,214308
7.355438,597089.440133,0.005000,step_4,2,-0.004000,-0.004000,-0.004000,-0.004123,-0.004123,0.479249,0.001277,0.001277,0.000000,214310
7.360438,597089.445243,0.005000,step_4,2,-0.004000,-0.004000,-0.004000,-0.004123,-0.004123,0.499814,0.006228,0.006228,0.000000,214312
7.365437,597089.450349,0.005000,step_4,2,-0.004000,-0.004000,-0.004000,-0.002777,-0.002777,0.470945,0.001429,0.001429,0.269144,214314
7.370437,597089.455498,0.005000,step_4,2,-0.004000,-0.004000,-0.004000,-0.003362,-0.003362,0.454162,0.001010,0.001010,0.000000,214316
7.375438,597089.460732,0.005000,step_4,2,-0.004000,-0.004000,-0.004000,-0.003781,-0.003781,0.482887,0.001575,0.001575,0.000000,214318
7.380438,597089.466014,0.005000,step_4,2,-0.004000,-0.004000,-0.004000,-0.003781,-0.003781,0.497523,0.006522,0.006522,0.000000,214320
7.385437,597089.471164,0.005000,step_4,2,-0.004000,-0.004000,-0.004000,-0.003938,-0.003938,0.512821,0.001397,0.001397,0.000000,214322
7.391155,597089.476268,0.005718,step_4,2,-0.004000,-0.004000,-0.004000,-0.003456,-0.003456,0.493798,0.001589,0.001589,0.084277,214324
7.400437,597089.481481,0.009282,step_4,2,-0.004000,-0.004000,-0.004000,-0.002394,-0.002394,0.493812,0.000937,0.000937,0.139851,214328
7.405437,597089.486657,0.005000,step_4,2,-0.004000,-0.004000,-0.004000,-0.003521,-0.003521,0.494246,0.001463,0.001463,0.000000,214330
7.410438,597089.491870,0.005000,step_4,2,-0.004000,-0.004000,-0.004000,-0.004241,-0.004241,0.460814,0.001060,0.001060,0.000000,214332
7.415438,597089.497107,0.005000,step_4,2,-0.004000,-0.004000,-0.004000,-0.004241,-0.004241,0.456706,0.006000,0.006000,0.000000,214334
7.420437,597089.502234,0.004999,step_4,2,-0.004000,-0.004000,-0.004000,-0.003270,-0.003270,0.441295,0.001343,0.001343,0.194130,214336
7.425438,597089.507371,0.005001,step_4,2,-0.004000,-0.004000,-0.004000,-0.003270,-0.003270,0.420124,0.006295,0.006295,0.000000,214338
7.430437,597089.512583,0.004999,step_4,2,-0.004000,-0.004000,-0.004000,-0.003659,-0.003659,0.432013,0.001368,0.001368,0.000000,214340
7.435437,597089.517737,0.005000,step_4,2,-0.004000,-0.004000,-0.004000,-0.003659,-0.003659,0.460747,0.006317,0.006317,0.000000,214342
7.440439,597089.522959,0.005002,step_4,2,-0.004000,-0.004000,-0.004000,-0.003982,-0.003982,0.464255,0.001260,0.001260,0.000000,214344
7.445560,597089.528142,0.005121,step_4,2,-0.004000,-0.004000,-0.004000,-0.003170,-0.003170,0.476477,0.000864,0.000864,0.158454,214346
7.450438,597089.533270,0.004878,step_4,2,-0.004000,-0.004000,-0.004000,-0.004602,-0.004602,0.483860,0.001052,0.001052,0.000000,214348
7.455438,597089.538400,0.005000,step_4,2,-0.004000,-0.004000,-0.004000,-0.005185,-0.005185,0.472465,0.001530,0.001530,0.000000,214350
7.460440,597089.543520,0.005002,step_4,2,-0.004000,-0.004000,-0.004000,-0.002535,-0.002535,0.481677,0.001015,0.001015,0.529863,214352
7.465924,597089.548671,0.005484,step_4,2,-0.004000,-0.004000,-0.004000,-0.004200,-0.004200,0.498682,0.002001,0.002001,0.000000,214354
7.470438,597089.553788,0.004514,step_4,2,-0.004000,-0.004000,-0.004000,-0.004225,-0.004225,0.527040,0.000912,0.000912,0.000000,214356
7.475440,597089.558935,0.005002,step_4,2,-0.004000,-0.004000,-0.004000,-0.003516,-0.003516,0.531937,0.001523,0.001523,0.141727,214358
7.480437,597089.564086,0.004998,step_4,2,-0.004000,-0.004000,-0.004000,-0.004151,-0.004151,0.490573,0.001095,0.001095,0.000000,214360
7.485438,597089.569197,0.005000,step_4,2,-0.004000,-0.004000,-0.004000,-0.004151,-0.004151,0.452336,0.006035,0.006035,0.000000,214362
7.490438,597089.574310,0.005000,step_4,2,-0.004000,-0.004000,-0.004000,-0.003714,-0.003714,0.459132,0.001506,0.001506,0.087279,214364
7.495437,597089.579480,0.004999,step_4,2,-0.004000,-0.004000,-0.004000,-0.003826,-0.003826,0.477879,0.001054,0.001054,0.000000,214366
7.500437,597089.584585,0.005000,step_4,2,-0.004000,-0.004000,-0.004000,-0.003765,-0.003765,0.482470,0.001530,0.001530,0.012085,214368
7.505438,597089.589699,0.005000,step_4,2,-0.004000,-0.004000,-0.004000,-0.003147,-0.003147,0.481397,0.000969,0.000969,0.123552,214370
7.510437,597089.594812,0.005000,step_4,2,-0.004000,-0.004000,-0.004000,-0.003751,-0.003751,0.476521,0.001516,0.001516,0.000000,214372
7.515438,597089.599969,0.005001,step_4,2,-0.004000,-0.004000,-0.004000,-0.003475,-0.003475,0.479324,0.001041,0.001041,0.055128,214374
7.520438,597089.605043,0.005000,step_4,2,-0.004000,-0.004000,-0.004000,-0.002538,-0.002538,0.483498,0.001568,0.001568,0.187372,214376
7.525438,597089.610157,0.005000,step_4,2,-0.004000,-0.004000,-0.004000,-0.002300,-0.002300,0.479055,0.001037,0.001037,0.047689,214378
7.530438,597089.615268,0.005000,step_4,2,-0.004000,-0.004000,-0.004000,-0.001368,-0.001368,0.486547,0.001552,0.001552,0.186444,214380
7.535438,597089.620414,0.005000,step_4,2,-0.004000,-0.004000,-0.004000,-0.003805,-0.003805,0.509267,0.000966,0.000966,0.000000,214382
7.540438,597089.625555,0.005001,step_4,2,-0.004000,-0.004000,-0.004000,-0.003279,-0.003279,0.549435,0.001571,0.001571,0.105102,214384
7.545438,597089.630653,0.004999,step_4,2,-0.004000,-0.004000,-0.004000,-0.002751,-0.002751,0.557315,0.001008,0.001008,0.105698,214386
7.550438,597089.635749,0.005000,step_4,2,-0.004000,-0.004000,-0.004000,-0.001900,-0.001900,0.516477,0.001295,0.001295,0.170191,214388
7.555437,597089.640909,0.005000,step_4,2,-0.004000,-0.004000,-0.004000,-0.001900,-0.001900,0.491994,0.006238,0.006238,0.000000,214390
7.560438,597089.646024,0.005001,step_4,2,-0.004000,-0.004000,-0.004000,-0.002725,-0.002725,0.514552,0.001305,0.001305,0.000000,214392
7.565438,597089.651125,0.005000,step_4,2,-0.004000,-0.004000,-0.004000,-0.002725,-0.002725,0.561080,0.006247,0.006247,0.000000,214394
7.575450,597089.656233,0.010012,step_4,2,-0.004000,-0.004000,-0.004000,-0.003315,-0.003315,0.439676,0.006379,0.006379,0.000000,214398
7.580437,597089.661332,0.004987,step_4,2,-0.004000,-0.004000,-0.004000,-0.002877,-0.002877,0.457216,0.001275,0.001275,0.087637,214400
7.585437,597089.666427,0.005000,step_4,2,-0.004000,-0.004000,-0.004000,-0.002877,-0.002877,0.525715,0.006212,0.006212,0.000000,214402
7.590438,597089.671537,0.005001,step_4,2,-0.004000,-0.004000,-0.004000,-0.001440,-0.001440,0.529678,0.001444,0.001444,0.287476,214404
7.595439,597089.676651,0.005001,step_4,2,-0.004000,-0.004000,-0.004000,-0.001440,-0.001440,0.500756,0.006403,0.006403,0.000000,214406
7.600438,597089.681749,0.004999,step_4,2,-0.004000,-0.004000,-0.004000,-0.003090,-0.003090,0.483671,0.001448,0.001448,0.000000,214408
7.605437,597089.686856,0.005000,step_4,2,-0.004000,-0.004000,-0.004000,-0.003090,-0.003090,0.472618,0.006370,0.006370,0.000000,214410
7.610437,597089.691968,0.005000,step_4,2,-0.004000,-0.004000,-0.004000,-0.003205,-0.003205,0.468134,0.001445,0.001445,0.000000,214412
7.615438,597089.697095,0.005002,step_4,2,-0.004000,-0.004000,-0.004000,-0.003205,-0.003205,0.466999,0.006394,0.006394,0.000000,214414
7.620451,597089.702203,0.005012,step_4,2,-0.004000,-0.004000,-0.004000,-0.004567,-0.004567,0.475724,0.001474,0.001474,0.000000,214416
7.625438,597089.707345,0.004987,step_4,2,-0.004000,-0.004000,-0.004000,-0.002578,-0.002578,0.498807,0.000982,0.000982,0.398941,214418
7.630438,597089.712604,0.005000,step_4,2,-0.004000,-0.004000,-0.004000,-0.004992,-0.004992,0.517320,0.001605,0.001605,0.000000,214420
7.635437,597089.717836,0.004999,step_4,2,-0.004000,-0.004000,-0.004000,-0.003489,-0.003489,0.508526,0.001152,0.001152,0.300584,214422
7.640439,597089.723049,0.005002,step_4,2,-0.004000,-0.004000,-0.004000,-0.003489,-0.003489,0.488399,0.006106,0.006106,0.000000,214424
7.645437,597089.728158,0.004998,step_4,2,-0.004000,-0.004000,-0.004000,-0.002360,-0.002360,0.503026,0.001453,0.001453,0.225898,214426
7.650438,597089.733263,0.005000,step_4,2,-0.004000,-0.004000,-0.004000,-0.002838,-0.002838,0.528710,0.000927,0.000927,0.000000,214428
7.655437,597089.738397,0.004999,step_4,2,-0.004000,-0.004000,-0.004000,-0.002234,-0.002234,0.503533,0.001473,0.001473,0.120706,214430
7.660437,597089.743560,0.005000,step_4,2,-0.004000,-0.004000,-0.004000,-0.004275,-0.004275,0.514733,0.001002,0.001002,0.000000,214432
7.665437,597089.748717,0.005000,step_4,2,-0.004000,-0.004000,-0.004000,-0.003647,-0.003647,0.530461,0.001527,0.001527,0.125593,214434
7.670437,597089.753925,0.005000,step_4,2,-0.004000,-0.004000,-0.004000,-0.003647,-0.003647,0.492854,0.006449,0.006449,0.000000,214436
7.675438,597089.759187,0.005001,step_4,2,-0.004000,-0.004000,-0.004000,-0.002625,-0.002625,0.490912,0.001281,0.001281,0.204352,214438
7.680438,597089.764295,0.005000,step_4,2,-0.004000,-0.004000,-0.004000,-0.005207,-0.005207,0.501811,0.000744,0.000744,0.000000,214440
7.685437,597089.769405,0.004999,step_4,2,-0.004000,-0.004000,-0.004000,-0.003924,-0.003924,0.489231,0.001340,0.001340,0.256482,214442
7.690438,597089.774579,0.005001,step_4,2,-0.004000,-0.004000,-0.004000,-0.003924,-0.003924,0.470016,0.006286,0.006286,0.000000,214444
7.695438,597089.779791,0.005000,step_4,2,-0.004000,-0.004000,-0.004000,-0.004815,-0.004815,0.466516,0.001428,0.001428,0.000000,214446
7.700438,597089.785016,0.005000,step_4,2,-0.004000,-0.004000,-0.004000,-0.004815,-0.004815,0.471024,0.006366,0.006366,0.000000,214448
7.705437,597089.790161,0.004999,step_4,2,-0.004000,-0.004000,-0.004000,-0.003825,-0.003825,0.498705,0.001098,0.001098,0.198033,214450
7.710437,597089.795269,0.005000,step_4,2,-0.004000,-0.004000,-0.004000,-0.003825,-0.003825,0.538194,0.006046,0.006046,0.000000,214452
7.715437,597089.800429,0.005000,step_4,2,-0.004000,-0.004000,-0.004000,-0.004238,-0.004238,0.524666,0.001396,0.001396,0.000000,214454
7.720437,597089.805621,0.005000,step_4,2,-0.004000,-0.004000,-0.004000,-0.004238,-0.004238,0.484125,0.006335,0.006335,0.000000,214456
7.725437,597089.810837,0.005000,step_4,2,-0.004000,-0.004000,-0.004000,-0.004276,-0.004276,0.483965,0.001426,0.001426,0.000000,214458
7.730439,597089.815940,0.005002,step_4,2,-0.004000,-0.004000,-0.004000,-0.005750,-0.005750,0.496467,0.000877,0.000877,0.000000,214460
7.735437,597089.821150,0.004998,step_4,2,-0.004000,-0.004000,-0.004000,-0.002749,-0.002749,0.512431,0.001191,0.001191,0.600493,214462
7.740437,597089.826258,0.005000,step_4,2,-0.004000,-0.004000,-0.004000,-0.002749,-0.002749,0.538072,0.006131,0.006131,0.000000,214464
7.745437,597089.831411,0.005000,step_4,2,-0.004000,-0.004000,-0.004000,-0.002272,-0.002272,0.581673,0.001299,0.001299,0.095396,214466
7.755438,597089.836573,0.010001,step_4,2,-0.004000,-0.004000,-0.004000,-0.003861,-0.003861,0.610231,0.001182,0.001182,0.000000,214470
7.760438,597089.841764,0.005000,step_4,2,-0.004000,-0.004000,-0.004000,-0.003861,-0.003861,0.546830,0.006111,0.006111,0.000000,214472
7.765438,597089.847039,0.005000,step_4,2,-0.004000,-0.004000,-0.004000,-0.004351,-0.004351,0.543664,0.001180,0.001180,0.000000,214474
7.770438,597089.852223,0.005000,step_4,2,-0.004000,-0.004000,-0.004000,-0.004351,-0.004351,0.571190,0.006111,0.006111,0.000000,214476
7.775438,597089.857322,0.005000,step_4,2,-0.004000,-0.004000,-0.004000,-0.001748,-0.001748,0.556175,0.001430,0.001430,0.520509,214478
7.780438,597089.862426,0.005000,step_4,2,-0.004000,-0.004000,-0.004000,-0.001748,-0.001748,0.519485,0.006345,0.006345,0.000000,214480
7.785450,597089.867579,0.005012,step_4,2,-0.004000,-0.004000,-0.004000,-0.002062,-0.002062,0.518159,0.001547,0.001547,0.000000,214482
7.790438,597089.872641,0.004989,step_4,2,-0.004000,-0.004000,-0.004000,-0.001597,-0.001597,0.527631,0.001094,0.001094,0.093172,214484
7.795438,597089.877786,0.004999,step_4,2,-0.004000,-0.004000,-0.004000,-0.001597,-0.001597,0.525237,0.006022,0.006022,0.000000,214486
7.800437,597089.882877,0.005000,step_4,2,-0.004000,-0.004000,-0.004000,-0.003763,-0.003763,0.527245,0.001488,0.001488,0.000000,214488
7.805437,597089.888033,0.005000,step_4,2,-0.004000,-0.004000,-0.004000,-0.003763,-0.003763,0.531495,0.006416,0.006416,0.000000,214490
7.810438,597089.893116,0.005001,step_4,2,-0.004000,-0.004000,-0.004000,-0.002687,-0.002687,0.510123,0.001236,0.001236,0.215231,214492
7.815439,597089.898195,0.005001,step_4,2,-0.004000,-0.004000,-0.004000,-0.002687,-0.002687,0.475696,0.006194,0.006194,0.000000,214494
7.820439,597089.903331,0.005000,step_4,2,-0.004000,-0.004000,-0.004000,-0.002311,-0.002311,0.460083,0.001217,0.001217,0.075282,214496
7.825440,597089.908416,0.005001,step_4,2,-0.004000,-0.004000,-0.004000,-0.002311,-0.002311,0.454057,0.006149,0.006149,0.000000,214498
7.830437,597089.913566,0.004997,step_4,2,-0.004000,-0.004000,-0.004000,-0.003677,-0.003677,0.467270,0.001238,0.001238,0.000000,214500
7.835448,597089.918780,0.005011,step_4,2,-0.004000,-0.004000,-0.004000,-0.003677,-0.003677,0.490286,0.006249,0.006249,0.000000,214502
7.840438,597089.923991,0.004990,step_4,2,-0.004000,-0.004000,-0.004000,-0.003175,-0.003175,0.504954,0.001352,0.001352,0.100654,214504
7.845438,597089.929170,0.005000,step_4,2,-0.004000,-0.004000,-0.004000,-0.003175,-0.003175,0.515369,0.006288,0.006288,0.000000,214506
7.850438,597089.934397,0.005000,step_4,2,-0.004000,-0.004000,-0.004000,-0.003893,-0.003893,0.525707,0.001406,0.001406,0.000000,214508
7.855438,597089.939508,0.005000,step_4,2,-0.004000,-0.004000,-0.004000,-0.003893,-0.003893,0.536006,0.006349,0.006349,0.000000,214510
7.860437,597089.944702,0.005000,step_4,2,-0.004000,-0.004000,-0.004000,-0.003313,-0.003313,0.528830,0.001383,0.001383,0.116029,214512
7.865438,597089.949945,0.005001,step_4,2,-0.004000,-0.004000,-0.004000,-0.003313,-0.003313,0.512750,0.006328,0.006328,0.000000,214514
7.870438,597089.955166,0.004999,step_4,2,-0.004000,-0.004000,-0.004000,-0.004038,-0.004038,0.499663,0.001406,0.001406,0.000000,214516
7.875438,597089.960276,0.005000,step_4,2,-0.004000,-0.004000,-0.004000,-0.004038,-0.004038,0.488102,0.006340,0.006340,0.000000,214518
7.880437,597089.965437,0.005000,step_4,2,-0.004000,-0.004000,-0.004000,-0.003979,-0.003979,0.497509,0.001407,0.001407,0.011839,214520
7.885437,597089.970539,0.005000,step_4,2,-0.004000,-0.004000,-0.004000,-0.003979,-0.003979,0.517601,0.006328,0.006328,0.000000,214522
7.890438,597089.975700,0.005001,step_4,2,-0.004000,-0.004000,-0.004000,-0.003188,-0.003188,0.506707,0.001335,0.001335,0.158055,214524
7.895438,597089.980837,0.005000,step_4,2,-0.004000,-0.004000,-0.004000,-0.003188,-0.003188,0.480025,0.006284,0.006284,0.000000,214526
7.900438,597089.985971,0.005000,step_4,2,-0.004000,-0.004000,-0.004000,-0.002638,-0.002638,0.497779,0.004824,0.004824,0.110181,214528
7.905438,597089.991048,0.005000,step_4,2,-0.004000,-0.004000,-0.004000,-0.003790,-0.003790,0.538751,0.001415,0.001415,0.000000,214530
7.910438,597089.996193,0.005000,step_4,2,-0.004000,-0.004000,-0.004000,-0.001160,-0.001160,0.536551,0.000902,0.000902,0.526067,214532
7.920437,597090.001318,0.009999,step_4,2,-0.004000,-0.004000,-0.004000,-0.002051,-0.002051,0.433217,0.006381,0.006381,0.000000,214536
7.925439,597090.006446,0.005002,step_4,2,-0.004000,-0.004000,-0.004000,-0.003339,-0.003339,0.451507,0.001356,0.001356,0.000000,214538
7.930438,597090.011565,0.004999,step_4,2,-0.004000,-0.004000,-0.004000,-0.003339,-0.003339,0.505756,0.006226,0.006226,0.000000,214540
7.935438,597090.016782,0.005000,step_4,2,-0.004000,-0.004000,-0.004000,-0.002000,-0.002000,0.520550,0.001428,0.001428,0.267867,214542
7.940438,597090.022017,0.005000,step_4,2,-0.004000,-0.004000,-0.004000,-0.002000,-0.002000,0.515240,0.006394,0.006394,0.000000,214544
7.945439,597090.027132,0.005000,step_4,2,-0.004000,-0.004000,-0.004000,-0.001186,-0.001186,0.505395,0.001136,0.001136,0.162873,214546
7.950438,597090.032218,0.005000,step_4,2,-0.004000,-0.004000,-0.004000,-0.002502,-0.002502,0.502547,0.001629,0.001629,0.000000,214548
7.955438,597090.037320,0.004999,step_4,2,-0.004000,-0.004000,-0.004000,-0.002502,-0.002502,0.510403,0.006544,0.006544,0.000000,214550
7.960438,597090.042451,0.005000,step_4,2,-0.004000,-0.004000,-0.004000,-0.002726,-0.002726,0.522515,0.001266,0.001266,0.000000,214552
7.965437,597090.047595,0.004999,step_4,2,-0.004000,-0.004000,-0.004000,-0.002324,-0.002324,0.535217,0.001531,0.001531,0.080458,214554
7.970438,597090.052731,0.005001,step_4,2,-0.004000,-0.004000,-0.004000,-0.002324,-0.002324,0.540112,0.006470,0.006470,0.000000,214556
7.975439,597090.057840,0.005001,step_4,2,-0.004000,-0.004000,-0.004000,-0.002777,-0.002777,0.542482,0.004754,0.004754,0.000000,214558
7.980439,597090.062991,0.004999,step_4,2,-0.004000,-0.004000,-0.004000,-0.003189,-0.003189,0.525707,0.004662,0.004662,0.000000,214560
7.985437,597090.068133,0.004999,step_4,2,-0.004000,-0.004000,-0.004000,-0.003677,-0.003677,0.495121,0.001102,0.001102,0.000000,214562
7.990438,597090.073232,0.005000,step_4,2,-0.004000,-0.004000,-0.004000,-0.003740,-0.003740,0.479741,0.001568,0.001568,0.000000,214564
7.995437,597090.078375,0.004999,step_4,2,-0.004000,-0.004000,-0.004000,-0.004066,-0.004066,0.486995,0.000970,0.000970,0.000000,214566
8.000437,597090.083543,0.005000,step_4,2,-0.004000,-0.004000,-0.004000,-0.005831,-0.005831,0.500945,0.001482,0.001482,0.000000,214568
8.005442,597090.088700,0.005005,step_4,2,-0.004000,-0.004000,-0.004000,-0.005831,-0.005831,0.507604,0.006429,0.006429,0.000000,214570
8.010438,597090.093790,0.004995,step_4,2,-0.004000,-0.004000,-0.004000,-0.003340,-0.003340,0.521875,0.001420,0.001420,0.498604,214572
8.015438,597090.098961,0.005001,step_4,2,-0.004000,-0.004000,-0.004000,-0.003340,-0.003340,0.540026,0.006337,0.006337,0.000000,214574
8.020438,597090.104088,0.004999,step_4,2,-0.004000,-0.004000,-0.004000,-0.003241,-0.003241,0.542719,0.001481,0.001481,0.019850,214576
8.025438,597090.109181,0.005000,rest,2,0.000000,0.000000,0.000000,-0.004594,-0.004594,0.537537,0.001141,0.001141,0.000000,214578
8.030437,597090.114266,0.004999,rest,2,0.000000,0.000000,0.000000,-0.004594,-0.004594,0.534897,0.006032,0.006032,0.000000,214580
8.035438,597090.119419,0.005001,rest,2,0.000000,0.000000,0.000000,-0.004192,-0.004192,0.517231,0.001533,0.001533,0.080468,214582
8.040438,597090.124555,0.005000,rest,2,0.000000,0.000000,0.000000,-0.002779,-0.002779,0.515664,0.001021,0.001021,0.282648,214584
8.045438,597090.129653,0.005000,rest,2,0.000000,0.000000,0.000000,-0.002779,-0.002779,0.538621,0.005966,0.005966,0.000000,214586
8.050437,597090.134795,0.004999,rest,2,0.000000,0.000000,0.000000,-0.003367,-0.003367,0.549485,0.001411,0.001411,0.000000,214588
8.055438,597090.139924,0.005000,rest,2,0.000000,0.000000,0.000000,-0.003367,-0.003367,0.554188,0.006339,0.006339,0.000000,214590
8.060438,597090.145025,0.005000,rest,2,0.000000,0.000000,0.000000,-0.004107,-0.004107,0.550398,0.001203,0.001203,0.000000,214592
8.065438,597090.150154,0.005000,rest,2,0.000000,0.000000,0.000000,-0.004107,-0.004107,0.542281,0.006120,0.006120,0.000000,214594
8.070447,597090.155262,0.005009,rest,2,0.000000,0.000000,0.000000,-0.000601,-0.000601,0.543913,0.001427,0.001427,0.699916,214596
8.075439,597090.160415,0.004992,rest,2,0.000000,0.000000,0.000000,-0.000601,-0.000601,0.550513,0.006343,0.006343,0.000000,214598
8.080437,597090.165530,0.004998,rest,2,0.000000,0.000000,0.000000,0.000000,0.000000,0.622536,0.001407,0.001407,0.120273,214600
8.085438,597090.170637,0.005000,rest,2,0.000000,0.000000,0.000000,0.000000,0.000000,0.727893,0.006355,0.006355,0.000000,214602
8.090439,597090.175776,0.005001,rest,2,0.000000,0.000000,0.000000,-0.000099,-0.000099,0.642210,0.001328,0.001328,0.000000,214604
8.095439,597090.180922,0.005000,rest,2,0.000000,0.000000,0.000000,-0.000099,-0.000099,0.459188,0.006240,0.006240,0.000000,214606
8.100438,597090.186044,0.004999,rest,2,0.000000,0.000000,0.000000,0.000000,0.000000,0.427497,0.001225,0.001225,0.019854,214608
8.105438,597090.191139,0.005000,rest,2,0.000000,0.000000,0.000000,0.000000,0.000000,0.472914,0.006155,0.006155,0.000000,214610
8.110437,597090.196238,0.005000,rest,2,0.000000,0.000000,0.000000,-0.000000,-0.000000,0.510290,0.001445,0.001445,0.000000,214612
8.120441,597090.201343,0.010004,rest,2,0.000000,0.000000,0.000000,-0.000489,-0.000489,0.506356,0.001247,0.001247,0.000000,214616
8.125439,597090.206462,0.004998,rest,2,0.000000,0.000000,0.000000,-0.000489,-0.000489,0.433225,0.006176,0.006176,0.000000,214618
8.130437,597090.211663,0.004998,rest,2,0.000000,0.000000,0.000000,-0.000000,-0.000000,0.449765,0.001210,0.001210,0.097741,214620
8.135437,597090.216822,0.005000,rest,2,0.000000,0.000000,0.000000,-0.000000,-0.000000,0.511995,0.006147,0.006147,0.000000,214622
8.135437,597090.221928,0.000001,rest,2,0.000000,0.000000,0.000000,-0.000000,-0.000000,0.511995,0.006147,0.006147,0.000000,214622
8.140438,597090.227065,0.005001,rest,2,0.000000,0.000000,0.000000,-0.000978,-0.000978,0.539319,0.001294,0.001294,0.000000,214624
8.146016,597090.232162,0.005578,rest,2,0.000000,0.000000,0.000000,-0.000000,-0.000000,0.522128,0.001388,0.001388,0.175210,214626
8.151568,597090.237271,0.005552,rest,2,0.000000,0.000000,0.000000,-0.000148,-0.000148,0.500258,0.002446,0.002446,0.000000,214628
8.160570,597090.242409,0.009002,rest,2,0.000000,0.000000,0.000000,-0.000148,-0.000148,0.518927,0.001494,0.001494,0.083541,214632
8.165438,597090.247504,0.004868,rest,2,0.000000,0.000000,0.000000,-0.000000,-0.000000,0.539168,0.000785,0.000785,0.030403,214634
8.170438,597090.252611,0.005000,rest,2,0.000000,0.000000,0.000000,-0.000978,-0.000978,0.547311,0.001380,0.001380,0.000000,214636
8.175450,597090.257723,0.005013,rest,2,0.000000,0.000000,0.000000,-0.000978,-0.000978,0.532830,0.006409,0.006409,0.000000,214638
8.180438,597090.262932,0.004987,rest,2,0.000000,0.000000,0.000000,-0.000000,-0.000000,0.532394,0.001055,0.001055,0.195964,214640
8.185438,597090.268234,0.005000,rest,2,0.000000,0.000000,0.000000,-0.000026,-0.000026,0.539112,0.001517,0.001517,0.000000,214642
8.190439,597090.273380,0.005001,rest,2,0.000000,0.000000,0.000000,-0.000026,-0.000026,0.542536,0.006451,0.006451,0.000000,214644
8.195438,597090.278549,0.005000,rest,2,0.000000,0.000000,0.000000,-0.000026,-0.000026,0.538665,0.001145,0.001145,0.000000,214646
8.200438,597090.283752,0.004999,rest,2,0.000000,0.000000,0.000000,-0.000000,-0.000000,0.515833,0.001557,0.001557,0.005081,214648
8.205437,597090.288890,0.004999,rest,2,0.000000,0.000000,0.000000,-0.000000,-0.000000,0.488957,0.006488,0.006488,0.000000,214650
8.210437,597090.294030,0.005000,rest,2,0.000000,0.000000,0.000000,-0.000075,-0.000075,0.482305,0.001319,0.001319,0.000000,214652
8.215438,597090.299118,0.005001,rest,2,0.000000,0.000000,0.000000,-0.000075,-0.000075,0.485958,0.006268,0.006268,0.000000,214654
8.220437,597090.304228,0.004999,rest,2,0.000000,0.000000,0.000000,-0.000000,-0.000000,0.474117,0.001160,0.001160,0.014841,214656
8.225439,597090.309363,0.005002,rest,2,0.000000,0.000000,0.000000,-0.000000,-0.000000,0.454383,0.006147,0.006147,0.000000,214658
8.230439,597090.314486,0.004999,rest,2,0.000000,0.000000,0.000000,-0.000222,-0.000222,0.457020,0.001275,0.001275,0.000000,214660
8.235437,597090.319636,0.004999,rest,2,0.000000,0.000000,0.000000,-0.000000,-0.000000,0.472417,0.000699,0.000699,0.044339,214662
8.240439,597090.324804,0.005001,rest,2,0.000000,0.000000,0.000000,-0.000026,-0.000026,0.497866,0.001297,0.001297,0.000000,214664
8.245438,597090.329910,0.004999,rest,2,0.000000,0.000000,0.000000,-0.000026,-0.000026,0.527075,0.006219,0.006219,0.000000,214666
8.250437,597090.335150,0.004999,rest,2,0.000000,0.000000,0.000000,-0.000148,-0.000148,0.526543,0.001257,0.001257,0.000000,214668
8.255437,597090.340263,0.005000,rest,2,0.000000,0.000000,0.000000,-0.000000,-0.000000,0.524527,0.001552,0.001552,0.029581,214670
8.261004,597090.345374,0.005567,rest,2,0.000000,0.000000,0.000000,-0.000000,-0.000000,0.534759,0.001549,0.001549,0.000000,214672
8.265437,597090.350518,0.004434,rest,2,0.000000,0.000000,0.000000,-0.000489,-0.000489,0.547458,0.001174,0.001174,0.000000,214674
8.270437,597090.355733,0.005000,rest,2,0.000000,0.000000,0.000000,-0.000148,-0.000148,0.523948,0.001570,0.001570,0.068239,214676
8.275437,597090.360953,0.005000,rest,2,0.000000,0.000000,0.000000,-0.000000,-0.000000,0.479242,0.001002,0.001002,0.029556,214678
8.280437,597090.366184,0.005000,rest,2,0.000000,0.000000,0.000000,-0.000001,-0.000001,0.504673,0.001022,0.001022,0.000000,214680
8.285437,597090.371334,0.005000,rest,2,0.000000,0.000000,0.000000,-0.000000,-0.000000,0.531698,0.001045,0.001045,0.000010,214682
8.295437,597090.376492,0.010000,rest,2,0.000000,0.000000,0.000000,-0.000978,-0.000978,0.522900,0.006330,0.006330,0.000000,214686
8.295437,597090.381707,0.000001,rest,2,0.000000,0.000000,0.000000,-0.000978,-0.000978,0.522900,0.006330,0.006330,0.000000,214686
8.305437,597090.386834,0.010000,rest,2,0.000000,0.000000,0.000000,-0.000563,-0.000563,0.496559,0.000967,0.000967,0.000000,214690
8.310438,597090.391950,0.005001,rest,2,0.000000,0.000000,0.000000,-0.000489,-0.000489,0.493650,0.001447,0.001447,0.014768,214692
8.315439,597090.397189,0.005001,rest,2,0.000000,0.000000,0.000000,-0.000000,-0.000000,0.497329,0.001065,0.001065,0.097784,214694
8.320438,597090.402319,0.004999,rest,2,0.000000,0.000000,0.000000,-0.000000,-0.000000,0.499204,0.005992,0.005992,0.000000,214696
8.325440,597090.407462,0.005003,rest,2,0.000000,0.000000,0.000000,-0.000026,-0.000026,0.516575,0.001526,0.001526,0.000000,214698
8.330437,597090.412618,0.004997,rest,2,0.000000,0.000000,0.000000,-0.000000,-0.000000,0.537350,0.001048,0.001048,0.005041,214700
8.335437,597090.417837,0.005000,rest,2,0.000000,0.000000,0.000000,-0.000000,-0.000000,0.543444,0.001407,0.001407,0.000000,214702
8.340439,597090.423067,0.005001,rest,2,0.000000,0.000000,0.000000,-0.000000,-0.000000,0.546549,0.006344,0.006344,0.000000,214704
8.345437,597090.428176,0.004999,rest,2,0.000000,0.000000,0.000000,-0.000489,-0.000489,0.548052,0.001362,0.001362,0.000000,214706
8.345437,597090.433281,0.000001,rest,2,0.000000,0.000000,0.000000,-0.000489,-0.000489,0.548052,0.001362,0.001362,0.000000,214706
8.356571,597090.438394,0.011133,rest,2,0.000000,0.000000,0.000000,-0.000000,-0.000000,0.560033,0.002576,0.002576,0.000009,214710
8.361296,597090.443531,0.004725,rest,2,0.000000,0.000000,0.000000,0.001150,0.001150,0.531282,0.001978,0.001978,0.243499,214712
8.365596,597090.448627,0.004300,rest,2,0.000000,0.000000,0.000000,0.000575,0.000575,0.504487,0.000806,0.000806,0.000000,214714
8.370438,597090.453764,0.004841,rest,2,0.000000,0.000000,0.000000,-0.000000,-0.000000,0.482204,0.001245,0.001245,0.000000,214716
8.375438,597090.458903,0.005000,rest,2,0.000000,0.000000,0.000000,-0.000000,-0.000000,0.479460,0.006135,0.006135,0.000000,214718
8.380438,597090.463993,0.005001,rest,2,0.000000,0.000000,0.000000,-0.000489,-0.000489,0.482708,0.001450,0.001450,0.000000,214720
8.385438,597090.469094,0.004999,rest,2,0.000000,0.000000,0.000000,0.000501,0.000501,0.503766,0.001027,0.001027,0.198116,214722
8.390439,597090.474201,0.005001,rest,2,0.000000,0.000000,0.000000,-0.000489,-0.000489,0.532586,0.001599,0.001599,0.000000,214724
8.395439,597090.479360,0.005001,rest,2,0.000000,0.000000,0.000000,-0.000000,-0.000000,0.529162,0.001113,0.001113,0.097804,214726
8.400438,597090.484562,0.004999,rest,2,0.000000,0.000000,0.000000,-0.000000,-0.000000,0.505977,0.006040,0.006040,0.000000,214728
8.405437,597090.489767,0.004999,rest,2,0.000000,0.000000,0.000000,0.001576,0.001576,0.502343,0.001236,0.001236,0.315323,214730
8.410437,597090.494913,0.005000,rest,2,0.000000,0.000000,0.000000,0.001576,0.001576,0.508672,0.006176,0.006176,0.000000,214732
8.415437,597090.500065,0.005000,rest,2,0.000000,0.000000,0.000000,-0.000000,-0.000000,0.506807,0.001095,0.001095,0.000000,214734
8.420438,597090.505196,0.005000,rest,2,0.000000,0.000000,0.000000,-0.000000,-0.000000,0.500768,0.006034,0.006034,0.000000,214736
8.425438,597090.510357,0.005001,rest,2,0.000000,0.000000,0.000000,-0.000000,-0.000000,0.523142,0.001428,0.001428,0.000002,214738
8.430438,597090.515497,0.004999,rest,2,0.000000,0.000000,0.000000,-0.000000,-0.000000,0.543167,0.000943,0.000943,0.000010,214740
8.435438,597090.520657,0.005000,rest,2,0.000000,0.000000,0.000000,0.001150,0.001150,0.512952,0.001535,0.001535,0.230142,214742
8.440438,597090.525800,0.005000,rest,2,0.000000,0.000000,0.000000,-0.000978,-0.000978,0.502316,0.001062,0.001062,0.000000,214744
8.445438,597090.530944,0.005000,rest,2,0.000000,0.000000,0.000000,0.001150,0.001150,0.531471,0.001575,0.001575,0.425793,214746
8.450438,597090.536143,0.005000,rest,2,0.000000,0.000000,0.000000,0.000575,0.000575,0.516492,0.001055,0.001055,0.000000,214748
8.455437,597090.541249,0.004999,rest,2,0.000000,0.000000,0.000000,0.000575,0.000575,0.472802,0.005985,0.005985,0.000000,214750
8.465438,597090.546356,0.010001,rest,2,0.000000,0.000000,0.000000,0.000661,0.000661,0.505529,0.006407,0.006407,0.000000,214754
8.470437,597090.551484,0.004999,rest,2,0.000000,0.000000,0.000000,0.000086,0.000086,0.525668,0.001484,0.001484,0.000000,214756
8.475437,597090.556586,0.005000,rest,2,0.000000,0.000000,0.000000,0.000086,0.000086,0.541519,0.006360,0.006360,0.000000,214758
8.475437,597090.561698,0.000001,rest,2,0.000000,0.000000,0.000000,0.000086,0.000086,0.541519,0.006360,0.006360,0.000000,214758
8.485444,597090.566803,0.010007,rest,2,0.000000,0.000000,0.000000,-0.000000,-0.000000,0.528294,0.000922,0.000922,0.000000,214762
8.490438,597090.571941,0.004993,rest,2,0.000000,0.000000,0.000000,-0.000000,-0.000000,0.534626,0.001366,0.001366,0.000003,214764
8.495460,597090.577126,0.005022,rest,2,0.000000,0.000000,0.000000,-0.000000,-0.000000,0.535027,0.006365,0.006365,0.000000,214766
8.500437,597090.582219,0.004978,rest,2,0.000000,0.000000,0.000000,-0.000074,-0.000074,0.512755,0.001374,0.001374,0.000000,214768
8.505437,597090.587390,0.005000,rest,2,0.000000,0.000000,0.000000,-0.000074,-0.000074,0.478930,0.006295,0.006295,0.000000,214770
8.510437,597090.592528,0.005000,rest,2,0.000000,0.000000,0.000000,-0.000489,-0.000489,0.497866,0.001484,0.001484,0.000000,214772
8.515437,597090.597673,0.005000,rest,2,0.000000,0.000000,0.000000,-0.000489,-0.000489,0.543683,0.006419,0.006419,0.000000,214774
8.520437,597090.602892,0.005000,rest,2,0.000000,0.000000,0.000000,0.000575,0.000575,0.558316,0.001468,0.001468,0.212871,214776
8.525438,597090.608048,0.005000,rest,2,0.000000,0.000000,0.000000,-0.000403,-0.000403,0.543094,0.001081,0.001081,0.000000,214778
8.530450,597090.613276,0.005013,step_6,2,0.006000,0.006000,0.006000,-0.000489,-0.000489,0.519489,0.001759,0.001759,0.000000,214780
8.535437,597090.618482,0.004987,step_6,2,0.006000,0.006000,0.006000,0.001151,0.001151,0.511174,0.000948,0.000948,0.328831,214782
8.540438,597090.623642,0.005001,step_6,2,0.006000,0.006000,0.006000,0.001151,0.001151,0.527841,0.001481,0.001481,0.000000,214784
8.545438,597090.628815,0.005000,step_6,2,0.006000,0.006000,0.006000,0.000575,0.000575,0.526330,0.000864,0.000864,0.000000,214786
8.550437,597090.633942,0.005000,step_6,2,0.006000,0.006000,0.006000,-0.000000,-0.000000,0.499406,0.001360,0.001360,0.000000,214788
8.555437,597090.639154,0.005000,step_6,2,0.006000,0.006000,0.006000,-0.000000,-0.000000,0.484846,0.006287,0.006287,0.000000,214790
8.560437,597090.644298,0.005000,step_6,2,0.006000,0.006000,0.006000,0.000575,0.000575,0.475694,0.001206,0.001206,0.115091,214792
8.565437,597090.649467,0.005000,step_6,2,0.006000,0.006000,0.006000,0.000575,0.000575,0.469296,0.006136,0.006136,0.000000,214794
8.570438,597090.654600,0.005001,step_6,2,0.006000,0.006000,0.006000,0.000875,0.000875,0.503726,0.001339,0.001339,0.059957,214796
8.575437,597090.659705,0.004999,step_6,2,0.006000,0.006000,0.006000,0.000875,0.000875,0.558957,0.006279,0.006279,0.000000,214798
8.580438,597090.664807,0.005001,step_6,2,0.006000,0.006000,0.006000,0.002174,0.002174,0.567634,0.001496,0.001496,0.259794,214800
8.585438,597090.669953,0.005000,step_6,2,0.006000,0.006000,0.006000,0.001749,0.001749,0.546765,0.001027,0.001027,0.000000,214802
8.590438,597090.675160,0.005000,step_6,2,0.006000,0.006000,0.006000,0.002727,0.002727,0.527759,0.001518,0.001518,0.195601,214804
8.595439,597090.680269,0.005001,step_6,2,0.006000,0.006000,0.006000,0.002791,0.002791,0.539735,0.001023,0.001023,0.012720,214806
8.600437,597090.685482,0.004999,step_6,2,0.006000,0.006000,0.006000,0.002365,0.002365,0.588758,0.001585,0.001585,0.000000,214808
8.605438,597090.690588,0.005001,step_6,2,0.006000,0.006000,0.006000,0.003555,0.003555,0.632447,0.001048,0.001048,0.238005,214810
8.610437,597090.695737,0.004999,step_6,2,0.006000,0.006000,0.006000,0.001704,0.001704,0.613846,0.001628,0.001628,0.000000,214812
8.615438,597090.700947,0.005000,step_6,2,0.006000,0.006000,0.006000,0.004533,0.004533,0.563506,0.001019,0.001019,0.565727,214814
8.620437,597090.706050,0.004999,step_6,2,0.006000,0.006000,0.006000,0.005860,0.005860,0.545340,0.001606,0.001606,0.265510,214816
8.625438,597090.711185,0.005000,step_6,2,0.006000,0.006000,0.006000,0.004774,0.004774,0.524223,0.001044,0.001044,0.000000,214818
8.630437,597090.716295,0.005000,step_6,2,0.006000,0.006000,0.006000,0.004284,0.004284,0.523971,0.001630,0.001630,0.000000,214820
8.635437,597090.721405,0.005000,step_6,2,0.006000,0.006000,0.006000,0.003420,0.003420,0.554180,0.001047,0.001047,0.000000,214822
8.640437,597090.726529,0.005000,step_6,2,0.006000,0.006000,0.006000,0.003420,0.003420,0.538487,0.001617,0.001617,0.000000,214824
8.645444,597090.731694,0.005006,step_6,2,0.006000,0.006000,0.006000,0.005125,0.005125,0.500592,0.001351,0.001351,0.340551,214826
8.655437,597090.736897,0.009994,step_6,2,0.006000,0.006000,0.006000,0.004733,0.004733,0.516898,0.001043,0.001043,0.000000,214830
8.660437,597090.742052,0.004999,step_6,2,0.006000,0.006000,0.006000,0.004733,0.004733,0.555795,0.005964,0.005964,0.000000,214832
8.665438,597090.747248,0.005001,step_6,2,0.006000,0.006000,0.006000,0.003709,0.003709,0.555787,0.001470,0.001470,0.000000,214834
8.670439,597090.752405,0.005000,step_6,2,0.006000,0.006000,0.006000,0.003709,0.003709,0.535956,0.006429,0.006429,0.000000,214836
8.675438,597090.757516,0.004999,step_6,2,0.006000,0.006000,0.006000,0.004097,0.004097,0.499058,0.001412,0.001412,0.077455,214838
8.680438,597090.762669,0.005000,step_6,2,0.006000,0.006000,0.006000,0.004097,0.004097,0.453463,0.006343,0.006343,0.000000,214840
8.685437,597090.767802,0.004999,step_6,2,0.006000,0.006000,0.006000,0.005212,0.005212,0.482916,0.001406,0.001406,0.223186,214842
8.690439,597090.772922,0.005001,step_6,2,0.006000,0.006000,0.006000,0.005212,0.005212,0.550606,0.006350,0.006350,0.000000,214844
8.695438,597090.778036,0.004999,step_6,2,0.006000,0.006000,0.006000,0.003820,0.003820,0.578300,0.001381,0.001381,0.000000,214846
8.695438,597090.783153,0.000001,step_6,2,0.006000,0.006000,0.006000,0.003820,0.003820,0.578300,0.001381,0.001381,0.000000,214846
8.701090,597090.788241,0.005653,step_6,2,0.006000,0.006000,0.006000,0.006102,0.006102,0.551805,0.001528,0.001528,0.403750,214848
8.706520,597090.793351,0.005429,step_6,2,0.006000,0.006000,0.006000,0.005849,0.005849,0.509394,0.002453,0.002453,0.000000,214850
8.717441,597090.798492,0.010921,step_6,2,0.006000,0.006000,0.006000,0.005701,0.005701,0.455436,0.003527,0.003527,0.108162,214854
8.721622,597090.803627,0.004181,step_6,2,0.006000,0.006000,0.006000,0.003697,0.003697,0.475352,0.002217,0.002217,0.000000,214856
8.725749,597090.808760,0.004127,step_6,2,0.006000,0.006000,0.006000,0.005398,0.005398,0.512683,0.001882,0.001882,0.412213,214858
8.730438,597090.813863,0.004689,step_6,2,0.006000,0.006000,0.006000,0.004459,0.004459,0.512559,0.001157,0.001157,0.000000,214860
8.735438,597090.819036,0.005000,step_6,2,0.006000,0.006000,0.006000,0.004459,0.004459,0.493352,0.006088,0.006088,0.000000,214862
8.740438,597090.824153,0.005000,step_6,2,0.006000,0.006000,0.006000,0.005098,0.005098,0.516485,0.001257,0.001257,0.127850,214864
8.745438,597090.829266,0.005000,step_6,2,0.006000,0.006000,0.006000,0.005098,0.005098,0.561193,0.006238,0.006238,0.000000,214866
8.750438,597090.834420,0.005000,step_6,2,0.006000,0.006000,0.006000,0.004947,0.004947,0.583973,0.004750,0.004750,0.000000,214868
8.755438,597090.839559,0.004999,step_6,2,0.006000,0.006000,0.006000,0.006699,0.006699,0.582936,0.001099,0.001099,0.350522,214870
8.760438,597090.844667,0.005000,step_6,2,0.006000,0.006000,0.006000,0.006699,0.006699,0.569765,0.006026,0.006026,0.000000,214872
8.765439,597090.849791,0.005001,step_6,2,0.006000,0.006000,0.006000,0.006148,0.006148,0.541361,0.001147,0.001147,0.000000,214874
8.770438,597090.854909,0.004999,step_6,2,0.006000,0.006000,0.006000,0.006148,0.006148,0.505195,0.006072,0.006072,0.000000,214876
8.775443,597090.860152,0.005006,step_6,2,0.006000,0.006000,0.006000,0.007063,0.007063,0.501433,0.001178,0.001178,0.182814,214878
8.780443,597090.865265,0.004999,step_6,2,0.006000,0.006000,0.006000,0.007377,0.007377,0.493987,0.001671,0.001671,0.062695,214880
8.785439,597090.870390,0.004996,step_6,2,0.006000,0.006000,0.006000,0.007377,0.007377,0.463703,0.000980,0.000980,0.000000,214882
8.790437,597090.875499,0.004999,step_6,2,0.006000,0.006000,0.006000,0.005822,0.005822,0.473859,0.001475,0.001475,0.000000,214884
8.795443,597090.880629,0.005005,step_6,2,0.006000,0.006000,0.006000,0.006287,0.006287,0.489382,0.001056,0.001056,0.092855,214886
8.800455,597090.885748,0.005012,step_6,2,0.006000,0.006000,0.006000,0.006463,0.006463,0.491734,0.001637,0.001637,0.035185,214888
8.806511,597090.890862,0.006057,step_6,2,0.006000,0.006000,0.006000,0.005764,0.005764,0.483819,0.002169,0.002169,0.000000,214890
8.812722,597090.895976,0.006211,step_6,2,0.006000,0.006000,0.006000,0.006399,0.006399,0.470920,0.003823,0.003823,0.102286,214892
8.818829,597090.901053,0.006107,step_6,2,0.006000,0.006000,0.006000,0.006013,0.006013,0.493167,0.004214,0.004214,0.000000,214894
8.824115,597090.906156,0.005285,step_6,2,0.006000,0.006000,0.006000,0.005914,0.005914,0.506344,0.004938,0.004938,0.000000,214896
8.828263,597090.911243,0.004148,step_6,2,0.006000,0.006000,0.006000,0.005463,0.005463,0.507785,0.003682,0.003682,0.000000,214898
8.832317,597090.916382,0.004054,step_6,2,0.006000,0.006000,0.006000,0.005211,0.005211,0.491842,0.003363,0.003363,0.000000,214900
8.836446,597090.921529,0.004129,step_6,2,0.006000,0.006000,0.006000,0.005060,0.005060,0.478986,0.001981,0.001981,0.000000,214902
8.845437,597090.926673,0.008991,step_6,2,0.006000,0.006000,0.006000,0.005574,0.005574,0.530431,0.000625,0.000625,0.289308,214906
8.850437,597090.931872,0.005000,step_6,2,0.006000,0.006000,0.006000,0.005449,0.005449,0.505277,0.001136,0.001136,0.000000,214908
8.855437,597090.937075,0.005000,step_6,2,0.006000,0.006000,0.006000,0.005449,0.005449,0.483448,0.006074,0.006074,0.000000,214910
8.860437,597090.942189,0.004999,step_6,2,0.006000,0.006000,0.006000,0.005751,0.005751,0.476494,0.001459,0.001459,0.060363,214912
8.865438,597090.947302,0.005001,step_6,2,0.006000,0.006000,0.006000,0.005751,0.005751,0.477119,0.006390,0.006390,0.000000,214914
8.870437,597090.952461,0.004999,step_6,2,0.006000,0.006000,0.006000,0.005275,0.005275,0.467949,0.001190,0.001190,0.000000,214916
8.875438,597090.957603,0.005001,step_6,2,0.006000,0.006000,0.006000,0.005275,0.005275,0.453789,0.006152,0.006152,0.000000,214918
8.880437,597090.962847,0.004999,step_6,2,0.006000,0.006000,0.006000,0.004362,0.004362,0.452439,0.001226,0.001226,0.000000,214920
8.885438,597090.967954,0.005001,step_6,2,0.006000,0.006000,0.006000,0.004362,0.004362,0.457614,0.006161,0.006161,0.000000,214922
8.890437,597090.973197,0.004999,step_6,2,0.006000,0.006000,0.006000,0.003785,0.003785,0.476162,0.001247,0.001247,0.000000,214924
8.895437,597090.978305,0.005000,step_6,2,0.006000,0.006000,0.006000,0.003785,0.003785,0.501524,0.006197,0.006197,0.000000,214926
8.900437,597090.983532,0.005000,step_6,2,0.006000,0.006000,0.006000,0.004924,0.004924,0.499116,0.001491,0.001491,0.227837,214928
8.905439,597090.988726,0.005002,step_6,2,0.006000,0.006000,0.006000,0.004924,0.004924,0.482558,0.006424,0.006424,0.000000,214930
8.911177,597090.993949,0.005738,step_6,2,0.006000,0.006000,0.006000,0.005172,0.005172,0.498519,0.002082,0.002082,0.043175,214932
8.916735,597090.999228,0.005558,step_6,2,0.006000,0.006000,0.006000,0.004784,0.004784,0.511959,0.002140,0.002140,0.000000,214934
8.921372,597091.004339,0.004636,step_6,2,0.006000,0.006000,0.006000,0.003961,0.003961,0.506572,0.002385,0.002385,0.000000,214936
8.925696,597091.009554,0.004325,step_6,2,0.006000,0.006000,0.006000,0.005099,0.005099,0.515134,0.001215,0.001215,0.263038,214938
8.930442,597091.014765,0.004745,step_6,2,0.006000,0.006000,0.006000,0.005445,0.005445,0.533785,0.001336,0.001336,0.072894,214940
8.935437,597091.019972,0.004995,step_6,2,0.006000,0.006000,0.006000,0.005445,0.005445,0.541522,0.001398,0.001398,0.000000,214942
8.940438,597091.025228,0.005001,step_6,2,0.006000,0.006000,0.006000,0.005445,0.005445,0.533859,0.006328,0.006328,0.000000,214944
8.945438,597091.030457,0.005000,step_6,2,0.006000,0.006000,0.006000,0.005224,0.005224,0.520986,0.004760,0.004760,0.000000,214946
8.950437,597091.035564,0.004999,step_6,2,0.006000,0.006000,0.006000,0.005225,0.005225,0.506230,0.001363,0.001363,0.000069,214948
8.955437,597091.040787,0.005000,step_6,2,0.006000,0.006000,0.006000,0.005225,0.005225,0.499484,0.006289,0.006289,0.000000,214950
8.960437,597091.045999,0.005000,step_6,2,0.006000,0.006000,0.006000,0.006111,0.006111,0.520136,0.001211,0.001211,0.177284,214952
8.965437,597091.051161,0.005000,step_6,2,0.006000,0.006000,0.006000,0.006111,0.006111,0.554749,0.006142,0.006142,0.000000,214954
8.970437,597091.056364,0.005000,step_6,2,0.006000,0.006000,0.006000,0.006094,0.006094,0.559533,0.001411,0.001411,0.000000,214956
8.980438,597091.061569,0.010000,step_6,2,0.006000,0.006000,0.006000,0.007329,0.007329,0.521248,0.001215,0.001215,0.246973,214960
8.985438,597091.066793,0.005000,step_6,2,0.006000,0.006000,0.006000,0.007329,0.007329,0.484484,0.006168,0.006168,0.000000,214962
8.985438,597091.072008,0.000001,step_6,2,0.006000,0.006000,0.006000,0.007329,0.007329,0.484484,0.006168,0.006168,0.000000,214962
8.990443,597091.077173,0.005005,step_6,2,0.006000,0.006000,0.006000,0.007777,0.007777,0.462018,0.001216,0.001216,0.089516,214964
9.001138,597091.082396,0.010695,step_6,2,0.006000,0.006000,0.006000,0.006573,0.006573,0.506392,0.001894,0.001894,0.364678,214968
9.005593,597091.087607,0.004455,step_6,2,0.006000,0.006000,0.006000,0.008391,0.008391,0.497677,0.000740,0.000740,0.408039,214970
9.010438,597091.092846,0.004845,step_6,2,0.006000,0.006000,0.006000,0.005635,0.005635,0.508233,0.001136,0.001136,0.000000,214972
9.015438,597091.098051,0.005000,step_6,2,0.006000,0.006000,0.006000,0.005635,0.005635,0.511965,0.006074,0.006074,0.000000,214974
9.020437,597091.103186,0.004999,step_6,2,0.006000,0.006000,0.006000,0.006130,0.006130,0.478345,0.001308,0.001308,0.098927,214976
9.025439,597091.108294,0.005002,step_6,2,0.006000,0.006000,0.006000,0.006130,0.006130,0.425694,0.006253,0.006253,0.000000,214978
9.030438,597091.113511,0.004999,step_6,2,0.006000,0.006000,0.006000,0.005041,0.005041,0.428384,0.001437,0.001437,0.000000,214980
9.035438,597091.118733,0.005000,step_6,2,0.006000,0.006000,0.006000,0.005041,0.005041,0.459272,0.006354,0.006354,0.000000,214982
9.040437,597091.123832,0.005000,step_6,2,0.006000,0.006000,0.006000,0.007341,0.007341,0.486775,0.001212,0.001212,0.460035,214984
9.045437,597091.128999,0.005000,step_6,2,0.006000,0.006000,0.006000,0.007341,0.007341,0.512552,0.006143,0.006143,0.000000,214986
9.050439,597091.134211,0.005002,step_6,2,0.006000,0.006000,0.006000,0.005339,0.005339,0.544270,0.001485,0.001485,0.000000,214988
9.055438,597091.139316,0.004999,step_6,2,0.006000,0.006000,0.006000,0.007522,0.007522,0.539296,0.001069,0.001069,0.436587,214990
9.060437,597091.144420,0.004999,step_6,2,0.006000,0.006000,0.006000,0.007522,0.007522,0.497043,0.005986,0.005986,0.000000,214992
9.065437,597091.149734,0.005000,step_6,2,0.006000,0.006000,0.006000,0.004889,0.004889,0.475676,0.001333,0.001333,0.000000,214994
9.070440,597091.154941,0.005003,step_6,2,0.006000,0.006000,0.006000,0.004889,0.004889,0.464950,0.006287,0.006287,0.000000,214996
9.075438,597091.160049,0.004998,step_6,2,0.006000,0.006000,0.006000,0.006262,0.006262,0.453657,0.001111,0.001111,0.274757,214998
9.080437,597091.165199,0.005000,step_6,2,0.006000,0.006000,0.006000,0.006262,0.006262,0.442075,0.006046,0.006046,0.000000,215000
9.085437,597091.170308,0.005000,step_6,2,0.006000,0.006000,0.006000,0.003542,0.003542,0.489610,0.001221,0.001221,0.000000,215002
9.090438,597091.175565,0.005001,step_6,2,0.006000,0.006000,0.006000,0.003542,0.003542,0.567265,0.006158,0.006158,0.000000,215004
9.095437,597091.180769,0.004999,step_6,2,0.006000,0.006000,0.006000,0.005087,0.005087,0.534471,0.001415,0.001415,0.308990,215006
9.100438,597091.185887,0.005000,step_6,2,0.006000,0.006000,0.006000,0.005087,0.005087,0.445399,0.006355,0.006355,0.000000,215008
9.105437,597091.191119,0.005000,step_6,2,0.006000,0.006000,0.006000,0.005751,0.005751,0.448019,0.001330,0.001330,0.132819,215010
9.115437,597091.196337,0.010000,step_6,2,0.006000,0.006000,0.006000,0.005215,0.005215,0.526432,0.001224,0.001224,0.000000,215014
9.120437,597091.201440,0.005000,step_6,2,0.006000,0.006000,0.006000,0.005215,0.005215,0.545179,0.006150,0.006150,0.000000,215016
9.120437,597091.206598,0.000001,step_6,2,0.006000,0.006000,0.006000,0.005215,0.005215,0.545179,0.006150,0.006150,0.000000,215016
9.130442,597091.211810,0.010005,step_6,2,0.006000,0.006000,0.006000,0.006044,0.006044,0.505402,0.000968,0.000968,0.066629,215020
9.135438,597091.216915,0.004996,step_6,2,0.006000,0.006000,0.006000,0.006394,0.006394,0.516076,0.001445,0.001445,0.070015,215022
9.140446,597091.222185,0.005008,step_6,2,0.006000,0.006000,0.006000,0.006394,0.006394,0.525690,0.006439,0.006439,0.000000,215024
9.145438,597091.227399,0.004992,step_6,2,0.006000,0.006000,0.006000,0.005841,0.005841,0.522947,0.001217,0.001217,0.000000,215026
9.150438,597091.232615,0.005000,step_6,2,0.006000,0.006000,0.006000,0.005841,0.005841,0.513908,0.006137,0.006137,0.000000,215028
9.155438,597091.237841,0.005000,step_6,2,0.006000,0.006000,0.006000,0.006172,0.006172,0.517632,0.001340,0.001340,0.066099,215030
9.160438,597091.243096,0.005000,step_6,2,0.006000,0.006000,0.006000,0.006172,0.006172,0.527861,0.006271,0.006271,0.000000,215032
9.165440,597091.248208,0.005002,step_6,2,0.006000,0.006000,0.006000,0.007406,0.007406,0.497537,0.001472,0.001472,0.246826,215034
9.170437,597091.253334,0.004998,step_6,2,0.006000,0.006000,0.006000,0.005363,0.005363,0.465725,0.000894,0.000894,0.000000,215036
9.175438,597091.258476,0.005000,step_6,2,0.006000,0.006000,0.006000,0.006904,0.006904,0.490528,0.001403,0.001403,0.308016,215038
9.180438,597091.263688,0.005000,step_6,2,0.006000,0.006000,0.006000,0.006904,0.006904,0.525004,0.006344,0.006344,0.000000,215040
9.185438,597091.268792,0.005000,step_6,2,0.006000,0.006000,0.006000,0.007005,0.007005,0.540901,0.001433,0.001433,0.020266,215042
9.190437,597091.274011,0.005000,step_6,2,0.006000,0.006000,0.006000,0.005531,0.005531,0.537612,0.000964,0.000964,0.000000,215044
9.195438,597091.279182,0.005001,step_6,2,0.006000,0.006000,0.006000,0.005531,0.005531,0.526217,0.005911,0.005911,0.000000,215046
9.200438,597091.284291,0.005000,step_6,2,0.006000,0.006000,0.006000,0.004170,0.004170,0.499432,0.001441,0.001441,0.000000,215048
9.205437,597091.289445,0.004999,step_6,2,0.006000,0.006000,0.006000,0.004170,0.004170,0.464804,0.006366,0.006366,0.000000,215050
9.210437,597091.294595,0.005000,step_6,2,0.006000,0.006000,0.006000,0.005820,0.005820,0.466162,0.001487,0.001487,0.330083,215052
9.215439,597091.299698,0.005001,step_6,2,0.006000,0.006000,0.006000,0.005207,0.005207,0.485856,0.001087,0.001087,0.000000,215054
9.220438,597091.304915,0.004999,step_6,2,0.006000,0.006000,0.006000,0.005207,0.005207,0.495891,0.005988,0.005988,0.000000,215056
9.225438,597091.310130,0.005000,step_6,2,0.006000,0.006000,0.006000,0.004568,0.004568,0.498942,0.001239,0.001239,0.000000,215058
9.230437,597091.315237,0.004999,step_6,2,0.006000,0.006000,0.006000,0.004568,0.004568,0.498435,0.006155,0.006155,0.000000,215060
9.235437,597091.320475,0.005000,step_6,2,0.006000,0.006000,0.006000,0.005734,0.005734,0.500357,0.001402,0.001402,0.233230,215062
9.240437,597091.325704,0.005000,step_6,2,0.006000,0.006000,0.006000,0.005734,0.005734,0.503515,0.006338,0.006338,0.000000,215064
9.245438,597091.330909,0.005000,step_6,2,0.006000,0.006000,0.006000,0.003624,0.003624,0.507313,0.001153,0.001153,0.000000,215066
9.250437,597091.336051,0.005000,step_6,2,0.006000,0.006000,0.006000,0.003624,0.003624,0.511435,0.006086,0.006086,0.000000,215068
9.255437,597091.341189,0.005000,step_6,2,0.006000,0.006000,0.006000,0.004789,0.004789,0.486632,0.001363,0.001363,0.232978,215070
9.260438,597091.346294,0.005001,step_6,2,0.006000,0.006000,0.006000,0.004789,0.004789,0.447091,0.006294,0.006294,0.000000,215072
9.265437,597091.351442,0.004999,step_6,2,0.006000,0.006000,0.006000,0.005877,0.005877,0.452510,0.001458,0.001458,0.217521,215074
9.275437,597091.356679,0.010000,step_6,2,0.006000,0.006000,0.006000,0.006551,0.006551,0.490393,0.001385,0.001385,0.134822,215078
9.280437,597091.361820,0.005000,step_6,2,0.006000,0.006000,0.006000,0.006551,0.006551,0.490385,0.006296,0.006296,0.000000,215080
9.285437,597091.367046,0.005000,step_6,2,0.006000,0.006000,0.006000,0.005001,0.005001,0.477972,0.001424,0.001424,0.000000,215082
9.290438,597091.372288,0.005001,step_6,2,0.006000,0.006000,0.006000,0.005317,0.005317,0.461560,0.001016,0.001016,0.063041,215084
9.295438,597091.377440,0.005000,step_6,2,0.006000,0.006000,0.006000,0.004968,0.004968,0.438610,0.001518,0.001518,0.000000,215086
9.300438,597091.382588,0.005000,step_6,2,0.006000,0.006000,0.006000,0.003589,0.003589,0.438929,0.001000,0.001000,0.000000,215088
9.305438,597091.387794,0.005000,step_6,2,0.006000,0.006000,0.006000,0.004492,0.004492,0.451400,0.001489,0.001489,0.180533,215090
9.310439,597091.392913,0.005001,step_6,2,0.006000,0.006000,0.006000,0.004492,0.004492,0.441142,0.006451,0.006451,0.000000,215092
9.315439,597091.398127,0.005000,step_6,2,0.006000,0.006000,0.006000,0.005105,0.005105,0.487836,0.001232,0.001232,0.122615,215094
9.320437,597091.403248,0.004998,step_6,2,0.006000,0.006000,0.006000,0.005105,0.005105,0.563548,0.006139,0.006139,0.000000,215096
9.325438,597091.408394,0.005001,step_6,2,0.006000,0.006000,0.006000,0.005512,0.005512,0.586481,0.001209,0.001209,0.081428,215098
9.330691,597091.413549,0.005252,step_6,2,0.006000,0.006000,0.006000,0.007425,0.007425,0.553399,0.000886,0.000886,0.364222,215100
9.335438,597091.418690,0.004747,step_6,2,0.006000,0.006000,0.006000,0.005359,0.005359,0.517447,0.000930,0.000930,0.000000,215102
9.340438,597091.423915,0.005000,step_6,2,0.006000,0.006000,0.006000,0.005263,0.005263,0.515844,0.001446,0.001446,0.000000,215104
9.345438,597091.429028,0.005000,step_6,2,0.006000,0.006000,0.006000,0.005263,0.005263,0.521717,0.006389,0.006389,0.000000,215106
9.350438,597091.434190,0.005000,step_6,2,0.006000,0.006000,0.006000,0.005995,0.005995,0.534203,0.001368,0.001368,0.146531,215108
9.355437,597091.439298,0.004999,step_6,2,0.006000,0.006000,0.006000,0.005995,0.005995,0.550060,0.006288,0.006288,0.000000,215110
9.360438,597091.444405,0.005000,step_6,2,0.006000,0.006000,0.006000,0.006397,0.006397,0.514580,0.001220,0.001220,0.080268,215112
9.365440,597091.449497,0.005003,step_6,2,0.006000,0.006000,0.006000,0.006397,0.006397,0.452944,0.006151,0.006151,0.000000,215114
9.370438,597091.454630,0.004998,step_6,2,0.006000,0.006000,0.006000,0.004863,0.004863,0.444696,0.001462,0.001462,0.000000,215116
9.375441,597091.459758,0.005003,step_6,2,0.006000,0.006000,0.006000,0.005357,0.005357,0.464330,0.000900,0.000900,0.098678,215118
9.380439,597091.464883,0.004998,step_6,2,0.006000,0.006000,0.006000,0.006549,0.006549,0.494085,0.001422,0.001422,0.238451,215120
9.385444,597091.470035,0.005005,step_6,2,0.006000,0.006000,0.006000,0.005186,0.005186,0.528319,0.000784,0.000784,0.000000,215122
9.390440,597091.475120,0.004995,step_6,2,0.006000,0.006000,0.006000,0.006435,0.006435,0.540352,0.001329,0.001329,0.250090,215124
9.395450,597091.480265,0.005010,step_6,2,0.006000,0.006000,0.006000,0.006149,0.006149,0.527579,0.000753,0.000753,0.000000,215126
9.400437,597091.485422,0.004987,step_6,2,0.006000,0.006000,0.006000,0.006828,0.006828,0.509182,0.001038,0.001038,0.136117,215128
9.405437,597091.490557,0.005000,step_6,2,0.006000,0.006000,0.006000,0.006828,0.006828,0.501412,0.005976,0.005976,0.000000,215130
9.410437,597091.495694,0.005000,step_6,2,0.006000,0.006000,0.006000,0.006047,0.006047,0.471917,0.001151,0.001151,0.000000,215132
9.415439,597091.500800,0.005002,step_6,2,0.006000,0.006000,0.006000,0.006047,0.006047,0.431354,0.006079,0.006079,0.000000,215134
9.420438,597091.505895,0.004999,step_6,2,0.006000,0.006000,0.006000,0.004269,0.004269,0.420931,0.001500,0.001500,0.000000,215136
9.425437,597091.511006,0.005000,step_6,2,0.006000,0.006000,0.006000,0.004269,0.004269,0.446569,0.001045,0.001045,0.000002,215138
9.430438,597091.516104,0.005000,step_6,2,0.006000,0.006000,0.006000,0.004269,0.004269,0.480336,0.005980,0.005980,0.000000,215140
9.435437,597091.521185,0.005000,step_6,2,0.006000,0.006000,0.006000,0.003689,0.003689,0.485644,0.001431,0.001431,0.000000,215142
9.440438,597091.526276,0.005001,step_6,2,0.006000,0.006000,0.006000,0.004696,0.004696,0.468979,0.001048,0.001048,0.201357,215144
9.445438,597091.531433,0.004999,step_6,2,0.006000,0.006000,0.006000,0.004696,0.004696,0.453017,0.005980,0.005980,0.000000,215146
9.450438,597091.536561,0.005000,step_6,2,0.006000,0.006000,0.006000,0.004541,0.004541,0.450747,0.001472,0.001472,0.000000,215148
9.460438,597091.541710,0.010000,step_6,2,0.006000,0.006000,0.006000,0.007169,0.007169,0.416011,0.005930,0.005930,0.000000,215152
9.465439,597091.546856,0.005002,step_6,2,0.006000,0.006000,0.006000,0.004772,0.004772,0.433106,0.001459,0.001459,0.000000,215154
9.470437,597091.551937,0.004998,step_6,2,0.006000,0.006000,0.006000,0.005003,0.005003,0.452363,0.001059,0.001059,0.046218,215156
9.475437,597091.557147,0.005000,step_6,2,0.006000,0.006000,0.006000,0.005003,0.005003,0.444024,0.005987,0.005987,0.000000,215158
9.480437,597091.562239,0.005000,step_6,2,0.006000,0.006000,0.006000,0.005454,0.005454,0.441681,0.001464,0.001464,0.090274,215160
9.485437,597091.567377,0.005000,step_6,2,0.006000,0.006000,0.006000,0.004816,0.004816,0.441170,0.000978,0.000978,0.000000,215162
9.490438,597091.572519,0.005000,step_6,2,0.006000,0.006000,0.006000,0.004411,0.004411,0.426960,0.001505,0.001505,0.000000,215164
9.495439,597091.577662,0.005001,step_6,2,0.006000,0.006000,0.006000,0.005957,0.005957,0.447839,0.001064,0.001064,0.309259,215166
9.500438,597091.582764,0.004999,step_6,2,0.006000,0.006000,0.006000,0.005957,0.005957,0.499323,0.005989,0.005989,0.000000,215168
9.505437,597091.587866,0.004999,step_6,2,0.006000,0.006000,0.006000,0.005724,0.005724,0.502307,0.001427,0.001427,0.000000,215170
9.510438,597091.593004,0.005001,step_6,2,0.006000,0.006000,0.006000,0.003839,0.003839,0.488170,0.000861,0.000861,0.000000,215172
9.515438,597091.598115,0.005000,step_6,2,0.006000,0.006000,0.006000,0.004617,0.004617,0.462610,0.001369,0.001369,0.155620,215174
9.520437,597091.603213,0.004999,step_6,2,0.006000,0.006000,0.006000,0.004656,0.004656,0.447061,0.000904,0.000904,0.007720,215176
9.525439,597091.608331,0.005002,step_6,2,0.006000,0.006000,0.006000,0.004525,0.004525,0.495339,0.001462,0.001462,0.000000,215178
9.530440,597091.613447,0.005001,rest,2,0.000000,0.000000,0.000000,0.004525,0.004525,0.552717,0.006399,0.006399,0.000000,215180
9.535437,597091.618567,0.004998,rest,2,0.000000,0.000000,0.000000,0.004596,0.004596,0.540411,0.001497,0.001497,0.014142,215182
9.540439,597091.623722,0.005001,rest,2,0.000000,0.000000,0.000000,0.004596,0.004596,0.492598,0.006445,0.006445,0.000000,215184
9.545437,597091.628877,0.004999,rest,2,0.000000,0.000000,0.000000,0.004525,0.004525,0.489859,0.001496,0.001496,0.000000,215186
9.550438,597091.633988,0.005001,rest,2,0.000000,0.000000,0.000000,0.004525,0.004525,0.510084,0.006433,0.006433,0.000000,215188
9.555437,597091.639103,0.004999,rest,2,0.000000,0.000000,0.000000,0.004885,0.004885,0.482329,0.001427,0.001427,0.071958,215190
9.560438,597091.644214,0.005001,rest,2,0.000000,0.000000,0.000000,0.005891,0.005891,0.457862,0.000926,0.000926,0.201110,215192
9.565438,597091.649324,0.005000,rest,2,0.000000,0.000000,0.000000,0.005891,0.005891,0.473133,0.005864,0.005864,0.000000,215194
9.570437,597091.654436,0.004999,rest,2,0.000000,0.000000,0.000000,0.000076,0.000076,0.502033,0.001475,0.001475,0.000000,215196
9.575439,597091.659596,0.005001,rest,2,0.000000,0.000000,0.000000,0.001161,0.001161,0.492323,0.001005,0.001005,0.216967,215198
9.580438,597091.664744,0.004999,rest,2,0.000000,0.000000,0.000000,0.001161,0.001161,0.441819,0.005932,0.005932,0.000000,215200
9.585437,597091.669860,0.004999,rest,2,0.000000,0.000000,0.000000,0.000076,0.000076,0.325468,0.001362,0.001362,0.000000,215202
9.590439,597091.674972,0.005001,rest,2,0.000000,0.000000,0.000000,0.000076,0.000076,0.175565,0.006325,0.006325,0.000000,215204
9.595437,597091.680100,0.004999,rest,2,0.000000,0.000000,0.000000,0.000153,0.000153,0.268696,0.001471,0.001471,0.015365,215206
9.600438,597091.685224,0.005001,rest,2,0.000000,0.000000,0.000000,0.000153,0.000153,0.485658,0.006409,0.006409,0.000000,215208
9.605438,597091.690369,0.005000,rest,2,0.000000,0.000000,0.000000,-0.000425,-0.000425,0.541106,0.001521,0.001521,0.000000,215210
9.610437,597091.695513,0.005000,rest,2,0.000000,0.000000,0.000000,0.000000,0.000000,0.468692,0.001164,0.001164,0.085019,215212
9.615437,597091.700653,0.005000,rest,2,0.000000,0.000000,0.000000,0.000000,0.000000,0.386230,0.006079,0.006079,0.000000,215214
9.620438,597091.705760,0.005001,rest,2,0.000000,0.000000,0.000000,0.000103,0.000103,0.351207,0.004814,0.004814,0.020571,215216
9.625438,597091.710876,0.005000,rest,2,0.000000,0.000000,0.000000,0.000077,0.000077,0.409337,0.001090,0.001090,0.000000,215218
9.630439,597091.715987,0.005001,rest,2,0.000000,0.000000,0.000000,0.000077,0.000077,0.507937,0.006030,0.006030,0.000000,215220
9.635450,597091.721109,0.005011,rest,2,0.000000,0.000000,0.000000,0.000026,0.000026,0.508098,0.001478,0.001478,0.000000,215222
9.640438,597091.726260,0.004987,rest,2,0.000000,0.000000,0.000000,0.000026,0.000026,0.461718,0.000751,0.000751,0.000000,215224
9.645438,597091.731371,0.005000,rest,2,0.000000,0.000000,0.000000,0.000001,0.000001,0.444843,0.001311,0.001311,0.000000,215226
9.655437,597091.736471,0.009999,rest,2,0.000000,0.000000,0.000000,0.000001,0.000001,0.442640,0.001371,0.001371,0.000023,215230
9.660437,597091.741586,0.005000,rest,2,0.000000,0.000000,0.000000,0.000001,0.000001,0.450335,0.006311,0.006311,0.000000,215232
9.665438,597091.746702,0.005001,rest,2,0.000000,0.000000,0.000000,0.000027,0.000027,0.448555,0.001417,0.001417,0.005221,215234
9.670439,597091.751817,0.005001,rest,2,0.000000,0.000000,0.000000,0.000027,0.000027,0.441946,0.006381,0.006381,0.000000,215236
9.675438,597091.756929,0.004999,rest,2,0.000000,0.000000,0.000000,0.000027,0.000027,0.448861,0.001333,0.001333,0.000037,215238
9.680437,597091.762041,0.004999,rest,2,0.000000,0.000000,0.000000,0.000027,0.000027,0.462666,0.006254,0.006254,0.000000,215240
9.685437,597091.767159,0.005001,rest,2,0.000000,0.000000,0.000000,0.000027,0.000027,0.472391,0.001434,0.001434,0.000000,215242
9.690438,597091.772284,0.005000,rest,2,0.000000,0.000000,0.000000,0.000027,0.000027,0.480036,0.006361,0.006361,0.000000,215244
9.695439,597091.777402,0.005001,rest,2,0.000000,0.000000,0.000000,0.000058,0.000058,0.493750,0.001225,0.001225,0.006232,215246
9.700438,597091.782553,0.004999,rest,2,0.000000,0.000000,0.000000,0.000058,0.000058,0.510556,0.006151,0.006151,0.000000,215248
9.705438,597091.787676,0.004999,rest,2,0.000000,0.000000,0.000000,0.001447,0.001447,0.507541,0.001400,0.001400,0.277831,215250
9.710460,597091.792834,0.005023,rest,2,0.000000,0.000000,0.000000,0.001447,0.001447,0.494428,0.006375,0.006375,0.000000,215252
9.715437,597091.797941,0.004977,rest,2,0.000000,0.000000,0.000000,0.000483,0.000483,0.479406,0.001472,0.001472,0.000000,215254
9.720449,597091.803058,0.005012,rest,2,0.000000,0.000000,0.000000,0.000483,0.000483,0.463412,0.006474,0.006474,0.000000,215256
9.725438,597091.808212,0.004989,rest,2,0.000000,0.000000,0.000000,0.000001,0.000001,0.447301,0.001398,0.001398,0.000000,215258
9.730437,597091.813323,0.005000,rest,2,0.000000,0.000000,0.000000,0.000001,0.000001,0.431130,0.006318,0.006318,0.000000,215260
9.735437,597091.818441,0.005000,rest,2,0.000000,0.000000,0.000000,0.001447,0.001447,0.435384,0.001401,0.001401,0.289202,215262
9.740438,597091.823561,0.005001,rest,2,0.000000,0.000000,0.000000,0.001447,0.001447,0.450046,0.006346,0.006346,0.000000,215264
9.745437,597091.828712,0.004999,rest,2,0.000000,0.000000,0.000000,0.001447,0.001447,0.439374,0.001352,0.001352,0.000000,215266
9.750439,597091.833819,0.005001,rest,2,0.000000,0.000000,0.000000,0.001447,0.001447,0.415795,0.006302,0.006302,0.000000,215268
9.755438,597091.838929,0.004999,rest,2,0.000000,0.000000,0.000000,0.000509,0.000509,0.393611,0.001424,0.001424,0.000000,215270
9.760438,597091.844045,0.005000,rest,2,0.000000,0.000000,0.000000,-0.000679,-0.000679,0.385440,0.000888,0.000888,0.000000,215272
9.765438,597091.849156,0.005000,rest,2,0.000000,0.000000,0.000000,0.000483,0.000483,0.414539,0.001131,0.001131,0.232437,215274
9.770438,597091.854267,0.005000,rest,2,0.000000,0.000000,0.000000,0.000001,0.000001,0.466282,0.001492,0.001492,0.000000,215276
9.775446,597091.859412,0.005008,rest,2,0.000000,0.000000,0.000000,0.000001,0.000001,0.484459,0.001094,0.001094,0.000000,215278
9.780437,597091.864560,0.004992,rest,2,0.000000,0.000000,0.000000,0.000001,0.000001,0.468579,0.006028,0.006028,0.000000,215280
9.785438,597091.869677,0.005001,rest,2,0.000000,0.000000,0.000000,-0.000296,-0.000296,0.473844,0.001146,0.001146,0.000000,215282
9.790439,597091.874795,0.005001,rest,2,0.000000,0.000000,0.000000,-0.000296,-0.000296,0.489883,0.006084,0.006084,0.000000,215284
9.795439,597091.879906,0.005000,rest,2,0.000000,0.000000,0.000000,0.000058,0.000058,0.499934,0.001426,0.001426,0.070870,215286
9.800439,597091.885025,0.005000,rest,2,0.000000,0.000000,0.000000,0.000058,0.000058,0.506934,0.006363,0.006363,0.000000,215288
9.805437,597091.890149,0.004999,rest,2,0.000000,0.000000,0.000000,0.001447,0.001447,0.489585,0.001267,0.001267,0.277886,215290
9.810438,597091.895258,0.005001,rest,2,0.000000,0.000000,0.000000,0.001447,0.001447,0.459828,0.006212,0.006212,0.000000,215292
9.815439,597091.900382,0.005001,rest,2,0.000000,0.000000,0.000000,0.000483,0.000483,0.456547,0.001383,0.001383,0.000000,215294
9.820438,597091.905533,0.004999,rest,2,0.000000,0.000000,0.000000,0.000966,0.000966,0.454370,0.000880,0.000880,0.096437,215296
9.825437,597091.910661,0.005000,rest,2,0.000000,0.000000,0.000000,0.000002,0.000002,0.456740,0.001376,0.001376,0.000000,215298
9.830441,597091.915783,0.005004,rest,2,0.000000,0.000000,0.000000,0.000002,0.000002,0.473812,0.006321,0.006321,0.000000,215300
9.835437,597091.920904,0.004996,rest,2,0.000000,0.000000,0.000000,0.000385,0.000385,0.456985,0.001109,0.001109,0.076661,215302
9.840438,597091.926026,0.005001,rest,2,0.000000,0.000000,0.000000,0.000385,0.000385,0.422887,0.006049,0.006049,0.000000,215304
9.845438,597091.931137,0.005000,rest,2,0.000000,0.000000,0.000000,-0.001160,-0.001160,0.435126,0.001366,0.001366,0.000000,215306
9.850439,597091.936239,0.005001,rest,2,0.000000,0.000000,0.000000,-0.001160,-0.001160,0.470975,0.006311,0.006311,0.000000,215308
9.855437,597091.941357,0.004998,rest,2,0.000000,0.000000,0.000000,0.000385,0.000385,0.473958,0.001165,0.001165,0.309099,215310
9.865440,597091.946530,0.010002,rest,2,0.000000,0.000000,0.000000,0.001447,0.001447,0.459653,0.001229,0.001229,0.212486,215314
9.870438,597091.951654,0.004998,rest,2,0.000000,0.000000,0.000000,0.001447,0.001447,0.465845,0.006135,0.006135,0.000000,215316
9.870438,597091.956773,0.000001,rest,2,0.000000,0.000000,0.000000,0.001447,0.001447,0.465845,0.006135,0.006135,0.000000,215316
9.880438,597091.961880,0.010000,rest,2,0.000000,0.000000,0.000000,-0.000295,-0.000295,0.428323,0.000841,0.000841,0.000000,215320
9.885437,597091.967040,0.004999,rest,2,0.000000,0.000000,0.000000,0.000002,0.000002,0.442584,0.001310,0.001310,0.059481,215322
9.890444,597091.972155,0.005006,rest,2,0.000000,0.000000,0.000000,0.000002,0.000002,0.455480,0.006265,0.006265,0.000000,215324
9.895438,597091.977308,0.004994,rest,2,0.000000,0.000000,0.000000,0.000385,0.000385,0.462689,0.001381,0.001381,0.076645,215326
9.900439,597091.982409,0.005001,rest,2,0.000000,0.000000,0.000000,0.000385,0.000385,0.467001,0.006327,0.006327,0.000000,215328
9.905437,597091.987527,0.004998,rest,2,0.000000,0.000000,0.000000,0.000966,0.000966,0.455497,0.001389,0.001389,0.116273,215330
9.910438,597091.992641,0.005001,rest,2,0.000000,0.000000,0.000000,0.000966,0.000966,0.435935,0.006337,0.006337,0.000000,215332
9.915437,597091.997741,0.004999,rest,2,0.000000,0.000000,0.000000,-0.000777,-0.000777,0.431716,0.001408,0.001408,0.000000,215334
9.920437,597092.002867,0.005000,rest,2,0.000000,0.000000,0.000000,-0.000777,-0.000777,0.435314,0.006336,0.006336,0.000000,215336
9.925438,597092.008048,0.005001,rest,2,0.000000,0.000000,0.000000,-0.001160,-0.001160,0.470085,0.001448,0.001448,0.000000,215338
9.930438,597092.013165,0.005000,rest,2,0.000000,0.000000,0.000000,-0.001160,-0.001160,0.520741,0.006376,0.006376,0.000000,215340
9.935437,597092.018280,0.005000,rest,2,0.000000,0.000000,0.000000,0.000286,0.000286,0.530977,0.001462,0.001462,0.289234,215342
9.940438,597092.023404,0.005001,rest,2,0.000000,0.000000,0.000000,0.000286,0.000286,0.520619,0.006417,0.006417,0.000000,215344
9.946212,597092.028528,0.005774,rest,2,0.000000,0.000000,0.000000,-0.000295,-0.000295,0.474302,0.001996,0.001996,0.000000,215346
9.950639,597092.033651,0.004428,rest,2,0.000000,0.000000,0.000000,-0.000196,-0.000196,0.403329,0.000906,0.000906,0.022401,215348
9.955437,597092.038777,0.004798,rest,2,0.000000,0.000000,0.000000,0.000484,0.000484,0.360835,0.001247,0.001247,0.141692,215350
9.960438,597092.043912,0.005000,rest,2,0.000000,0.000000,0.000000,0.000484,0.000484,0.339183,0.006193,0.006193,0.000000,215352
9.965437,597092.049042,0.004999,rest,2,0.000000,0.000000,0.000000,-0.001160,-0.001160,0.375371,0.001262,0.001262,0.000000,215354
9.970451,597092.054294,0.005014,rest,2,0.000000,0.000000,0.000000,-0.001160,-0.001160,0.441029,0.006274,0.006274,0.000000,215356
9.975438,597092.059513,0.004987,rest,2,0.000000,0.000000,0.000000,-0.000677,-0.000677,0.456330,0.001315,0.001315,0.096704,215358
9.980438,597092.064780,0.005000,rest,2,0.000000,0.000000,0.000000,-0.000677,-0.000677,0.445973,0.006247,0.006247,0.000000,215360
9.985437,597092.069988,0.005000,rest,2,0.000000,0.000000,0.000000,-0.000195,-0.000195,0.453383,0.001199,0.001199,0.096438,215362
9.990438,597092.075223,0.005001,rest,2,0.000000,0.000000,0.000000,-0.000195,-0.000195,0.469846,0.006139,0.006139,0.000000,215364
9.995438,597092.080327,0.005000,rest,2,0.000000,0.000000,0.000000,0.000484,0.000484,0.462618,0.001204,0.001204,0.135870,215366
10.000437,597092.085478,0.004999,rest,2,0.000000,0.000000,0.000000,0.000484,0.000484,0.443319,0.006141,0.006141,0.000000,215368
10.005437,597092.090702,0.005000,rest,2,0.000000,0.000000,0.000000,0.000966,0.000966,0.440102,0.001219,0.001219,0.096439,215370
10.010438,597092.095898,0.005000,rest,2,0.000000,0.000000,0.000000,0.000966,0.000966,0.445078,0.006159,0.006159,0.000000,215372
10.015439,597092.101004,0.005001,rest,2,0.000000,0.000000,0.000000,-0.001159,-0.001159,0.458563,0.001276,0.001276,0.000000,215374
10.020437,597092.106116,0.004998,rest,2,0.000000,0.000000,0.000000,-0.001159,-0.001159,0.476381,0.006132,0.006132,0.000000,215376
10.025437,597092.111208,0.005000,rest,2,0.000000,0.000000,0.000000,0.000484,0.000484,0.475469,0.001520,0.001520,0.328785,215378
10.035437,597092.116327,0.010000,step_6,2,-0.006000,-0.006000,-0.006000,0.000868,0.000868,0.452782,0.001435,0.001435,0.076689,215382
10.035437,597092.121451,0.000001,step_6,2,-0.006000,-0.006000,-0.006000,0.000868,0.000868,0.452782,0.001435,0.001435,0.076689,215382
10.045437,597092.126613,0.010000,step_6,2,-0.006000,-0.006000,-0.006000,-0.000776,-0.000776,0.421387,0.001344,0.001344,0.000000,215386
10.050438,597092.131878,0.005001,step_6,2,-0.006000,-0.006000,-0.006000,-0.000776,-0.000776,0.400509,0.006286,0.006286,0.000000,215388
10.050438,597092.137101,0.000001,step_6,2,-0.006000,-0.006000,-0.006000,-0.000776,-0.000776,0.400509,0.006286,0.006286,0.000000,215388
10.055441,597092.142307,0.005002,step_6,2,-0.006000,-0.006000,-0.006000,-0.001159,-0.001159,0.429495,0.001411,0.001411,0.000000,215390
10.065623,597092.147573,0.010182,step_6,2,-0.006000,-0.006000,-0.006000,-0.000347,-0.000347,0.483067,0.001184,0.001184,0.000000,215394
10.070439,597092.152748,0.004816,step_6,2,-0.006000,-0.006000,-0.006000,-0.003634,-0.003634,0.496785,0.001347,0.001347,0.000000,215396
10.075450,597092.157991,0.005011,step_6,2,-0.006000,-0.006000,-0.006000,-0.003634,-0.003634,0.490896,0.006410,0.006410,0.000000,215398
10.081175,597092.163144,0.005725,step_6,2,-0.006000,-0.006000,-0.006000,-0.003514,-0.003514,0.450320,0.001738,0.001738,0.021028,215400
10.085646,597092.168259,0.004471,step_6,2,-0.006000,-0.006000,-0.006000,-0.003710,-0.003710,0.392070,0.001553,0.001553,0.000000,215402
10.090441,597092.173389,0.004795,step_6,2,-0.006000,-0.006000,-0.006000,-0.003129,-0.003129,0.424437,0.000783,0.000783,0.121197,215404
10.095437,597092.178561,0.004996,step_6,2,-0.006000,-0.006000,-0.006000,-0.003710,-0.003710,0.474272,0.001259,0.001259,0.000000,215406
10.100440,597092.183796,0.005002,step_6,2,-0.006000,-0.006000,-0.006000,-0.003710,-0.003710,0.470960,0.006224,0.006224,0.000000,215408
10.105438,597092.189086,0.004998,step_6,2,-0.006000,-0.006000,-0.006000,-0.003563,-0.003563,0.464850,0.001386,0.001386,0.029304,215410
10.110438,597092.194337,0.005000,step_6,2,-0.006000,-0.006000,-0.006000,-0.004097,-0.004097,0.421344,0.000844,0.000844,0.000000,215412
10.115437,597092.199708,0.005000,step_6,2,-0.006000,-0.006000,-0.006000,-0.005134,-0.005134,0.382822,0.001373,0.001373,0.000000,215414
10.120437,597092.204887,0.004999,step_6,2,-0.006000,-0.006000,-0.006000,-0.005134,-0.005134,0.382811,0.006287,0.006287,0.000000,215416
10.125439,597092.210164,0.005003,step_6,2,-0.006000,-0.006000,-0.006000,-0.007308,-0.007308,0.381566,0.004854,0.004854,0.000000,215418
10.130438,597092.215334,0.004999,step_6,2,-0.006000,-0.006000,-0.006000,-0.006149,-0.006149,0.383856,0.001406,0.001406,0.231768,215420
10.135438,597092.220546,0.005000,step_6,2,-0.006000,-0.006000,-0.006000,-0.006149,-0.006149,0.389184,0.006347,0.006347,0.000000,215422
10.140438,597092.225826,0.004999,step_6,2,-0.006000,-0.006000,-0.006000,-0.005691,-0.005691,0.393542,0.001445,0.001445,0.091572,215424
10.145438,597092.230997,0.005000,step_6,2,-0.006000,-0.006000,-0.006000,-0.006678,-0.006678,0.444428,0.000982,0.000982,0.000000,215426
10.150438,597092.236260,0.005000,step_6,2,-0.006000,-0.006000,-0.006000,-0.006199,-0.006199,0.467504,0.001504,0.001504,0.095721,215428
10.160437,597092.241453,0.009999,step_6,2,-0.006000,-0.006000,-0.006000,-0.005831,-0.005831,0.453011,0.001362,0.001362,0.073651,215432
10.165438,597092.246622,0.005001,step_6,2,-0.006000,-0.006000,-0.006000,-0.005831,-0.005831,0.508093,0.006317,0.006317,0.000000,215434
10.170437,597092.251895,0.004999,step_6,2,-0.006000,-0.006000,-0.006000,-0.004799,-0.004799,0.494440,0.001365,0.001365,0.206296,215436
10.175458,597092.257154,0.005020,step_6,2,-0.006000,-0.006000,-0.006000,-0.004799,-0.004799,0.445766,0.006397,0.006397,0.000000,215438
10.180437,597092.262320,0.004980,step_6,2,-0.006000,-0.006000,-0.006000,-0.005904,-0.005904,0.458559,0.001223,0.001223,0.000000,215440
10.185437,597092.267517,0.005000,step_6,2,-0.006000,-0.006000,-0.006000,-0.005904,-0.005904,0.502672,0.006154,0.006154,0.000000,215442
10.190438,597092.272700,0.005001,step_6,2,-0.006000,-0.006000,-0.006000,-0.006008,-0.006008,0.498223,0.001214,0.001214,0.000000,215444
10.195439,597092.277898,0.005001,step_6,2,-0.006000,-0.006000,-0.006000,-0.006008,-0.006008,0.469030,0.006148,0.006148,0.000000,215446
10.200439,597092.283158,0.005000,step_6,2,-0.006000,-0.006000,-0.006000,-0.007179,-0.007179,0.444317,0.001385,0.001385,0.000000,215448
10.205437,597092.288379,0.004999,step_6,2,-0.006000,-0.006000,-0.006000,-0.007179,-0.007179,0.421886,0.006291,0.006291,0.000000,215450
10.210438,597092.293643,0.005001,step_6,2,-0.006000,-0.006000,-0.006000,-0.007677,-0.007677,0.450351,0.001437,0.001437,0.000000,215452
10.215439,597092.298896,0.005001,step_6,2,-0.006000,-0.006000,-0.006000,-0.007677,-0.007677,0.504748,0.006386,0.006386,0.000000,215454
10.220438,597092.304239,0.004998,step_6,2,-0.006000,-0.006000,-0.006000,-0.007760,-0.007760,0.482144,0.001160,0.001160,0.000000,215456
10.225438,597092.309355,0.005001,step_6,2,-0.006000,-0.006000,-0.006000,-0.007760,-0.007760,0.420306,0.006102,0.006102,0.000000,215458
10.230438,597092.314511,0.005000,step_6,2,-0.006000,-0.006000,-0.006000,-0.007201,-0.007201,0.411893,0.001337,0.001337,0.111694,215460
10.235439,597092.319666,0.005000,step_6,2,-0.006000,-0.006000,-0.006000,-0.007201,-0.007201,0.430702,0.006301,0.006301,0.000000,215462
10.241323,597092.324826,0.005884,step_6,2,-0.006000,-0.006000,-0.006000,-0.004711,-0.004711,0.453583,0.002401,0.002401,0.423257,215464
10.241323,597092.329984,0.000001,step_6,2,-0.006000,-0.006000,-0.006000,-0.004711,-0.004711,0.453583,0.002401,0.002401,0.423257,215464
10.247434,597092.335060,0.006111,step_6,2,-0.006000,-0.006000,-0.006000,-0.004711,-0.004711,0.470710,0.002994,0.002994,0.000001,215466
10.253499,597092.340150,0.006065,step_6,2,-0.006000,-0.006000,-0.006000,-0.005252,-0.005252,0.482402,0.003515,0.003515,0.000000,215468
10.264134,597092.345248,0.010635,step_6,2,-0.006000,-0.006000,-0.006000,-0.004858,-0.004858,0.499852,0.005011,0.005011,0.000000,215472
10.268295,597092.350414,0.004161,step_6,2,-0.006000,-0.006000,-0.006000,-0.005854,-0.005854,0.511947,0.003705,0.003705,0.000000,215474
10.272484,597092.355564,0.004189,step_6,2,-0.006000,-0.006000,-0.006000,-0.003326,-0.003326,0.503188,0.003205,0.003205,0.603377,215476
10.276641,597092.360667,0.004157,step_6,2,-0.006000,-0.006000,-0.006000,-0.005932,-0.005932,0.482230,0.001801,0.001801,0.000000,215478
10.280758,597092.365828,0.004116,step_6,2,-0.006000,-0.006000,-0.006000,-0.005958,-0.005958,0.505232,0.001525,0.001525,0.000000,215480
10.285438,597092.370932,0.004680,step_6,2,-0.006000,-0.006000,-0.006000,-0.005958,-0.005958,0.542057,0.006149,0.006149,0.000000,215482
10.290438,597092.376085,0.005000,step_6,2,-0.006000,-0.006000,-0.006000,-0.002089,-0.002089,0.538604,0.001309,0.001309,0.773916,215484
10.295462,597092.381163,0.005024,step_6,2,-0.006000,-0.006000,-0.006000,-0.003773,-0.003773,0.517621,0.000767,0.000767,0.000000,215486
10.300438,597092.386265,0.004975,step_6,2,-0.006000,-0.006000,-0.006000,-0.003676,-0.003676,0.509922,0.001143,0.001143,0.019422,215488
10.305437,597092.391439,0.004999,step_6,2,-0.006000,-0.006000,-0.006000,-0.003676,-0.003676,0.506000,0.006070,0.006070,0.000000,215490
10.310437,597092.396557,0.005000,step_6,2,-0.006000,-0.006000,-0.006000,-0.004435,-0.004435,0.477482,0.001440,0.001440,0.000000,215492
10.316218,597092.401651,0.005781,step_6,2,-0.006000,-0.006000,-0.006000,-0.005032,-0.005032,0.458760,0.001690,0.001690,0.000000,215494
10.321810,597092.406777,0.005592,step_6,2,-0.006000,-0.006000,-0.006000,-0.004340,-0.004340,0.471547,0.002669,0.002669,0.123881,215496
10.327331,597092.411902,0.005520,step_6,2,-0.006000,-0.006000,-0.006000,-0.004281,-0.004281,0.452451,0.002656,0.002656,0.010659,215498
10.332936,597092.417042,0.005605,step_6,2,-0.006000,-0.006000,-0.006000,-0.004818,-0.004818,0.464073,0.003755,0.003755,0.000000,215500
10.337081,597092.422126,0.004145,step_6,2,-0.006000,-0.006000,-0.006000,-0.004818,-0.004818,0.479473,0.002371,0.002371,0.000000,215502
10.345466,597092.427217,0.008385,step_6,2,-0.006000,-0.006000,-0.006000,-0.002996,-0.002996,0.479514,0.000446,0.000446,0.000000,215506
10.350439,597092.432347,0.004974,step_6,2,-0.006000,-0.006000,-0.006000,-0.002996,-0.002996,0.481448,0.005358,0.005358,0.000000,215508
10.355437,597092.437479,0.004998,step_6,2,-0.006000,-0.006000,-0.006000,-0.004351,-0.004351,0.493874,0.001427,0.001427,0.000000,215510
10.360437,597092.442638,0.005000,step_6,2,-0.006000,-0.006000,-0.006000,-0.004376,-0.004376,0.484893,0.000802,0.000802,0.000000,215512
10.365702,597092.447795,0.005265,step_6,2,-0.006000,-0.006000,-0.006000,-0.004426,-0.004426,0.478724,0.001652,0.001652,0.000000,215514
10.370523,597092.452923,0.004821,step_6,2,-0.006000,-0.006000,-0.006000,-0.004985,-0.004985,0.491101,0.000977,0.000977,0.000000,215516
10.375438,597092.458052,0.004914,step_6,2,-0.006000,-0.006000,-0.006000,-0.003012,-0.003012,0.469621,0.001428,0.001428,0.401549,215518
10.380437,597092.463184,0.005000,step_6,2,-0.006000,-0.006000,-0.006000,-0.003012,-0.003012,0.440531,0.006356,0.006356,0.000000,215520
10.385438,597092.468317,0.005001,step_6,2,-0.006000,-0.006000,-0.006000,-0.004467,-0.004467,0.455619,0.004835,0.004835,0.000000,215522
10.390437,597092.473469,0.005000,step_6,2,-0.006000,-0.006000,-0.006000,-0.003966,-0.003966,0.462051,0.001384,0.001384,0.100131,215524
10.395439,597092.478614,0.005002,step_6,2,-0.006000,-0.006000,-0.006000,-0.003966,-0.003966,0.434161,0.006336,0.006336,0.000000,215526
10.400438,597092.483727,0.004999,step_6,2,-0.006000,-0.006000,-0.006000,-0.004975,-0.004975,0.447640,0.001043,0.001043,0.000000,215528
10.405437,597092.488837,0.004999,step_6,2,-0.006000,-0.006000,-0.006000,-0.004975,-0.004975,0.482198,0.005970,0.005970,0.000000,215530
10.410437,597092.493951,0.005000,step_6,2,-0.006000,-0.006000,-0.006000,-0.005451,-0.005451,0.480436,0.001328,0.001328,0.000000,215532
10.415443,597092.499122,0.005007,step_6,2,-0.006000,-0.006000,-0.006000,-0.005451,-0.005451,0.460167,0.006312,0.006312,0.000000,215534
10.420437,597092.504223,0.004994,step_6,2,-0.006000,-0.006000,-0.006000,-0.005454,-0.005454,0.462352,0.001369,0.001369,0.000000,215536
10.425438,597092.509372,0.005001,step_6,2,-0.006000,-0.006000,-0.006000,-0.004925,-0.004925,0.489390,0.000728,0.000728,0.105735,215538
10.430437,597092.514500,0.004999,step_6,2,-0.006000,-0.006000,-0.006000,-0.006439,-0.006439,0.476793,0.001128,0.001128,0.000000,215540
10.435438,597092.519631,0.005001,step_6,2,-0.006000,-0.006000,-0.006000,-0.006439,-0.006439,0.430589,0.006065,0.006065,0.000000,215542
10.440438,597092.524776,0.005000,step_6,2,-0.006000,-0.006000,-0.006000,-0.006552,-0.006552,0.434063,0.001459,0.001459,0.000000,215544
10.446137,597092.529886,0.005698,step_6,2,-0.006000,-0.006000,-0.006000,-0.006621,-0.006621,0.462850,0.001724,0.001724,0.000000,215546
10.451548,597092.535029,0.005411,step_6,2,-0.006000,-0.006000,-0.006000,-0.004587,-0.004587,0.432134,0.001432,0.001432,0.375967,215548
10.455872,597092.540156,0.004324,step_6,2,-0.006000,-0.006000,-0.006000,-0.006035,-0.006035,0.371099,0.001329,0.001329,0.000000,215550
10.460437,597092.545271,0.004565,step_6,2,-0.006000,-0.006000,-0.006000,-0.005003,-0.005003,0.372306,0.001242,0.001242,0.226036,215552
10.465439,597092.550389,0.005002,step_6,2,-0.006000,-0.006000,-0.006000,-0.005003,-0.005003,0.405228,0.006167,0.006167,0.000000,215554
10.470437,597092.555550,0.004998,step_6,2,-0.006000,-0.006000,-0.006000,-0.006654,-0.006654,0.454337,0.001194,0.001194,0.000000,215556
10.475442,597092.560698,0.005005,step_6,2,-0.006000,-0.006000,-0.006000,-0.006654,-0.006654,0.511695,0.006142,0.006142,0.000000,215558
10.480438,597092.565824,0.004997,step_6,2,-0.006000,-0.006000,-0.006000,-0.005060,-0.005060,0.504524,0.001371,0.001371,0.318930,215560
10.485438,597092.570961,0.005000,step_6,2,-0.006000,-0.006000,-0.006000,-0.005060,-0.005060,0.464474,0.006301,0.006301,0.000000,215562
10.490439,597092.576062,0.005000,step_6,2,-0.006000,-0.006000,-0.006000,-0.005194,-0.005194,0.460701,0.001453,0.001453,0.000000,215564
10.496180,597092.581223,0.005742,step_6,2,-0.006000,-0.006000,-0.006000,-0.007213,-0.007213,0.488602,0.001658,0.001658,0.000000,215566
10.500901,597092.586340,0.004721,step_6,2,-0.006000,-0.006000,-0.006000,-0.007213,-0.007213,0.498424,0.001881,0.001881,0.000000,215568
10.510438,597092.591512,0.009537,step_6,2,-0.006000,-0.006000,-0.006000,-0.005779,-0.005779,0.498448,0.001327,0.001327,0.000000,215572
10.515440,597092.596654,0.005001,step_6,2,-0.006000,-0.006000,-0.006000,-0.005779,-0.005779,0.508174,0.006268,0.006268,0.000000,215574
10.520437,597092.601773,0.004998,step_6,2,-0.006000,-0.006000,-0.006000,-0.004602,-0.004602,0.508411,0.001350,0.001350,0.235420,215576
10.525440,597092.606920,0.005002,step_6,2,-0.006000,-0.006000,-0.006000,-0.004602,-0.004602,0.503813,0.006308,0.006308,0.000000,215578
10.530437,597092.612091,0.004997,step_6,2,-0.006000,-0.006000,-0.006000,-0.004332,-0.004332,0.485458,0.001400,0.001400,0.054050,215580
10.535437,597092.617205,0.005000,step_6,2,-0.006000,-0.006000,-0.006000,-0.004332,-0.004332,0.460093,0.006335,0.006335,0.000000,215582
10.540438,597092.622322,0.005000,step_6,2,-0.006000,-0.006000,-0.006000,-0.004868,-0.004868,0.463365,0.001408,0.001408,0.000000,215584
10.545438,597092.627479,0.005001,step_6,2,-0.006000,-0.006000,-0.006000,-0.004868,-0.004868,0.481228,0.006345,0.006345,0.000000,215586
10.550437,597092.632590,0.004999,step_6,2,-0.006000,-0.006000,-0.006000,-0.006334,-0.006334,0.470597,0.001369,0.001369,0.000000,215588
10.555437,597092.637669,0.005000,step_6,2,-0.006000,-0.006000,-0.006000,-0.006334,-0.006334,0.445447,0.006299,0.006299,0.000000,215590
10.560437,597092.642782,0.005000,step_6,2,-0.006000,-0.006000,-0.006000,-0.004649,-0.004649,0.472177,0.001471,0.001471,0.337024,215592
10.565440,597092.647935,0.005002,step_6,2,-0.006000,-0.006000,-0.006000,-0.004649,-0.004649,0.525340,0.006427,0.006427,0.000000,215594
10.570438,597092.653054,0.004999,step_6,2,-0.006000,-0.006000,-0.006000,-0.003319,-0.003319,0.514467,0.001129,0.001129,0.265978,215596
10.575439,597092.658168,0.005001,step_6,2,-0.006000,-0.006000,-0.006000,-0.003319,-0.003319,0.470966,0.006063,0.006063,0.000000,215598
10.580439,597092.663323,0.005000,step_6,2,-0.006000,-0.006000,-0.006000,-0.006188,-0.006188,0.457901,0.001351,0.001351,0.000000,215600
10.585439,597092.668439,0.005000,step_6,2,-0.006000,-0.006000,-0.006000,-0.006188,-0.006188,0.460342,0.006283,0.006283,0.000000,215602
10.590439,597092.673554,0.005000,step_6,2,-0.006000,-0.006000,-0.006000,-0.003947,-0.003947,0.451810,0.001443,0.001443,0.448127,215604
10.595440,597092.678658,0.005002,step_6,2,-0.006000,-0.006000,-0.006000,-0.003947,-0.003947,0.437686,0.006385,0.006385,0.000000,215606
10.600439,597092.683808,0.004999,step_6,2,-0.006000,-0.006000,-0.006000,-0.004594,-0.004594,0.466768,0.001202,0.001202,0.000000,215608
10.605438,597092.688905,0.004999,step_6,2,-0.006000,-0.006000,-0.006000,-0.004594,-0.004594,0.517864,0.006128,0.006128,0.000000,215610
10.610437,597092.694028,0.004999,step_6,2,-0.006000,-0.006000,-0.006000,-0.004472,-0.004472,0.536411,0.001437,0.001437,0.024264,215612
10.615439,597092.699142,0.005002,step_6,2,-0.006000,-0.006000,-0.006000,-0.004472,-0.004472,0.538373,0.006385,0.006385,0.000000,215614
10.620438,597092.704257,0.004999,step_6,2,-0.006000,-0.006000,-0.006000,-0.004381,-0.004381,0.516445,0.001478,0.001478,0.018238,215616
10.625439,597092.709365,0.005001,step_6,2,-0.006000,-0.006000,-0.006000,-0.004381,-0.004381,0.482345,0.006428,0.006428,0.000000,215618
10.630437,597092.714474,0.004998,step_6,2,-0.006000,-0.006000,-0.006000,-0.004987,-0.004987,0.481954,0.001450,0.001450,0.000000,215620
10.635438,597092.719583,0.005000,step_6,2,-0.006000,-0.006000,-0.006000,-0.007744,-0.007744,0.501145,0.000976,0.000976,0.000000,215622
10.640439,597092.724691,0.005001,step_6,2,-0.006000,-0.006000,-0.006000,-0.007744,-0.007744,0.513329,0.005922,0.005922,0.000000,215624
10.645437,597092.729831,0.004999,step_6,2,-0.006000,-0.006000,-0.006000,-0.004699,-0.004699,0.532157,0.001435,0.001435,0.609255,215626
10.650439,597092.734941,0.005001,step_6,2,-0.006000,-0.006000,-0.006000,-0.004699,-0.004699,0.554370,0.006364,0.006364,0.000000,215628
10.655437,597092.740105,0.004999,step_6,2,-0.006000,-0.006000,-0.006000,-0.004381,-0.004381,0.545084,0.001376,0.001376,0.063514,215630
10.660451,597092.745213,0.005014,step_6,2,-0.006000,-0.006000,-0.006000,-0.004381,-0.004381,0.519748,0.006389,0.006389,0.000000,215632
10.665438,597092.750329,0.004987,step_6,2,-0.006000,-0.006000,-0.006000,-0.004608,-0.004608,0.516854,0.001110,0.001110,0.000000,215634
10.670438,597092.755441,0.004999,step_6,2,-0.006000,-0.006000,-0.006000,-0.004608,-0.004608,0.525395,0.006038,0.006038,0.000000,215636
10.675438,597092.760511,0.005000,step_6,2,-0.006000,-0.006000,-0.006000,-0.006930,-0.006930,0.507281,0.001266,0.001266,0.000000,215638
10.680437,597092.765650,0.004999,step_6,2,-0.006000,-0.006000,-0.006000,-0.006930,-0.006930,0.475585,0.006220,0.006220,0.000000,215640
10.685437,597092.770766,0.005000,step_6,2,-0.006000,-0.006000,-0.006000,-0.006109,-0.006109,0.457683,0.001454,0.001454,0.164346,215642
10.690438,597092.775932,0.005001,step_6,2,-0.006000,-0.006000,-0.006000,-0.006158,-0.006158,0.447294,0.001157,0.001157,0.000000,215644
10.695487,597092.781101,0.005050,step_6,2,-0.006000,-0.006000,-0.006000,-0.006596,-0.006596,0.466528,0.000544,0.000544,0.000000,215646
10.700438,597092.786210,0.004951,step_6,2,-0.006000,-0.006000,-0.006000,-0.006596,-0.006596,0.500369,0.005393,0.005393,0.000000,215648
10.705437,597092.791318,0.004999,step_6,2,-0.006000,-0.006000,-0.006000,-0.007260,-0.007260,0.476714,0.001504,0.001504,0.000000,215650
10.710438,597092.796420,0.005001,step_6,2,-0.006000,-0.006000,-0.006000,-0.007260,-0.007260,0.423765,0.006467,0.006467,0.000000,215652
10.720437,597092.801533,0.009999,step_6,2,-0.006000,-0.006000,-0.006000,-0.006872,-0.006872,0.402957,0.006104,0.006104,0.000000,215656
10.725439,597092.806636,0.005002,step_6,2,-0.006000,-0.006000,-0.006000,-0.006832,-0.006832,0.411898,0.001237,0.001237,0.008064,215658
10.730439,597092.811748,0.004999,step_6,2,-0.006000,-0.006000,-0.006000,-0.006832,-0.006832,0.426294,0.006137,0.006137,0.000000,215660
10.735438,597092.816869,0.004999,step_6,2,-0.006000,-0.006000,-0.006000,-0.005481,-0.005481,0.500650,0.001351,0.001351,0.270226,215662
10.740438,597092.821989,0.005000,step_6,2,-0.006000,-0.006000,-0.006000,-0.005481,-0.005481,0.605556,0.006186,0.006186,0.000000,215664
10.745439,597092.827122,0.005002,step_6,2,-0.006000,-0.006000,-0.006000,-0.005379,-0.005379,0.619694,0.001377,0.001377,0.020384,215666
10.750438,597092.832242,0.004999,step_6,2,-0.006000,-0.006000,-0.006000,-0.005379,-0.005379,0.587584,0.006333,0.006333,0.000000,215668
10.755437,597092.837363,0.004999,step_6,2,-0.006000,-0.006000,-0.006000,-0.005808,-0.005808,0.540979,0.001392,0.001392,0.000000,215670
10.760437,597092.842495,0.005000,step_6,2,-0.006000,-0.006000,-0.006000,-0.005808,-0.005808,0.486989,0.006312,0.006312,0.000000,215672
10.765446,597092.847586,0.005009,step_6,2,-0.006000,-0.006000,-0.006000,-0.003983,-0.003983,0.474517,0.001276,0.001276,0.364394,215674
10.770438,597092.852734,0.004992,step_6,2,-0.006000,-0.006000,-0.006000,-0.003983,-0.003983,0.483201,0.006203,0.006203,0.000000,215676
10.775437,597092.857865,0.004999,step_6,2,-0.006000,-0.006000,-0.006000,-0.004921,-0.004921,0.500940,0.001368,0.001368,0.000000,215678
10.780438,597092.863027,0.005000,step_6,2,-0.006000,-0.006000,-0.006000,-0.004921,-0.004921,0.523293,0.006300,0.006300,0.000000,215680
10.785438,597092.868150,0.005001,step_6,2,-0.006000,-0.006000,-0.006000,-0.004608,-0.004608,0.526503,0.001181,0.001181,0.062426,215682
10.790437,597092.873261,0.004999,step_6,2,-0.006000,-0.006000,-0.006000,-0.004608,-0.004608,0.519959,0.006077,0.006077,0.000000,215684
10.795437,597092.878379,0.005000,step_6,2,-0.006000,-0.006000,-0.006000,-0.004224,-0.004224,0.493028,0.001330,0.001330,0.076930,215686
10.800439,597092.883506,0.005002,step_6,2,-0.006000,-0.006000,-0.006000,-0.004224,-0.004224,0.455710,0.006279,0.006279,0.000000,215688
10.805439,597092.888656,0.005000,step_6,2,-0.006000,-0.006000,-0.006000,-0.004184,-0.004184,0.461577,0.001477,0.001477,0.008023,215690
10.810438,597092.893766,0.004999,step_6,2,-0.006000,-0.006000,-0.006000,-0.003021,-0.003021,0.504323,0.000957,0.000957,0.232642,215692
10.815437,597092.898882,0.004999,step_6,2,-0.006000,-0.006000,-0.006000,-0.004659,-0.004659,0.539114,0.001414,0.001414,0.000000,215694
10.820438,597092.904000,0.005000,step_6,2,-0.006000,-0.006000,-0.006000,-0.004659,-0.004659,0.554976,0.006351,0.006351,0.000000,215696
10.825453,597092.909117,0.005015,step_6,2,-0.006000,-0.006000,-0.006000,-0.003206,-0.003206,0.545584,0.001650,0.001650,0.289845,215698
10.830437,597092.914223,0.004984,step_6,2,-0.006000,-0.006000,-0.006000,-0.001797,-0.001797,0.514536,0.000569,0.000569,0.282601,215700
10.835438,597092.919344,0.005001,step_6,2,-0.006000,-0.006000,-0.006000,-0.003830,-0.003830,0.510870,0.001130,0.001130,0.000000,215702
10.840440,597092.924455,0.005002,step_6,2,-0.006000,-0.006000,-0.006000,-0.003830,-0.003830,0.529943,0.006085,0.006085,0.000000,215704
10.845438,597092.929557,0.004998,step_6,2,-0.006000,-0.006000,-0.006000,-0.003756,-0.003756,0.536522,0.001399,0.001399,0.014740,215706
10.850438,597092.934678,0.005000,step_6,2,-0.006000,-0.006000,-0.006000,-0.003756,-0.003756,0.536734,0.006340,0.006340,0.000000,215708
10.855438,597092.939830,0.005000,step_6,2,-0.006000,-0.006000,-0.006000,-0.005061,-0.005061,0.534607,0.001398,0.001398,0.000000,215710
10.860438,597092.944943,0.005000,step_6,2,-0.006000,-0.006000,-0.006000,-0.005022,-0.005022,0.507653,0.000855,0.000855,0.007797,215712
10.865438,597092.950067,0.005000,step_6,2,-0.006000,-0.006000,-0.006000,-0.003133,-0.003133,0.491419,0.001419,0.001419,0.377865,215714
10.871028,597092.955176,0.005590,step_6,2,-0.006000,-0.006000,-0.006000,-0.005536,-0.005536,0.510169,0.001495,0.001495,0.000000,215716
10.876723,597092.960301,0.005696,step_6,2,-0.006000,-0.006000,-0.006000,-0.006512,-0.006512,0.501007,0.002775,0.002775,0.000000,215718
10.882103,597092.965409,0.005379,step_6,2,-0.006000,-0.006000,-0.006000,-0.003656,-0.003656,0.460677,0.002647,0.002647,0.531016,215720
10.886329,597092.970538,0.004227,step_6,2,-0.006000,-0.006000,-0.006000,-0.006023,-0.006023,0.460119,0.001425,0.001425,0.000000,215722
10.890589,597092.975699,0.004260,step_6,2,-0.006000,-0.006000,-0.006000,-0.007700,-0.007700,0.443870,0.001305,0.001305,0.000000,215724
10.895437,597092.980846,0.004848,step_6,2,-0.006000,-0.006000,-0.006000,-0.007700,-0.007700,0.388578,0.006069,0.006069,0.000000,215726
10.900437,597092.985977,0.005000,step_6,2,-0.006000,-0.006000,-0.006000,-0.007149,-0.007149,0.400768,0.001427,0.001427,0.110140,215728
10.905439,597092.991054,0.005002,step_6,2,-0.006000,-0.006000,-0.006000,-0.007149,-0.007149,0.447343,0.006363,0.006363,0.000000,215730
10.910437,597092.996162,0.004998,step_6,2,-0.006000,-0.006000,-0.006000,-0.006162,-0.006162,0.477206,0.001395,0.001395,0.197410,215732
10.915439,597093.001289,0.005002,step_6,2,-0.006000,-0.006000,-0.006000,-0.006162,-0.006162,0.498554,0.006330,0.006330,0.000000,215734
10.920437,597093.006423,0.004998,step_6,2,-0.006000,-0.006000,-0.006000,-0.006138,-0.006138,0.531566,0.001457,0.001457,0.004857,215736
10.925439,597093.011544,0.005001,step_6,2,-0.006000,-0.006000,-0.006000,-0.006138,-0.006138,0.570520,0.006434,0.006434,0.000000,215738
10.935439,597093.016666,0.010000,step_6,2,-0.006000,-0.006000,-0.006000,-0.004538,-0.004538,0.536822,0.000872,0.000872,0.000000,215742
10.940437,597093.021788,0.004998,step_6,2,-0.006000,-0.006000,-0.006000,-0.005389,-0.005389,0.514689,0.001312,0.001312,0.000000,215744
10.945438,597093.026909,0.005001,step_6,2,-0.006000,-0.006000,-0.006000,-0.005389,-0.005389,0.506113,0.006260,0.006260,0.000000,215746
10.950439,597093.032039,0.005001,step_6,2,-0.006000,-0.006000,-0.006000,-0.004538,-0.004538,0.496091,0.001413,0.001413,0.170138,215748
10.955438,597093.037166,0.004999,step_6,2,-0.006000,-0.006000,-0.006000,-0.004538,-0.004538,0.485334,0.006339,0.006339,0.000000,215750
10.960438,597093.042278,0.005000,step_6,2,-0.006000,-0.006000,-0.006000,-0.005790,-0.005790,0.486588,0.001206,0.001206,0.000000,215752
10.965451,597093.047440,0.005014,step_6,2,-0.006000,-0.006000,-0.006000,-0.005790,-0.005790,0.493962,0.006228,0.006228,0.000000,215754
10.970437,597093.052568,0.004986,step_6,2,-0.006000,-0.006000,-0.006000,-0.004314,-0.004314,0.509592,0.001274,0.001274,0.296056,215756
10.975439,597093.057688,0.005002,step_6,2,-0.006000,-0.006000,-0.006000,-0.004314,-0.004314,0.529429,0.006208,0.006208,0.000000,215758
10.980437,597093.062791,0.004999,step_6,2,-0.006000,-0.006000,-0.006000,-0.005941,-0.005941,0.524981,0.001379,0.001379,0.000000,215760
10.985441,597093.067940,0.005003,step_6,2,-0.006000,-0.006000,-0.006000,-0.005941,-0.005941,0.508159,0.006312,0.006312,0.000000,215762
10.990438,597093.073056,0.004997,step_6,2,-0.006000,-0.006000,-0.006000,-0.004601,-0.004601,0.501904,0.001170,0.001170,0.268036,215764
10.995439,597093.078177,0.005001,step_6,2,-0.006000,-0.006000,-0.006000,-0.004601,-0.004601,0.501034,0.006100,0.006100,0.000000,215766
11.000438,597093.083301,0.004999,step_6,2,-0.006000,-0.006000,-0.006000,-0.004716,-0.004716,0.479072,0.001393,0.001393,0.000000,215768
11.005438,597093.088385,0.005000,step_6,2,-0.006000,-0.006000,-0.006000,-0.004716,-0.004716,0.446364,0.006316,0.006316,0.000000,215770
11.010437,597093.093511,0.004999,step_6,2,-0.006000,-0.006000,-0.006000,-0.003551,-0.003551,0.450848,0.001357,0.001357,0.232997,215772
11.015439,597093.098620,0.005002,step_6,2,-0.006000,-0.006000,-0.006000,-0.003551,-0.003551,0.474282,0.006314,0.006314,0.000000,215774
11.020438,597093.103750,0.004998,step_6,2,-0.006000,-0.006000,-0.006000,-0.005063,-0.005063,0.519104,0.001381,0.001381,0.000000,215776
11.025439,597093.108884,0.005001,step_6,2,-0.006000,-0.006000,-0.006000,-0.005063,-0.005063,0.574822,0.006331,0.006331,0.000000,215778
11.030438,597093.114004,0.004999,step_6,2,-0.006000,-0.006000,-0.006000,-0.005051,-0.005051,0.594572,0.001289,0.001289,0.002308,215780
11.035443,597093.119121,0.005005,rest,2,0.000000,0.000000,0.000000,-0.005051,-0.005051,0.595996,0.006313,0.006313,0.000000,215782
11.040442,597093.124234,0.005000,rest,2,0.000000,0.000000,0.000000,-0.004602,-0.004602,0.578504,0.001229,0.001229,0.089826,215784
11.045438,597093.129343,0.004996,rest,2,0.000000,0.000000,0.000000,-0.004602,-0.004602,0.551374,0.005992,0.005992,0.000000,215786
11.050437,597093.134464,0.004999,rest,2,0.000000,0.000000,0.000000,-0.005765,-0.005765,0.519591,0.001166,0.001166,0.000000,215788
11.055437,597093.139592,0.005000,rest,2,0.000000,0.000000,0.000000,-0.005765,-0.005765,0.485437,0.006091,0.006091,0.000000,215790
11.060437,597093.144708,0.005000,rest,2,0.000000,0.000000,0.000000,-0.005615,-0.005615,0.451009,0.001230,0.001230,0.029917,215792
11.065438,597093.149827,0.005001,rest,2,0.000000,0.000000,0.000000,-0.005615,-0.005615,0.416442,0.006171,0.006171,0.000000,215794
11.070438,597093.154940,0.005000,rest,2,0.000000,0.000000,0.000000,-0.007472,-0.007472,0.429502,0.001437,0.001437,0.000000,215796
11.075440,597093.160055,0.005003,rest,2,0.000000,0.000000,0.000000,-0.007472,-0.007472,0.466828,0.006387,0.006387,0.000000,215798
11.080437,597093.165166,0.004997,rest,2,0.000000,0.000000,0.000000,-0.002794,-0.002794,0.514456,0.001053,0.001053,0.936065,215800
11.086081,597093.170303,0.005644,rest,2,0.000000,0.000000,0.000000,-0.001613,-0.001613,0.605889,0.001219,0.001219,0.209257,215802
11.090720,597093.175474,0.004639,rest,2,0.000000,0.000000,0.000000,-0.001639,-0.001639,0.722907,0.001467,0.001467,0.000000,215804
11.095437,597093.180576,0.004717,rest,2,0.000000,0.000000,0.000000,0.000631,0.000631,0.749765,0.001582,0.001582,0.481178,215806
11.100437,597093.185690,0.005000,rest,2,0.000000,0.000000,0.000000,-0.000147,-0.000147,0.669369,0.000937,0.000937,0.000000,215808
11.105437,597093.190818,0.005000,rest,2,0.000000,0.000000,0.000000,0.000203,0.000203,0.603653,0.001466,0.001466,0.069914,215810
11.110439,597093.195935,0.005002,rest,2,0.000000,0.000000,0.000000,0.000000,0.000000,0.540499,0.000990,0.000990,0.000000,215812
11.115439,597093.201051,0.005000,rest,2,0.000000,0.000000,0.000000,-0.000747,-0.000747,0.493115,0.001512,0.001512,0.000000,215814
11.120437,597093.206175,0.004998,rest,2,0.000000,0.000000,0.000000,-0.000747,-0.000747,0.488123,0.006432,0.006432,0.000000,215816
11.125439,597093.211290,0.005002,rest,2,0.000000,0.000000,0.000000,0.000000,0.000000,0.501263,0.001414,0.001414,0.149311,215818
11.130438,597093.216412,0.004999,rest,2,0.000000,0.000000,0.000000,-0.000000,-0.000000,0.511430,0.000919,0.000919,0.000000,215820
11.135438,597093.221538,0.005000,rest,2,0.000000,0.000000,0.000000,-0.000000,-0.000000,0.481944,0.001405,0.001405,0.000000,215822
11.145437,597093.226662,0.009999,rest,2,0.000000,0.000000,0.000000,-0.000074,-0.000074,0.455574,0.001357,0.001357,0.000000,215826
11.150438,597093.231825,0.005000,rest,2,0.000000,0.000000,0.000000,-0.000074,-0.000074,0.491440,0.006302,0.006302,0.000000,215828
11.155438,597093.236953,0.005000,rest,2,0.000000,0.000000,0.000000,-0.000099,-0.000099,0.525623,0.001459,0.001459,0.000000,215830
11.160438,597093.242051,0.005001,rest,2,0.000000,0.000000,0.000000,-0.000099,-0.000099,0.558949,0.006353,0.006353,0.000000,215832
11.165439,597093.247154,0.005000,rest,2,0.000000,0.000000,0.000000,-0.000490,-0.000490,0.556216,0.001398,0.001398,0.000000,215834
11.170438,597093.252253,0.004999,rest,2,0.000000,0.000000,0.000000,-0.000490,-0.000490,0.535111,0.006331,0.006331,0.000000,215836
11.175439,597093.257359,0.005001,rest,2,0.000000,0.000000,0.000000,-0.000099,-0.000099,0.529192,0.001378,0.001378,0.078187,215838
11.180441,597093.262469,0.005002,rest,2,0.000000,0.000000,0.000000,-0.000099,-0.000099,0.531013,0.006340,0.006340,0.000000,215840
11.185437,597093.267627,0.004997,rest,2,0.000000,0.000000,0.000000,-0.000001,-0.000001,0.542354,0.001412,0.001412,0.019633,215842
11.190440,597093.272742,0.005002,rest,2,0.000000,0.000000,0.000000,-0.000001,-0.000001,0.558548,0.006338,0.006338,0.000000,215844
11.195439,597093.277847,0.005000,rest,2,0.000000,0.000000,0.000000,-0.000001,-0.000001,0.547445,0.001165,0.001165,0.000000,215846
11.200439,597093.283012,0.005000,rest,2,0.000000,0.000000,0.000000,-0.000001,-0.000001,0.522434,0.006100,0.006100,0.000000,215848
11.205438,597093.288137,0.004998,rest,2,0.000000,0.000000,0.000000,-0.000979,-0.000979,0.510766,0.001388,0.001388,0.000000,215850
11.210438,597093.293238,0.005001,rest,2,0.000000,0.000000,0.000000,-0.000979,-0.000979,0.499691,0.000906,0.000906,0.000000,215852
11.215439,597093.298353,0.005001,rest,2,0.000000,0.000000,0.000000,-0.000490,-0.000490,0.492056,0.001369,0.001369,0.097844,215854
11.220437,597093.303462,0.004999,rest,2,0.000000,0.000000,0.000000,-0.000490,-0.000490,0.492378,0.006304,0.006304,0.000000,215856
11.225438,597093.308561,0.005000,rest,2,0.000000,0.000000,0.000000,-0.000001,-0.000001,0.502732,0.001287,0.001287,0.097864,215858
11.230450,597093.313656,0.005012,rest,2,0.000000,0.000000,0.000000,-0.000001,-0.000001,0.518197,0.006291,0.006291,0.000000,215860
11.235437,597093.318767,0.004987,rest,2,0.000000,0.000000,0.000000,-0.000001,-0.000001,0.501457,0.001147,0.001147,0.000000,215862
11.240437,597093.323874,0.005000,rest,2,0.000000,0.000000,0.000000,-0.000490,-0.000490,0.500313,0.001503,0.001503,0.000000,215864
11.246168,597093.328985,0.005730,rest,2,0.000000,0.000000,0.000000,-0.000025,-0.000025,0.505515,0.001694,0.001694,0.081068,215866
11.251728,597093.334046,0.005560,rest,2,0.000000,0.000000,0.000000,-0.000490,-0.000490,0.502584,0.002416,0.002416,0.000000,215868
11.257108,597093.339158,0.005380,rest,2,0.000000,0.000000,0.000000,-0.000001,-0.000001,0.525896,0.003146,0.003146,0.090934,215870
11.261328,597093.344266,0.004220,rest,2,0.000000,0.000000,0.000000,-0.000490,-0.000490,0.556897,0.001739,0.001739,0.000000,215872
11.265467,597093.349364,0.004140,rest,2,0.000000,0.000000,0.000000,-0.000001,-0.000001,0.562814,0.001274,0.001274,0.118218,215874
11.270438,597093.354477,0.004970,rest,2,0.000000,0.000000,0.000000,-0.000001,-0.000001,0.540992,0.006187,0.006187,0.000000,215876
11.275439,597093.359632,0.005002,rest,2,0.000000,0.000000,0.000000,-0.000001,-0.000001,0.518074,0.001414,0.001414,0.000004,215878
11.280438,597093.364751,0.004999,rest,2,0.000000,0.000000,0.000000,-0.000001,-0.000001,0.505812,0.000996,0.000996,0.000025,215880
11.285438,597093.369857,0.004999,rest,2,0.000000,0.000000,0.000000,-0.000001,-0.000001,0.510778,0.005928,0.005928,0.000000,215882
11.290439,597093.374969,0.005002,rest,2,0.000000,0.000000,0.000000,-0.000001,-0.000001,0.504761,0.001509,0.001509,0.000028,215884
11.295438,597093.380048,0.004999,rest,2,0.000000,0.000000,0.000000,-0.000001,-0.000001,0.479130,0.001027,0.001027,0.000000,215886
11.300441,597093.385166,0.005003,rest,2,0.000000,0.000000,0.000000,-0.000001,-0.000001,0.452054,0.005969,0.005969,0.000000,215888
11.305438,597093.390279,0.004997,rest,2,0.000000,0.000000,0.000000,-0.000490,-0.000490,0.459155,0.001388,0.001388,0.000000,215890
11.310439,597093.395417,0.005001,rest,2,0.000000,0.000000,0.000000,-0.000490,-0.000490,0.483670,0.006340,0.006340,0.000000,215892
11.315437,597093.400541,0.004999,rest,2,0.000000,0.000000,0.000000,-0.000001,-0.000001,0.514651,0.001397,0.001397,0.097912,215894
11.320438,597093.405665,0.005001,rest,2,0.000000,0.000000,0.000000,-0.000001,-0.000001,0.548925,0.006327,0.006327,0.000000,215896
11.325437,597093.410808,0.004999,rest,2,0.000000,0.000000,0.000000,-0.000490,-0.000490,0.545999,0.001166,0.001166,0.000000,215898
11.330438,597093.415994,0.005001,rest,2,0.000000,0.000000,0.000000,-0.000490,-0.000490,0.524118,0.001468,0.001468,0.000019,215900
11.335437,597093.421138,0.004999,rest,2,0.000000,0.000000,0.000000,-0.000001,-0.000001,0.521305,0.000861,0.000861,0.097865,215902
11.340447,597093.426254,0.005010,rest,2,0.000000,0.000000,0.000000,-0.000001,-0.000001,0.528205,0.005818,0.005818,0.000000,215904
11.350437,597093.431355,0.009991,rest,2,0.000000,0.000000,0.000000,-0.000001,-0.000001,0.548982,0.000946,0.000946,0.000000,215908
11.355438,597093.436500,0.005000,rest,2,0.000000,0.000000,0.000000,-0.000001,-0.000001,0.554418,0.001470,0.001470,0.000000,215910
11.360437,597093.441614,0.005000,rest,2,0.000000,0.000000,0.000000,-0.000001,-0.000001,0.550106,0.001041,0.001041,0.000029,215912
11.365440,597093.446725,0.005002,rest,2,0.000000,0.000000,0.000000,-0.000001,-0.000001,0.541043,0.005998,0.005998,0.000000,215914
11.370440,597093.451841,0.005000,rest,2,0.000000,0.000000,0.000000,-0.000490,-0.000490,0.562305,0.001432,0.001432,0.000000,215916
11.375439,597093.456992,0.004999,rest,2,0.000000,0.000000,0.000000,-0.000490,-0.000490,0.599018,0.006354,0.006354,0.000000,215918
11.380437,597093.462097,0.004998,rest,2,0.000000,0.000000,0.000000,-0.000001,-0.000001,0.580505,0.001052,0.001052,0.097906,215920
11.385437,597093.467207,0.005000,rest,2,0.000000,0.000000,0.000000,-0.000001,-0.000001,0.534631,0.001320,0.001320,0.000000,215922
11.390437,597093.472316,0.005000,rest,2,0.000000,0.000000,0.000000,-0.000001,-0.000001,0.512035,0.006273,0.006273,0.000000,215924
11.395437,597093.477470,0.005000,rest,2,0.000000,0.000000,0.000000,-0.000979,-0.000979,0.517654,0.001226,0.001226,0.000000,215926
11.400439,597093.482634,0.005002,rest,2,0.000000,0.000000,0.000000,-0.000979,-0.000979,0.537650,0.006163,0.006163,0.000000,215928
11.405437,597093.487762,0.004998,rest,2,0.000000,0.000000,0.000000,-0.000979,-0.000979,0.540728,0.001452,0.001452,0.000000,215930
11.410438,597093.492903,0.005001,rest,2,0.000000,0.000000,0.000000,-0.000001,-0.000001,0.531875,0.001023,0.001023,0.195719,215932
11.415439,597093.498017,0.005001,rest,2,0.000000,0.000000,0.000000,-0.000490,-0.000490,0.513566,0.001489,0.001489,0.000000,215934
11.420438,597093.503142,0.004998,rest,2,0.000000,0.000000,0.000000,-0.000490,-0.000490,0.493751,0.006409,0.006409,0.000000,215936
11.425440,597093.508250,0.005002,rest,2,0.000000,0.000000,0.000000,0.000085,0.000085,0.499371,0.004798,0.004798,0.114957,215938
11.430438,597093.513362,0.004998,rest,2,0.000000,0.000000,0.000000,-0.000979,-0.000979,0.530304,0.000851,0.000851,0.000000,215940
11.435437,597093.518481,0.004999,rest,2,0.000000,0.000000,0.000000,0.001150,0.001150,0.549913,0.001305,0.001305,0.425824,215942
11.440439,597093.523599,0.005001,rest,2,0.000000,0.000000,0.000000,0.001150,0.001150,0.551398,0.006261,0.006261,0.000000,215944
11.445438,597093.528702,0.004999,rest,2,0.000000,0.000000,0.000000,-0.000490,-0.000490,0.559894,0.001397,0.001397,0.000000,215946
11.450438,597093.533817,0.005001,rest,2,0.000000,0.000000,0.000000,-0.000490,-0.000490,0.571964,0.006332,0.006332,0.000000,215948
11.455438,597093.538931,0.004999,rest,2,0.000000,0.000000,0.000000,0.000085,0.000085,0.544589,0.001506,0.001506,0.115023,215950
11.460438,597093.544053,0.005000,rest,2,0.000000,0.000000,0.000000,-0.000001,-0.000001,0.527339,0.000982,0.000982,0.000000,215952
11.465438,597093.549165,0.005001,rest,2,0.000000,0.000000,0.000000,0.001150,0.001150,0.543349,0.001499,0.001499,0.230006,215954
11.470438,597093.554291,0.005000,rest,2,0.000000,0.000000,0.000000,0.001150,0.001150,0.534286,0.001116,0.001116,0.000008,215956
11.475441,597093.559434,0.005003,rest,2,0.000000,0.000000,0.000000,0.001150,0.001150,0.517872,0.006057,0.006057,0.000000,215958
11.480438,597093.564587,0.004998,rest,2,0.000000,0.000000,0.000000,-0.000490,-0.000490,0.525140,0.001380,0.001380,0.000000,215960
11.485437,597093.569712,0.004999,rest,2,0.000000,0.000000,0.000000,-0.000490,-0.000490,0.544474,0.006299,0.006299,0.000000,215962
11.490439,597093.574837,0.005002,rest,2,0.000000,0.000000,0.000000,0.000575,0.000575,0.538805,0.001411,0.001411,0.212815,215964
11.495437,597093.579958,0.004998,rest,2,0.000000,0.000000,0.000000,0.000661,0.000661,0.520395,0.000865,0.000865,0.017190,215966
11.501130,597093.585060,0.005693,rest,2,0.000000,0.000000,0.000000,0.000660,0.000660,0.515417,0.001995,0.001995,0.000000,215968
11.506662,597093.590200,0.005532,rest,2,0.000000,0.000000,0.000000,-0.000000,-0.000000,0.536274,0.001946,0.001946,0.000000,215970
11.510942,597093.595307,0.004280,rest,2,0.000000,0.000000,0.000000,0.001150,0.001150,0.556308,0.001746,0.001746,0.268776,215972
11.515438,597093.600412,0.004496,rest,2,0.000000,0.000000,0.000000,0.001150,0.001150,0.548150,0.000745,0.000745,0.000000,215974
11.520438,597093.605583,0.005000,rest,2,0.000000,0.000000,0.000000,0.001150,0.001150,0.539507,0.001317,0.001317,0.000000,215976
11.525440,597093.610690,0.005002,rest,2,0.000000,0.000000,0.000000,0.001150,0.001150,0.539402,0.006266,0.006266,0.000000,215978
11.530437,597093.615810,0.004997,rest,2,0.000000,0.000000,0.000000,0.000575,0.000575,0.540519,0.001300,0.001300,0.000000,215980
11.535438,597093.620998,0.005001,step_8,2,0.008000,0.008000,0.008000,0.000575,0.000575,0.542261,0.006235,0.006235,0.000000,215982
11.540437,597093.626111,0.004999,step_8,2,0.008000,0.008000,0.008000,0.000575,0.000575,0.533493,0.001399,0.001399,0.000003,215984
11.545439,597093.631224,0.005002,step_8,2,0.008000,0.008000,0.008000,0.000575,0.000575,0.519372,0.006329,0.006329,0.000000,215986
11.550439,597093.636343,0.005000,step_8,2,0.008000,0.008000,0.008000,0.001151,0.001151,0.516456,0.001368,0.001368,0.115161,215988
11.555439,597093.641458,0.005000,step_8,2,0.008000,0.008000,0.008000,0.001151,0.001151,0.519249,0.006300,0.006300,0.000000,215990
11.565437,597093.646599,0.009998,step_8,2,0.008000,0.008000,0.008000,-0.000979,-0.000979,0.542536,0.000869,0.000869,0.000000,215994
11.570438,597093.651744,0.005001,step_8,2,0.008000,0.008000,0.008000,-0.000979,-0.000979,0.536663,0.005796,0.005796,0.000000,215996
11.570438,597093.656904,0.000001,step_8,2,0.008000,0.008000,0.008000,-0.000979,-0.000979,0.536663,0.005796,0.005796,0.000000,215996
11.575438,597093.662026,0.005000,step_8,2,0.008000,0.008000,0.008000,0.001297,0.001297,0.546931,0.001134,0.001134,0.455214,215998
11.581164,597093.667107,0.005726,step_8,2,0.008000,0.008000,0.008000,0.004736,0.004736,0.582691,0.001464,0.001464,0.600572,216000
11.586660,597093.672224,0.005495,step_8,2,0.008000,0.008000,0.008000,0.004161,0.004161,0.673638,0.002513,0.002513,0.000000,216002
11.592050,597093.677339,0.005390,step_8,2,0.008000,0.008000,0.008000,0.004199,0.004199,0.730952,0.002530,0.002530,0.006963,216004
11.601697,597093.682452,0.009647,step_8,2,0.008000,0.008000,0.008000,0.005079,0.005079,0.556018,0.002178,0.002178,0.000000,216008
11.605691,597093.687578,0.003994,step_8,2,0.008000,0.008000,0.008000,0.006830,0.006830,0.578202,0.001445,0.001445,0.438527,216010
11.610437,597093.692701,0.004746,step_8,2,0.008000,0.008000,0.008000,0.006830,0.006830,0.636068,0.006129,0.006129,0.000000,216012
11.615438,597093.697822,0.005000,step_8,2,0.008000,0.008000,0.008000,0.008997,0.008997,0.654570,0.001228,0.001228,0.433355,216014
11.620444,597093.702961,0.005006,step_8,2,0.008000,0.008000,0.008000,0.008997,0.008997,0.653016,0.006194,0.006194,0.000000,216016
11.625439,597093.708108,0.004995,step_8,2,0.008000,0.008000,0.008000,0.006855,0.006855,0.656039,0.004817,0.004817,0.000000,216018
11.630437,597093.713219,0.004998,step_8,2,0.008000,0.008000,0.008000,0.010224,0.010224,0.617375,0.001217,0.001217,0.674034,216020
11.635437,597093.718332,0.005000,step_8,2,0.008000,0.008000,0.008000,0.010224,0.010224,0.553654,0.006156,0.006156,0.000000,216022
11.640438,597093.723446,0.005001,step_8,2,0.008000,0.008000,0.008000,0.010652,0.010652,0.519332,0.004847,0.004847,0.085453,216024
11.645440,597093.728560,0.005001,step_8,2,0.008000,0.008000,0.008000,0.010442,0.010442,0.517883,0.001104,0.001104,0.000000,216026
11.650438,597093.733669,0.004998,step_8,2,0.008000,0.008000,0.008000,0.010442,0.010442,0.535039,0.006047,0.006047,0.000000,216028
11.655437,597093.738778,0.004999,step_8,2,0.008000,0.008000,0.008000,0.010142,0.010142,0.513579,0.001407,0.001407,0.000000,216030
11.660437,597093.743888,0.005000,step_8,2,0.008000,0.008000,0.008000,0.010142,0.010142,0.472442,0.006341,0.006341,0.000000,216032
11.665439,597093.748994,0.005002,step_8,2,0.008000,0.008000,0.008000,0.009023,0.009023,0.494144,0.001255,0.001255,0.000000,216034
11.670437,597093.754109,0.004998,step_8,2,0.008000,0.008000,0.008000,0.009023,0.009023,0.547865,0.006174,0.006174,0.000000,216036
11.675440,597093.759228,0.005002,step_8,2,0.008000,0.008000,0.008000,0.008664,0.008664,0.602541,0.004857,0.004857,0.000000,216038
11.680440,597093.764344,0.005000,step_8,2,0.008000,0.008000,0.008000,0.009339,0.009339,0.618052,0.001257,0.001257,0.135004,216040
11.686247,597093.769465,0.005808,step_8,2,0.008000,0.008000,0.008000,0.009936,0.009936,0.581981,0.001634,0.001634,0.102833,216042
11.690701,597093.774585,0.004454,step_8,2,0.008000,0.008000,0.008000,0.009463,0.009463,0.579272,0.001638,0.001638,0.000000,216044
11.695443,597093.779768,0.004742,step_8,2,0.008000,0.008000,0.008000,0.009273,0.009273,0.563519,0.000894,0.000894,0.000000,216046
11.700444,597093.784892,0.005001,step_8,2,0.008000,0.008000,0.008000,0.009275,0.009275,0.485676,0.001475,0.001475,0.000462,216048
11.705442,597093.790032,0.004999,step_8,2,0.008000,0.008000,0.008000,0.009447,0.009447,0.428095,0.000931,0.000931,0.034388,216050
11.710437,597093.795152,0.004995,step_8,2,0.008000,0.008000,0.008000,0.009036,0.009036,0.433386,0.001323,0.001323,0.000000,216052
11.715437,597093.800274,0.005000,step_8,2,0.008000,0.008000,0.008000,0.009036,0.009036,0.453183,0.006253,0.006253,0.000000,216054
11.720437,597093.805386,0.005000,step_8,2,0.008000,0.008000,0.008000,0.008846,0.008846,0.469364,0.001239,0.001239,0.000000,216056
11.725437,597093.810491,0.005000,step_8,2,0.008000,0.008000,0.008000,0.008846,0.008846,0.483701,0.006184,0.006184,0.000000,216058
11.730437,597093.815607,0.005000,step_8,2,0.008000,0.008000,0.008000,0.007432,0.007432,0.487484,0.001352,0.001352,0.000000,216060
11.735439,597093.820727,0.005002,step_8,2,0.008000,0.008000,0.008000,0.005880,0.005880,0.518930,0.000880,0.000880,0.000000,216062
11.740437,597093.825870,0.004998,step_8,2,0.008000,0.008000,0.008000,0.007931,0.007931,0.541246,0.001293,0.001293,0.410422,216064
11.745437,597093.831016,0.005000,step_8,2,0.008000,0.008000,0.008000,0.007931,0.007931,0.525870,0.006224,0.006224,0.000000,216066
11.750438,597093.836239,0.005001,step_8,2,0.008000,0.008000,0.008000,0.005968,0.005968,0.499548,0.001510,0.001510,0.000000,216068
11.755439,597093.841346,0.005001,step_8,2,0.008000,0.008000,0.008000,0.006044,0.006044,0.467649,0.001109,0.001109,0.015347,216070
11.760438,597093.846450,0.004999,step_8,2,0.008000,0.008000,0.008000,0.006044,0.006044,0.451395,0.006083,0.006083,0.000000,216072
11.770437,597093.851596,0.009999,step_8,2,0.008000,0.008000,0.008000,0.006095,0.006095,0.468512,0.001377,0.001377,0.000000,216076
11.775437,597093.856790,0.005000,step_8,2,0.008000,0.008000,0.008000,0.006095,0.006095,0.526152,0.006306,0.006306,0.000000,216078
11.780437,597093.861896,0.005000,step_8,2,0.008000,0.008000,0.008000,0.007336,0.007336,0.546079,0.001422,0.001422,0.248149,216080
11.785437,597093.867126,0.005000,step_8,2,0.008000,0.008000,0.008000,0.007336,0.007336,0.546788,0.006361,0.006361,0.000000,216082
11.790437,597093.872232,0.005000,step_8,2,0.008000,0.008000,0.008000,0.007336,0.007336,0.557345,0.004954,0.004954,0.000001,216084
11.790437,597093.877364,0.000001,step_8,2,0.008000,0.008000,0.008000,0.007336,0.007336,0.557345,0.004954,0.004954,0.000001,216084
11.800969,597093.882533,0.010531,step_8,2,0.008000,0.008000,0.008000,0.006372,0.006372,0.524878,0.001248,0.001248,0.000000,216088
11.805490,597093.887769,0.004521,step_8,2,0.008000,0.008000,0.008000,0.007349,0.007349,0.494869,0.001366,0.001366,0.215969,216090
11.810440,597093.892957,0.004950,step_8,2,0.008000,0.008000,0.008000,0.007349,0.007349,0.493083,0.006254,0.006254,0.000000,216092
11.815438,597093.898098,0.004999,step_8,2,0.008000,0.008000,0.008000,0.007570,0.007570,0.491424,0.001165,0.001165,0.044194,216094
11.820437,597093.903192,0.004999,step_8,2,0.008000,0.008000,0.008000,0.007411,0.007411,0.520468,0.001447,0.001447,0.000000,216096
11.825440,597093.908309,0.005003,step_8,2,0.008000,0.008000,0.008000,0.007411,0.007411,0.565905,0.006390,0.006390,0.000000,216098
11.830437,597093.913437,0.004997,step_8,2,0.008000,0.008000,0.008000,0.009999,0.009999,0.582917,0.001419,0.001419,0.517907,216100
11.835437,597093.918576,0.005000,step_8,2,0.008000,0.008000,0.008000,0.009999,0.009999,0.585444,0.006343,0.006343,0.000000,216102
11.840439,597093.923707,0.005001,step_8,2,0.008000,0.008000,0.008000,0.008497,0.008497,0.562637,0.001470,0.001470,0.000000,216104
11.845438,597093.928831,0.004999,step_8,2,0.008000,0.008000,0.008000,0.009409,0.009409,0.551972,0.000858,0.000858,0.182532,216106
11.850437,597093.933924,0.004999,step_8,2,0.008000,0.008000,0.008000,0.011599,0.011599,0.538133,0.001449,0.001449,0.438081,216108
11.855438,597093.939066,0.005001,step_8,2,0.008000,0.008000,0.008000,0.008860,0.008860,0.517665,0.000967,0.000967,0.000000,216110
11.860444,597093.944151,0.005006,step_8,2,0.008000,0.008000,0.008000,0.009383,0.009383,0.537928,0.001576,0.001576,0.104519,216112
11.865438,597093.949235,0.004994,step_8,2,0.008000,0.008000,0.008000,0.009988,0.009988,0.530368,0.000922,0.000922,0.121061,216114
11.870439,597093.954339,0.005001,step_8,2,0.008000,0.008000,0.008000,0.008583,0.008583,0.495697,0.001450,0.001450,0.000000,216116
11.875439,597093.959474,0.005000,step_8,2,0.008000,0.008000,0.008000,0.009260,0.009260,0.475748,0.000901,0.000901,0.135467,216118
11.880441,597093.964692,0.005002,step_8,2,0.008000,0.008000,0.008000,0.009413,0.009413,0.489352,0.001466,0.001466,0.030606,216120
11.885438,597093.969891,0.004997,step_8,2,0.008000,0.008000,0.008000,0.007622,0.007622,0.520052,0.000763,0.000763,0.000000,216122
11.890438,597093.975004,0.005000,step_8,2,0.008000,0.008000,0.008000,0.007924,0.007924,0.509689,0.001371,0.001371,0.060372,216124
11.895438,597093.980111,0.004999,step_8,2,0.008000,0.008000,0.008000,0.006197,0.006197,0.478403,0.000893,0.000893,0.000000,216126
11.900438,597093.985219,0.005000,step_8,2,0.008000,0.008000,0.008000,0.007775,0.007775,0.482459,0.001490,0.001490,0.315686,216128
11.905442,597093.990327,0.005005,step_8,2,0.008000,0.008000,0.008000,0.005873,0.005873,0.492314,0.000902,0.000902,0.000000,216130
11.910438,597093.995472,0.004995,step_8,2,0.008000,0.008000,0.008000,0.005873,0.005873,0.485128,0.005820,0.005820,0.000000,216132
11.915438,597094.000578,0.005001,step_8,2,0.008000,0.008000,0.008000,0.006671,0.006671,0.457572,0.001412,0.001412,0.159591,216134
11.920438,597094.005718,0.005000,step_8,2,0.008000,0.008000,0.008000,0.007291,0.007291,0.436204,0.000886,0.000886,0.123907,216136
11.925438,597094.010838,0.005000,step_8,2,0.008000,0.008000,0.008000,0.005136,0.005136,0.488965,0.001570,0.001570,0.000000,216138
11.930438,597094.016079,0.005000,step_8,2,0.008000,0.008000,0.008000,0.007202,0.007202,0.532229,0.001046,0.001046,0.413162,216140
11.935437,597094.021190,0.005000,step_8,2,0.008000,0.008000,0.008000,0.007202,0.007202,0.523576,0.005987,0.005987,0.000000,216142
11.940437,597094.026300,0.005000,step_8,2,0.008000,0.008000,0.008000,0.006302,0.006302,0.515123,0.001419,0.001419,0.000000,216144
11.945438,597094.031407,0.005001,step_8,2,0.008000,0.008000,0.008000,0.006302,0.006302,0.506773,0.006390,0.006390,0.000000,216146
11.955438,597094.036560,0.010000,step_8,2,0.008000,0.008000,0.008000,0.005006,0.005006,0.472154,0.006266,0.006266,0.000000,216150
11.955438,597094.041684,0.000001,step_8,2,0.008000,0.008000,0.008000,0.005006,0.005006,0.472154,0.006266,0.006266,0.000000,216150
11.965439,597094.046806,0.010002,step_8,2,0.008000,0.008000,0.008000,0.004594,0.004594,0.513582,0.000933,0.000933,0.000000,216154
11.970439,597094.051929,0.005000,step_8,2,0.008000,0.008000,0.008000,0.006825,0.006825,0.534267,0.001479,0.001479,0.446198,216156
11.975440,597094.057057,0.005000,step_8,2,0.008000,0.008000,0.008000,0.006426,0.006426,0.534733,0.000958,0.000958,0.000000,216158
11.980441,597094.062178,0.005001,step_8,2,0.008000,0.008000,0.008000,0.006851,0.006851,0.529633,0.001577,0.001577,0.085094,216160
11.985442,597094.067300,0.005002,step_8,2,0.008000,0.008000,0.008000,0.005798,0.005798,0.544647,0.000913,0.000913,0.000000,216162
11.990439,597094.072425,0.004997,step_8,2,0.008000,0.008000,0.008000,0.007854,0.007854,0.577353,0.001563,0.001563,0.411558,216164
11.995439,597094.077550,0.005000,step_8,2,0.008000,0.008000,0.008000,0.008399,0.008399,0.559328,0.001119,0.001119,0.108960,216166
12.000440,597094.082672,0.005000,step_8,2,0.008000,0.008000,0.008000,0.008399,0.008399,0.513516,0.006053,0.006053,0.000000,216168
12.005442,597094.087798,0.005002,step_8,2,0.008000,0.008000,0.008000,0.008338,0.008338,0.471647,0.001397,0.001397,0.000000,216170
12.010438,597094.093005,0.004997,step_8,2,0.008000,0.008000,0.008000,0.010542,0.010542,0.422634,0.000837,0.000837,0.440982,216172
12.015437,597094.098172,0.004999,step_8,2,0.008000,0.008000,0.008000,0.009488,0.009488,0.438448,0.001510,0.001510,0.000000,216174
12.020438,597094.103280,0.005001,step_8,2,0.008000,0.008000,0.008000,0.008134,0.008134,0.524498,0.000946,0.000946,0.000000,216176
12.025438,597094.108387,0.005000,step_8,2,0.008000,0.008000,0.008000,0.008036,0.008036,0.578774,0.001455,0.001455,0.000000,216178
12.030438,597094.113524,0.004999,step_8,2,0.008000,0.008000,0.008000,0.008036,0.008036,0.588807,0.006393,0.006393,0.000000,216180
12.035437,597094.118724,0.004999,step_8,2,0.008000,0.008000,0.008000,0.009128,0.009128,0.565300,0.001365,0.001365,0.218564,216182
12.040438,597094.123925,0.005001,step_8,2,0.008000,0.008000,0.008000,0.009128,0.009128,0.524703,0.006304,0.006304,0.000000,216184
12.045437,597094.129071,0.005000,step_8,2,0.008000,0.008000,0.008000,0.009127,0.009127,0.526239,0.001454,0.001454,0.000000,216186
12.050438,597094.134198,0.005000,step_8,2,0.008000,0.008000,0.008000,0.009127,0.009127,0.549243,0.006391,0.006391,0.000000,216188
12.055437,597094.139303,0.005000,step_8,2,0.008000,0.008000,0.008000,0.008040,0.008040,0.517243,0.001440,0.001440,0.000000,216190
12.060437,597094.144407,0.005000,step_8,2,0.008000,0.008000,0.008000,0.008040,0.008040,0.457217,0.006367,0.006367,0.000000,216192
12.065438,597094.149556,0.005000,step_8,2,0.008000,0.008000,0.008000,0.008057,0.008057,0.438102,0.001277,0.001277,0.003366,216194
12.070437,597094.154754,0.004999,step_8,2,0.008000,0.008000,0.008000,0.008057,0.008057,0.439833,0.006199,0.006199,0.000000,216196
12.075438,597094.159959,0.005001,step_8,2,0.008000,0.008000,0.008000,0.007496,0.007496,0.455542,0.001239,0.001239,0.000000,216198
12.080437,597094.165153,0.005000,step_8,2,0.008000,0.008000,0.008000,0.007496,0.007496,0.478372,0.006178,0.006178,0.000000,216200
12.085438,597094.170359,0.005000,step_8,2,0.008000,0.008000,0.008000,0.008640,0.008640,0.490787,0.001095,0.001095,0.228779,216202
12.090439,597094.175516,0.005001,step_8,2,0.008000,0.008000,0.008000,0.008640,0.008640,0.497894,0.006039,0.006039,0.000000,216204
12.095438,597094.180621,0.004999,step_8,2,0.008000,0.008000,0.008000,0.006686,0.006686,0.504065,0.001433,0.001433,0.000000,216206
12.100437,597094.185819,0.004999,step_8,2,0.008000,0.008000,0.008000,0.006686,0.006686,0.509759,0.006349,0.006349,0.000000,216208
12.105437,597094.190922,0.005000,step_8,2,0.008000,0.008000,0.008000,0.005770,0.005770,0.516483,0.001397,0.001397,0.000000,216210
12.110437,597094.196054,0.005000,step_8,2,0.008000,0.008000,0.008000,0.005770,0.005770,0.523733,0.006326,0.006326,0.000000,216212
12.115438,597094.201146,0.005000,step_8,2,0.008000,0.008000,0.008000,0.004527,0.004527,0.527966,0.001454,0.001454,0.000000,216214
12.120440,597094.206229,0.005002,step_8,2,0.008000,0.008000,0.008000,0.004527,0.004527,0.530662,0.006388,0.006388,0.000000,216216
12.125438,597094.211306,0.004999,step_8,2,0.008000,0.008000,0.008000,0.006706,0.006706,0.525649,0.001368,0.001368,0.436077,216218
12.135439,597094.216501,0.010001,step_8,2,0.008000,0.008000,0.008000,0.007062,0.007062,0.521762,0.001397,0.001397,0.000000,216222
12.140438,597094.221610,0.004999,step_8,2,0.008000,0.008000,0.008000,0.007062,0.007062,0.501813,0.006320,0.006320,0.000000,216224
12.145438,597094.226847,0.005000,step_8,2,0.008000,0.008000,0.008000,0.008681,0.008681,0.488653,0.001500,0.001500,0.323875,216226
12.150438,597094.232053,0.005000,step_8,2,0.008000,0.008000,0.008000,0.008223,0.008223,0.482509,0.001044,0.001044,0.000000,216228
12.155438,597094.237198,0.005000,step_8,2,0.008000,0.008000,0.008000,0.008223,0.008223,0.482936,0.005973,0.005973,0.000000,216230
12.160438,597094.242323,0.005000,step_8,2,0.008000,0.008000,0.008000,0.008069,0.008069,0.466308,0.001507,0.001507,0.000000,216232
12.165438,597094.247449,0.005000,step_8,2,0.008000,0.008000,0.008000,0.007589,0.007589,0.471193,0.001028,0.001028,0.000000,216234
12.170439,597094.252530,0.005000,step_8,2,0.008000,0.008000,0.008000,0.007589,0.007589,0.503885,0.005953,0.005953,0.000000,216236
12.175440,597094.257617,0.005001,step_8,2,0.008000,0.008000,0.008000,0.010267,0.010267,0.499546,0.001503,0.001503,0.535564,216238
12.180439,597094.262741,0.004999,step_8,2,0.008000,0.008000,0.008000,0.008398,0.008398,0.512181,0.001016,0.001016,0.000000,216240
12.185439,597094.267856,0.005000,step_8,2,0.008000,0.008000,0.008000,0.008398,0.008398,0.554461,0.005946,0.005946,0.000000,216242
12.190439,597094.272969,0.005000,step_8,2,0.008000,0.008000,0.008000,0.008024,0.008024,0.572845,0.001494,0.001494,0.000000,216244
12.195439,597094.278097,0.005000,step_8,2,0.008000,0.008000,0.008000,0.007169,0.007169,0.573034,0.000946,0.000946,0.000000,216246
12.200438,597094.283184,0.004999,step_8,2,0.008000,0.008000,0.008000,0.009156,0.009156,0.567030,0.001534,0.001534,0.397594,216248
12.205438,597094.288268,0.005000,step_8,2,0.008000,0.008000,0.008000,0.009156,0.009156,0.492423,0.000995,0.000995,0.000000,216250
12.210437,597094.293416,0.005000,step_8,2,0.008000,0.008000,0.008000,0.009252,0.009252,0.420631,0.001587,0.001587,0.019220,216252
12.215438,597094.298542,0.005001,step_8,2,0.008000,0.008000,0.008000,0.008022,0.008022,0.406308,0.001013,0.001013,0.000000,216254
12.220437,597094.303670,0.004999,step_8,2,0.008000,0.008000,0.008000,0.008022,0.008022,0.383576,0.005948,0.005948,0.000000,216256
12.225439,597094.308758,0.005001,step_8,2,0.008000,0.008000,0.008000,0.007743,0.007743,0.384392,0.001466,0.001466,0.000000,216258
12.230438,597094.313875,0.004999,step_8,2,0.008000,0.008000,0.008000,0.006649,0.006649,0.426193,0.000869,0.000869,0.000000,216260
12.235438,597094.318996,0.005000,step_8,2,0.008000,0.008000,0.008000,0.006126,0.006126,0.462041,0.001473,0.001473,0.000000,216262
12.240438,597094.324093,0.005000,step_8,2,0.008000,0.008000,0.008000,0.006937,0.006937,0.470146,0.000980,0.000980,0.162159,216264
12.245438,597094.329169,0.005000,step_8,2,0.008000,0.008000,0.008000,0.005971,0.005971,0.507565,0.001542,0.001542,0.000000,216266
12.250438,597094.334294,0.005000,step_8,2,0.008000,0.008000,0.008000,0.006861,0.006861,0.524954,0.000898,0.000898,0.177975,216268
12.255438,597094.339412,0.004999,step_8,2,0.008000,0.008000,0.008000,0.006861,0.006861,0.503124,0.005823,0.005823,0.000000,216270
12.260438,597094.344535,0.005000,step_8,2,0.008000,0.008000,0.008000,0.005219,0.005219,0.476187,0.001514,0.001514,0.000000,216272
12.265438,597094.349658,0.005000,step_8,2,0.008000,0.008000,0.008000,0.006069,0.006069,0.473169,0.000888,0.000888,0.170022,216274
12.270438,597094.354795,0.005000,step_8,2,0.008000,0.008000,0.008000,0.005701,0.005701,0.512975,0.001490,0.001490,0.000000,216276
12.275439,597094.359934,0.005001,step_8,2,0.008000,0.008000,0.008000,0.006379,0.006379,0.514170,0.000988,0.000988,0.135596,216278
12.280440,597094.365080,0.005001,step_8,2,0.008000,0.008000,0.008000,0.006379,0.006379,0.480868,0.005930,0.005930,0.000000,216280
12.285438,597094.370153,0.004998,step_8,2,0.008000,0.008000,0.008000,0.005375,0.005375,0.491186,0.001415,0.001415,0.000000,216282
12.290438,597094.375275,0.005000,step_8,2,0.008000,0.008000,0.008000,0.005375,0.005375,0.523730,0.006330,0.006330,0.000000,216284
12.295438,597094.380390,0.005001,step_8,2,0.008000,0.008000,0.008000,0.006290,0.006290,0.531305,0.001447,0.001447,0.183004,216286
12.300437,597094.385497,0.004999,step_8,2,0.008000,0.008000,0.008000,0.008320,0.008320,0.511121,0.000988,0.000988,0.406176,216288
12.305438,597094.390613,0.005000,step_8,2,0.008000,0.008000,0.008000,0.006559,0.006559,0.503686,0.001555,0.001555,0.000000,216290
12.310437,597094.395747,0.005000,step_8,2,0.008000,0.008000,0.008000,0.007993,0.007993,0.489984,0.000963,0.000963,0.286767,216292
12.315440,597094.400877,0.005002,step_8,2,0.008000,0.008000,0.008000,0.007993,0.007993,0.455199,0.005909,0.005909,0.000000,216294
12.320437,597094.406031,0.004998,step_8,2,0.008000,0.008000,0.008000,0.006478,0.006478,0.434546,0.001480,0.001480,0.000000,216296
12.325439,597094.411130,0.005002,step_8,2,0.008000,0.008000,0.008000,0.007374,0.007374,0.437929,0.000996,0.000996,0.179121,216298
12.330439,597094.416213,0.005000,step_8,2,0.008000,0.008000,0.008000,0.007374,0.007374,0.456487,0.005929,0.005929,0.000000,216300
12.335440,597094.421345,0.005000,step_8,2,0.008000,0.008000,0.008000,0.006064,0.006064,0.486395,0.001415,0.001415,0.000000,216302
12.345439,597094.426475,0.009999,step_8,2,0.008000,0.008000,0.008000,0.007075,0.007075,0.556348,0.005961,0.005961,0.000000,216306
12.350438,597094.431565,0.005000,step_8,2,0.008000,0.008000,0.008000,0.006769,0.006769,0.548250,0.001485,0.001485,0.000000,216308
12.355438,597094.436694,0.004999,step_8,2,0.008000,0.008000,0.008000,0.006719,0.006719,0.484127,0.000979,0.000979,0.000000,216310
12.360437,597094.441781,0.005000,step_8,2,0.008000,0.008000,0.008000,0.007043,0.007043,0.414309,0.001569,0.001569,0.064919,216312
12.365438,597094.446920,0.005001,step_8,2,0.008000,0.008000,0.008000,0.007043,0.007043,0.442824,0.000980,0.000980,0.000000,216314
12.370438,597094.452049,0.004999,step_8,2,0.008000,0.008000,0.008000,0.007140,0.007140,0.513642,0.001512,0.001512,0.019380,216316
12.375440,597094.457139,0.005003,step_8,2,0.008000,0.008000,0.008000,0.007140,0.007140,0.552734,0.000985,0.000985,0.000000,216318
12.380438,597094.462226,0.004998,step_8,2,0.008000,0.008000,0.008000,0.008497,0.008497,0.546522,0.001590,0.001590,0.271562,216320
12.385438,597094.467311,0.005000,step_8,2,0.008000,0.008000,0.008000,0.008497,0.008497,0.510446,0.000861,0.000861,0.000000,216322
12.390439,597094.472399,0.005001,step_8,2,0.008000,0.008000,0.008000,0.006507,0.006507,0.484949,0.001442,0.001442,0.000000,216324
12.395439,597094.477618,0.005000,step_8,2,0.008000,0.008000,0.008000,0.005399,0.005399,0.437389,0.000993,0.000993,0.000000,216326
12.400439,597094.482820,0.005001,step_8,2,0.008000,0.008000,0.008000,0.007693,0.007693,0.375699,0.001618,0.001618,0.458652,216328
12.405437,597094.487928,0.004998,step_8,2,0.008000,0.008000,0.008000,0.006023,0.006023,0.364236,0.001105,0.001105,0.000000,216330
12.410437,597094.493047,0.005000,step_8,2,0.008000,0.008000,0.008000,0.005630,0.005630,0.413529,0.001569,0.001569,0.000000,216332
12.415437,597094.498198,0.005000,step_8,2,0.008000,0.008000,0.008000,0.004010,0.004010,0.454647,0.000955,0.000955,0.000000,216334
12.420439,597094.503321,0.005002,step_8,2,0.008000,0.008000,0.008000,0.005700,0.005700,0.473591,0.001516,0.001516,0.337898,216336
12.425437,597094.508473,0.004998,step_8,2,0.008000,0.008000,0.008000,0.006863,0.006863,0.506616,0.001049,0.001049,0.232599,216338
12.430439,597094.513614,0.005002,step_8,2,0.008000,0.008000,0.008000,0.006863,0.006863,0.543136,0.005990,0.005990,0.000000,216340
12.435942,597094.518726,0.005503,step_8,2,0.008000,0.008000,0.008000,0.007343,0.007343,0.556276,0.001756,0.001756,0.087271,216342
12.441280,597094.523954,0.005338,step_8,2,0.008000,0.008000,0.008000,0.005968,0.005968,0.552546,0.001660,0.001660,0.000000,216344
12.446682,597094.529044,0.005402,step_8,2,0.008000,0.008000,0.008000,0.010061,0.010061,0.525193,0.002636,0.002636,0.757688,216346
12.452139,597094.534241,0.005458,step_8,2,0.008000,0.008000,0.008000,0.008597,0.008597,0.501648,0.002568,0.002568,0.000000,216348
12.456491,597094.539466,0.004352,step_8,2,0.008000,0.008000,0.008000,0.007511,0.007511,0.517727,0.002541,0.002541,0.000000,216350
12.461919,597094.544641,0.005427,step_8,2,0.008000,0.008000,0.008000,0.007862,0.007862,0.498022,0.002546,0.002546,0.064518,216352
12.466655,597094.549885,0.004736,step_8,2,0.008000,0.008000,0.008000,0.008269,0.008269,0.442901,0.001764,0.001764,0.085949,216354
12.470852,597094.555050,0.004197,step_8,2,0.008000,0.008000,0.008000,0.007984,0.007984,0.438354,0.001561,0.001561,0.000000,216356
12.475438,597094.560136,0.004586,step_8,2,0.008000,0.008000,0.008000,0.007432,0.007432,0.467706,0.000675,0.000675,0.000000,216358
12.480438,597094.565239,0.005000,step_8,2,0.008000,0.008000,0.008000,0.009931,0.009931,0.501635,0.001399,0.001399,0.499738,216360
12.485439,597094.570342,0.005001,step_8,2,0.008000,0.008000,0.008000,0.009931,0.009931,0.529765,0.006301,0.006301,0.000000,216362
12.490437,597094.575448,0.004999,step_8,2,0.008000,0.008000,0.008000,0.008311,0.008311,0.508239,0.001494,0.001494,0.000000,216364
12.495437,597094.580554,0.005000,step_8,2,0.008000,0.008000,0.008000,0.007750,0.007750,0.461413,0.001209,0.001209,0.000000,216366
12.500439,597094.585673,0.005002,step_8,2,0.008000,0.008000,0.008000,0.007750,0.007750,0.437553,0.006121,0.006121,0.000000,216368
12.505437,597094.590781,0.004998,step_8,2,0.008000,0.008000,0.008000,0.009291,0.009291,0.452040,0.001419,0.001419,0.308453,216370
12.510440,597094.595890,0.005003,step_8,2,0.008000,0.008000,0.008000,0.008832,0.008832,0.446958,0.000994,0.000994,0.000000,216372
12.515437,597094.600998,0.004997,step_8,2,0.008000,0.008000,0.008000,0.008832,0.008832,0.405259,0.005898,0.005898,0.000000,216374
12.520437,597094.606100,0.005000,step_8,2,0.008000,0.008000,0.008000,0.007823,0.007823,0.428917,0.001409,0.001409,0.000000,216376
12.525437,597094.611192,0.005001,step_8,2,0.008000,0.008000,0.008000,0.007823,0.007823,0.413203,0.001039,0.001039,0.000000,216378
12.530438,597094.616310,0.005000,step_8,2,0.008000,0.008000,0.008000,0.007823,0.007823,0.332522,0.005983,0.005983,0.000000,216380
12.540438,597094.621431,0.010000,rest,2,0.000000,0.000000,0.000000,0.008405,0.008405,0.318383,0.006270,0.006270,0.000000,216384
12.540438,597094.626522,0.000001,rest,2,0.000000,0.000000,0.000000,0.008405,0.008405,0.318383,0.006270,0.006270,0.000000,216384
12.550438,597094.631618,0.010000,rest,2,0.000000,0.000000,0.000000,0.007095,0.007095,0.441378,0.000972,0.000972,0.631242,216388
12.555437,597094.636713,0.005000,rest,2,0.000000,0.000000,0.000000,0.007095,0.007095,0.393793,0.005872,0.005872,0.000000,216390
12.560437,597094.641808,0.005000,rest,2,0.000000,0.000000,0.000000,0.007959,0.007959,0.387676,0.001443,0.001443,0.172679,216392
12.565438,597094.646901,0.005000,rest,2,0.000000,0.000000,0.000000,0.007959,0.007959,0.402687,0.006363,0.006363,0.000000,216394
12.570437,597094.651999,0.004999,rest,2,0.000000,0.000000,0.000000,0.005582,0.005582,0.437093,0.001487,0.001487,0.000000,216396
12.575438,597094.657096,0.005000,rest,2,0.000000,0.000000,0.000000,0.001911,0.001911,0.435367,0.001043,0.001043,0.000000,216398
12.580438,597094.662191,0.005000,rest,2,0.000000,0.000000,0.000000,0.001911,0.001911,0.388472,0.005979,0.005979,0.000000,216400
12.585438,597094.667283,0.005000,rest,2,0.000000,0.000000,0.000000,0.001164,0.001164,0.252354,0.001420,0.001420,0.000000,216402
12.590438,597094.672373,0.005000,rest,2,0.000000,0.000000,0.000000,0.001164,0.001164,0.070773,0.006365,0.006365,0.000000,216404
12.595437,597094.677468,0.004999,rest,2,0.000000,0.000000,0.000000,-0.000268,-0.000268,0.190067,0.001433,0.001433,0.000000,216406
12.600438,597094.682618,0.005002,rest,2,0.000000,0.000000,0.000000,0.000153,0.000153,0.478705,0.000929,0.000929,0.084144,216408
12.605438,597094.687722,0.004999,rest,2,0.000000,0.000000,0.000000,0.001165,0.001165,0.566509,0.001454,0.001454,0.202345,216410
12.610437,597094.692828,0.005000,rest,2,0.000000,0.000000,0.000000,0.000076,0.000076,0.500418,0.001048,0.001048,0.000000,216412
12.615438,597094.697930,0.005001,rest,2,0.000000,0.000000,0.000000,0.000076,0.000076,0.431220,0.005970,0.005970,0.000000,216414
12.620438,597094.703048,0.005000,rest,2,0.000000,0.000000,0.000000,-0.000000,-0.000000,0.429635,0.001231,0.001231,0.000000,216416
12.625439,597094.708155,0.005001,rest,2,0.000000,0.000000,0.000000,-0.000000,-0.000000,0.462500,0.006164,0.006164,0.000000,216418
12.630438,597094.713270,0.005000,rest,2,0.000000,0.000000,0.000000,-0.000322,-0.000322,0.508295,0.001503,0.001503,0.000000,216420
12.635437,597094.718375,0.004999,rest,2,0.000000,0.000000,0.000000,-0.000000,-0.000000,0.560679,0.000975,0.000975,0.064401,216422
12.640437,597094.723488,0.005001,rest,2,0.000000,0.000000,0.000000,-0.000000,-0.000000,0.587369,0.005902,0.005902,0.000000,216424
12.645439,597094.728598,0.005001,rest,2,0.000000,0.000000,0.000000,-0.000000,-0.000000,0.576309,0.001538,0.001538,0.000014,216426
12.650438,597094.733705,0.004999,rest,2,0.000000,0.000000,0.000000,0.001165,0.001165,0.533285,0.000930,0.000930,0.233042,216428
12.655437,597094.738810,0.005000,rest,2,0.000000,0.000000,0.000000,0.001165,0.001165,0.498637,0.005860,0.005860,0.000000,216430
12.660437,597094.743921,0.005000,rest,2,0.000000,0.000000,0.000000,0.000000,0.000000,0.451717,0.004831,0.004831,0.000000,216432
12.665441,597094.749027,0.005004,rest,2,0.000000,0.000000,0.000000,-0.000850,-0.000850,0.440172,0.001482,0.001482,0.000000,216434
12.670437,597094.754129,0.004997,rest,2,0.000000,0.000000,0.000000,-0.000850,-0.000850,0.466755,0.001123,0.001123,0.000000,216436
12.675437,597094.759243,0.005000,rest,2,0.000000,0.000000,0.000000,-0.000850,-0.000850,0.471137,0.006051,0.006051,0.000000,216438
12.680438,597094.764352,0.005001,rest,2,0.000000,0.000000,0.000000,0.000000,0.000000,0.441675,0.001598,0.001598,0.169981,216440
12.685447,597094.769462,0.005009,rest,2,0.000000,0.000000,0.000000,0.000000,0.000000,0.400769,0.000969,0.000969,0.000004,216442
12.690439,597094.774571,0.004992,rest,2,0.000000,0.000000,0.000000,0.000000,0.000000,0.385724,0.005884,0.005884,0.000000,216444
12.695438,597094.779678,0.004999,rest,2,0.000000,0.000000,0.000000,0.000000,0.000000,0.408910,0.001540,0.001540,0.000038,216446
12.700437,597094.784785,0.004999,rest,2,0.000000,0.000000,0.000000,0.000000,0.000000,0.445929,0.000971,0.000971,0.000018,216448
12.705437,597094.789893,0.005000,rest,2,0.000000,0.000000,0.000000,0.000000,0.000000,0.459144,0.005893,0.005893,0.000000,216450
12.710438,597094.795011,0.005001,rest,2,0.000000,0.000000,0.000000,-0.000425,-0.000425,0.478144,0.004834,0.004834,0.000000,216452
12.715439,597094.800140,0.005001,rest,2,0.000000,0.000000,0.000000,-0.000451,-0.000451,0.488939,0.001519,0.001519,0.000000,216454
12.720448,597094.805275,0.005009,rest,2,0.000000,0.000000,0.000000,-0.000425,-0.000425,0.497167,0.001180,0.001180,0.005276,216456
12.725438,597094.810384,0.004990,rest,2,0.000000,0.000000,0.000000,-0.000425,-0.000425,0.515240,0.006048,0.006048,0.000000,216458
12.730438,597094.815530,0.005000,rest,2,0.000000,0.000000,0.000000,-0.000850,-0.000850,0.538344,0.004717,0.004717,0.000000,216460
12.735437,597094.820689,0.005000,rest,2,0.000000,0.000000,0.000000,-0.000397,-0.000397,0.515099,0.001036,0.001036,0.090615,216462
12.740438,597094.825907,0.005001,rest,2,0.000000,0.000000,0.000000,-0.000397,-0.000397,0.479410,0.001504,0.001504,0.000026,216464
12.745438,597094.831134,0.005001,rest,2,0.000000,0.000000,0.000000,-0.000397,-0.000397,0.486291,0.006440,0.006440,0.000000,216466
12.750439,597094.836239,0.005000,rest,2,0.000000,0.000000,0.000000,0.000534,0.000534,0.492662,0.001055,0.001055,0.186189,216468
12.755437,597094.841388,0.004998,rest,2,0.000000,0.000000,0.000000,0.000001,0.000001,0.491314,0.001525,0.001525,0.000000,216470
12.761376,597094.846515,0.005939,rest,2,0.000000,0.000000,0.000000,0.000001,0.000001,0.462670,0.001949,0.001949,0.000005,216472
12.770437,597094.851641,0.009061,rest,2,0.000000,0.000000,0.000000,0.000563,0.000563,0.451230,0.000967,0.000967,0.000000,216476
12.775438,597094.856775,0.005001,rest,2,0.000000,0.000000,0.000000,0.000563,0.000563,0.441763,0.005919,0.005919,0.000000,216478
12.780440,597094.861893,0.005001,rest,2,0.000000,0.000000,0.000000,0.000589,0.000589,0.485349,0.001500,0.001500,0.005281,216480
12.785438,597094.867059,0.004998,rest,2,0.000000,0.000000,0.000000,0.000509,0.000509,0.555967,0.001127,0.001127,0.000000,216482
12.790438,597094.872154,0.005001,rest,2,0.000000,0.000000,0.000000,0.000509,0.000509,0.591949,0.006039,0.006039,0.000000,216484
12.795438,597094.877296,0.004999,rest,2,0.000000,0.000000,0.000000,0.000589,0.000589,0.571658,0.001463,0.001463,0.016147,216486
12.800438,597094.882403,0.005001,rest,2,0.000000,0.000000,0.000000,0.001439,0.001439,0.521714,0.000885,0.000885,0.170003,216488
12.805440,597094.887527,0.005002,rest,2,0.000000,0.000000,0.000000,0.001440,0.001440,0.487537,0.001454,0.001454,0.000018,216490
12.810438,597094.892741,0.004998,rest,2,0.000000,0.000000,0.000000,-0.000423,-0.000423,0.477019,0.000968,0.000968,0.000000,216492
12.815438,597094.897941,0.005000,rest,2,0.000000,0.000000,0.000000,-0.000423,-0.000423,0.486305,0.005922,0.005922,0.000000,216494
12.820438,597094.903091,0.005000,rest,2,0.000000,0.000000,0.000000,0.000590,0.000590,0.466014,0.001484,0.001484,0.202654,216496
12.825437,597094.908190,0.004999,rest,2,0.000000,0.000000,0.000000,0.000960,0.000960,0.440176,0.000941,0.000941,0.074082,216498
12.830439,597094.913293,0.005002,rest,2,0.000000,0.000000,0.000000,0.000960,0.000960,0.436534,0.005898,0.005898,0.000000,216500
12.835448,597094.918401,0.005009,rest,2,0.000000,0.000000,0.000000,0.000988,0.000988,0.433534,0.001408,0.001408,0.005664,216502
12.840438,597094.923520,0.004990,rest,2,0.000000,0.000000,0.000000,0.000436,0.000436,0.426280,0.001016,0.001016,0.000000,216504
12.845438,597094.928646,0.005000,rest,2,0.000000,0.000000,0.000000,0.000436,0.000436,0.418004,0.005995,0.005995,0.000000,216506
12.850438,597094.933850,0.004999,rest,2,0.000000,0.000000,0.000000,0.000989,0.000989,0.417216,0.001371,0.001371,0.110446,216508
12.855438,597094.939021,0.005000,rest,2,0.000000,0.000000,0.000000,0.000989,0.000989,0.420245,0.006302,0.006302,0.000000,216510
12.860437,597094.944232,0.005000,rest,2,0.000000,0.000000,0.000000,0.000862,0.000862,0.432184,0.001533,0.001533,0.000000,216512
12.865438,597094.949362,0.005001,rest,2,0.000000,0.000000,0.000000,-0.000043,-0.000043,0.444537,0.001125,0.001125,0.000000,216514
12.871184,597094.954510,0.005746,rest,2,0.000000,0.000000,0.000000,0.000536,0.000536,0.451646,0.001341,0.001341,0.100684,216516
12.876319,597094.959635,0.005135,rest,2,0.000000,0.000000,0.000000,0.000913,0.000913,0.457776,0.001896,0.001896,0.073407,216518
12.881023,597094.964751,0.004704,rest,2,0.000000,0.000000,0.000000,0.000836,0.000836,0.493831,0.001915,0.001915,0.000000,216520
12.885437,597094.969889,0.004414,rest,2,0.000000,0.000000,0.000000,-0.000651,-0.000651,0.524255,0.000813,0.000813,0.000000,216522
12.890438,597094.974970,0.005001,rest,2,0.000000,0.000000,0.000000,0.001338,0.001338,0.482100,0.001421,0.001421,0.397736,216524
12.896162,597094.980077,0.005724,rest,2,0.000000,0.000000,0.000000,0.000591,0.000591,0.464411,0.001676,0.001676,0.000000,216526
12.901079,597094.985223,0.004917,rest,2,0.000000,0.000000,0.000000,0.000204,0.000204,0.467119,0.002159,0.002159,0.000000,216528
12.905437,597094.990304,0.004359,rest,2,0.000000,0.000000,0.000000,-0.000068,-0.000068,0.449020,0.001051,0.001051,0.000000,216530
12.911019,597094.995445,0.005581,rest,2,0.000000,0.000000,0.000000,-0.000912,-0.000912,0.445576,0.001160,0.001160,0.000000,216532
12.915909,597095.000609,0.004890,rest,2,0.000000,0.000000,0.000000,0.001288,0.001288,0.442670,0.001626,0.001626,0.449913,216534
12.920437,597095.005736,0.004528,rest,2,0.000000,0.000000,0.000000,0.000335,0.000335,0.459598,0.000473,0.000473,0.000000,216536
12.925437,597095.010849,0.005000,rest,2,0.000000,0.000000,0.000000,-0.001156,-0.001156,0.486631,0.001079,0.001079,0.000000,216538
12.930439,597095.015928,0.005002,rest,2,0.000000,0.000000,0.000000,-0.001156,-0.001156,0.500405,0.006034,0.006034,0.000000,216540
12.935437,597095.021025,0.004998,rest,2,0.000000,0.000000,0.000000,-0.000382,-0.000382,0.492932,0.001152,0.001152,0.154755,216542
12.940439,597095.026209,0.005002,rest,2,0.000000,0.000000,0.000000,-0.000382,-0.000382,0.474634,0.006091,0.006091,0.000000,216544
12.950438,597095.031366,0.009999,rest,2,0.000000,0.000000,0.000000,-0.000301,-0.000301,0.479460,0.006337,0.006337,0.000000,216548
12.955437,597095.036516,0.004999,rest,2,0.000000,0.000000,0.000000,0.000201,0.000201,0.488141,0.001448,0.001448,0.100377,216550
12.960437,597095.041616,0.005000,rest,2,0.000000,0.000000,0.000000,0.000124,0.000124,0.489740,0.001078,0.001078,0.000000,216552
12.965437,597095.046859,0.005000,rest,2,0.000000,0.000000,0.000000,0.000124,0.000124,0.482421,0.006012,0.006012,0.000000,216554
12.970437,597095.051966,0.005000,rest,2,0.000000,0.000000,0.000000,0.001366,0.001366,0.468439,0.004825,0.004825,0.248287,216556
12.975439,597095.057098,0.005002,rest,2,0.000000,0.000000,0.000000,0.000783,0.000783,0.452868,0.001437,0.001437,0.000000,216558
12.980440,597095.062192,0.005001,rest,2,0.000000,0.000000,0.000000,0.000783,0.000783,0.446740,0.006404,0.006404,0.000000,216560
12.985438,597095.067294,0.004998,rest,2,0.000000,0.000000,0.000000,0.000124,0.000124,0.440330,0.001394,0.001394,0.000000,216562
12.990437,597095.072397,0.005000,rest,2,0.000000,0.000000,0.000000,0.000124,0.000124,0.433776,0.006308,0.006308,0.000000,216564
12.995438,597095.077541,0.005001,rest,2,0.000000,0.000000,0.000000,-0.000681,-0.000681,0.451254,0.004849,0.004849,0.000000,216566
13.000438,597095.082642,0.005000,rest,2,0.000000,0.000000,0.000000,-0.001052,-0.001052,0.473901,0.001417,0.001417,0.000000,216568
13.005437,597095.087778,0.004999,rest,2,0.000000,0.000000,0.000000,-0.001052,-0.001052,0.478364,0.006349,0.006349,0.000000,216570
13.010438,597095.092875,0.005001,rest,2,0.000000,0.000000,0.000000,-0.000681,-0.000681,0.463622,0.001491,0.001491,0.074176,216572
13.015438,597095.097966,0.005000,rest,2,0.000000,0.000000,0.000000,-0.000456,-0.000456,0.452656,0.001018,0.001018,0.044860,216574
13.020446,597095.103032,0.005008,rest,2,0.000000,0.000000,0.000000,-0.000456,-0.000456,0.460630,0.005948,0.005948,0.000000,216576
13.025438,597095.108120,0.004993,rest,2,0.000000,0.000000,0.000000,-0.000579,-0.000579,0.474922,0.001441,0.001441,0.000000,216578
13.030439,597095.113206,0.005001,rest,2,0.000000,0.000000,0.000000,0.000865,0.000865,0.475389,0.001044,0.001044,0.288790,216580
13.035438,597095.118290,0.004999,rest,2,0.000000,0.000000,0.000000,0.000865,0.000865,0.458584,0.005986,0.005986,0.000000,216582
13.040437,597095.123432,0.004999,step_8,2,-0.008000,-0.008000,-0.008000,0.000964,0.000964,0.471389,0.001464,0.001464,0.019744,216584
13.045437,597095.128571,0.005000,step_8,2,-0.008000,-0.008000,-0.008000,0.001367,0.001367,0.480522,0.001094,0.001094,0.080586,216586
13.050909,597095.133703,0.005472,step_8,2,-0.008000,-0.008000,-0.008000,0.000203,0.000203,0.470242,0.001094,0.001094,0.000000,216588
13.056377,597095.138819,0.005468,step_8,2,-0.008000,-0.008000,-0.008000,0.000436,0.000436,0.467345,0.002060,0.002060,0.042694,216590
13.056377,597095.143935,0.000001,step_8,2,-0.008000,-0.008000,-0.008000,0.000436,0.000436,0.467345,0.002060,0.002060,0.042694,216590
13.062030,597095.149081,0.005653,step_8,2,-0.008000,-0.008000,-0.008000,0.000964,0.000964,0.474174,0.002166,0.002166,0.093365,216592
13.067753,597095.154153,0.005723,step_8,2,-0.008000,-0.008000,-0.008000,-0.000974,-0.000974,0.487441,0.003412,0.003412,0.000000,216594
13.072501,597095.159228,0.004747,step_8,2,-0.008000,-0.008000,-0.008000,0.001367,0.001367,0.469689,0.002708,0.002708,0.493104,216596
13.078088,597095.164299,0.005587,step_8,2,-0.008000,-0.008000,-0.008000,-0.000378,-0.000378,0.436132,0.002822,0.002822,0.000000,216598
13.083933,597095.169439,0.005845,step_8,2,-0.008000,-0.008000,-0.008000,-0.002098,-0.002098,0.427631,0.003091,0.003091,0.000000,216600
13.089480,597095.174552,0.005547,step_8,2,-0.008000,-0.008000,-0.008000,-0.003134,-0.003134,0.398790,0.003187,0.003187,0.000000,216602
13.094972,597095.179673,0.005492,step_8,2,-0.008000,-0.008000,-0.008000,-0.003311,-0.003311,0.311966,0.003205,0.003205,0.000000,216604
13.100028,597095.184785,0.005056,step_8,2,-0.008000,-0.008000,-0.008000,-0.005561,-0.005561,0.306428,0.003852,0.003852,0.000000,216606
13.104330,597095.189868,0.004302,step_8,2,-0.008000,-0.008000,-0.008000,-0.006749,-0.006749,0.359568,0.002603,0.002603,0.000000,216608
13.113163,597095.194995,0.008833,step_8,2,-0.008000,-0.008000,-0.008000,-0.007304,-0.007304,0.332804,0.001447,0.001447,0.000000,216612
13.117398,597095.200084,0.004235,step_8,2,-0.008000,-0.008000,-0.008000,-0.009306,-0.009306,0.365639,0.001288,0.001288,0.000000,216614
13.121675,597095.205155,0.004277,step_8,2,-0.008000,-0.008000,-0.008000,-0.009306,-0.009306,0.399366,0.005495,0.005495,0.000000,216616
13.125946,597095.210227,0.004271,step_8,2,-0.008000,-0.008000,-0.008000,-0.010237,-0.010237,0.401731,0.004115,0.004115,0.000000,216618
13.130437,597095.215298,0.004491,step_8,2,-0.008000,-0.008000,-0.008000,-0.009124,-0.009124,0.388116,0.004195,0.004195,0.247697,216620
13.135438,597095.220414,0.005001,step_8,2,-0.008000,-0.008000,-0.008000,-0.009225,-0.009225,0.398791,0.003564,0.003564,0.000000,216622
13.140439,597095.225556,0.005001,step_8,2,-0.008000,-0.008000,-0.008000,-0.009225,-0.009225,0.421842,0.004076,0.004076,0.000027,216624
13.145439,597095.230685,0.005000,step_8,2,-0.008000,-0.008000,-0.008000,-0.009148,-0.009148,0.443570,0.003523,0.003523,0.015419,216626
13.150438,597095.235779,0.004999,step_8,2,-0.008000,-0.008000,-0.008000,-0.007984,-0.007984,0.467278,0.003970,0.003970,0.232735,216628
13.155438,597095.240874,0.005000,step_8,2,-0.008000,-0.008000,-0.008000,-0.007984,-0.007984,0.494064,0.003401,0.003401,0.000006,216630
13.160438,597095.246003,0.005000,step_8,2,-0.008000,-0.008000,-0.008000,-0.009684,-0.009684,0.535817,0.004004,0.004004,0.000000,216632
13.165439,597095.251091,0.005001,step_8,2,-0.008000,-0.008000,-0.008000,-0.011702,-0.011702,0.518114,0.003525,0.003525,0.000000,216634
13.170437,597095.256222,0.004998,step_8,2,-0.008000,-0.008000,-0.008000,-0.011478,-0.011478,0.434931,0.004163,0.004163,0.044911,216636
13.175438,597095.261326,0.005001,step_8,2,-0.008000,-0.008000,-0.008000,-0.012664,-0.012664,0.403938,0.003591,0.003591,0.000000,216638
13.180438,597095.266535,0.004999,step_8,2,-0.008000,-0.008000,-0.008000,-0.012340,-0.012340,0.402936,0.004213,0.004213,0.064927,216640
13.190437,597095.271648,0.010000,step_8,2,-0.008000,-0.008000,-0.008000,-0.010675,-0.010675,0.495266,0.004328,0.004328,0.036186,216644
13.195438,597095.276791,0.005000,step_8,2,-0.008000,-0.008000,-0.008000,-0.011682,-0.011682,0.496496,0.003846,0.003846,0.000000,216646
13.200437,597095.281915,0.005000,step_8,2,-0.008000,-0.008000,-0.008000,-0.008963,-0.008963,0.467775,0.004341,0.004341,0.543776,216648
13.205437,597095.287035,0.005000,step_8,2,-0.008000,-0.008000,-0.008000,-0.010275,-0.010275,0.445533,0.003758,0.003758,0.000000,216650
13.210438,597095.292143,0.005000,step_8,2,-0.008000,-0.008000,-0.008000,-0.011033,-0.011033,0.431797,0.004274,0.004274,0.000000,216652
13.215438,597095.297226,0.005001,step_8,2,-0.008000,-0.008000,-0.008000,-0.010232,-0.010232,0.444672,0.003753,0.003753,0.160280,216654
13.220437,597095.302341,0.004999,step_8,2,-0.008000,-0.008000,-0.008000,-0.010256,-0.010256,0.483004,0.004279,0.004279,0.000000,216656
13.225437,597095.307441,0.005000,step_8,2,-0.008000,-0.008000,-0.008000,-0.011475,-0.011475,0.527175,0.003700,0.003700,0.000000,216658
13.230439,597095.312599,0.005002,step_8,2,-0.008000,-0.008000,-0.008000,-0.009805,-0.009805,0.529777,0.004260,0.004260,0.333833,216660
13.235438,597095.317832,0.005000,step_8,2,-0.008000,-0.008000,-0.008000,-0.009681,-0.009681,0.511199,0.003685,0.003685,0.024797,216662
13.240438,597095.323093,0.004999,step_8,2,-0.008000,-0.008000,-0.008000,-0.007238,-0.007238,0.512367,0.004199,0.004199,0.488782,216664
13.245438,597095.328200,0.005000,step_8,2,-0.008000,-0.008000,-0.008000,-0.009708,-0.009708,0.529078,0.003631,0.003631,0.000000,216666
13.250438,597095.333303,0.005000,step_8,2,-0.008000,-0.008000,-0.008000,-0.007218,-0.007218,0.564307,0.004224,0.004224,0.497945,216668
13.255437,597095.338449,0.004999,step_8,2,-0.008000,-0.008000,-0.008000,-0.007218,-0.007218,0.540051,0.003681,0.003681,0.000007,216670
13.260438,597095.343532,0.005001,step_8,2,-0.008000,-0.008000,-0.008000,-0.005636,-0.005636,0.507407,0.004268,0.004268,0.316359,216672
13.265437,597095.348655,0.004999,step_8,2,-0.008000,-0.008000,-0.008000,-0.005636,-0.005636,0.535803,0.003730,0.003730,0.000006,216674
13.270437,597095.353751,0.005000,step_8,2,-0.008000,-0.008000,-0.008000,-0.006282,-0.006282,0.570649,0.004227,0.004227,0.000000,216676
13.275438,597095.358905,0.005001,step_8,2,-0.008000,-0.008000,-0.008000,-0.005120,-0.005120,0.557311,0.002673,0.002673,0.232545,216678
13.280438,597095.364025,0.005000,step_8,2,-0.008000,-0.008000,-0.008000,-0.004968,-0.004968,0.496661,0.003226,0.003226,0.030254,216680
13.285438,597095.369175,0.005000,step_8,2,-0.008000,-0.008000,-0.008000,-0.004968,-0.004968,0.452030,0.002692,0.002692,0.000002,216682
13.290438,597095.374283,0.005000,step_8,2,-0.008000,-0.008000,-0.008000,-0.006231,-0.006231,0.433194,0.003194,0.003194,0.000000,216684
13.295437,597095.379497,0.004999,step_8,2,-0.008000,-0.008000,-0.008000,-0.004198,-0.004198,0.424384,0.002698,0.002698,0.406629,216686
13.300438,597095.384671,0.005000,step_8,2,-0.008000,-0.008000,-0.008000,-0.004680,-0.004680,0.425781,0.003215,0.003215,0.000000,216688
13.305437,597095.389775,0.004999,step_8,2,-0.008000,-0.008000,-0.008000,-0.007132,-0.007132,0.462107,0.002616,0.002616,0.000000,216690
13.310443,597095.394865,0.005006,step_8,2,-0.008000,-0.008000,-0.008000,-0.006782,-0.006782,0.456489,0.003312,0.003312,0.069921,216692
13.315450,597095.399961,0.005007,step_8,2,-0.008000,-0.008000,-0.008000,-0.006700,-0.006700,0.433512,0.002741,0.002741,0.016388,216694
13.320438,597095.405101,0.004988,step_8,2,-0.008000,-0.008000,-0.008000,-0.007281,-0.007281,0.458030,0.003138,0.003138,0.000000,216696
13.325437,597095.410201,0.005000,step_8,2,-0.008000,-0.008000,-0.008000,-0.006530,-0.006530,0.490686,0.002572,0.002572,0.150250,216698
13.330439,597095.415281,0.005001,step_8,2,-0.008000,-0.008000,-0.008000,-0.008795,-0.008795,0.488698,0.003079,0.003079,0.000000,216700
13.335438,597095.420418,0.005000,step_8,2,-0.008000,-0.008000,-0.008000,-0.007812,-0.007812,0.458618,0.002543,0.002543,0.196476,216702
13.340439,597095.425533,0.005000,step_8,2,-0.008000,-0.008000,-0.008000,-0.009603,-0.009603,0.439894,0.003084,0.003084,0.000000,216704
13.345438,597095.430654,0.004999,step_8,2,-0.008000,-0.008000,-0.008000,-0.008096,-0.008096,0.426998,0.002583,0.002583,0.301393,216706
13.350439,597095.435786,0.005001,step_8,2,-0.008000,-0.008000,-0.008000,-0.007714,-0.007714,0.431169,0.003142,0.003142,0.076338,216708
13.355437,597095.440865,0.004998,step_8,2,-0.008000,-0.008000,-0.008000,-0.009070,-0.009070,0.455656,0.002598,0.002598,0.000000,216710
13.360438,597095.445950,0.005001,step_8,2,-0.008000,-0.008000,-0.008000,-0.008655,-0.008655,0.467721,0.003195,0.003195,0.083131,216712
13.365437,597095.451039,0.005000,step_8,2,-0.008000,-0.008000,-0.008000,-0.008694,-0.008694,0.417681,0.002713,0.002713,0.000000,216714
13.370438,597095.456166,0.005001,step_8,2,-0.008000,-0.008000,-0.008000,-0.007877,-0.007877,0.423722,0.003242,0.003242,0.163416,216716
13.375438,597095.461317,0.005000,step_8,2,-0.008000,-0.008000,-0.008000,-0.007943,-0.007943,0.492792,0.002757,0.002757,0.000000,216718
13.380438,597095.466440,0.005000,step_8,2,-0.008000,-0.008000,-0.008000,-0.009785,-0.009785,0.540473,0.003366,0.003366,0.000000,216720
13.390438,597095.471562,0.009999,step_8,2,-0.008000,-0.008000,-0.008000,-0.007330,-0.007330,0.589100,0.003259,0.003259,0.520243,216724
13.395438,597095.476684,0.005001,step_8,2,-0.008000,-0.008000,-0.008000,-0.009147,-0.009147,0.535209,0.002781,0.002781,0.000000,216726
13.400450,597095.481827,0.005012,step_8,2,-0.008000,-0.008000,-0.008000,-0.008197,-0.008197,0.497232,0.003360,0.003360,0.189501,216728
13.405437,597095.486973,0.004987,step_8,2,-0.008000,-0.008000,-0.008000,-0.008237,-0.008237,0.493070,0.002637,0.002637,0.000000,216730
13.410437,597095.492052,0.005000,step_8,2,-0.008000,-0.008000,-0.008000,-0.006805,-0.006805,0.492602,0.003224,0.003224,0.286598,216732
13.415440,597095.497183,0.005003,step_8,2,-0.008000,-0.008000,-0.008000,-0.006805,-0.006805,0.506415,0.002636,0.002636,0.000000,216734
13.420450,597095.502319,0.005010,step_8,2,-0.008000,-0.008000,-0.008000,-0.007259,-0.007259,0.494556,0.003133,0.003133,0.000000,216736
13.425437,597095.507477,0.004987,step_8,2,-0.008000,-0.008000,-0.008000,-0.007259,-0.007259,0.453641,0.002513,0.002513,0.000000,216738
13.430437,597095.512597,0.005000,step_8,2,-0.008000,-0.008000,-0.008000,-0.007631,-0.007631,0.470112,0.003033,0.003033,0.000000,216740
13.435754,597095.517746,0.005317,step_8,2,-0.008000,-0.008000,-0.008000,-0.008009,-0.008009,0.525447,0.002818,0.002818,0.000000,216742
13.440442,597095.522863,0.004688,step_8,2,-0.008000,-0.008000,-0.008000,-0.008631,-0.008631,0.535166,0.002957,0.002957,0.000000,216744
13.445442,597095.528040,0.004999,step_8,2,-0.008000,-0.008000,-0.008000,-0.007180,-0.007180,0.493138,0.003523,0.003523,0.290308,216746
13.450438,597095.533159,0.004996,step_8,2,-0.008000,-0.008000,-0.008000,-0.006191,-0.006191,0.475720,0.002978,0.002978,0.197929,216748
13.455437,597095.538283,0.005000,step_8,2,-0.008000,-0.008000,-0.008000,-0.007145,-0.007145,0.502812,0.002474,0.002474,0.000000,216750
13.460438,597095.543433,0.005001,step_8,2,-0.008000,-0.008000,-0.008000,-0.005770,-0.005770,0.517535,0.003083,0.003083,0.275050,216752
13.465443,597095.548540,0.005005,step_8,2,-0.008000,-0.008000,-0.008000,-0.006328,-0.006328,0.508235,0.002579,0.002579,0.000000,216754
13.470438,597095.553666,0.004996,step_8,2,-0.008000,-0.008000,-0.008000,-0.007203,-0.007203,0.489306,0.003184,0.003184,0.000000,216756
13.475446,597095.558799,0.005007,step_8,2,-0.008000,-0.008000,-0.008000,-0.006254,-0.006254,0.486641,0.002814,0.002814,0.189549,216758
13.480443,597095.563918,0.004997,step_8,2,-0.008000,-0.008000,-0.008000,-0.007105,-0.007105,0.490857,0.003286,0.003286,0.000000,216760
13.485437,597095.569046,0.004994,step_8,2,-0.008000,-0.008000,-0.008000,-0.004539,-0.004539,0.472976,0.002658,0.002658,0.513745,216762
13.490445,597095.574168,0.005007,step_8,2,-0.008000,-0.008000,-0.008000,-0.005847,-0.005847,0.491639,0.003351,0.003351,0.000000,216764
13.495443,597095.579269,0.004998,step_8,2,-0.008000,-0.008000,-0.008000,-0.005797,-0.005797,0.520063,0.002822,0.002822,0.010056,216766
13.500443,597095.584381,0.005000,step_8,2,-0.008000,-0.008000,-0.008000,-0.005871,-0.005871,0.502224,0.003238,0.003238,0.000000,216768
13.505437,597095.589530,0.004995,step_8,2,-0.008000,-0.008000,-0.008000,-0.006013,-0.006013,0.475880,0.002633,0.002633,0.000000,216770
13.510439,597095.594653,0.005001,step_8,2,-0.008000,-0.008000,-0.008000,-0.006426,-0.006426,0.465201,0.003188,0.003188,0.000000,216772
13.515439,597095.599776,0.005000,step_8,2,-0.008000,-0.008000,-0.008000,-0.007501,-0.007501,0.475703,0.002645,0.002645,0.000000,216774
13.520438,597095.604897,0.004999,step_8,2,-0.008000,-0.008000,-0.008000,-0.008091,-0.008091,0.473201,0.003198,0.003198,0.000000,216776
13.525438,597095.610016,0.005001,step_8,2,-0.008000,-0.008000,-0.008000,-0.007466,-0.007466,0.454315,0.002660,0.002660,0.125066,216778
13.530440,597095.615194,0.005002,step_8,2,-0.008000,-0.008000,-0.008000,-0.008604,-0.008604,0.447694,0.003224,0.003224,0.000000,216780
13.535437,597095.620305,0.004997,step_8,2,-0.008000,-0.008000,-0.008000,-0.009290,-0.009290,0.447323,0.002662,0.002662,0.000000,216782
13.540449,597095.625418,0.005012,step_8,2,-0.008000,-0.008000,-0.008000,-0.009573,-0.009573,0.448388,0.003214,0.003214,0.000000,216784
13.545464,597095.630652,0.005014,step_8,2,-0.008000,-0.008000,-0.008000,-0.007520,-0.007520,0.452772,0.002736,0.002736,0.409466,216786
13.550561,597095.635852,0.005098,step_8,2,-0.008000,-0.008000,-0.008000,-0.008019,-0.008019,0.446001,0.003348,0.003348,0.000000,216788
13.555437,597095.641063,0.004876,step_8,2,-0.008000,-0.008000,-0.008000,-0.008326,-0.008326,0.457054,0.002576,0.002576,0.000000,216790
13.560443,597095.646170,0.005006,step_8,2,-0.008000,-0.008000,-0.008000,-0.008024,-0.008024,0.530425,0.003270,0.003270,0.060260,216792
13.570437,597095.651366,0.009994,step_8,2,-0.008000,-0.008000,-0.008000,-0.010180,-0.010180,0.507740,0.003147,0.003147,0.000000,216796
13.575438,597095.656516,0.005001,step_8,2,-0.008000,-0.008000,-0.008000,-0.008702,-0.008702,0.444324,0.002611,0.002611,0.295446,216798
13.580437,597095.661714,0.005000,step_8,2,-0.008000,-0.008000,-0.008000,-0.008703,-0.008703,0.412223,0.003211,0.003211,0.000000,216800
13.585438,597095.666927,0.005000,step_8,2,-0.008000,-0.008000,-0.008000,-0.009989,-0.009989,0.446086,0.002630,0.002630,0.000000,216802
13.590437,597095.672135,0.005000,step_8,2,-0.008000,-0.008000,-0.008000,-0.009989,-0.009989,0.518692,0.003196,0.003196,0.000000,216804
13.595437,597095.677349,0.005000,step_8,2,-0.008000,-0.008000,-0.008000,-0.006215,-0.006215,0.551861,0.002717,0.002717,0.754736,216806
13.600439,597095.682494,0.005002,step_8,2,-0.008000,-0.008000,-0.008000,-0.006215,-0.006215,0.527152,0.003263,0.003263,0.000000,216808
13.605437,597095.687714,0.004999,step_8,2,-0.008000,-0.008000,-0.008000,-0.005465,-0.005465,0.517703,0.002683,0.002683,0.150062,216810
13.610438,597095.692868,0.005000,step_8,2,-0.008000,-0.008000,-0.008000,-0.006316,-0.006316,0.544623,0.003189,0.003189,0.000000,216812
13.615438,597095.698099,0.005000,step_8,2,-0.008000,-0.008000,-0.008000,-0.005890,-0.005890,0.576153,0.002682,0.002682,0.085140,216814
13.620438,597095.703204,0.005000,step_8,2,-0.008000,-0.008000,-0.008000,-0.004590,-0.004590,0.588279,0.003276,0.003276,0.259995,216816
13.625438,597095.708407,0.005000,step_8,2,-0.008000,-0.008000,-0.008000,-0.006043,-0.006043,0.557842,0.002749,0.002749,0.000000,216818
13.630438,597095.713548,0.005000,step_8,2,-0.008000,-0.008000,-0.008000,-0.004665,-0.004665,0.489104,0.003318,0.003318,0.275608,216820
13.635438,597095.718750,0.005000,step_8,2,-0.008000,-0.008000,-0.008000,-0.007847,-0.007847,0.457255,0.002793,0.002793,0.000000,216822
13.640437,597095.723889,0.005000,step_8,2,-0.008000,-0.008000,-0.008000,-0.005936,-0.005936,0.446017,0.003275,0.003275,0.382101,216824
13.645438,597095.729110,0.005000,step_8,2,-0.008000,-0.008000,-0.008000,-0.005340,-0.005340,0.463345,0.002744,0.002744,0.119198,216826
13.650438,597095.734317,0.005000,step_8,2,-0.008000,-0.008000,-0.008000,-0.005594,-0.005594,0.510492,0.003270,0.003270,0.000000,216828
13.655437,597095.739429,0.005000,step_8,2,-0.008000,-0.008000,-0.008000,-0.004257,-0.004257,0.518393,0.002659,0.002659,0.267518,216830
13.660438,597095.744565,0.005000,step_8,2,-0.008000,-0.008000,-0.008000,-0.005473,-0.005473,0.528370,0.003224,0.003224,0.000000,216832
13.665438,597095.749829,0.005000,step_8,2,-0.008000,-0.008000,-0.008000,-0.006884,-0.006884,0.513778,0.002692,0.002692,0.000000,216834
13.670437,597095.755054,0.004999,step_8,2,-0.008000,-0.008000,-0.008000,-0.004895,-0.004895,0.454547,0.003102,0.003102,0.397897,216836
13.675437,597095.760179,0.005000,step_8,2,-0.008000,-0.008000,-0.008000,-0.002720,-0.002720,0.445047,0.003422,0.003422,0.435018,216838
13.680438,597095.765286,0.005000,step_8,2,-0.008000,-0.008000,-0.008000,-0.004805,-0.004805,0.496736,0.003030,0.003030,0.000000,216840
13.685438,597095.770392,0.005000,step_8,2,-0.008000,-0.008000,-0.008000,-0.007636,-0.007636,0.558136,0.003367,0.003367,0.000000,216842
13.690439,597095.775563,0.005001,step_8,2,-0.008000,-0.008000,-0.008000,-0.007206,-0.007206,0.537392,0.002837,0.002837,0.085972,216844
13.695437,597095.780768,0.004998,step_8,2,-0.008000,-0.008000,-0.008000,-0.007784,-0.007784,0.444949,0.003429,0.003429,0.000000,216846
13.700437,597095.785969,0.005001,step_8,2,-0.008000,-0.008000,-0.008000,-0.009048,-0.009048,0.394688,0.003033,0.003033,0.000000,216848
13.705437,597095.791044,0.005000,step_8,2,-0.008000,-0.008000,-0.008000,-0.009200,-0.009200,0.400286,0.002538,0.002538,0.000000,216850
13.710437,597095.796148,0.005001,step_8,2,-0.008000,-0.008000,-0.008000,-0.008441,-0.008441,0.414567,0.003157,0.003157,0.151826,216852
13.715437,597095.801252,0.005000,step_8,2,-0.008000,-0.008000,-0.008000,-0.007637,-0.007637,0.421970,0.002643,0.002643,0.160750,216854
13.720437,597095.806357,0.005000,step_8,2,-0.008000,-0.008000,-0.008000,-0.009501,-0.009501,0.433175,0.003270,0.003270,0.000000,216856
13.730437,597095.811463,0.010000,step_8,2,-0.008000,-0.008000,-0.008000,-0.008976,-0.008976,0.461704,0.003490,0.003490,0.110701,216860
13.735437,597095.816664,0.005000,step_8,2,-0.008000,-0.008000,-0.008000,-0.009050,-0.009050,0.454190,0.003082,0.003082,0.000000,216862
13.740437,597095.821866,0.005000,step_8,2,-0.008000,-0.008000,-0.008000,-0.009050,-0.009050,0.481811,0.002534,0.002534,0.000000,216864
13.745438,597095.827105,0.005000,step_8,2,-0.008000,-0.008000,-0.008000,-0.008407,-0.008407,0.527477,0.003181,0.003181,0.128627,216866
13.750438,597095.832207,0.005000,step_8,2,-0.008000,-0.008000,-0.008000,-0.008407,-0.008407,0.558725,0.002645,0.002645,0.000000,216868
13.755437,597095.837315,0.005000,step_8,2,-0.008000,-0.008000,-0.008000,-0.007942,-0.007942,0.541456,0.003118,0.003118,0.093034,216870
13.760438,597095.842579,0.005000,step_8,2,-0.008000,-0.008000,-0.008000,-0.007942,-0.007942,0.502290,0.002615,0.002615,0.000000,216872
13.765438,597095.847768,0.005001,step_8,2,-0.008000,-0.008000,-0.008000,-0.008453,-0.008453,0.502288,0.003119,0.003119,0.000000,216874
13.770437,597095.852970,0.004999,step_8,2,-0.008000,-0.008000,-0.008000,-0.007552,-0.007552,0.532370,0.002561,0.002561,0.180158,216876
13.775438,597095.858089,0.005001,step_8,2,-0.008000,-0.008000,-0.008000,-0.007271,-0.007271,0.538650,0.003071,0.003071,0.056266,216878
13.780438,597095.863203,0.005000,step_8,2,-0.008000,-0.008000,-0.008000,-0.006951,-0.006951,0.541154,0.002540,0.002540,0.063861,216880
13.785438,597095.868310,0.005001,step_8,2,-0.008000,-0.008000,-0.008000,-0.006862,-0.006862,0.574583,0.003103,0.003103,0.017965,216882
13.790437,597095.873424,0.004999,step_8,2,-0.008000,-0.008000,-0.008000,-0.006545,-0.006545,0.593954,0.002524,0.002524,0.063242,216884
13.795438,597095.878596,0.005000,step_8,2,-0.008000,-0.008000,-0.008000,-0.007057,-0.007057,0.552775,0.003050,0.003050,0.000000,216886
13.800437,597095.883734,0.005000,step_8,2,-0.008000,-0.008000,-0.008000,-0.006971,-0.006971,0.477300,0.002458,0.002458,0.017131,216888
13.805437,597095.888820,0.005000,step_8,2,-0.008000,-0.008000,-0.008000,-0.005391,-0.005391,0.455989,0.002992,0.002992,0.315914,216890
13.810446,597095.893921,0.005009,step_8,2,-0.008000,-0.008000,-0.008000,-0.007934,-0.007934,0.481520,0.002625,0.002625,0.000000,216892
13.815443,597095.899039,0.004998,step_8,2,-0.008000,-0.008000,-0.008000,-0.005536,-0.005536,0.496642,0.003151,0.003151,0.479944,216894
13.820437,597095.904173,0.004994,step_8,2,-0.008000,-0.008000,-0.008000,-0.006998,-0.006998,0.514509,0.003306,0.003306,0.000000,216896
13.825438,597095.909282,0.005001,step_8,2,-0.008000,-0.008000,-0.008000,-0.007145,-0.007145,0.534849,0.002783,0.002783,0.000000,216898
13.830440,597095.914387,0.005001,step_8,2,-0.008000,-0.008000,-0.008000,-0.007559,-0.007559,0.534261,0.003341,0.003341,0.000000,216900
13.835438,597095.919543,0.004998,step_8,2,-0.008000,-0.008000,-0.008000,-0.008136,-0.008136,0.498891,0.002754,0.002754,0.000000,216902
13.840438,597095.924652,0.005000,step_8,2,-0.008000,-0.008000,-0.008000,-0.007107,-0.007107,0.493924,0.003287,0.003287,0.205768,216904
13.845437,597095.929845,0.005000,step_8,2,-0.008000,-0.008000,-0.008000,-0.009689,-0.009689,0.541777,0.002805,0.002805,0.000000,216906
13.850443,597095.935050,0.005005,step_8,2,-0.008000,-0.008000,-0.008000,-0.008946,-0.008946,0.528062,0.003551,0.003551,0.148392,216908
13.855437,597095.940183,0.004994,step_8,2,-0.008000,-0.008000,-0.008000,-0.008548,-0.008548,0.469682,0.002900,0.002900,0.079783,216910
13.860437,597095.945290,0.005000,step_8,2,-0.008000,-0.008000,-0.008000,-0.008122,-0.008122,0.467883,0.003293,0.003293,0.085050,216912
13.865442,597095.950417,0.005004,step_8,2,-0.008000,-0.008000,-0.008000,-0.007589,-0.007589,0.493500,0.002772,0.002772,0.106588,216914
13.870437,597095.955526,0.004996,step_8,2,-0.008000,-0.008000,-0.008000,-0.006471,-0.006471,0.500255,0.003258,0.003258,0.223702,216916
13.875437,597095.960731,0.005000,step_8,2,-0.008000,-0.008000,-0.008000,-0.006299,-0.006299,0.548542,0.002803,0.002803,0.034455,216918
13.880437,597095.965953,0.005000,step_8,2,-0.008000,-0.008000,-0.008000,-0.008751,-0.008751,0.617989,0.003395,0.003395,0.000000,216920
13.885437,597095.971232,0.005000,step_8,2,-0.008000,-0.008000,-0.008000,-0.008141,-0.008141,0.652882,0.002962,0.002962,0.122142,216922
13.890438,597095.976339,0.005001,step_8,2,-0.008000,-0.008000,-0.008000,-0.006711,-0.006711,0.625114,0.002463,0.002463,0.285829,216924
13.900438,597095.981442,0.010000,step_8,2,-0.008000,-0.008000,-0.008000,-0.005245,-0.005245,0.489171,0.002568,0.002568,0.000000,216928
13.905437,597095.986602,0.004999,step_8,2,-0.008000,-0.008000,-0.008000,-0.006340,-0.006340,0.489363,0.003199,0.003199,0.000000,216930
13.910437,597095.991804,0.005000,step_8,2,-0.008000,-0.008000,-0.008000,-0.006340,-0.006340,0.473955,0.002727,0.002727,0.000000,216932
13.915437,597095.996999,0.005000,step_8,2,-0.008000,-0.008000,-0.008000,-0.005736,-0.005736,0.422592,0.003302,0.003302,0.120746,216934
13.920437,597096.002148,0.005000,step_8,2,-0.008000,-0.008000,-0.008000,-0.004686,-0.004686,0.429191,0.002823,0.002823,0.210001,216936
13.920437,597096.007260,0.000001,step_8,2,-0.008000,-0.008000,-0.008000,-0.004686,-0.004686,0.429191,0.002823,0.002823,0.210001,216936
13.925437,597096.012364,0.005000,step_8,2,-0.008000,-0.008000,-0.008000,-0.007303,-0.007303,0.503669,0.003420,0.003420,0.000000,216938
13.931137,597096.017508,0.005699,step_8,2,-0.008000,-0.008000,-0.008000,-0.006277,-0.006277,0.543891,0.003712,0.003712,0.180079,216940
13.936731,597096.022613,0.005594,step_8,2,-0.008000,-0.008000,-0.008000,-0.006350,-0.006350,0.528809,0.003735,0.003735,0.000000,216942
13.947019,597096.027807,0.010288,step_8,2,-0.008000,-0.008000,-0.008000,-0.005386,-0.005386,0.507191,0.005007,0.005007,0.000000,216946
13.951051,597096.033031,0.004032,step_8,2,-0.008000,-0.008000,-0.008000,-0.007177,-0.007177,0.513946,0.003558,0.003558,0.000000,216948
13.955437,597096.038172,0.004386,step_8,2,-0.008000,-0.008000,-0.008000,-0.006587,-0.006587,0.519416,0.003476,0.003476,0.134443,216950
13.955437,597096.043277,0.000001,step_8,2,-0.008000,-0.008000,-0.008000,-0.006587,-0.006587,0.519416,0.003476,0.003476,0.134443,216950
13.961063,597096.048380,0.005626,step_8,2,-0.008000,-0.008000,-0.008000,-0.007404,-0.007404,0.513756,0.003591,0.003591,0.000000,216952
13.966805,597096.053521,0.005742,step_8,2,-0.008000,-0.008000,-0.008000,-0.006481,-0.006481,0.508879,0.003778,0.003778,0.160835,216954
13.977146,597096.058732,0.010341,step_8,2,-0.008000,-0.008000,-0.008000,-0.007009,-0.007009,0.561126,0.005091,0.005091,0.000000,216958
13.981457,597096.063849,0.004310,step_8,2,-0.008000,-0.008000,-0.008000,-0.006580,-0.006580,0.534656,0.003968,0.003968,0.099650,216960
13.985707,597096.068962,0.004251,step_8,2,-0.008000,-0.008000,-0.008000,-0.009269,-0.009269,0.485034,0.003687,0.003687,0.000000,216962
13.990438,597096.074166,0.004731,step_8,2,-0.008000,-0.008000,-0.008000,-0.009487,-0.009487,0.476410,0.002897,0.002897,0.000000,216964
13.995438,597096.079271,0.005000,step_8,2,-0.008000,-0.008000,-0.008000,-0.008032,-0.008032,0.481011,0.003377,0.003377,0.291070,216966
14.000437,597096.084377,0.005000,step_8,2,-0.008000,-0.008000,-0.008000,-0.008225,-0.008225,0.507830,0.002730,0.002730,0.000000,216968
14.005437,597096.089541,0.005000,step_8,2,-0.008000,-0.008000,-0.008000,-0.008348,-0.008348,0.548980,0.003221,0.003221,0.000000,216970
14.010437,597096.094737,0.005000,step_8,2,-0.008000,-0.008000,-0.008000,-0.008825,-0.008825,0.572957,0.002682,0.002682,0.000000,216972
14.015437,597096.099992,0.005000,step_8,2,-0.008000,-0.008000,-0.008000,-0.007665,-0.007665,0.598237,0.003213,0.003213,0.232082,216974
14.020437,597096.105167,0.005000,step_8,2,-0.008000,-0.008000,-0.008000,-0.007249,-0.007249,0.624182,0.002649,0.002649,0.083075,216976
14.025438,597096.110375,0.005000,step_8,2,-0.008000,-0.008000,-0.008000,-0.007559,-0.007559,0.631782,0.003199,0.003199,0.000000,216978
14.030438,597096.115615,0.005000,step_8,2,-0.008000,-0.008000,-0.008000,-0.007709,-0.007709,0.609126,0.002640,0.002640,0.000000,216980
14.035437,597096.120829,0.005000,step_8,2,-0.008000,-0.008000,-0.008000,-0.005996,-0.005996,0.565852,0.003095,0.003095,0.342604,216982
14.040438,597096.125935,0.005001,rest,2,0.000000,0.000000,0.000000,-0.004846,-0.004846,0.550728,0.002533,0.002533,0.229955,216984
14.045437,597096.131192,0.004999,rest,2,0.000000,0.000000,0.000000,-0.005017,-0.005017,0.539877,0.003028,0.003028,0.000000,216986
14.050437,597096.136300,0.005000,rest,2,0.000000,0.000000,0.000000,-0.005017,-0.005017,0.525454,0.002519,0.002519,0.000000,216988
14.055437,597096.141411,0.005000,rest,2,0.000000,0.000000,0.000000,-0.007049,-0.007049,0.518438,0.003022,0.003022,0.000000,216990
14.065438,597096.146555,0.010000,rest,2,0.000000,0.000000,0.000000,-0.005435,-0.005435,0.503078,0.002952,0.002952,0.322731,216994
14.070437,597096.151764,0.005000,rest,2,0.000000,0.000000,0.000000,-0.005596,-0.005596,0.471737,0.003440,0.003440,0.000000,216996
14.075438,597096.156964,0.005001,rest,2,0.000000,0.000000,0.000000,-0.007245,-0.007245,0.460259,0.002920,0.002920,0.000000,216998
14.080437,597096.162237,0.005000,rest,2,0.000000,0.000000,0.000000,-0.005426,-0.005426,0.446703,0.003460,0.003460,0.363774,217000
14.085437,597096.167342,0.005000,rest,2,0.000000,0.000000,0.000000,0.000869,0.000869,0.431688,0.002840,0.002840,1.259099,217002
14.090437,597096.172484,0.005000,rest,2,0.000000,0.000000,0.000000,-0.001222,-0.001222,0.568810,0.003348,0.003348,0.000000,217004
14.095439,597096.177698,0.005002,rest,2,0.000000,0.000000,0.000000,-0.001724,-0.001724,0.820347,0.002831,0.002831,0.000000,217006
14.100438,597096.182851,0.004999,rest,2,0.000000,0.000000,0.000000,-0.000488,-0.000488,0.919074,0.003338,0.003338,0.247075,217008
14.105437,597096.187995,0.004999,rest,2,0.000000,0.000000,0.000000,0.001278,0.001278,0.744787,0.002751,0.002751,0.353380,217010
14.110437,597096.193151,0.005000,rest,2,0.000000,0.000000,0.000000,-0.000647,-0.000647,0.495614,0.003313,0.003313,0.000000,217012
14.115447,597096.198254,0.005009,rest,2,0.000000,0.000000,0.000000,0.001277,0.001277,0.442871,0.002811,0.002811,0.384176,217014
14.120437,597096.203361,0.004990,rest,2,0.000000,0.000000,0.000000,-0.000444,-0.000444,0.514139,0.003338,0.003338,0.000000,217016
14.125438,597096.208668,0.005001,rest,2,0.000000,0.000000,0.000000,0.000426,0.000426,0.588308,0.002811,0.002811,0.173945,217018
14.130437,597096.213867,0.004999,rest,2,0.000000,0.000000,0.000000,0.000702,0.000702,0.627766,0.003291,0.003291,0.055271,217020
14.135437,597096.219138,0.005000,rest,2,0.000000,0.000000,0.000000,0.000851,0.000851,0.595584,0.002608,0.002608,0.029802,217022
14.140437,597096.224244,0.005000,rest,2,0.000000,0.000000,0.000000,0.000425,0.000425,0.522152,0.003207,0.003207,0.000000,217024
14.145437,597096.229379,0.005000,rest,2,0.000000,0.000000,0.000000,-0.000001,-0.000001,0.479174,0.002756,0.002756,0.000000,217026
14.150438,597096.234520,0.005001,rest,2,0.000000,0.000000,0.000000,0.000425,0.000425,0.466988,0.003338,0.003338,0.085079,217028
14.155437,597096.239728,0.004999,rest,2,0.000000,0.000000,0.000000,-0.000001,-0.000001,0.479921,0.002907,0.002907,0.000000,217030
14.160437,597096.244950,0.005000,rest,2,0.000000,0.000000,0.000000,0.000425,0.000425,0.522208,0.003480,0.003480,0.085154,217032
14.165439,597096.250090,0.005002,rest,2,0.000000,0.000000,0.000000,-0.000001,-0.000001,0.537711,0.003124,0.003124,0.000000,217034
14.170438,597096.255227,0.004998,rest,2,0.000000,0.000000,0.000000,0.000424,0.000424,0.523012,0.002727,0.002727,0.085153,217036
14.175438,597096.260333,0.005000,rest,2,0.000000,0.000000,0.000000,-0.000002,-0.000002,0.541777,0.003234,0.003234,0.000000,217038
14.180438,597096.265462,0.005000,rest,2,0.000000,0.000000,0.000000,0.000424,0.000424,0.577593,0.002809,0.002809,0.085207,217040
14.185438,597096.270615,0.005000,rest,2,0.000000,0.000000,0.000000,0.000424,0.000424,0.594167,0.003409,0.003409,0.000014,217042
14.190438,597096.275822,0.005000,rest,2,0.000000,0.000000,0.000000,-0.000002,-0.000002,0.601310,0.002951,0.002951,0.000000,217044
14.195438,597096.280948,0.005000,rest,2,0.000000,0.000000,0.000000,-0.000002,-0.000002,0.581070,0.002480,0.002480,0.000000,217046
14.200438,597096.286170,0.005000,rest,2,0.000000,0.000000,0.000000,0.000424,0.000424,0.555541,0.003166,0.003166,0.085197,217048
14.205437,597096.291274,0.004999,rest,2,0.000000,0.000000,0.000000,0.000424,0.000424,0.562533,0.002688,0.002688,0.000000,217050
14.215437,597096.296378,0.010000,rest,2,0.000000,0.000000,0.000000,-0.000001,-0.000001,0.518402,0.002866,0.002866,0.000071,217054
14.220437,597096.301523,0.005000,rest,2,0.000000,0.000000,0.000000,-0.000002,-0.000002,0.504441,0.003446,0.003446,0.000000,217056
14.225438,597096.306631,0.005000,rest,2,0.000000,0.000000,0.000000,-0.000002,-0.000002,0.508241,0.002953,0.002953,0.000029,217058
14.230438,597096.311735,0.005000,rest,2,0.000000,0.000000,0.000000,-0.000002,-0.000002,0.489539,0.002520,0.002520,0.000028,217060
14.235438,597096.316947,0.005000,rest,2,0.000000,0.000000,0.000000,-0.000002,-0.000002,0.473108,0.003140,0.003140,0.000000,217062
14.235438,597096.322102,0.000001,rest,2,0.000000,0.000000,0.000000,-0.000002,-0.000002,0.473108,0.003140,0.003140,0.000000,217062
14.245868,597096.327213,0.010430,rest,2,0.000000,0.000000,0.000000,-0.000002,-0.000002,0.505668,0.003693,0.003693,0.000000,217066
14.250437,597096.332319,0.004569,rest,2,0.000000,0.000000,0.000000,0.000849,0.000849,0.522116,0.002739,0.002739,0.186361,217068
14.255437,597096.337427,0.005000,rest,2,0.000000,0.000000,0.000000,-0.000002,-0.000002,0.540949,0.003247,0.003247,0.000000,217070
14.260438,597096.342575,0.005001,rest,2,0.000000,0.000000,0.000000,-0.000002,-0.000002,0.564294,0.002687,0.002687,0.000000,217072
14.265438,597096.347785,0.005000,rest,2,0.000000,0.000000,0.000000,0.000850,0.000850,0.560241,0.003268,0.003268,0.170372,217074
14.270437,597096.352906,0.004999,rest,2,0.000000,0.000000,0.000000,0.000022,0.000022,0.536019,0.002631,0.002631,0.000000,217076
14.275438,597096.358059,0.005001,rest,2,0.000000,0.000000,0.000000,-0.000467,-0.000467,0.531698,0.003077,0.003077,0.000000,217078
14.280438,597096.363162,0.005000,rest,2,0.000000,0.000000,0.000000,-0.000130,-0.000130,0.552810,0.002539,0.002539,0.067561,217080
14.285437,597096.368282,0.004999,rest,2,0.000000,0.000000,0.000000,-0.000002,-0.000002,0.555536,0.003057,0.003057,0.025579,217082
14.290438,597096.373422,0.005000,rest,2,0.000000,0.000000,0.000000,0.000022,0.000022,0.537512,0.002450,0.002450,0.004816,217084
14.295437,597096.378562,0.005000,rest,2,0.000000,0.000000,0.000000,-0.000066,-0.000066,0.512198,0.002986,0.002986,0.000000,217086
14.300437,597096.383679,0.005000,rest,2,0.000000,0.000000,0.000000,-0.000619,-0.000619,0.491084,0.003472,0.003472,0.000000,217088
14.305437,597096.388805,0.005000,rest,2,0.000000,0.000000,0.000000,0.000022,0.000022,0.482402,0.002936,0.002936,0.128309,217090
14.310438,597096.394021,0.005000,rest,2,0.000000,0.000000,0.000000,-0.000002,-0.000002,0.481698,0.003449,0.003449,0.000000,217092
14.315437,597096.399142,0.005000,rest,2,0.000000,0.000000,0.000000,-0.000957,-0.000957,0.490860,0.002948,0.002948,0.000000,217094
14.320437,597096.404260,0.005000,rest,2,0.000000,0.000000,0.000000,-0.000531,-0.000531,0.519439,0.003385,0.003385,0.085171,217096
14.325438,597096.409433,0.005001,rest,2,0.000000,0.000000,0.000000,0.000874,0.000874,0.557911,0.002855,0.002855,0.280978,217098
14.330439,597096.414574,0.005001,rest,2,0.000000,0.000000,0.000000,0.000022,0.000022,0.542603,0.003263,0.003263,0.000000,217100
14.335437,597096.419782,0.004998,rest,2,0.000000,0.000000,0.000000,0.000874,0.000874,0.508937,0.002713,0.002713,0.170395,217102
14.340437,597096.424909,0.005000,rest,2,0.000000,0.000000,0.000000,0.000020,0.000020,0.512800,0.003264,0.003264,0.000000,217104
14.345437,597096.430036,0.005000,rest,2,0.000000,0.000000,0.000000,0.000019,0.000019,0.536200,0.002754,0.002754,0.000000,217106
14.350438,597096.435161,0.005001,rest,2,0.000000,0.000000,0.000000,-0.000957,-0.000957,0.545870,0.003336,0.003336,0.000000,217108
14.355437,597096.440278,0.004999,rest,2,0.000000,0.000000,0.000000,-0.000956,-0.000956,0.525998,0.002746,0.002746,0.000035,217110
14.360437,597096.445384,0.005000,rest,2,0.000000,0.000000,0.000000,0.000424,0.000424,0.509995,0.003246,0.003246,0.276141,217112
14.365437,597096.450505,0.005000,rest,2,0.000000,0.000000,0.000000,-0.000467,-0.000467,0.531741,0.002734,0.002734,0.000000,217114
14.370437,597096.455635,0.005000,rest,2,0.000000,0.000000,0.000000,-0.001446,-0.001446,0.535278,0.003227,0.003227,0.000000,217116
14.375437,597096.460839,0.005000,rest,2,0.000000,0.000000,0.000000,-0.000491,-0.000491,0.506524,0.002698,0.002698,0.191025,217118
14.380438,597096.465990,0.005000,rest,2,0.000000,0.000000,0.000000,-0.000406,-0.000406,0.510207,0.003273,0.003273,0.016972,217120
14.385437,597096.471114,0.005000,rest,2,0.000000,0.000000,0.000000,-0.000002,-0.000002,0.529783,0.002707,0.002707,0.080938,217122
14.390437,597096.476228,0.005000,rest,2,0.000000,0.000000,0.000000,-0.000956,-0.000956,0.509611,0.003271,0.003271,0.000000,217124
14.395437,597096.481334,0.005000,rest,2,0.000000,0.000000,0.000000,0.000023,0.000023,0.484384,0.002719,0.002719,0.195856,217126
14.405437,597096.486481,0.010000,rest,2,0.000000,0.000000,0.000000,-0.001960,-0.001960,0.533951,0.002670,0.002670,0.000000,217130
14.410437,597096.491636,0.005000,rest,2,0.000000,0.000000,0.000000,-0.001470,-0.001470,0.538929,0.003204,0.003204,0.097989,217132
14.415437,597096.496834,0.005000,rest,2,0.000000,0.000000,0.000000,-0.001960,-0.001960,0.522728,0.002657,0.002657,0.000000,217134
14.420437,597096.501954,0.005000,rest,2,0.000000,0.000000,0.000000,-0.000491,-0.000491,0.530595,0.003200,0.003200,0.293774,217136
14.425438,597096.507185,0.005001,rest,2,0.000000,0.000000,0.000000,0.000108,0.000108,0.572565,0.002637,0.002637,0.119820,217138
14.430437,597096.512290,0.004999,rest,2,0.000000,0.000000,0.000000,-0.001960,-0.001960,0.608463,0.003189,0.003189,0.000000,217140
14.435437,597096.517406,0.005000,rest,2,0.000000,0.000000,0.000000,-0.000980,-0.000980,0.590656,0.002683,0.002683,0.195824,217142
14.440437,597096.522640,0.005000,rest,2,0.000000,0.000000,0.000000,0.000194,0.000194,0.557423,0.003199,0.003199,0.234792,217144
14.445438,597096.527874,0.005000,rest,2,0.000000,0.000000,0.000000,-0.000295,-0.000295,0.563373,0.002587,0.002587,0.000000,217146
14.450437,597096.532994,0.005000,rest,2,0.000000,0.000000,0.000000,-0.000466,-0.000466,0.554603,0.003150,0.003150,0.000000,217148
14.455437,597096.538126,0.005000,rest,2,0.000000,0.000000,0.000000,-0.000895,-0.000895,0.530150,0.002681,0.002681,0.000000,217150
14.460438,597096.543249,0.005001,rest,2,0.000000,0.000000,0.000000,0.000574,0.000574,0.545289,0.003247,0.003247,0.293674,217152
14.465438,597096.548354,0.005000,rest,2,0.000000,0.000000,0.000000,-0.000895,-0.000895,0.576146,0.002791,0.002791,0.000000,217154
14.470437,597096.553479,0.004999,rest,2,0.000000,0.000000,0.000000,-0.000870,-0.000870,0.556391,0.003350,0.003350,0.004936,217156
14.475438,597096.558691,0.005001,rest,2,0.000000,0.000000,0.000000,-0.000870,-0.000870,0.510846,0.002829,0.002829,0.000047,217158
14.480438,597096.563796,0.005000,rest,2,0.000000,0.000000,0.000000,-0.000332,-0.000332,0.497947,0.003492,0.003492,0.107510,217160
14.485437,597096.568918,0.004999,rest,2,0.000000,0.000000,0.000000,-0.000490,-0.000490,0.484799,0.002892,0.002892,0.000000,217162
14.490438,597096.574178,0.005001,rest,2,0.000000,0.000000,0.000000,0.000106,0.000106,0.488335,0.002394,0.002394,0.119297,217164
14.495438,597096.579282,0.005000,rest,2,0.000000,0.000000,0.000000,-0.000955,-0.000955,0.500792,0.002998,0.002998,0.000000,217166
14.500438,597096.584400,0.005000,rest,2,0.000000,0.000000,0.000000,-0.000187,-0.000187,0.529534,0.002469,0.002469,0.153640,217168
14.505437,597096.589542,0.005000,rest,2,0.000000,0.000000,0.000000,-0.000187,-0.000187,0.571689,0.003040,0.003040,0.000012,217170
14.510447,597096.594741,0.005009,rest,2,0.000000,0.000000,0.000000,-0.000319,-0.000319,0.584189,0.002564,0.002564,0.000000,217172
14.515437,597096.599976,0.004991,rest,2,0.000000,0.000000,0.000000,-0.000532,-0.000532,0.571324,0.003096,0.003096,0.000000,217174
14.520437,597096.605153,0.005000,rest,2,0.000000,0.000000,0.000000,0.001174,0.001174,0.541247,0.002555,0.002555,0.341184,217176
14.525437,597096.610281,0.005000,rest,2,0.000000,0.000000,0.000000,-0.000894,-0.000894,0.550344,0.003100,0.003100,0.000000,217178
14.530438,597096.615399,0.005001,rest,2,0.000000,0.000000,0.000000,0.001149,0.001149,0.544376,0.002755,0.002755,0.408562,217180
14.535437,597096.620524,0.004999,rest,2,0.000000,0.000000,0.000000,0.000660,0.000660,0.524440,0.003343,0.003343,0.000000,217182
14.540438,597096.625737,0.005001,rest,2,0.000000,0.000000,0.000000,-0.000319,-0.000319,0.524065,0.002852,0.002852,0.000000,217184
14.545438,597096.630975,0.005000,step_10,2,0.010000,0.010000,0.010000,0.000316,0.000316,0.489630,0.003416,0.003416,0.127012,217186
14.550438,597096.636061,0.005000,step_10,2,0.010000,0.010000,0.010000,-0.000894,-0.000894,0.455245,0.002872,0.002872,0.000000,217188
14.555437,597096.641189,0.005000,step_10,2,0.010000,0.010000,0.010000,-0.000490,-0.000490,0.459486,0.003436,0.003436,0.080778,217190
14.561079,597096.646300,0.005642,step_10,2,0.010000,0.010000,0.010000,-0.000893,-0.000893,0.494366,0.003630,0.003630,0.000000,217192
14.565437,597096.651424,0.004357,step_10,2,0.010000,0.010000,0.010000,-0.000979,-0.000979,0.507733,0.002517,0.002517,0.000000,217194
14.575438,597096.656578,0.010001,step_10,2,0.010000,0.010000,0.010000,-0.000001,-0.000001,0.525652,0.002644,0.002644,0.046584,217198
14.575438,597096.661783,0.000001,step_10,2,0.010000,0.010000,0.010000,-0.000001,-0.000001,0.525652,0.002644,0.002644,0.046584,217198
14.580438,597096.666904,0.005000,step_10,2,0.010000,0.010000,0.010000,-0.001383,-0.001383,0.525581,0.003182,0.003182,0.000000,217200
14.586057,597096.672057,0.005619,step_10,2,0.010000,0.010000,0.010000,0.001895,0.001895,0.526609,0.003289,0.003289,0.583406,217202
14.591551,597096.677171,0.005494,step_10,2,0.010000,0.010000,0.010000,0.003390,0.003390,0.569575,0.004327,0.004327,0.272113,217204
14.600583,597096.682277,0.009032,step_10,2,0.010000,0.010000,0.010000,0.007274,0.007274,0.778490,0.003344,0.003344,0.000000,217208
14.605437,597096.687450,0.004854,step_10,2,0.010000,0.010000,0.010000,0.008179,0.008179,0.883826,0.002623,0.002623,0.186514,217210
14.610438,597096.692559,0.005000,step_10,2,0.010000,0.010000,0.010000,0.009486,0.009486,0.811363,0.003218,0.003218,0.261236,217212
14.615438,597096.697711,0.005000,step_10,2,0.010000,0.010000,0.010000,0.009144,0.009144,0.648308,0.002704,0.002704,0.000000,217214
14.620437,597096.702916,0.005000,step_10,2,0.010000,0.010000,0.010000,0.008512,0.008512,0.505104,0.003081,0.003081,0.000000,217216
14.625438,597096.708139,0.005000,step_10,2,0.010000,0.010000,0.010000,0.009217,0.009217,0.467901,0.002590,0.002590,0.141090,217218
14.630838,597096.713248,0.005400,step_10,2,0.010000,0.010000,0.010000,0.012812,0.012812,0.559475,0.003559,0.003559,0.665699,217220
14.635741,597096.718353,0.004904,step_10,2,0.010000,0.010000,0.010000,0.011299,0.011299,0.598971,0.002915,0.002915,0.000000,217222
14.640437,597096.723511,0.004696,step_10,2,0.010000,0.010000,0.010000,0.011016,0.011016,0.648821,0.003163,0.003163,0.000000,217224
14.645882,597096.728718,0.005445,step_10,2,0.010000,0.010000,0.010000,0.011016,0.011016,0.689436,0.003040,0.003040,0.000003,217226
14.650844,597096.733925,0.004962,step_10,2,0.010000,0.010000,0.010000,0.012833,0.012833,0.572366,0.003493,0.003493,0.366055,217228
14.655437,597096.739051,0.004593,step_10,2,0.010000,0.010000,0.010000,0.013200,0.013200,0.423520,0.002464,0.002464,0.079935,217230
14.660438,597096.744157,0.005000,step_10,2,0.010000,0.010000,0.010000,0.010539,0.010539,0.379032,0.002979,0.002979,0.000000,217232
14.665438,597096.749299,0.005000,step_10,2,0.010000,0.010000,0.010000,0.011995,0.011995,0.401277,0.002447,0.002447,0.291223,217234
14.670438,597096.754448,0.005000,step_10,2,0.010000,0.010000,0.010000,0.012140,0.012140,0.483242,0.002998,0.002998,0.029131,217236
14.675438,597096.759574,0.005001,step_10,2,0.010000,0.010000,0.010000,0.011168,0.011168,0.571539,0.002545,0.002545,0.000000,217238
14.680448,597096.764768,0.005010,step_10,2,0.010000,0.010000,0.010000,0.011058,0.011058,0.603777,0.003114,0.003114,0.000000,217240
14.685439,597096.769916,0.004990,step_10,2,0.010000,0.010000,0.010000,0.009663,0.009663,0.650736,0.002583,0.002583,0.000000,217242
14.690449,597096.775025,0.005010,step_10,2,0.010000,0.010000,0.010000,0.010952,0.010952,0.664031,0.003178,0.003178,0.257198,217244
14.695437,597096.780229,0.004988,step_10,2,0.010000,0.010000,0.010000,0.012406,0.012406,0.595435,0.002573,0.002573,0.291480,217246
14.700438,597096.785330,0.005001,step_10,2,0.010000,0.010000,0.010000,0.010526,0.010526,0.549430,0.003173,0.003173,0.000000,217248
14.705437,597096.790433,0.004999,step_10,2,0.010000,0.010000,0.010000,0.011839,0.011839,0.548918,0.002555,0.002555,0.262516,217250
14.710437,597096.795585,0.005000,step_10,2,0.010000,0.010000,0.010000,0.012155,0.012155,0.558074,0.003137,0.003137,0.063303,217252
14.715438,597096.800711,0.005001,step_10,2,0.010000,0.010000,0.010000,0.012426,0.012426,0.527658,0.002576,0.002576,0.054153,217254
14.720437,597096.805850,0.004999,step_10,2,0.010000,0.010000,0.010000,0.011582,0.011582,0.508744,0.003092,0.003092,0.000000,217256
14.725438,597096.810964,0.005001,step_10,2,0.010000,0.010000,0.010000,0.011377,0.011377,0.518738,0.003552,0.003552,0.000000,217258
14.730439,597096.816100,0.005001,step_10,2,0.010000,0.010000,0.010000,0.012167,0.012167,0.496353,0.002926,0.002926,0.157994,217260
14.735439,597096.821204,0.005000,step_10,2,0.010000,0.010000,0.010000,0.012914,0.012914,0.458558,0.003250,0.003250,0.149527,217262
14.745441,597096.826316,0.010002,step_10,2,0.010000,0.010000,0.010000,0.010736,0.010736,0.442669,0.003071,0.003071,0.000000,217266
14.750438,597096.831462,0.004997,step_10,2,0.010000,0.010000,0.010000,0.010149,0.010149,0.444427,0.002510,0.002510,0.000000,217268
14.755438,597096.836616,0.005000,step_10,2,0.010000,0.010000,0.010000,0.011212,0.011212,0.446798,0.003018,0.003018,0.212623,217270
14.760437,597096.841815,0.005000,step_10,2,0.010000,0.010000,0.010000,0.008675,0.008675,0.460291,0.002461,0.002461,0.000000,217272
14.765437,597096.847028,0.005000,step_10,2,0.010000,0.010000,0.010000,0.010116,0.010116,0.497379,0.003003,0.003003,0.288187,217274
14.770437,597096.852304,0.005000,step_10,2,0.010000,0.010000,0.010000,0.009540,0.009540,0.541412,0.003300,0.003300,0.000000,217276
14.775438,597096.857447,0.005001,step_10,2,0.010000,0.010000,0.010000,0.007973,0.007973,0.587719,0.002773,0.002773,0.000000,217278
14.780438,597096.862594,0.005000,step_10,2,0.010000,0.010000,0.010000,0.010053,0.010053,0.641097,0.003370,0.003370,0.415967,217280
14.785438,597096.867696,0.004999,step_10,2,0.010000,0.010000,0.010000,0.010053,0.010053,0.639263,0.002826,0.002826,0.000001,217282
14.790438,597096.872875,0.005000,step_10,2,0.010000,0.010000,0.010000,0.010356,0.010356,0.571615,0.003353,0.003353,0.060510,217284
14.795438,597096.878118,0.005000,step_10,2,0.010000,0.010000,0.010000,0.008551,0.008551,0.557090,0.002969,0.002969,0.000000,217286
14.800437,597096.883334,0.004999,step_10,2,0.010000,0.010000,0.010000,0.008940,0.008940,0.550900,0.002446,0.002446,0.077676,217288
14.805437,597096.888443,0.005000,step_10,2,0.010000,0.010000,0.010000,0.010004,0.010004,0.501783,0.003039,0.003039,0.212890,217290
14.810438,597096.893606,0.005001,step_10,2,0.010000,0.010000,0.010000,0.010418,0.010418,0.479370,0.003455,0.003455,0.082751,217292
14.815437,597096.898754,0.004999,step_10,2,0.010000,0.010000,0.010000,0.009719,0.009719,0.493008,0.002968,0.002968,0.000000,217294
14.820438,597096.903951,0.005001,step_10,2,0.010000,0.010000,0.010000,0.009044,0.009044,0.495561,0.003577,0.003577,0.000000,217296
14.825437,597096.909048,0.004999,step_10,2,0.010000,0.010000,0.010000,0.008973,0.008973,0.464797,0.003134,0.003134,0.000000,217298
14.830438,597096.914240,0.005001,step_10,2,0.010000,0.010000,0.010000,0.007867,0.007867,0.450290,0.002666,0.002666,0.000000,217300
14.835437,597096.919375,0.004999,step_10,2,0.010000,0.010000,0.010000,0.009655,0.009655,0.454424,0.003203,0.003203,0.357653,217302
14.840437,597096.924503,0.005000,step_10,2,0.010000,0.010000,0.010000,0.007517,0.007517,0.466178,0.002647,0.002647,0.000000,217304
14.845437,597096.929752,0.004999,step_10,2,0.010000,0.010000,0.010000,0.007670,0.007670,0.495154,0.003249,0.003249,0.030674,217306
14.850437,597096.934928,0.005000,step_10,2,0.010000,0.010000,0.010000,0.007796,0.007796,0.523091,0.002725,0.002725,0.025252,217308
14.855443,597096.940102,0.005006,step_10,2,0.010000,0.010000,0.010000,0.009739,0.009739,0.544525,0.003437,0.003437,0.388168,217310
14.860440,597096.945283,0.004997,step_10,2,0.010000,0.010000,0.010000,0.008175,0.008175,0.592907,0.002806,0.002806,0.000000,217312
14.865440,597096.950455,0.005000,step_10,2,0.010000,0.010000,0.010000,0.010160,0.010160,0.611692,0.003161,0.003161,0.396956,217314
14.870438,597096.955628,0.004998,step_10,2,0.010000,0.010000,0.010000,0.009300,0.009300,0.569567,0.003436,0.003436,0.000000,217316
14.875523,597096.960762,0.005084,step_10,2,0.010000,0.010000,0.010000,0.009339,0.009339,0.532815,0.002893,0.002893,0.007704,217318
14.880437,597096.965888,0.004914,step_10,2,0.010000,0.010000,0.010000,0.009397,0.009397,0.530770,0.003024,0.003024,0.011859,217320
14.885437,597096.971046,0.005000,step_10,2,0.010000,0.010000,0.010000,0.009496,0.009496,0.560282,0.003173,0.003173,0.019877,217322
14.890437,597096.976150,0.005000,step_10,2,0.010000,0.010000,0.010000,0.009546,0.009546,0.589169,0.002439,0.002439,0.009836,217324
14.895437,597096.981258,0.005000,step_10,2,0.010000,0.010000,0.010000,0.009425,0.009425,0.604087,0.002991,0.002991,0.000000,217326
14.900437,597096.986358,0.005000,step_10,2,0.010000,0.010000,0.010000,0.010559,0.010559,0.589753,0.003199,0.003199,0.226764,217328
14.910437,597096.991501,0.010000,step_10,2,0.010000,0.010000,0.010000,0.010212,0.010212,0.499142,0.002935,0.002935,0.018240,217332
14.910437,597096.996609,0.000001,step_10,2,0.010000,0.010000,0.010000,0.010212,0.010212,0.499142,0.002935,0.002935,0.018240,217332
14.920437,597097.001721,0.010000,step_10,2,0.010000,0.010000,0.010000,0.011795,0.011795,0.427328,0.002672,0.002672,0.417322,217336
14.925443,597097.006831,0.005006,step_10,2,0.010000,0.010000,0.010000,0.008940,0.008940,0.434923,0.003142,0.003142,0.000000,217338
14.930438,597097.011991,0.004994,step_10,2,0.010000,0.010000,0.010000,0.009252,0.009252,0.489041,0.002685,0.002685,0.062604,217340
14.935438,597097.017127,0.005000,step_10,2,0.010000,0.010000,0.010000,0.008914,0.008914,0.552538,0.003254,0.003254,0.000000,217342
14.935438,597097.022243,0.000001,step_10,2,0.010000,0.010000,0.010000,0.008914,0.008914,0.552538,0.003254,0.003254,0.000000,217342
14.940439,597097.027357,0.005001,step_10,2,0.010000,0.010000,0.010000,0.008463,0.008463,0.582580,0.002819,0.002819,0.000000,217344
14.951089,597097.032458,0.010650,step_10,2,0.010000,0.010000,0.010000,0.008403,0.008403,0.561556,0.003504,0.003504,0.000000,217348
14.955437,597097.037567,0.004348,step_10,2,0.010000,0.010000,0.010000,0.007026,0.007026,0.499208,0.003120,0.003120,0.000000,217350
14.960438,597097.042675,0.005001,step_10,2,0.010000,0.010000,0.010000,0.008640,0.008640,0.398954,0.003543,0.003543,0.322875,217352
14.965437,597097.047776,0.004999,step_10,2,0.010000,0.010000,0.010000,0.008640,0.008640,0.368862,0.002982,0.002982,0.000000,217354
14.970450,597097.052884,0.005012,step_10,2,0.010000,0.010000,0.010000,0.008081,0.008081,0.451152,0.003413,0.003413,0.000000,217356
14.975437,597097.058205,0.004987,step_10,2,0.010000,0.010000,0.010000,0.006767,0.006767,0.554871,0.002858,0.002858,0.000000,217358
14.980439,597097.063328,0.005002,step_10,2,0.010000,0.010000,0.010000,0.008639,0.008639,0.568364,0.003444,0.003444,0.374129,217360
14.985438,597097.068493,0.004999,step_10,2,0.010000,0.010000,0.010000,0.009460,0.009460,0.582761,0.002947,0.002947,0.164266,217362
14.990439,597097.073627,0.005001,step_10,2,0.010000,0.010000,0.010000,0.008369,0.008369,0.622798,0.003519,0.003519,0.000000,217364
14.995439,597097.078754,0.005000,step_10,2,0.010000,0.010000,0.010000,0.008437,0.008437,0.588780,0.003161,0.003161,0.013469,217366
15.000438,597097.083930,0.004998,step_10,2,0.010000,0.010000,0.010000,0.010694,0.010694,0.537606,0.002689,0.002689,0.451680,217368
15.005437,597097.089066,0.005000,step_10,2,0.010000,0.010000,0.010000,0.009460,0.009460,0.486220,0.003259,0.003259,0.000000,217370
15.010438,597097.094272,0.005000,step_10,2,0.010000,0.010000,0.010000,0.010264,0.010264,0.438071,0.002789,0.002789,0.160754,217372
15.015437,597097.099386,0.004999,step_10,2,0.010000,0.010000,0.010000,0.009148,0.009148,0.457943,0.003357,0.003357,0.000000,217374
15.020437,597097.104505,0.005000,step_10,2,0.010000,0.010000,0.010000,0.011047,0.011047,0.499723,0.002907,0.002907,0.379755,217376
15.025438,597097.109682,0.005001,step_10,2,0.010000,0.010000,0.010000,0.009633,0.009633,0.512389,0.003530,0.003530,0.000000,217378
15.030439,597097.114825,0.005001,step_10,2,0.010000,0.010000,0.010000,0.011340,0.011340,0.541201,0.003080,0.003080,0.341407,217380
15.035437,597097.119993,0.004998,step_10,2,0.010000,0.010000,0.010000,0.010171,0.010171,0.568135,0.002547,0.002547,0.000000,217382
15.040439,597097.125138,0.005001,step_10,2,0.010000,0.010000,0.010000,0.011335,0.011335,0.541074,0.003141,0.003141,0.232759,217384
15.045438,597097.130243,0.004999,step_10,2,0.010000,0.010000,0.010000,0.009470,0.009470,0.493018,0.002687,0.002687,0.000000,217386
15.050437,597097.135395,0.005000,step_10,2,0.010000,0.010000,0.010000,0.011128,0.011128,0.459843,0.003251,0.003251,0.331675,217388
15.055437,597097.140511,0.005000,step_10,2,0.010000,0.010000,0.010000,0.010601,0.010601,0.449711,0.002792,0.002792,0.000000,217390
15.060438,597097.145666,0.005001,step_10,2,0.010000,0.010000,0.010000,0.010174,0.010174,0.463697,0.003401,0.003401,0.000000,217392
15.065438,597097.150808,0.005000,step_10,2,0.010000,0.010000,0.010000,0.009945,0.009945,0.507080,0.002922,0.002922,0.000000,217394
15.070439,597097.155960,0.005001,step_10,2,0.010000,0.010000,0.010000,0.010284,0.010284,0.530950,0.002460,0.002460,0.067742,217396
15.075437,597097.161119,0.004998,step_10,2,0.010000,0.010000,0.010000,0.009550,0.009550,0.526553,0.003073,0.003073,0.000000,217398
15.080438,597097.166215,0.005001,step_10,2,0.010000,0.010000,0.010000,0.010228,0.010228,0.519194,0.002636,0.002636,0.135630,217400
15.086021,597097.171293,0.005583,step_10,2,0.010000,0.010000,0.010000,0.011191,0.011191,0.470437,0.003812,0.003812,0.172576,217402
15.095437,597097.176416,0.009416,step_10,2,0.010000,0.010000,0.010000,0.010264,0.010264,0.390203,0.003309,0.003309,0.328562,217406
15.100437,597097.181521,0.005000,step_10,2,0.010000,0.010000,0.010000,0.007495,0.007495,0.394619,0.002830,0.002830,0.000000,217408
15.105437,597097.186695,0.005000,step_10,2,0.010000,0.010000,0.010000,0.007495,0.007495,0.408283,0.003427,0.003427,0.000000,217410
15.110438,597097.191835,0.005000,step_10,2,0.010000,0.010000,0.010000,0.008355,0.008355,0.440682,0.003031,0.003031,0.172043,217412
15.115438,597097.197058,0.005000,step_10,2,0.010000,0.010000,0.010000,0.008355,0.008355,0.476894,0.002532,0.002532,0.000000,217414
15.120437,597097.202215,0.004999,step_10,2,0.010000,0.010000,0.010000,0.009289,0.009289,0.543934,0.003216,0.003216,0.186847,217416
15.125437,597097.207318,0.005000,step_10,2,0.010000,0.010000,0.010000,0.009994,0.009994,0.606444,0.002757,0.002757,0.141043,217418
15.130438,597097.212473,0.005000,step_10,2,0.010000,0.010000,0.010000,0.009626,0.009626,0.574668,0.003331,0.003331,0.000000,217420
15.135439,597097.217616,0.005001,step_10,2,0.010000,0.010000,0.010000,0.008688,0.008688,0.506127,0.002954,0.002954,0.000000,217422
15.140444,597097.222838,0.005006,step_10,2,0.010000,0.010000,0.010000,0.009116,0.009116,0.446949,0.003484,0.003484,0.085560,217424
15.145438,597097.228061,0.004993,step_10,2,0.010000,0.010000,0.010000,0.010131,0.010131,0.417093,0.003104,0.003104,0.203167,217426
15.150438,597097.233164,0.005000,step_10,2,0.010000,0.010000,0.010000,0.007908,0.007908,0.449513,0.002601,0.002601,0.000000,217428
15.155437,597097.238269,0.004999,step_10,2,0.010000,0.010000,0.010000,0.007594,0.007594,0.479870,0.003260,0.003260,0.000000,217430
15.160437,597097.243377,0.005000,step_10,2,0.010000,0.010000,0.010000,0.008788,0.008788,0.537903,0.002835,0.002835,0.238815,217432
15.165437,597097.248478,0.005000,step_10,2,0.010000,0.010000,0.010000,0.009208,0.009208,0.557967,0.003412,0.003412,0.084063,217434
15.170437,597097.253617,0.005000,step_10,2,0.010000,0.010000,0.010000,0.010871,0.010871,0.508947,0.002926,0.002926,0.332710,217436
15.175438,597097.258717,0.005001,step_10,2,0.010000,0.010000,0.010000,0.008518,0.008518,0.463117,0.002498,0.002498,0.000000,217438
15.180438,597097.263941,0.005000,step_10,2,0.010000,0.010000,0.010000,0.011088,0.011088,0.416426,0.003181,0.003181,0.513955,217440
15.185437,597097.269122,0.004999,step_10,2,0.010000,0.010000,0.010000,0.007531,0.007531,0.440471,0.002731,0.002731,0.000000,217442
15.190438,597097.274208,0.005001,step_10,2,0.010000,0.010000,0.010000,0.008598,0.008598,0.493439,0.003330,0.003330,0.213393,217444
15.195438,597097.279335,0.005000,step_10,2,0.010000,0.010000,0.010000,0.007587,0.007587,0.513441,0.002906,0.002906,0.000000,217446
15.200437,597097.284493,0.004999,step_10,2,0.010000,0.010000,0.010000,0.010696,0.010696,0.526065,0.003475,0.003475,0.622053,217448
15.205437,597097.289710,0.005000,step_10,2,0.010000,0.010000,0.010000,0.009394,0.009394,0.506896,0.003095,0.003095,0.000000,217450
15.210437,597097.294859,0.005000,step_10,2,0.010000,0.010000,0.010000,0.008521,0.008521,0.471528,0.002665,0.002665,0.000000,217452
15.215437,597097.300026,0.005000,step_10,2,0.010000,0.010000,0.010000,0.009088,0.009088,0.456689,0.003160,0.003160,0.113308,217454
15.220437,597097.305174,0.005000,step_10,2,0.010000,0.010000,0.010000,0.008434,0.008434,0.461249,0.002550,0.002550,0.000000,217456
15.225440,597097.310373,0.005002,step_10,2,0.010000,0.010000,0.010000,0.008490,0.008490,0.470372,0.002986,0.002986,0.011267,217458
15.230452,597097.315524,0.005012,step_10,2,0.010000,0.010000,0.010000,0.008490,0.008490,0.471959,0.003414,0.003414,0.000000,217460
15.235437,597097.320685,0.004985,step_10,2,0.010000,0.010000,0.010000,0.007128,0.007128,0.508338,0.002801,0.002801,0.000000,217462
15.240439,597097.325820,0.005002,step_10,2,0.010000,0.010000,0.010000,0.007128,0.007128,0.528905,0.003193,0.003193,0.000000,217464
15.245438,597097.330946,0.004998,step_10,2,0.010000,0.010000,0.010000,0.009596,0.009596,0.466835,0.002631,0.002631,0.493710,217466
15.250438,597097.336062,0.005000,step_10,2,0.010000,0.010000,0.010000,0.007451,0.007451,0.418396,0.003067,0.003067,0.000000,217468
15.255457,597097.341184,0.005019,step_10,2,0.010000,0.010000,0.010000,0.006702,0.006702,0.396204,0.002761,0.002761,0.000000,217470
15.260450,597097.346302,0.004993,step_10,2,0.010000,0.010000,0.010000,0.008899,0.008899,0.372385,0.003099,0.003099,0.440126,217472
15.270437,597097.351420,0.009987,step_10,2,0.010000,0.010000,0.010000,0.007233,0.007233,0.516568,0.002973,0.002973,0.459870,217476
15.275438,597097.356534,0.005001,step_10,2,0.010000,0.010000,0.010000,0.008187,0.008187,0.518108,0.003463,0.003463,0.190919,217478
15.280438,597097.361678,0.005000,step_10,2,0.010000,0.010000,0.010000,0.007754,0.007754,0.523055,0.002945,0.002945,0.000000,217480
15.285438,597097.366841,0.005000,step_10,2,0.010000,0.010000,0.010000,0.008336,0.008336,0.543993,0.003433,0.003433,0.116266,217482
15.290442,597097.371965,0.005004,step_10,2,0.010000,0.010000,0.010000,0.008711,0.008711,0.539082,0.002774,0.002774,0.075103,217484
15.295439,597097.377183,0.004997,step_10,2,0.010000,0.010000,0.010000,0.010578,0.010578,0.522480,0.003154,0.003154,0.373493,217486
15.300438,597097.382295,0.004999,step_10,2,0.010000,0.010000,0.010000,0.008444,0.008444,0.519250,0.003354,0.003354,0.000000,217488
15.305437,597097.387468,0.004999,step_10,2,0.010000,0.010000,0.010000,0.011013,0.011013,0.503284,0.002672,0.002672,0.513851,217490
15.310437,597097.392620,0.005000,step_10,2,0.010000,0.010000,0.010000,0.008925,0.008925,0.464212,0.003199,0.003199,0.000000,217492
15.315439,597097.397736,0.005002,step_10,2,0.010000,0.010000,0.010000,0.010565,0.010565,0.425614,0.002610,0.002610,0.327709,217494
15.320438,597097.402900,0.004998,step_10,2,0.010000,0.010000,0.010000,0.008865,0.008865,0.437669,0.003092,0.003092,0.000000,217496
15.325437,597097.408022,0.005000,step_10,2,0.010000,0.010000,0.010000,0.010082,0.010082,0.486162,0.002578,0.002578,0.243479,217498
15.330437,597097.413148,0.005000,step_10,2,0.010000,0.010000,0.010000,0.008738,0.008738,0.529929,0.003023,0.003023,0.000000,217500
15.335437,597097.418274,0.005000,step_10,2,0.010000,0.010000,0.010000,0.010959,0.010959,0.561394,0.003350,0.003350,0.444292,217502
15.340438,597097.423403,0.005000,step_10,2,0.010000,0.010000,0.010000,0.009976,0.009976,0.569167,0.002579,0.002579,0.000000,217504
15.345437,597097.428560,0.005000,step_10,2,0.010000,0.010000,0.010000,0.010855,0.010855,0.538155,0.003136,0.003136,0.175813,217506
15.350842,597097.433724,0.005405,step_10,2,0.010000,0.010000,0.010000,0.011943,0.011943,0.468489,0.003047,0.003047,0.201339,217508
15.355437,597097.438851,0.004595,step_10,2,0.010000,0.010000,0.010000,0.009106,0.009106,0.412119,0.003257,0.003257,0.000000,217510
15.360437,597097.443978,0.005000,step_10,2,0.010000,0.010000,0.010000,0.012211,0.012211,0.371518,0.002818,0.002818,0.620908,217512
15.365438,597097.449052,0.005000,step_10,2,0.010000,0.010000,0.010000,0.008201,0.008201,0.338951,0.003246,0.003246,0.000000,217514
15.370437,597097.454183,0.004999,step_10,2,0.010000,0.010000,0.010000,0.008707,0.008707,0.416157,0.002661,0.002661,0.101316,217516
15.375440,597097.459307,0.005003,step_10,2,0.010000,0.010000,0.010000,0.008784,0.008784,0.549296,0.003205,0.003205,0.015331,217518
15.380438,597097.464444,0.004997,step_10,2,0.010000,0.010000,0.010000,0.007216,0.007216,0.596838,0.002638,0.002638,0.000000,217520
15.385439,597097.469562,0.005001,step_10,2,0.010000,0.010000,0.010000,0.007216,0.007216,0.598913,0.003139,0.003139,0.000000,217522
15.390438,597097.474685,0.004999,step_10,2,0.010000,0.010000,0.010000,0.008999,0.008999,0.546890,0.002608,0.002608,0.356750,217524
15.395439,597097.479831,0.005001,step_10,2,0.010000,0.010000,0.010000,0.008999,0.008999,0.446219,0.003146,0.003146,0.000000,217526
15.400438,597097.484947,0.004999,step_10,2,0.010000,0.010000,0.010000,0.009297,0.009297,0.401289,0.002607,0.002607,0.059714,217528
15.405438,597097.490154,0.005001,step_10,2,0.010000,0.010000,0.010000,0.012051,0.012051,0.384054,0.003142,0.003142,0.550719,217530
15.410438,597097.495257,0.004999,step_10,2,0.010000,0.010000,0.010000,0.009003,0.009003,0.404765,0.002579,0.002579,0.000000,217532
15.415438,597097.500410,0.005000,step_10,2,0.010000,0.010000,0.010000,0.009051,0.009051,0.449120,0.003084,0.003084,0.009612,217534
15.420437,597097.505571,0.004999,step_10,2,0.010000,0.010000,0.010000,0.007917,0.007917,0.433682,0.002542,0.002542,0.000000,217536
15.425437,597097.510713,0.005000,step_10,2,0.010000,0.010000,0.010000,0.009562,0.009562,0.419350,0.003150,0.003150,0.329018,217538
15.430479,597097.515814,0.005042,step_10,2,0.010000,0.010000,0.010000,0.008770,0.008770,0.429726,0.002652,0.002652,0.000000,217540
15.435438,597097.521016,0.004959,step_10,2,0.010000,0.010000,0.010000,0.007680,0.007680,0.455819,0.003032,0.003032,0.000000,217542
15.440438,597097.526120,0.005000,step_10,2,0.010000,0.010000,0.010000,0.009379,0.009379,0.482659,0.003524,0.003524,0.339767,217544
15.445437,597097.531214,0.004999,step_10,2,0.010000,0.010000,0.010000,0.010866,0.010866,0.506825,0.002999,0.002999,0.297490,217546
15.450437,597097.536303,0.005000,step_10,2,0.010000,0.010000,0.010000,0.010495,0.010495,0.558046,0.003213,0.003213,0.000000,217548
15.455437,597097.541451,0.005000,step_10,2,0.010000,0.010000,0.010000,0.009829,0.009829,0.604838,0.002700,0.002700,0.000000,217550
15.460440,597097.546554,0.005003,step_10,2,0.010000,0.010000,0.010000,0.010231,0.010231,0.590700,0.003122,0.003122,0.080294,217552
15.470438,597097.551649,0.009997,step_10,2,0.010000,0.010000,0.010000,0.011020,0.011020,0.400581,0.003067,0.003067,0.010493,217556
15.475439,597097.556744,0.005001,step_10,2,0.010000,0.010000,0.010000,0.008923,0.008923,0.355986,0.002511,0.002511,0.000000,217558
15.480438,597097.561848,0.005000,step_10,2,0.010000,0.010000,0.010000,0.008418,0.008418,0.378606,0.003121,0.003121,0.000000,217560
15.485437,597097.566942,0.004999,step_10,2,0.010000,0.010000,0.010000,0.007246,0.007246,0.395802,0.002603,0.002603,0.000000,217562
15.490437,597097.572032,0.005000,step_10,2,0.010000,0.010000,0.010000,0.008973,0.008973,0.393140,0.003271,0.003271,0.345413,217564
15.495437,597097.577141,0.005000,step_10,2,0.010000,0.010000,0.010000,0.008524,0.008524,0.455702,0.002796,0.002796,0.000000,217566
15.500437,597097.582223,0.005000,step_10,2,0.010000,0.010000,0.010000,0.008885,0.008885,0.525545,0.003426,0.003426,0.072159,217568
15.505438,597097.587331,0.005000,step_10,2,0.010000,0.010000,0.010000,0.009181,0.009181,0.503525,0.003043,0.003043,0.059260,217570
15.510439,597097.592497,0.005001,step_10,2,0.010000,0.010000,0.010000,0.009841,0.009841,0.459744,0.002597,0.002597,0.132008,217572
15.515437,597097.597606,0.004998,step_10,2,0.010000,0.010000,0.010000,0.010270,0.010270,0.424756,0.003225,0.003225,0.085666,217574
15.520438,597097.602738,0.005000,step_10,2,0.010000,0.010000,0.010000,0.008885,0.008885,0.424203,0.002776,0.002776,0.000000,217576
15.525438,597097.607878,0.005000,step_10,2,0.010000,0.010000,0.010000,0.009763,0.009763,0.450687,0.003415,0.003415,0.175671,217578
15.530438,597097.613008,0.005000,step_10,2,0.010000,0.010000,0.010000,0.007989,0.007989,0.468432,0.002977,0.002977,0.000000,217580
15.535439,597097.618201,0.005001,step_10,2,0.010000,0.010000,0.010000,0.009736,0.009736,0.480523,0.002562,0.002562,0.349397,217582
15.540438,597097.623318,0.004999,step_10,2,0.010000,0.010000,0.010000,0.008197,0.008197,0.493363,0.003174,0.003174,0.000000,217584
15.545437,597097.628439,0.004999,step_10,2,0.010000,0.010000,0.010000,0.008197,0.008197,0.524150,0.002721,0.002721,0.000000,217586
15.550439,597097.633551,0.005001,rest,2,0.000000,0.000000,0.000000,0.010749,0.010749,0.544587,0.003344,0.003344,0.510314,217588
15.555438,597097.638657,0.004999,rest,2,0.000000,0.000000,0.000000,0.009368,0.009368,0.497694,0.002824,0.002824,0.000000,217590
15.560437,597097.643774,0.005000,rest,2,0.000000,0.000000,0.000000,0.010824,0.010824,0.449312,0.003218,0.003218,0.291244,217592
15.565438,597097.648886,0.005001,rest,2,0.000000,0.000000,0.000000,0.009419,0.009419,0.477668,0.002669,0.002669,0.000000,217594
15.570437,597097.653992,0.004999,rest,2,0.000000,0.000000,0.000000,0.009495,0.009495,0.491828,0.003166,0.003166,0.015088,217596
15.575438,597097.659110,0.005001,rest,2,0.000000,0.000000,0.000000,0.009393,0.009393,0.472100,0.002700,0.002700,0.000000,217598
15.580438,597097.664220,0.005000,rest,2,0.000000,0.000000,0.000000,0.010026,0.010026,0.455281,0.003253,0.003253,0.126766,217600
15.585437,597097.669329,0.005000,rest,2,0.000000,0.000000,0.000000,0.009841,0.009841,0.393427,0.002827,0.002827,0.000000,217602
15.590438,597097.674436,0.005000,rest,2,0.000000,0.000000,0.000000,0.008073,0.008073,0.354046,0.002400,0.002400,0.000000,217604
15.595438,597097.679547,0.005000,rest,2,0.000000,0.000000,0.000000,0.000867,0.000867,0.336350,0.002984,0.002984,0.000000,217606
15.600437,597097.684660,0.004999,rest,2,0.000000,0.000000,0.000000,0.001828,0.001828,0.248250,0.002432,0.002432,0.192129,217608
15.605437,597097.689764,0.005000,rest,2,0.000000,0.000000,0.000000,0.000000,0.000000,0.101570,0.003068,0.003068,0.000000,217610
15.610437,597097.694875,0.005000,rest,2,0.000000,0.000000,0.000000,0.001751,0.001751,0.083242,0.002360,0.002360,0.350288,217612
15.615452,597097.700018,0.005015,rest,2,0.000000,0.000000,0.000000,-0.000691,-0.000691,0.296871,0.002915,0.002915,0.000000,217614
15.620437,597097.705125,0.004985,rest,2,0.000000,0.000000,0.000000,-0.000108,-0.000108,0.465542,0.003154,0.003154,0.117052,217616
15.625437,597097.710240,0.005000,rest,2,0.000000,0.000000,0.000000,-0.000107,-0.000107,0.492921,0.002498,0.002498,0.000120,217618
15.630438,597097.715346,0.005000,rest,2,0.000000,0.000000,0.000000,0.000318,0.000318,0.487580,0.003025,0.003025,0.084988,217620
15.635437,597097.720457,0.005000,rest,2,0.000000,0.000000,0.000000,0.000902,0.000902,0.450282,0.002429,0.002429,0.116745,217622
15.640438,597097.725581,0.005000,rest,2,0.000000,0.000000,0.000000,0.000318,0.000318,0.414779,0.002917,0.002917,0.000000,217624
15.645438,597097.730695,0.005001,rest,2,0.000000,0.000000,0.000000,-0.000266,-0.000266,0.447256,0.003325,0.003325,0.000000,217626
15.650437,597097.735799,0.004999,rest,2,0.000000,0.000000,0.000000,0.000743,0.000743,0.492847,0.002711,0.002711,0.201945,217628
15.655437,597097.740943,0.005000,rest,2,0.000000,0.000000,0.000000,-0.000266,-0.000266,0.499010,0.003155,0.003155,0.000000,217630
15.660437,597097.746117,0.005000,rest,2,0.000000,0.000000,0.000000,-0.000266,-0.000266,0.494075,0.003439,0.003439,0.000093,217632
15.665439,597097.751209,0.005002,rest,2,0.000000,0.000000,0.000000,-0.000691,-0.000691,0.470674,0.002929,0.002929,0.000000,217634
15.670439,597097.756302,0.005000,rest,2,0.000000,0.000000,0.000000,0.000318,0.000318,0.451389,0.002390,0.002390,0.201952,217636
15.675440,597097.761447,0.005001,rest,2,0.000000,0.000000,0.000000,0.000318,0.000318,0.444337,0.003031,0.003031,0.000000,217638
15.685438,597097.766596,0.009998,rest,2,0.000000,0.000000,0.000000,0.001141,0.001141,0.423967,0.003089,0.003089,0.000000,217642
15.690438,597097.771683,0.005000,rest,2,0.000000,0.000000,0.000000,-0.000027,-0.000027,0.392194,0.002599,0.002599,0.000000,217644
15.695439,597097.776804,0.005001,rest,2,0.000000,0.000000,0.000000,-0.000452,-0.000452,0.378803,0.003215,0.003215,0.000000,217646
15.700437,597097.781928,0.004998,rest,2,0.000000,0.000000,0.000000,-0.001380,-0.001380,0.408137,0.002645,0.002645,0.000000,217648
15.705437,597097.787117,0.004999,rest,2,0.000000,0.000000,0.000000,-0.000000,-0.000000,0.423145,0.003078,0.003078,0.275890,217650
15.710438,597097.792212,0.005001,rest,2,0.000000,0.000000,0.000000,-0.000400,-0.000400,0.416600,0.002437,0.002437,0.000000,217652
15.715441,597097.797298,0.005003,rest,2,0.000000,0.000000,0.000000,-0.000954,-0.000954,0.402654,0.003112,0.003112,0.000000,217654
15.720438,597097.802395,0.004997,rest,2,0.000000,0.000000,0.000000,-0.001728,-0.001728,0.434788,0.002615,0.002615,0.000000,217656
15.725438,597097.807497,0.005000,rest,2,0.000000,0.000000,0.000000,-0.000028,-0.000028,0.486953,0.003103,0.003103,0.339935,217658
15.730440,597097.812597,0.005002,rest,2,0.000000,0.000000,0.000000,-0.000877,-0.000877,0.495783,0.002614,0.002614,0.000000,217660
15.735437,597097.817704,0.004997,rest,2,0.000000,0.000000,0.000000,-0.001276,-0.001276,0.497825,0.003108,0.003108,0.000000,217662
15.740438,597097.822820,0.005000,rest,2,0.000000,0.000000,0.000000,-0.000850,-0.000850,0.478919,0.002552,0.002552,0.085111,217664
15.745438,597097.827932,0.005001,rest,2,0.000000,0.000000,0.000000,-0.001379,-0.001379,0.475485,0.003135,0.003135,0.000000,217666
15.750437,597097.833041,0.004999,rest,2,0.000000,0.000000,0.000000,-0.000026,-0.000026,0.473879,0.002525,0.002525,0.270631,217668
15.755437,597097.838155,0.005000,rest,2,0.000000,0.000000,0.000000,-0.000876,-0.000876,0.458218,0.003018,0.003018,0.000000,217670
15.760438,597097.843270,0.005000,rest,2,0.000000,0.000000,0.000000,0.000477,0.000477,0.454539,0.002552,0.002552,0.270631,217672
15.765437,597097.848382,0.005000,rest,2,0.000000,0.000000,0.000000,-0.000348,-0.000348,0.452522,0.003086,0.003086,0.000000,217674
15.770437,597097.853501,0.005000,rest,2,0.000000,0.000000,0.000000,0.000478,0.000478,0.465618,0.002588,0.002588,0.165133,217676
15.775438,597097.858620,0.005001,rest,2,0.000000,0.000000,0.000000,-0.000348,-0.000348,0.450314,0.003163,0.003163,0.000000,217678
15.780438,597097.863735,0.005000,rest,2,0.000000,0.000000,0.000000,-0.000128,-0.000128,0.439464,0.002674,0.002674,0.043841,217680
15.785437,597097.868854,0.004999,rest,2,0.000000,0.000000,0.000000,0.000129,0.000129,0.433728,0.003213,0.003213,0.051578,217682
15.790438,597097.874040,0.005001,rest,2,0.000000,0.000000,0.000000,0.001405,0.001405,0.401553,0.002669,0.002669,0.255111,217684
15.795437,597097.879298,0.004999,rest,2,0.000000,0.000000,0.000000,0.000401,0.000401,0.411037,0.003262,0.003262,0.000000,217686
15.800438,597097.884472,0.005001,rest,2,0.000000,0.000000,0.000000,-0.000025,-0.000025,0.441746,0.003379,0.003379,0.000000,217688
15.805437,597097.889659,0.004999,rest,2,0.000000,0.000000,0.000000,-0.000025,-0.000025,0.486974,0.002831,0.002831,0.000000,217690
15.810863,597097.894936,0.005426,rest,2,0.000000,0.000000,0.000000,-0.000101,-0.000101,0.509161,0.003802,0.003802,0.000000,217692
15.815437,597097.900229,0.004575,rest,2,0.000000,0.000000,0.000000,-0.000346,-0.000346,0.473150,0.002870,0.002870,0.000000,217694
15.820437,597097.905382,0.005000,rest,2,0.000000,0.000000,0.000000,0.000429,0.000429,0.441620,0.002421,0.002421,0.155019,217696
15.825438,597097.910580,0.005001,rest,2,0.000000,0.000000,0.000000,-0.000075,-0.000075,0.444169,0.001923,0.001923,0.000000,217698
15.830437,597097.915769,0.004999,rest,2,0.000000,0.000000,0.000000,0.000981,0.000981,0.446757,0.002319,0.002319,0.211338,217700
15.835437,597097.921058,0.005000,rest,2,0.000000,0.000000,0.000000,0.000028,0.000028,0.455677,0.001780,0.001780,0.000000,217702
15.840437,597097.926244,0.005000,rest,2,0.000000,0.000000,0.000000,0.001381,0.001381,0.448719,0.002267,0.002267,0.270642,217704
15.846476,597097.931549,0.006039,rest,2,0.000000,0.000000,0.000000,0.000106,0.000106,0.424009,0.002793,0.002793,0.000000,217706
15.852331,597097.936828,0.005855,rest,2,0.000000,0.000000,0.000000,-0.000076,-0.000076,0.425979,0.004256,0.004256,0.000000,217708
15.857529,597097.942115,0.005197,rest,2,0.000000,0.000000,0.000000,-0.000372,-0.000372,0.425209,0.003908,0.003908,0.000000,217710
15.861986,597097.947331,0.004457,rest,2,0.000000,0.000000,0.000000,-0.000372,-0.000372,0.435649,0.002793,0.002793,0.000014,217712
15.870697,597097.952524,0.008712,rest,2,0.000000,0.000000,0.000000,0.000776,0.000776,0.405482,0.001660,0.001660,0.000021,217716
15.875437,597097.957803,0.004740,rest,2,0.000000,0.000000,0.000000,0.000829,0.000829,0.430237,0.001910,0.001910,0.011099,217718
15.880437,597097.963113,0.005000,rest,2,0.000000,0.000000,0.000000,0.000804,0.000804,0.447841,0.001414,0.001414,0.000000,217720
15.885439,597097.968399,0.005001,rest,2,0.000000,0.000000,0.000000,0.000158,0.000158,0.468940,0.002053,0.002053,0.000000,217722
15.890439,597097.973603,0.005000,rest,2,0.000000,0.000000,0.000000,0.001202,0.001202,0.476764,0.001550,0.001550,0.208773,217724
15.895438,597097.978883,0.004999,rest,2,0.000000,0.000000,0.000000,0.001008,0.001008,0.473491,0.002143,0.002143,0.000000,217726
15.900438,597097.984218,0.005000,rest,2,0.000000,0.000000,0.000000,0.000932,0.000932,0.478105,0.001605,0.001605,0.000000,217728
15.905438,597097.989391,0.005000,rest,2,0.000000,0.000000,0.000000,0.000481,0.000481,0.475906,0.002188,0.002188,0.000000,217730
15.910438,597097.994596,0.005000,rest,2,0.000000,0.000000,0.000000,0.000956,0.000956,0.481368,0.001659,0.001659,0.095047,217732
15.915438,597097.999887,0.005000,rest,2,0.000000,0.000000,0.000000,0.001255,0.001255,0.456264,0.002266,0.002266,0.059679,217734
15.920438,597098.005221,0.005000,rest,2,0.000000,0.000000,0.000000,-0.000200,-0.000200,0.431058,0.001813,0.001813,0.000000,217736
15.925438,597098.010505,0.005000,rest,2,0.000000,0.000000,0.000000,0.000983,0.000983,0.426268,0.002329,0.002329,0.236778,217738
15.930438,597098.015835,0.005000,rest,2,0.000000,0.000000,0.000000,-0.000604,-0.000604,0.413139,0.001854,0.001854,0.000000,217740
15.936034,597098.021192,0.005596,rest,2,0.000000,0.000000,0.000000,-0.000318,-0.000318,0.430090,0.003120,0.003120,0.051111,217742
15.940917,597098.026469,0.004883,rest,2,0.000000,0.000000,0.000000,0.000754,0.000754,0.437235,0.002491,0.002491,0.219450,217744
15.950438,597098.031747,0.009520,rest,2,0.000000,0.000000,0.000000,-0.000414,-0.000414,0.436728,0.002058,0.002058,0.000000,217748
15.955438,597098.037045,0.005000,rest,2,0.000000,0.000000,0.000000,-0.000787,-0.000787,0.443282,0.001542,0.001542,0.000000,217750
15.960438,597098.042213,0.005000,rest,2,0.000000,0.000000,0.000000,0.000007,0.000007,0.442341,0.002148,0.002148,0.158814,217752
15.965437,597098.047378,0.004999,rest,2,0.000000,0.000000,0.000000,-0.000704,-0.000704,0.432295,0.001434,0.001434,0.000000,217754
15.970437,597098.052556,0.005000,rest,2,0.000000,0.000000,0.000000,-0.001745,-0.001745,0.454748,0.001990,0.001990,0.000000,217756
15.975437,597098.057778,0.005000,rest,2,0.000000,0.000000,0.000000,0.000908,0.000908,0.493761,0.001511,0.001511,0.530626,217758
15.980438,597098.063138,0.005000,rest,2,0.000000,0.000000,0.000000,-0.000017,-0.000017,0.510389,0.002098,0.002098,0.000000,217760
15.985437,597098.068268,0.004999,rest,2,0.000000,0.000000,0.000000,0.000038,0.000038,0.517244,0.001361,0.001361,0.010960,217762
15.990438,597098.073393,0.005001,rest,2,0.000000,0.000000,0.000000,0.002237,0.002237,0.527794,0.001937,0.001937,0.439884,217764
15.995437,597098.078543,0.005000,rest,2,0.000000,0.000000,0.000000,0.000780,0.000780,0.522364,0.001494,0.001494,0.000000,217766
16.000446,597098.083629,0.005008,rest,2,0.000000,0.000000,0.000000,0.000593,0.000593,0.492149,0.002104,0.002104,0.000000,217768
16.005437,597098.088711,0.004992,rest,2,0.000000,0.000000,0.000000,0.000593,0.000593,0.456392,0.001539,0.001539,0.000016,217770
16.010438,597098.093826,0.005000,rest,2,0.000000,0.000000,0.000000,-0.000629,-0.000629,0.436354,0.002215,0.002215,0.000000,217772
16.015437,597098.098936,0.005000,rest,2,0.000000,0.000000,0.000000,0.001889,0.001889,0.437157,0.001647,0.001647,0.503566,217774
16.020438,597098.104052,0.005001,rest,2,0.000000,0.000000,0.000000,0.001889,0.001889,0.435098,0.002114,0.002114,0.000000,217776
16.025438,597098.109139,0.005000,rest,2,0.000000,0.000000,0.000000,0.001683,0.001683,0.438755,0.001533,0.001533,0.000000,217778
16.030438,597098.114216,0.005001,rest,2,0.000000,0.000000,0.000000,0.001683,0.001683,0.418780,0.002027,0.002027,0.000009,217780
16.035438,597098.119292,0.004999,rest,2,0.000000,0.000000,0.000000,0.001967,0.001967,0.408931,0.001460,0.001460,0.056887,217782
16.040438,597098.124396,0.005001,rest,2,0.000000,0.000000,0.000000,0.001967,0.001967,0.434322,0.001797,0.001797,0.000009,217784
16.045437,597098.129510,0.004999,rest,2,0.000000,0.000000,0.000000,0.001072,0.001072,0.466912,0.002167,0.002167,0.000000,217786
16.050438,597098.134654,0.005000,step_10,2,-0.010000,-0.010000,-0.010000,0.001072,0.001072,0.482778,0.001605,0.001605,0.000006,217788
16.055438,597098.139854,0.005000,step_10,2,-0.010000,-0.010000,-0.010000,0.001813,0.001813,0.465083,0.002200,0.002200,0.148243,217790
16.060437,597098.144958,0.005000,step_10,2,-0.010000,-0.010000,-0.010000,-0.000126,-0.000126,0.473246,0.001549,0.001549,0.000000,217792
16.065437,597098.150055,0.005000,step_10,2,-0.010000,-0.010000,-0.010000,0.000724,0.000724,0.460141,0.002015,0.002015,0.169884,217794
16.070437,597098.155185,0.005000,step_10,2,-0.010000,-0.010000,-0.010000,0.001915,0.001915,0.437976,0.001473,0.001473,0.238366,217796
16.075438,597098.160308,0.005000,step_10,2,-0.010000,-0.010000,-0.010000,0.000300,0.000300,0.460777,0.001963,0.001963,0.000000,217798
16.080437,597098.165418,0.005000,step_10,2,-0.010000,-0.010000,-0.010000,0.000324,0.000324,0.488285,0.002465,0.002465,0.004747,217800
16.085438,597098.170562,0.005000,step_10,2,-0.010000,-0.010000,-0.010000,0.001839,0.001839,0.485744,0.001954,0.001954,0.303098,217802
16.090445,597098.175701,0.005008,step_10,2,-0.010000,-0.010000,-0.010000,-0.005854,-0.005854,0.457087,0.002254,0.002254,0.000000,217804
16.095811,597098.180895,0.005366,step_10,2,-0.010000,-0.010000,-0.010000,-0.007916,-0.007916,0.435205,0.002067,0.002067,0.000000,217806
16.100917,597098.186125,0.005106,step_10,2,-0.010000,-0.010000,-0.010000,-0.008620,-0.008620,0.344833,0.002770,0.002770,0.000000,217808
16.105437,597098.191297,0.004520,step_10,2,-0.010000,-0.010000,-0.010000,-0.008140,-0.008140,0.189396,0.001683,0.001683,0.106190,217810
16.115438,597098.196421,0.010000,step_10,2,-0.010000,-0.010000,-0.010000,-0.010108,-0.010108,0.106716,0.001660,0.001660,0.000000,217814
16.120437,597098.201569,0.005000,step_10,2,-0.010000,-0.010000,-0.010000,-0.010288,-0.010288,0.261141,0.002250,0.002250,0.000000,217816
16.125437,597098.206791,0.005000,step_10,2,-0.010000,-0.010000,-0.010000,-0.010288,-0.010288,0.413754,0.001749,0.001749,0.000027,217818
16.130437,597098.212013,0.005000,step_10,2,-0.010000,-0.010000,-0.010000,-0.010025,-0.010025,0.482650,0.002385,0.002385,0.052576,217820
16.135438,597098.217192,0.005000,step_10,2,-0.010000,-0.010000,-0.010000,-0.009924,-0.009924,0.483256,0.001913,0.001913,0.020203,217822
16.140438,597098.222303,0.005000,step_10,2,-0.010000,-0.010000,-0.010000,-0.009924,-0.009924,0.437381,0.001400,0.001400,0.000032,217824
16.145438,597098.227442,0.005000,step_10,2,-0.010000,-0.010000,-0.010000,-0.013258,-0.013258,0.393541,0.001980,0.001980,0.000000,217826
16.150438,597098.232613,0.005000,step_10,2,-0.010000,-0.010000,-0.010000,-0.011963,-0.011963,0.413186,0.001473,0.001473,0.259010,217828
16.155438,597098.237739,0.005000,step_10,2,-0.010000,-0.010000,-0.010000,-0.012466,-0.012466,0.448962,0.002064,0.002064,0.000000,217830
16.160438,597098.242829,0.005000,step_10,2,-0.010000,-0.010000,-0.010000,-0.012594,-0.012594,0.481576,0.002434,0.002434,0.000000,217832
16.165437,597098.247955,0.005000,step_10,2,-0.010000,-0.010000,-0.010000,-0.014718,-0.014718,0.498199,0.001965,0.001965,0.000000,217834
16.170437,597098.253044,0.005000,step_10,2,-0.010000,-0.010000,-0.010000,-0.013504,-0.013504,0.458793,0.001458,0.001458,0.242891,217836
16.175440,597098.258143,0.005003,step_10,2,-0.010000,-0.010000,-0.010000,-0.013183,-0.013183,0.389681,0.002071,0.002071,0.064136,217838
16.180439,597098.263226,0.005000,step_10,2,-0.010000,-0.010000,-0.010000,-0.013424,-0.013424,0.350095,0.001607,0.001607,0.000000,217840
16.185438,597098.268346,0.004999,step_10,2,-0.010000,-0.010000,-0.010000,-0.014795,-0.014795,0.385377,0.002128,0.002128,0.000000,217842
16.190438,597098.273524,0.005000,step_10,2,-0.010000,-0.010000,-0.010000,-0.013288,-0.013288,0.438932,0.001602,0.001602,0.301277,217844
16.195439,597098.278678,0.005001,step_10,2,-0.010000,-0.010000,-0.010000,-0.011219,-0.011219,0.450619,0.002211,0.002211,0.413738,217846
16.200438,597098.283813,0.004999,step_10,2,-0.010000,-0.010000,-0.010000,-0.010363,-0.010363,0.499535,0.001747,0.001747,0.171230,217848
16.205437,597098.288885,0.004999,step_10,2,-0.010000,-0.010000,-0.010000,-0.010622,-0.010622,0.553668,0.002165,0.002165,0.000000,217850
16.210438,597098.294005,0.005000,step_10,2,-0.010000,-0.010000,-0.010000,-0.012032,-0.012032,0.509849,0.001649,0.001649,0.000000,217852
16.215438,597098.299123,0.005001,step_10,2,-0.010000,-0.010000,-0.010000,-0.012045,-0.012045,0.428528,0.002273,0.002273,0.000000,217854
16.220438,597098.304198,0.005000,step_10,2,-0.010000,-0.010000,-0.010000,-0.011597,-0.011597,0.406645,0.001655,0.001655,0.089549,217856
16.225438,597098.309335,0.005000,step_10,2,-0.010000,-0.010000,-0.010000,-0.010531,-0.010531,0.468992,0.002126,0.002126,0.213247,217858
16.230438,597098.314445,0.005000,step_10,2,-0.010000,-0.010000,-0.010000,-0.011280,-0.011280,0.545848,0.001551,0.001551,0.000000,217860
16.235438,597098.319558,0.005000,step_10,2,-0.010000,-0.010000,-0.010000,-0.010450,-0.010450,0.575953,0.002146,0.002146,0.166073,217862
16.240438,597098.324665,0.005000,step_10,2,-0.010000,-0.010000,-0.010000,-0.008599,-0.008599,0.582240,0.001654,0.001654,0.370176,217864
16.245438,597098.329794,0.005000,step_10,2,-0.010000,-0.010000,-0.010000,-0.008248,-0.008248,0.597013,0.002216,0.002216,0.070215,217866
16.250449,597098.335037,0.005011,step_10,2,-0.010000,-0.010000,-0.010000,-0.008551,-0.008551,0.580778,0.001826,0.001826,0.000000,217868
16.255438,597098.340146,0.004989,step_10,2,-0.010000,-0.010000,-0.010000,-0.008912,-0.008912,0.501685,0.002327,0.002327,0.000000,217870
16.260437,597098.345254,0.005000,step_10,2,-0.010000,-0.010000,-0.010000,-0.007298,-0.007298,0.418928,0.001863,0.001863,0.322784,217872
16.265437,597098.350358,0.004999,step_10,2,-0.010000,-0.010000,-0.010000,-0.009551,-0.009551,0.369792,0.002444,0.002444,0.000000,217874
16.270437,597098.355561,0.005001,step_10,2,-0.010000,-0.010000,-0.010000,-0.009552,-0.009552,0.364969,0.001995,0.001995,0.000000,217876
16.275440,597098.360777,0.005002,step_10,2,-0.010000,-0.010000,-0.010000,-0.008457,-0.008457,0.365003,0.001646,0.001646,0.218845,217878
16.281651,597098.366005,0.006211,step_10,2,-0.010000,-0.010000,-0.010000,-0.010000,-0.010000,0.368109,0.003373,0.003373,0.000000,217880
16.286554,597098.371097,0.004903,step_10,2,-0.010000,-0.010000,-0.010000,-0.010000,-0.010000,0.377392,0.002817,0.002817,0.000000,217882
16.290620,597098.376188,0.004066,step_10,2,-0.010000,-0.010000,-0.010000,-0.010646,-0.010646,0.381542,0.002499,0.002499,0.000000,217884
16.295437,597098.381279,0.004817,step_10,2,-0.010000,-0.010000,-0.010000,-0.010646,-0.010646,0.406897,0.001857,0.001857,0.000000,217886
16.305437,597098.386528,0.010000,step_10,2,-0.010000,-0.010000,-0.010000,-0.009160,-0.009160,0.518741,0.002022,0.002022,0.000000,217890
16.310438,597098.391742,0.005001,step_10,2,-0.010000,-0.010000,-0.010000,-0.008502,-0.008502,0.551337,0.001461,0.001461,0.131434,217892
16.315450,597098.396971,0.005012,step_10,2,-0.010000,-0.010000,-0.010000,-0.011635,-0.011635,0.521633,0.002192,0.002192,0.000000,217894
16.320438,597098.402159,0.004988,step_10,2,-0.010000,-0.010000,-0.010000,-0.010874,-0.010874,0.471740,0.001608,0.001608,0.152548,217896
16.325438,597098.407283,0.005000,step_10,2,-0.010000,-0.010000,-0.010000,-0.010200,-0.010200,0.428710,0.002221,0.002221,0.134878,217898
16.330438,597098.412388,0.005001,step_10,2,-0.010000,-0.010000,-0.010000,-0.011862,-0.011862,0.431621,0.001857,0.001857,0.000000,217900
16.335438,597098.417533,0.004999,step_10,2,-0.010000,-0.010000,-0.010000,-0.010370,-0.010370,0.468857,0.002256,0.002256,0.298570,217902
16.340438,597098.422734,0.005001,step_10,2,-0.010000,-0.010000,-0.010000,-0.009737,-0.009737,0.533926,0.001749,0.001749,0.126473,217904
16.345438,597098.427874,0.005000,step_10,2,-0.010000,-0.010000,-0.010000,-0.009713,-0.009713,0.564559,0.002264,0.002264,0.004776,217906
16.350439,597098.432985,0.005001,step_10,2,-0.010000,-0.010000,-0.010000,-0.007857,-0.007857,0.542277,0.001708,0.001708,0.371279,217908
16.355437,597098.438156,0.004998,step_10,2,-0.010000,-0.010000,-0.010000,-0.009028,-0.009028,0.489251,0.002200,0.002200,0.000000,217910
16.360437,597098.443278,0.005000,step_10,2,-0.010000,-0.010000,-0.010000,-0.009411,-0.009411,0.431107,0.001682,0.001682,0.000000,217912
16.365440,597098.448392,0.005003,step_10,2,-0.010000,-0.010000,-0.010000,-0.009831,-0.009831,0.376817,0.002204,0.002204,0.000000,217914
16.370437,597098.453563,0.004997,step_10,2,-0.010000,-0.010000,-0.010000,-0.009679,-0.009679,0.315117,0.001615,0.001615,0.030299,217916
16.375440,597098.458722,0.005002,step_10,2,-0.010000,-0.010000,-0.010000,-0.010316,-0.010316,0.324886,0.002160,0.002160,0.000000,217918
16.380437,597098.463827,0.004998,step_10,2,-0.010000,-0.010000,-0.010000,-0.011819,-0.011819,0.416053,0.001679,0.001679,0.000000,217920
16.385439,597098.468973,0.005001,step_10,2,-0.010000,-0.010000,-0.010000,-0.009847,-0.009847,0.510282,0.002187,0.002187,0.394163,217922
16.390437,597098.474063,0.004998,step_10,2,-0.010000,-0.010000,-0.010000,-0.010025,-0.010025,0.571702,0.001630,0.001630,0.000000,217924
16.395437,597098.479186,0.005000,step_10,2,-0.010000,-0.010000,-0.010000,-0.009898,-0.009898,0.607066,0.002219,0.002219,0.025527,217926
16.400440,597098.484302,0.005003,step_10,2,-0.010000,-0.010000,-0.010000,-0.009317,-0.009317,0.586731,0.001719,0.001719,0.116098,217928
16.405437,597098.489404,0.004997,step_10,2,-0.010000,-0.010000,-0.010000,-0.007891,-0.007891,0.524830,0.002205,0.002205,0.285297,217930
16.410438,597098.494525,0.005001,step_10,2,-0.010000,-0.010000,-0.010000,-0.009299,-0.009299,0.480107,0.001522,0.001522,0.000000,217932
16.415456,597098.499641,0.005018,step_10,2,-0.010000,-0.010000,-0.010000,-0.008190,-0.008190,0.472637,0.002127,0.002127,0.221056,217934
16.420437,597098.504761,0.004982,step_10,2,-0.010000,-0.010000,-0.010000,-0.008294,-0.008294,0.484149,0.001531,0.001531,0.000000,217936
16.425438,597098.509965,0.005001,step_10,2,-0.010000,-0.010000,-0.010000,-0.009565,-0.009565,0.514255,0.002130,0.002130,0.000000,217938
16.431100,597098.515201,0.005662,step_10,2,-0.010000,-0.010000,-0.010000,-0.008834,-0.008834,0.515297,0.002250,0.002250,0.129033,217940
16.436367,597098.520313,0.005267,step_10,2,-0.010000,-0.010000,-0.010000,-0.008851,-0.008851,0.459739,0.003057,0.003057,0.000000,217942
16.440603,597098.525429,0.004237,step_10,2,-0.010000,-0.010000,-0.010000,-0.008851,-0.008851,0.460777,0.001801,0.001801,0.000000,217944
16.445439,597098.530552,0.004836,step_10,2,-0.010000,-0.010000,-0.010000,-0.006995,-0.006995,0.513409,0.002201,0.002201,0.383837,217946
16.450439,597098.535751,0.005000,step_10,2,-0.010000,-0.010000,-0.010000,-0.006995,-0.006995,0.567138,0.001648,0.001648,0.000000,217948
16.455437,597098.540906,0.004998,step_10,2,-0.010000,-0.010000,-0.010000,-0.008383,-0.008383,0.573375,0.002075,0.002075,0.000000,217950
16.460438,597098.546122,0.005000,step_10,2,-0.010000,-0.010000,-0.010000,-0.006542,-0.006542,0.544191,0.001332,0.001332,0.368082,217952
16.465437,597098.551236,0.004999,step_10,2,-0.010000,-0.010000,-0.010000,-0.008725,-0.008725,0.446439,0.001855,0.001855,0.000000,217954
16.475437,597098.556392,0.010000,step_10,2,-0.010000,-0.010000,-0.010000,-0.009231,-0.009231,0.289401,0.001695,0.001695,0.004633,217958
16.480438,597098.561596,0.005000,step_10,2,-0.010000,-0.010000,-0.010000,-0.012092,-0.012092,0.343959,0.002261,0.002261,0.000000,217960
16.485438,597098.566936,0.005000,step_10,2,-0.010000,-0.010000,-0.010000,-0.011205,-0.011205,0.401887,0.001807,0.001807,0.177285,217962
16.490437,597098.572162,0.004999,step_10,2,-0.010000,-0.010000,-0.010000,-0.009404,-0.009404,0.493352,0.002352,0.002352,0.360374,217964
16.495439,597098.577281,0.005003,step_10,2,-0.010000,-0.010000,-0.010000,-0.009677,-0.009677,0.598174,0.001940,0.001940,0.000000,217966
16.500451,597098.582396,0.005012,step_10,2,-0.010000,-0.010000,-0.010000,-0.010263,-0.010263,0.604183,0.001613,0.001613,0.000000,217968
16.505438,597098.587510,0.004987,step_10,2,-0.010000,-0.010000,-0.010000,-0.007979,-0.007979,0.554504,0.002064,0.002064,0.457942,217970
16.510438,597098.592676,0.005000,step_10,2,-0.010000,-0.010000,-0.010000,-0.008910,-0.008910,0.502733,0.001550,0.001550,0.000000,217972
16.515438,597098.597876,0.005001,step_10,2,-0.010000,-0.010000,-0.010000,-0.008665,-0.008665,0.489942,0.002045,0.002045,0.049081,217974
16.520438,597098.602992,0.004999,step_10,2,-0.010000,-0.010000,-0.010000,-0.009004,-0.009004,0.492285,0.001554,0.001554,0.000000,217976
16.525440,597098.608128,0.005002,step_10,2,-0.010000,-0.010000,-0.010000,-0.007822,-0.007822,0.492744,0.002196,0.002196,0.236233,217978
16.530437,597098.613335,0.004998,step_10,2,-0.010000,-0.010000,-0.010000,-0.008719,-0.008719,0.514986,0.001581,0.001581,0.000000,217980
16.535439,597098.618499,0.005001,step_10,2,-0.010000,-0.010000,-0.010000,-0.007445,-0.007445,0.539767,0.002158,0.002158,0.254750,217982
16.540438,597098.623615,0.004999,step_10,2,-0.010000,-0.010000,-0.010000,-0.007535,-0.007535,0.543430,0.001661,0.001661,0.000000,217984
16.545437,597098.628792,0.005000,step_10,2,-0.010000,-0.010000,-0.010000,-0.008773,-0.008773,0.523192,0.002099,0.002099,0.000000,217986
16.550438,597098.634021,0.005001,step_10,2,-0.010000,-0.010000,-0.010000,-0.008796,-0.008796,0.512486,0.001604,0.001604,0.000000,217988
16.555437,597098.639134,0.004999,step_10,2,-0.010000,-0.010000,-0.010000,-0.009112,-0.009112,0.530932,0.002202,0.002202,0.000000,217990
16.560438,597098.644241,0.005001,step_10,2,-0.010000,-0.010000,-0.010000,-0.010736,-0.010736,0.517800,0.001780,0.001780,0.000000,217992
16.565438,597098.649380,0.005000,step_10,2,-0.010000,-0.010000,-0.010000,-0.009446,-0.009446,0.461229,0.002335,0.002335,0.257835,217994
16.570449,597098.654505,0.005011,step_10,2,-0.010000,-0.010000,-0.010000,-0.009446,-0.009446,0.391565,0.001847,0.001847,0.000000,217996
16.575437,597098.659649,0.004988,step_10,2,-0.010000,-0.010000,-0.010000,-0.009596,-0.009596,0.373988,0.002355,0.002355,0.000000,217998
16.580442,597098.664770,0.005005,step_10,2,-0.010000,-0.010000,-0.010000,-0.009619,-0.009619,0.432291,0.001977,0.001977,0.000000,218000
16.585439,597098.669974,0.004996,step_10,2,-0.010000,-0.010000,-0.010000,-0.010381,-0.010381,0.485394,0.001449,0.001449,0.000000,218002
16.590438,597098.675042,0.004999,step_10,2,-0.010000,-0.010000,-0.010000,-0.010222,-0.010222,0.488840,0.001972,0.001972,0.031897,218004
16.595438,597098.680197,0.005000,step_10,2,-0.010000,-0.010000,-0.010000,-0.008627,-0.008627,0.498929,0.001481,0.001481,0.318985,218006
16.600438,597098.685299,0.005000,step_10,2,-0.010000,-0.010000,-0.010000,-0.010038,-0.010038,0.519091,0.002122,0.002122,0.000000,218008
16.605437,597098.690422,0.005000,step_10,2,-0.010000,-0.010000,-0.010000,-0.009621,-0.009621,0.506316,0.001628,0.001628,0.083334,218010
16.610438,597098.695582,0.005000,step_10,2,-0.010000,-0.010000,-0.010000,-0.008836,-0.008836,0.473471,0.002264,0.002264,0.156936,218012
16.615438,597098.700702,0.005001,step_10,2,-0.010000,-0.010000,-0.010000,-0.008373,-0.008373,0.464518,0.001702,0.001702,0.092548,218014
16.620437,597098.705863,0.004999,step_10,2,-0.010000,-0.010000,-0.010000,-0.009465,-0.009465,0.524314,0.002262,0.002262,0.000000,218016
16.625440,597098.710977,0.005003,step_10,2,-0.010000,-0.010000,-0.010000,-0.008708,-0.008708,0.605278,0.001775,0.001775,0.151225,218018
16.630439,597098.716133,0.004999,step_10,2,-0.010000,-0.010000,-0.010000,-0.007805,-0.007805,0.615907,0.002199,0.002199,0.180750,218020
16.635439,597098.721253,0.005000,step_10,2,-0.010000,-0.010000,-0.010000,-0.007875,-0.007875,0.584404,0.001631,0.001631,0.000000,218022
16.645439,597098.726378,0.010000,step_10,2,-0.010000,-0.010000,-0.010000,-0.009179,-0.009179,0.452728,0.001620,0.001620,0.000000,218026
16.650439,597098.731535,0.005000,step_10,2,-0.010000,-0.010000,-0.010000,-0.008285,-0.008285,0.387146,0.002148,0.002148,0.178964,218028
16.650439,597098.736652,0.000001,step_10,2,-0.010000,-0.010000,-0.010000,-0.008285,-0.008285,0.387146,0.002148,0.002148,0.178964,218028
16.655437,597098.741765,0.004998,step_10,2,-0.010000,-0.010000,-0.010000,-0.009466,-0.009466,0.401519,0.001589,0.001589,0.000000,218030
16.661317,597098.746876,0.005880,step_10,2,-0.010000,-0.010000,-0.010000,-0.007998,-0.007998,0.452805,0.003028,0.003028,0.249544,218032
16.666980,597098.751987,0.005662,step_10,2,-0.010000,-0.010000,-0.010000,-0.009002,-0.009002,0.497123,0.003203,0.003203,0.000000,218034
16.675567,597098.757103,0.008587,step_10,2,-0.010000,-0.010000,-0.010000,-0.009492,-0.009492,0.556981,0.001757,0.001757,0.191748,218038
16.680437,597098.762210,0.004871,step_10,2,-0.010000,-0.010000,-0.010000,-0.009028,-0.009028,0.541972,0.002176,0.002176,0.095265,218040
16.685437,597098.767289,0.005000,step_10,2,-0.010000,-0.010000,-0.010000,-0.009345,-0.009345,0.519657,0.001594,0.001594,0.000000,218042
16.690439,597098.772395,0.005002,step_10,2,-0.010000,-0.010000,-0.010000,-0.009332,-0.009332,0.489300,0.002198,0.002198,0.002599,218044
16.695442,597098.777535,0.005003,step_10,2,-0.010000,-0.010000,-0.010000,-0.008694,-0.008694,0.469515,0.001634,0.001634,0.127624,218046
16.700437,597098.782646,0.004995,step_10,2,-0.010000,-0.010000,-0.010000,-0.009198,-0.009198,0.505765,0.002164,0.002164,0.000000,218048
16.705438,597098.787755,0.005000,step_10,2,-0.010000,-0.010000,-0.010000,-0.008445,-0.008445,0.570567,0.001602,0.001602,0.150498,218050
16.710438,597098.792871,0.005000,step_10,2,-0.010000,-0.010000,-0.010000,-0.008339,-0.008339,0.577390,0.002133,0.002133,0.021254,218052
16.715440,597098.798015,0.005002,step_10,2,-0.010000,-0.010000,-0.010000,-0.008339,-0.008339,0.538486,0.001502,0.001502,0.000000,218054
16.720437,597098.803133,0.004998,step_10,2,-0.010000,-0.010000,-0.010000,-0.008479,-0.008479,0.510522,0.001999,0.001999,0.000000,218056
16.725438,597098.808251,0.005001,step_10,2,-0.010000,-0.010000,-0.010000,-0.008479,-0.008479,0.480907,0.001491,0.001491,0.000000,218058
16.730437,597098.813354,0.004999,step_10,2,-0.010000,-0.010000,-0.010000,-0.009795,-0.009795,0.454561,0.002053,0.002053,0.000000,218060
16.735438,597098.818499,0.005000,step_10,2,-0.010000,-0.010000,-0.010000,-0.008396,-0.008396,0.469074,0.001486,0.001486,0.279804,218062
16.740438,597098.823619,0.005001,step_10,2,-0.010000,-0.010000,-0.010000,-0.008322,-0.008322,0.529656,0.002053,0.002053,0.014744,218064
16.745439,597098.828737,0.005001,step_10,2,-0.010000,-0.010000,-0.010000,-0.008335,-0.008335,0.582709,0.001573,0.001573,0.000000,218066
16.750438,597098.833841,0.004999,step_10,2,-0.010000,-0.010000,-0.010000,-0.007797,-0.007797,0.587115,0.002079,0.002079,0.107561,218068
16.755438,597098.839000,0.005000,step_10,2,-0.010000,-0.010000,-0.010000,-0.008352,-0.008352,0.582313,0.001172,0.001172,0.000000,218070
16.760437,597098.844123,0.004999,step_10,2,-0.010000,-0.010000,-0.010000,-0.006952,-0.006952,0.560848,0.001551,0.001551,0.279972,218072
16.765441,597098.849237,0.005004,step_10,2,-0.010000,-0.010000,-0.010000,-0.006420,-0.006420,0.514343,0.002089,0.002089,0.106258,218074
16.770439,597098.854344,0.004997,step_10,2,-0.010000,-0.010000,-0.010000,-0.007440,-0.007440,0.480757,0.002326,0.002326,0.000000,218076
16.775441,597098.859499,0.005003,step_10,2,-0.010000,-0.010000,-0.010000,-0.007989,-0.007989,0.494931,0.001656,0.001656,0.000000,218078
16.780440,597098.864656,0.004999,step_10,2,-0.010000,-0.010000,-0.010000,-0.006504,-0.006504,0.511348,0.002192,0.002192,0.296973,218080
16.785442,597098.869776,0.005002,step_10,2,-0.010000,-0.010000,-0.010000,-0.007804,-0.007804,0.521131,0.001498,0.001498,0.000000,218082
16.790440,597098.874890,0.004998,step_10,2,-0.010000,-0.010000,-0.010000,-0.008331,-0.008331,0.530369,0.002023,0.002023,0.000000,218084
16.795438,597098.880006,0.004999,step_10,2,-0.010000,-0.010000,-0.010000,-0.006678,-0.006678,0.509198,0.001458,0.001458,0.330731,218086
16.800438,597098.885123,0.004999,step_10,2,-0.010000,-0.010000,-0.010000,-0.009755,-0.009755,0.492419,0.001972,0.001972,0.000000,218088
16.805438,597098.890240,0.005000,step_10,2,-0.010000,-0.010000,-0.010000,-0.010305,-0.010305,0.464162,0.001418,0.001418,0.000000,218090
16.810439,597098.895395,0.005001,step_10,2,-0.010000,-0.010000,-0.010000,-0.010339,-0.010339,0.394916,0.001979,0.001979,0.000000,218092
16.815439,597098.900540,0.005001,step_10,2,-0.010000,-0.010000,-0.010000,-0.010517,-0.010517,0.379941,0.001471,0.001471,0.000000,218094
16.820437,597098.905711,0.004998,step_10,2,-0.010000,-0.010000,-0.010000,-0.012100,-0.012100,0.449622,0.001954,0.001954,0.000000,218096
16.825438,597098.910815,0.005001,step_10,2,-0.010000,-0.010000,-0.010000,-0.010947,-0.010947,0.513915,0.001382,0.001382,0.230517,218098
16.830438,597098.915925,0.005000,step_10,2,-0.010000,-0.010000,-0.010000,-0.011129,-0.011129,0.556962,0.001963,0.001963,0.000000,218100
16.835437,597098.921050,0.004999,step_10,2,-0.010000,-0.010000,-0.010000,-0.011199,-0.011199,0.589185,0.001398,0.001398,0.000000,218102
16.840438,597098.926161,0.005001,step_10,2,-0.010000,-0.010000,-0.010000,-0.009875,-0.009875,0.564218,0.001919,0.001919,0.264726,218104
16.845438,597098.931270,0.005000,step_10,2,-0.010000,-0.010000,-0.010000,-0.011619,-0.011619,0.510113,0.001422,0.001422,0.000000,218106
16.850991,597098.936381,0.005553,step_10,2,-0.010000,-0.010000,-0.010000,-0.010712,-0.010712,0.459611,0.002492,0.002492,0.163247,218108
16.855761,597098.941485,0.004770,step_10,2,-0.010000,-0.010000,-0.010000,-0.010241,-0.010241,0.425133,0.001830,0.001830,0.098767,218110
16.865437,597098.946607,0.009676,step_10,2,-0.010000,-0.010000,-0.010000,-0.010829,-0.010829,0.538604,0.001541,0.001541,0.000000,218114
16.870437,597098.951710,0.005000,step_10,2,-0.010000,-0.010000,-0.010000,-0.008740,-0.008740,0.583801,0.002073,0.002073,0.417896,218116
16.870437,597098.956824,0.000001,step_10,2,-0.010000,-0.010000,-0.010000,-0.008740,-0.008740,0.583801,0.002073,0.002073,0.417896,218116
16.875438,597098.961937,0.005001,step_10,2,-0.010000,-0.010000,-0.010000,-0.008740,-0.008740,0.598745,0.001553,0.001553,0.000000,218118
16.885719,597098.967047,0.010281,step_10,2,-0.010000,-0.010000,-0.010000,-0.007057,-0.007057,0.564056,0.001903,0.001903,0.000000,218122
16.890438,597098.972209,0.004720,step_10,2,-0.010000,-0.010000,-0.010000,-0.008827,-0.008827,0.534536,0.002253,0.002253,0.000000,218124
16.895438,597098.977318,0.005000,step_10,2,-0.010000,-0.010000,-0.010000,-0.008827,-0.008827,0.504908,0.001804,0.001804,0.000000,218126
16.900438,597098.982423,0.005000,step_10,2,-0.010000,-0.010000,-0.010000,-0.007881,-0.007881,0.488518,0.002407,0.002407,0.189083,218128
16.905437,597098.987585,0.005000,step_10,2,-0.010000,-0.010000,-0.010000,-0.007882,-0.007882,0.492690,0.001944,0.001944,0.000000,218130
16.910438,597098.992716,0.005000,step_10,2,-0.010000,-0.010000,-0.010000,-0.007943,-0.007943,0.517042,0.001513,0.001513,0.000000,218132
16.915440,597098.997814,0.005002,step_10,2,-0.010000,-0.010000,-0.010000,-0.007455,-0.007455,0.539058,0.002155,0.002155,0.097553,218134
16.920438,597099.002925,0.004998,step_10,2,-0.010000,-0.010000,-0.010000,-0.008638,-0.008638,0.535385,0.001678,0.001678,0.000000,218136
16.925441,597099.008035,0.005003,step_10,2,-0.010000,-0.010000,-0.010000,-0.008368,-0.008368,0.511290,0.002277,0.002277,0.053937,218138
16.930438,597099.013122,0.004997,step_10,2,-0.010000,-0.010000,-0.010000,-0.007915,-0.007915,0.468262,0.001853,0.001853,0.090647,218140
16.935437,597099.018264,0.004999,step_10,2,-0.010000,-0.010000,-0.010000,-0.009031,-0.009031,0.433676,0.002362,0.002362,0.000000,218142
16.940438,597099.023396,0.005000,step_10,2,-0.010000,-0.010000,-0.010000,-0.008531,-0.008531,0.445205,0.001861,0.001861,0.100089,218144
16.945438,597099.028544,0.005000,step_10,2,-0.010000,-0.010000,-0.010000,-0.008434,-0.008434,0.458162,0.001416,0.001416,0.019222,218146
16.950439,597099.033698,0.005001,step_10,2,-0.010000,-0.010000,-0.010000,-0.007042,-0.007042,0.466594,0.001989,0.001989,0.278423,218148
16.955438,597099.038842,0.005000,step_10,2,-0.010000,-0.010000,-0.010000,-0.009121,-0.009121,0.523262,0.002525,0.002525,0.000000,218150
16.960438,597099.043955,0.005000,step_10,2,-0.010000,-0.010000,-0.010000,-0.008144,-0.008144,0.584779,0.002086,0.002086,0.195555,218152
16.965438,597099.049050,0.005000,step_10,2,-0.010000,-0.010000,-0.010000,-0.008656,-0.008656,0.583892,0.001627,0.001627,0.000000,218154
16.970437,597099.054165,0.004999,step_10,2,-0.010000,-0.010000,-0.010000,-0.005899,-0.005899,0.507922,0.002201,0.002201,0.551406,218156
16.975438,597099.059268,0.005001,step_10,2,-0.010000,-0.010000,-0.010000,-0.006632,-0.006632,0.428653,0.001785,0.001785,0.000000,218158
16.980440,597099.064378,0.005002,step_10,2,-0.010000,-0.010000,-0.010000,-0.008631,-0.008631,0.403973,0.002385,0.002385,0.000000,218160
16.985438,597099.069489,0.004998,step_10,2,-0.010000,-0.010000,-0.010000,-0.008800,-0.008800,0.403296,0.001847,0.001847,0.000000,218162
16.990439,597099.074579,0.005001,step_10,2,-0.010000,-0.010000,-0.010000,-0.010526,-0.010526,0.435256,0.001401,0.001401,0.000000,218164
16.995438,597099.079725,0.005000,step_10,2,-0.010000,-0.010000,-0.010000,-0.009493,-0.009493,0.483976,0.001978,0.001978,0.206734,218166
17.000439,597099.084862,0.005001,step_10,2,-0.010000,-0.010000,-0.010000,-0.011199,-0.011199,0.550280,0.001492,0.001492,0.000000,218168
17.005439,597099.089966,0.005000,step_10,2,-0.010000,-0.010000,-0.010000,-0.008791,-0.008791,0.623190,0.002065,0.002065,0.481504,218170
17.010438,597099.095094,0.004999,step_10,2,-0.010000,-0.010000,-0.010000,-0.007986,-0.007986,0.620583,0.001660,0.001660,0.160994,218172
17.015455,597099.100204,0.005017,step_10,2,-0.010000,-0.010000,-0.010000,-0.009993,-0.009993,0.563651,0.002277,0.002277,0.000000,218174
17.020437,597099.105320,0.004983,step_10,2,-0.010000,-0.010000,-0.010000,-0.007077,-0.007077,0.501207,0.001810,0.001810,0.585321,218176
17.025438,597099.110470,0.005001,step_10,2,-0.010000,-0.010000,-0.010000,-0.008418,-0.008418,0.463780,0.002358,0.002358,0.000000,218178
17.030438,597099.115609,0.005000,step_10,2,-0.010000,-0.010000,-0.010000,-0.012120,-0.012120,0.462921,0.001949,0.001949,0.000000,218180
17.035438,597099.120719,0.005000,step_10,2,-0.010000,-0.010000,-0.010000,-0.009899,-0.009899,0.482828,0.001397,0.001397,0.444112,218182
17.040439,597099.125833,0.005001,step_10,2,-0.010000,-0.010000,-0.010000,-0.010921,-0.010921,0.509468,0.001985,0.001985,0.000000,218184
17.045440,597099.131006,0.005001,step_10,2,-0.010000,-0.010000,-0.010000,-0.010921,-0.010921,0.505954,0.001517,0.001517,0.000000,218186
17.050438,597099.136121,0.004999,rest,2,0.000000,0.000000,0.000000,-0.010798,-0.010798,0.457258,0.002108,0.002108,0.024666,218188
17.055440,597099.141246,0.005001,rest,2,0.000000,0.000000,0.000000,-0.011045,-0.011045,0.441868,0.001632,0.001632,0.000000,218190
17.060439,597099.146382,0.004999,rest,2,0.000000,0.000000,0.000000,-0.011544,-0.011544,0.504380,0.002241,0.002241,0.000000,218192
17.065439,597099.151494,0.005000,rest,2,0.000000,0.000000,0.000000,-0.010874,-0.010874,0.558363,0.001786,0.001786,0.134064,218194
17.075438,597099.156639,0.009999,rest,2,0.000000,0.000000,0.000000,-0.010202,-0.010202,0.609347,0.001834,0.001834,0.000000,218198
17.080437,597099.161749,0.004999,rest,2,0.000000,0.000000,0.000000,-0.009907,-0.009907,0.601178,0.002404,0.002404,0.059039,218200
17.085438,597099.166895,0.005000,rest,2,0.000000,0.000000,0.000000,-0.010222,-0.010222,0.550971,0.001832,0.001832,0.000000,218202
17.090439,597099.172040,0.005001,rest,2,0.000000,0.000000,0.000000,-0.003297,-0.003297,0.489383,0.002386,0.002386,1.384768,218204
17.095438,597099.177102,0.004999,rest,2,0.000000,0.000000,0.000000,-0.004948,-0.004948,0.540605,0.002012,0.002012,0.000000,218206
17.100438,597099.182212,0.005000,rest,2,0.000000,0.000000,0.000000,-0.002085,-0.002085,0.678069,0.001466,0.001466,0.572707,218208
17.105438,597099.187314,0.005000,rest,2,0.000000,0.000000,0.000000,-0.001457,-0.001457,0.796252,0.002061,0.002061,0.125605,218210
17.110438,597099.192472,0.005001,rest,2,0.000000,0.000000,0.000000,-0.000296,-0.000296,0.858183,0.001626,0.001626,0.232137,218212
17.115438,597099.197606,0.005000,rest,2,0.000000,0.000000,0.000000,0.000059,0.000059,0.747341,0.002112,0.002112,0.070995,218214
17.120438,597099.202713,0.005000,rest,2,0.000000,0.000000,0.000000,0.000353,0.000353,0.569811,0.001632,0.001632,0.058876,218216
17.125438,597099.207865,0.005000,rest,2,0.000000,0.000000,0.000000,-0.001722,-0.001722,0.465351,0.002269,0.002269,0.000000,218218
17.130440,597099.212966,0.005003,rest,2,0.000000,0.000000,0.000000,0.000205,0.000205,0.424454,0.001828,0.001828,0.385130,218220
17.135438,597099.218137,0.004998,rest,2,0.000000,0.000000,0.000000,0.000000,0.000000,0.504532,0.002482,0.002482,0.000000,218222
17.140449,597099.223239,0.005011,rest,2,0.000000,0.000000,0.000000,-0.000574,-0.000574,0.620014,0.002005,0.002005,0.000000,218224
17.145575,597099.228350,0.005126,rest,2,0.000000,0.000000,0.000000,-0.000000,-0.000000,0.640025,0.001536,0.001536,0.111982,218226
17.150515,597099.233464,0.004940,rest,2,0.000000,0.000000,0.000000,0.000425,0.000425,0.548326,0.002198,0.002198,0.086158,218228
17.155442,597099.238610,0.004927,rest,2,0.000000,0.000000,0.000000,-0.000001,-0.000001,0.460969,0.001645,0.001645,0.000000,218230
17.160442,597099.243751,0.005000,rest,2,0.000000,0.000000,0.000000,0.001276,0.001276,0.456619,0.002306,0.002306,0.255432,218232
17.165443,597099.248902,0.005001,rest,2,0.000000,0.000000,0.000000,0.000850,0.000850,0.480640,0.001756,0.001756,0.000000,218234
17.170438,597099.254125,0.004994,rest,2,0.000000,0.000000,0.000000,0.000850,0.000850,0.525236,0.002225,0.002225,0.000000,218236
17.175439,597099.259236,0.005001,rest,2,0.000000,0.000000,0.000000,-0.000575,-0.000575,0.580316,0.001821,0.001821,0.000000,218238
17.180595,597099.264380,0.005156,rest,2,0.000000,0.000000,0.000000,-0.000150,-0.000150,0.569645,0.002566,0.002566,0.082540,218240
17.185439,597099.269492,0.004843,rest,2,0.000000,0.000000,0.000000,-0.000001,-0.000001,0.525471,0.001854,0.001854,0.030596,218242
17.190439,597099.274612,0.005000,rest,2,0.000000,0.000000,0.000000,-0.000001,-0.000001,0.530401,0.002428,0.002428,0.000000,218244
17.195442,597099.279735,0.005003,rest,2,0.000000,0.000000,0.000000,0.000850,0.000850,0.566041,0.002089,0.002089,0.170141,218246
17.200449,597099.284844,0.005007,rest,2,0.000000,0.000000,0.000000,0.000850,0.000850,0.592157,0.002440,0.002440,0.000022,218248
17.205437,597099.289941,0.004988,rest,2,0.000000,0.000000,0.000000,0.000850,0.000850,0.597094,0.001895,0.001895,0.000000,218250
17.210437,597099.295037,0.005000,rest,2,0.000000,0.000000,0.000000,0.000850,0.000850,0.560181,0.001455,0.001455,0.000000,218252
17.215438,597099.300145,0.005000,rest,2,0.000000,0.000000,0.000000,0.001276,0.001276,0.515477,0.002044,0.002044,0.085165,218254
17.220438,597099.305249,0.005000,rest,2,0.000000,0.000000,0.000000,0.001275,0.001275,0.499982,0.001510,0.001510,0.000000,218256
17.225439,597099.310344,0.005001,rest,2,0.000000,0.000000,0.000000,-0.000002,-0.000002,0.492195,0.002162,0.002162,0.000000,218258
17.230437,597099.315467,0.004999,rest,2,0.000000,0.000000,0.000000,-0.000002,-0.000002,0.479598,0.001714,0.001714,0.000000,218260
17.235438,597099.320623,0.005000,rest,2,0.000000,0.000000,0.000000,0.000424,0.000424,0.474312,0.002321,0.002321,0.085203,218262
17.240439,597099.325763,0.005001,rest,2,0.000000,0.000000,0.000000,-0.000002,-0.000002,0.485485,0.001922,0.001922,0.000000,218264
17.245439,597099.330912,0.004999,rest,2,0.000000,0.000000,0.000000,-0.000002,-0.000002,0.475398,0.002514,0.002514,0.000000,218266
17.250438,597099.336053,0.004999,rest,2,0.000000,0.000000,0.000000,-0.000002,-0.000002,0.449954,0.001938,0.001938,0.000000,218268
17.255438,597099.341167,0.005000,rest,2,0.000000,0.000000,0.000000,-0.000002,-0.000002,0.467060,0.001404,0.001404,0.000000,218270
17.260438,597099.346283,0.005000,rest,2,0.000000,0.000000,0.000000,0.000021,0.000021,0.510581,0.001982,0.001982,0.004622,218272
17.265437,597099.351421,0.005000,rest,2,0.000000,0.000000,0.000000,0.000021,0.000021,0.529383,0.001451,0.001451,0.000000,218274
17.275439,597099.356534,0.010001,rest,2,0.000000,0.000000,0.000000,0.000382,0.000382,0.579058,0.001536,0.001536,0.072223,218278
17.280438,597099.361645,0.004999,rest,2,0.000000,0.000000,0.000000,-0.001450,-0.001450,0.566598,0.002131,0.002131,0.000000,218280
17.285438,597099.366754,0.005000,rest,2,0.000000,0.000000,0.000000,-0.000067,-0.000067,0.517764,0.002372,0.002372,0.276633,218282
17.290438,597099.371899,0.004999,rest,2,0.000000,0.000000,0.000000,-0.000469,-0.000469,0.492618,0.001822,0.001822,0.000000,218284
17.295438,597099.377016,0.005000,rest,2,0.000000,0.000000,0.000000,-0.000469,-0.000469,0.522876,0.002423,0.002423,0.000048,218286
17.300437,597099.382117,0.005000,rest,2,0.000000,0.000000,0.000000,-0.000936,-0.000936,0.553041,0.001863,0.001863,0.000000,218288
17.305438,597099.387251,0.005000,rest,2,0.000000,0.000000,0.000000,-0.000983,-0.000983,0.555392,0.001338,0.001338,0.000000,218290
17.310437,597099.392366,0.005000,rest,2,0.000000,0.000000,0.000000,-0.001450,-0.001450,0.535296,0.001924,0.001924,0.000000,218292
17.315437,597099.397463,0.005000,rest,2,0.000000,0.000000,0.000000,-0.000621,-0.000621,0.509092,0.001418,0.001418,0.165711,218294
17.315437,597099.402617,0.000001,rest,2,0.000000,0.000000,0.000000,-0.000621,-0.000621,0.509092,0.001418,0.001418,0.165711,218294
17.320451,597099.407767,0.005014,rest,2,0.000000,0.000000,0.000000,-0.001940,-0.001940,0.486256,0.002101,0.002101,0.000000,218296
17.331259,597099.412934,0.010807,rest,2,0.000000,0.000000,0.000000,-0.000959,-0.000959,0.470093,0.003007,0.003007,0.000000,218300
17.335857,597099.418050,0.004598,rest,2,0.000000,0.000000,0.000000,0.000022,0.000022,0.493900,0.002016,0.002016,0.213279,218302
17.340438,597099.423153,0.004581,rest,2,0.000000,0.000000,0.000000,0.000022,0.000022,0.513189,0.002202,0.002202,0.000000,218304
17.345437,597099.428268,0.005000,rest,2,0.000000,0.000000,0.000000,-0.000983,-0.000983,0.537846,0.001710,0.001710,0.000000,218306
17.350439,597099.433412,0.005002,rest,2,0.000000,0.000000,0.000000,-0.000982,-0.000982,0.555220,0.002295,0.002295,0.000023,218308
17.355437,597099.438524,0.004998,rest,2,0.000000,0.000000,0.000000,-0.000533,-0.000533,0.548290,0.001752,0.001752,0.089845,218310
17.360437,597099.443630,0.005000,rest,2,0.000000,0.000000,0.000000,-0.000982,-0.000982,0.566943,0.002313,0.002313,0.000000,218312
17.365438,597099.448734,0.005000,rest,2,0.000000,0.000000,0.000000,0.000874,0.000874,0.592564,0.001711,0.001711,0.371166,218314
17.370438,597099.453840,0.005000,rest,2,0.000000,0.000000,0.000000,-0.000131,-0.000131,0.556842,0.002271,0.002271,0.000000,218316
17.375439,597099.458946,0.005001,rest,2,0.000000,0.000000,0.000000,0.000168,0.000168,0.506140,0.001825,0.001825,0.059623,218318
17.380437,597099.464052,0.004999,rest,2,0.000000,0.000000,0.000000,-0.000066,-0.000066,0.509629,0.002427,0.002427,0.000000,218320
17.385438,597099.469157,0.005000,rest,2,0.000000,0.000000,0.000000,-0.001399,-0.001399,0.529083,0.001876,0.001876,0.000000,218322
17.390439,597099.474263,0.005001,rest,2,0.000000,0.000000,0.000000,-0.001449,-0.001449,0.533366,0.002428,0.002428,0.000000,218324
17.395438,597099.479367,0.004999,rest,2,0.000000,0.000000,0.000000,0.000071,0.000071,0.527228,0.001967,0.001967,0.304085,218326
17.400438,597099.484475,0.005000,rest,2,0.000000,0.000000,0.000000,-0.001448,-0.001448,0.540445,0.001457,0.001457,0.000000,218328
17.405437,597099.489581,0.004999,rest,2,0.000000,0.000000,0.000000,0.000506,0.000506,0.544697,0.002071,0.002071,0.390906,218330
17.410438,597099.494686,0.005001,rest,2,0.000000,0.000000,0.000000,-0.001376,-0.001376,0.503921,0.001634,0.001634,0.000000,218332
17.415438,597099.499793,0.005000,rest,2,0.000000,0.000000,0.000000,-0.000491,-0.000491,0.513551,0.002291,0.002291,0.176876,218334
17.420438,597099.504918,0.004999,rest,2,0.000000,0.000000,0.000000,-0.000836,-0.000836,0.566039,0.001814,0.001814,0.000000,218336
17.425438,597099.510036,0.005001,rest,2,0.000000,0.000000,0.000000,-0.000982,-0.000982,0.547575,0.002377,0.002377,0.000000,218338
17.430438,597099.515141,0.004999,rest,2,0.000000,0.000000,0.000000,-0.001023,-0.001023,0.492960,0.001944,0.001944,0.000000,218340
17.435438,597099.520249,0.005000,rest,2,0.000000,0.000000,0.000000,-0.001375,-0.001375,0.511578,0.002489,0.002489,0.000000,218342
17.440439,597099.525355,0.005001,rest,2,0.000000,0.000000,0.000000,-0.001472,-0.001472,0.567509,0.002052,0.002052,0.000000,218344
17.445438,597099.530459,0.004999,rest,2,0.000000,0.000000,0.000000,-0.000958,-0.000958,0.578892,0.001575,0.001575,0.102728,218346
17.450437,597099.535562,0.005000,rest,2,0.000000,0.000000,0.000000,0.000115,0.000115,0.570488,0.002143,0.002143,0.214630,218348
17.455438,597099.540664,0.005000,rest,2,0.000000,0.000000,0.000000,-0.001364,-0.001364,0.569118,0.001604,0.001604,0.000000,218350
17.460437,597099.545766,0.005000,rest,2,0.000000,0.000000,0.000000,-0.001471,-0.001471,0.569528,0.002254,0.002254,0.000000,218352
17.465437,597099.550870,0.005000,rest,2,0.000000,0.000000,0.000000,-0.001471,-0.001471,0.552580,0.001751,0.001751,0.000017,218354
17.470438,597099.555974,0.005001,rest,2,0.000000,0.000000,0.000000,0.000051,0.000051,0.508676,0.002272,0.002272,0.304416,218356
17.475438,597099.561079,0.005000,rest,2,0.000000,0.000000,0.000000,0.000051,0.000051,0.489904,0.001823,0.001823,0.000000,218358
17.480437,597099.566175,0.004999,rest,2,0.000000,0.000000,0.000000,0.000251,0.000251,0.523595,0.002410,0.002410,0.040083,218360
17.485438,597099.571264,0.005001,rest,2,0.000000,0.000000,0.000000,-0.000322,-0.000322,0.542453,0.001887,0.001887,0.000000,218362
17.490438,597099.576351,0.005000,rest,2,0.000000,0.000000,0.000000,-0.000325,-0.000325,0.508002,0.002440,0.002440,0.000000,218364
17.500438,597099.581443,0.009999,rest,2,0.000000,0.000000,0.000000,0.000188,0.000188,0.490201,0.001408,0.001408,0.228994,218368
17.505437,597099.586559,0.005000,rest,2,0.000000,0.000000,0.000000,-0.000812,-0.000812,0.529286,0.001951,0.001951,0.000000,218370
17.510438,597099.591653,0.005000,rest,2,0.000000,0.000000,0.000000,-0.000067,-0.000067,0.539525,0.002549,0.002549,0.148880,218372
17.515438,597099.596755,0.005000,rest,2,0.000000,0.000000,0.000000,-0.000981,-0.000981,0.539287,0.002082,0.002082,0.000000,218374
17.520438,597099.601858,0.005000,rest,2,0.000000,0.000000,0.000000,-0.001216,-0.001216,0.558687,0.001545,0.001545,0.000000,218376
17.525437,597099.606974,0.005000,rest,2,0.000000,0.000000,0.000000,-0.000872,-0.000872,0.563195,0.002205,0.002205,0.068880,218378
17.530438,597099.612064,0.005001,rest,2,0.000000,0.000000,0.000000,-0.001398,-0.001398,0.542923,0.001796,0.001796,0.000000,218380
17.535438,597099.617177,0.005000,rest,2,0.000000,0.000000,0.000000,-0.000823,-0.000823,0.519908,0.002346,0.002346,0.114925,218382
17.540437,597099.622274,0.004999,rest,2,0.000000,0.000000,0.000000,-0.000810,-0.000810,0.510293,0.001785,0.001785,0.002526,218384
17.545437,597099.627366,0.005000,rest,2,0.000000,0.000000,0.000000,-0.000248,-0.000248,0.513715,0.002356,0.002356,0.112524,218386
17.550443,597099.632462,0.005006,rest,2,0.000000,0.000000,0.000000,-0.001044,-0.001044,0.530608,0.002061,0.002061,0.000000,218388
17.555443,597099.637602,0.004999,step_12,2,0.012000,0.012000,0.012000,-0.001324,-0.001324,0.532769,0.002485,0.002485,0.000000,218390
17.560442,597099.642698,0.004999,step_12,2,0.012000,0.012000,0.012000,-0.000044,-0.000044,0.497608,0.001923,0.001923,0.256109,218392
17.565437,597099.647803,0.004996,step_12,2,0.012000,0.012000,0.012000,0.000230,0.000230,0.479098,0.002321,0.002321,0.054860,218394
17.570438,597099.652940,0.005000,step_12,2,0.012000,0.012000,0.012000,-0.000895,-0.000895,0.500361,0.001793,0.001793,0.000000,218396
17.575439,597099.658063,0.005001,step_12,2,0.012000,0.012000,0.012000,-0.001372,-0.001372,0.523583,0.002424,0.002424,0.000000,218398
17.580438,597099.663207,0.004999,step_12,2,0.012000,0.012000,0.012000,-0.000980,-0.000980,0.543518,0.001965,0.001965,0.078387,218400
17.585450,597099.668314,0.005012,step_12,2,0.012000,0.012000,0.012000,-0.000676,-0.000676,0.531414,0.002529,0.002529,0.060580,218402
17.590438,597099.673573,0.004989,step_12,2,0.012000,0.012000,0.012000,0.005782,0.005782,0.507660,0.001977,0.001977,1.294643,218404
17.595438,597099.678778,0.005000,step_12,2,0.012000,0.012000,0.012000,0.005782,0.005782,0.548991,0.001543,0.001543,0.000000,218406
17.600440,597099.683919,0.005002,step_12,2,0.012000,0.012000,0.012000,0.009262,0.009262,0.687242,0.002183,0.002183,0.695578,218408
17.605437,597099.689137,0.004997,step_12,2,0.012000,0.012000,0.012000,0.009262,0.009262,0.879168,0.001684,0.001684,0.000000,218410
17.610437,597099.694244,0.005000,step_12,2,0.012000,0.012000,0.012000,0.011196,0.011196,0.943779,0.002198,0.002198,0.386769,218412
17.615438,597099.699346,0.005000,step_12,2,0.012000,0.012000,0.012000,0.011835,0.011835,0.853876,0.001542,0.001542,0.127894,218414
17.620437,597099.704456,0.005000,step_12,2,0.012000,0.012000,0.012000,0.012799,0.012799,0.729010,0.002038,0.002038,0.192872,218416
17.625437,597099.709549,0.005000,step_12,2,0.012000,0.012000,0.012000,0.014659,0.014659,0.607709,0.001416,0.001416,0.371981,218418
17.630438,597099.714698,0.005000,step_12,2,0.012000,0.012000,0.012000,0.014090,0.014090,0.569321,0.001979,0.001979,0.000000,218420
17.635439,597099.719869,0.005002,step_12,2,0.012000,0.012000,0.012000,0.013916,0.013916,0.598493,0.001510,0.001510,0.000000,218422
17.640439,597099.724957,0.005000,step_12,2,0.012000,0.012000,0.012000,0.013128,0.013128,0.625246,0.002182,0.002182,0.000000,218424
17.645437,597099.730026,0.004998,step_12,2,0.012000,0.012000,0.012000,0.014468,0.014468,0.603723,0.001708,0.001708,0.268167,218426
17.650439,597099.735126,0.005001,step_12,2,0.012000,0.012000,0.012000,0.015279,0.015279,0.520706,0.002268,0.002268,0.162065,218428
17.655437,597099.740230,0.004999,step_12,2,0.012000,0.012000,0.012000,0.015018,0.015018,0.408974,0.001805,0.001805,0.000000,218430
17.660437,597099.745313,0.005000,step_12,2,0.012000,0.012000,0.012000,0.013958,0.013958,0.391755,0.002425,0.002425,0.000000,218432
17.665437,597099.750483,0.005000,step_12,2,0.012000,0.012000,0.012000,0.016072,0.016072,0.472845,0.001903,0.001903,0.422821,218434
17.670437,597099.755639,0.005000,step_12,2,0.012000,0.012000,0.012000,0.014803,0.014803,0.524519,0.002425,0.002425,0.000000,218436
17.675437,597099.760766,0.005000,step_12,2,0.012000,0.012000,0.012000,0.014180,0.014180,0.544438,0.001959,0.001959,0.000000,218438
17.680437,597099.765868,0.005000,step_12,2,0.012000,0.012000,0.012000,0.013389,0.013389,0.541489,0.001503,0.001503,0.000000,218440
17.685438,597099.770972,0.005000,step_12,2,0.012000,0.012000,0.012000,0.012038,0.012038,0.514281,0.002084,0.002084,0.000000,218442
17.690438,597099.776033,0.005000,step_12,2,0.012000,0.012000,0.012000,0.012562,0.012562,0.481610,0.001625,0.001625,0.104888,218444
17.695437,597099.781143,0.005000,step_12,2,0.012000,0.012000,0.012000,0.012650,0.012650,0.511821,0.002201,0.002201,0.017582,218446
17.700438,597099.786272,0.005001,step_12,2,0.012000,0.012000,0.012000,0.011761,0.011761,0.589648,0.001786,0.001786,0.000000,218448
17.705438,597099.791377,0.005000,step_12,2,0.012000,0.012000,0.012000,0.012187,0.012187,0.635388,0.002386,0.002386,0.085131,218450
17.715438,597099.796524,0.010000,step_12,2,0.012000,0.012000,0.012000,0.011747,0.011747,0.558367,0.002261,0.002261,0.017223,218454
17.720437,597099.801632,0.004999,step_12,2,0.012000,0.012000,0.012000,0.011600,0.011600,0.511837,0.001592,0.001592,0.000000,218456
17.725437,597099.806721,0.005000,step_12,2,0.012000,0.012000,0.012000,0.013410,0.013410,0.467433,0.002032,0.002032,0.361899,218458
17.730438,597099.811864,0.005000,step_12,2,0.012000,0.012000,0.012000,0.011513,0.011513,0.474897,0.002203,0.002203,0.000000,218460
17.735439,597099.816952,0.005001,step_12,2,0.012000,0.012000,0.012000,0.012577,0.012577,0.513350,0.001694,0.001694,0.212713,218462
17.740438,597099.822088,0.005000,step_12,2,0.012000,0.012000,0.012000,0.011663,0.011663,0.514503,0.002258,0.002258,0.000000,218464
17.745438,597099.827176,0.005000,step_12,2,0.012000,0.012000,0.012000,0.011562,0.011562,0.475938,0.001816,0.001816,0.000000,218466
17.750437,597099.832279,0.005000,step_12,2,0.012000,0.012000,0.012000,0.011863,0.011863,0.429759,0.002370,0.002370,0.060277,218468
17.755437,597099.837398,0.005000,step_12,2,0.012000,0.012000,0.012000,0.010235,0.010235,0.384330,0.001745,0.001745,0.000000,218470
17.760437,597099.842525,0.005000,step_12,2,0.012000,0.012000,0.012000,0.010235,0.010235,0.389919,0.002219,0.002219,0.000006,218472
17.765439,597099.847671,0.005001,step_12,2,0.012000,0.012000,0.012000,0.009671,0.009671,0.456793,0.001663,0.001663,0.000000,218474
17.770438,597099.852801,0.004999,step_12,2,0.012000,0.012000,0.012000,0.010499,0.010499,0.516725,0.002067,0.002067,0.165717,218476
17.775445,597099.857906,0.005008,step_12,2,0.012000,0.012000,0.012000,0.011312,0.011312,0.584372,0.001606,0.001606,0.162263,218478
17.780442,597099.863061,0.004997,step_12,2,0.012000,0.012000,0.012000,0.009433,0.009433,0.648798,0.002045,0.002045,0.000000,218480
17.785438,597099.868235,0.004996,step_12,2,0.012000,0.012000,0.012000,0.009699,0.009699,0.624501,0.001471,0.001471,0.053354,218482
17.790438,597099.873346,0.005000,step_12,2,0.012000,0.012000,0.012000,0.012278,0.012278,0.561923,0.001981,0.001981,0.515794,218484
17.795438,597099.878507,0.005001,step_12,2,0.012000,0.012000,0.012000,0.011029,0.011029,0.546114,0.001531,0.001531,0.000000,218486
17.800437,597099.883652,0.004999,step_12,2,0.012000,0.012000,0.012000,0.011568,0.011568,0.562342,0.002078,0.002078,0.107867,218488
17.805437,597099.888757,0.005000,step_12,2,0.012000,0.012000,0.012000,0.010031,0.010031,0.586963,0.001444,0.001444,0.000000,218490
17.810437,597099.893950,0.005000,step_12,2,0.012000,0.012000,0.012000,0.010608,0.010608,0.573635,0.002003,0.002003,0.115348,218492
17.815437,597099.899043,0.005000,step_12,2,0.012000,0.012000,0.012000,0.012525,0.012525,0.530732,0.001456,0.001456,0.383333,218494
17.820437,597099.904193,0.005000,step_12,2,0.012000,0.012000,0.012000,0.013139,0.013139,0.478434,0.001988,0.001988,0.122890,218496
17.825438,597099.909337,0.005001,step_12,2,0.012000,0.012000,0.012000,0.011327,0.011327,0.451129,0.001486,0.001486,0.000000,218498
17.830438,597099.914541,0.005000,step_12,2,0.012000,0.012000,0.012000,0.012712,0.012712,0.437650,0.002112,0.002112,0.277019,218500
17.835438,597099.919700,0.005000,step_12,2,0.012000,0.012000,0.012000,0.011362,0.011362,0.446256,0.001668,0.001668,0.000000,218502
17.840438,597099.924893,0.005000,step_12,2,0.012000,0.012000,0.012000,0.010784,0.010784,0.486627,0.002264,0.002264,0.000000,218504
17.845437,597099.930138,0.005000,step_12,2,0.012000,0.012000,0.012000,0.010719,0.010719,0.486879,0.001844,0.001844,0.000000,218506
17.850438,597099.935238,0.005000,step_12,2,0.012000,0.012000,0.012000,0.009908,0.009908,0.487266,0.002463,0.002463,0.000000,218508
17.855437,597099.940367,0.004999,step_12,2,0.012000,0.012000,0.012000,0.010242,0.010242,0.503166,0.002028,0.002028,0.066873,218510
17.860438,597099.945509,0.005001,step_12,2,0.012000,0.012000,0.012000,0.010118,0.010118,0.491255,0.001561,0.001561,0.000000,218512
17.865438,597099.950649,0.005000,step_12,2,0.012000,0.012000,0.012000,0.010154,0.010154,0.502098,0.002208,0.002208,0.007239,218514
17.870437,597099.955786,0.005000,step_12,2,0.012000,0.012000,0.012000,0.010680,0.010680,0.517183,0.001796,0.001796,0.105045,218516
17.875437,597099.960917,0.005000,step_12,2,0.012000,0.012000,0.012000,0.010168,0.010168,0.487669,0.002386,0.002386,0.000000,218518
17.880438,597099.966023,0.005001,step_12,2,0.012000,0.012000,0.012000,0.009166,0.009166,0.503927,0.001954,0.001954,0.000000,218520
17.885437,597099.971159,0.004999,step_12,2,0.012000,0.012000,0.012000,0.008927,0.008927,0.561904,0.001490,0.001490,0.000000,218522
17.890438,597099.976327,0.005001,step_12,2,0.012000,0.012000,0.012000,0.010993,0.010993,0.613739,0.002057,0.002057,0.413202,218524
17.895437,597099.981464,0.005000,step_12,2,0.012000,0.012000,0.012000,0.010993,0.010993,0.609764,0.001552,0.001552,0.000000,218526
17.905438,597099.986630,0.010000,step_12,2,0.012000,0.012000,0.012000,0.011590,0.011590,0.591493,0.001519,0.001519,0.000000,218530
17.910438,597099.991755,0.005000,step_12,2,0.012000,0.012000,0.012000,0.011590,0.011590,0.554396,0.002094,0.002094,0.000000,218532
17.915439,597099.996904,0.005001,step_12,2,0.012000,0.012000,0.012000,0.012320,0.012320,0.481731,0.001668,0.001668,0.146119,218534
17.920437,597100.002028,0.004999,step_12,2,0.012000,0.012000,0.012000,0.012320,0.012320,0.429215,0.002262,0.002262,0.000000,218536
17.925438,597100.007146,0.005001,step_12,2,0.012000,0.012000,0.012000,0.013143,0.013143,0.419849,0.001832,0.001832,0.164566,218538
17.930438,597100.012256,0.005000,step_12,2,0.012000,0.012000,0.012000,0.010797,0.010797,0.449714,0.002423,0.002423,0.000000,218540
17.935438,597100.017373,0.005000,step_12,2,0.012000,0.012000,0.012000,0.010287,0.010287,0.481871,0.002018,0.002018,0.000000,218542
17.940438,597100.022489,0.005001,step_12,2,0.012000,0.012000,0.012000,0.011233,0.011233,0.504264,0.001487,0.001487,0.189222,218544
17.945438,597100.027651,0.005000,step_12,2,0.012000,0.012000,0.012000,0.011445,0.011445,0.519405,0.002158,0.002158,0.042402,218546
17.950439,597100.032766,0.005001,step_12,2,0.012000,0.012000,0.012000,0.012257,0.012257,0.529860,0.001685,0.001685,0.162308,218548
17.955438,597100.037889,0.004999,step_12,2,0.012000,0.012000,0.012000,0.012156,0.012156,0.548701,0.002272,0.002272,0.000000,218550
17.960439,597100.043044,0.005001,step_12,2,0.012000,0.012000,0.012000,0.011426,0.011426,0.536901,0.001826,0.001826,0.000000,218552
17.965438,597100.048156,0.004999,step_12,2,0.012000,0.012000,0.012000,0.012393,0.012393,0.489755,0.002454,0.002454,0.193544,218554
17.970438,597100.053277,0.005000,step_12,2,0.012000,0.012000,0.012000,0.012159,0.012159,0.461643,0.001911,0.001911,0.000000,218556
17.975437,597100.058437,0.005000,step_12,2,0.012000,0.012000,0.012000,0.013438,0.013438,0.469081,0.001418,0.001418,0.255723,218558
17.980442,597100.063576,0.005005,step_12,2,0.012000,0.012000,0.012000,0.011685,0.011685,0.496224,0.002090,0.002090,0.000000,218560
17.985438,597100.068689,0.004996,step_12,2,0.012000,0.012000,0.012000,0.010323,0.010323,0.519541,0.001570,0.001570,0.000000,218562
17.990438,597100.073842,0.005000,step_12,2,0.012000,0.012000,0.012000,0.012073,0.012073,0.533676,0.002164,0.002164,0.349838,218564
17.995438,597100.079000,0.005000,step_12,2,0.012000,0.012000,0.012000,0.012981,0.012981,0.523028,0.001707,0.001707,0.181696,218566
18.000441,597100.084156,0.005003,step_12,2,0.012000,0.012000,0.012000,0.011011,0.011011,0.480734,0.002340,0.002340,0.000000,218568
18.005438,597100.089260,0.004997,step_12,2,0.012000,0.012000,0.012000,0.009619,0.009619,0.416070,0.001857,0.001857,0.000000,218570
18.010438,597100.094358,0.005000,step_12,2,0.012000,0.012000,0.012000,0.010146,0.010146,0.377922,0.002480,0.002480,0.105418,218572
18.015438,597100.099476,0.005000,step_12,2,0.012000,0.012000,0.012000,0.009694,0.009694,0.406401,0.002029,0.002029,0.000000,218574
18.020437,597100.104593,0.005000,step_12,2,0.012000,0.012000,0.012000,0.010674,0.010674,0.473886,0.001585,0.001585,0.195859,218576
18.025438,597100.109748,0.005001,step_12,2,0.012000,0.012000,0.012000,0.009314,0.009314,0.530518,0.002211,0.002211,0.000000,218578
18.030438,597100.114848,0.005000,step_12,2,0.012000,0.012000,0.012000,0.010248,0.010248,0.538035,0.001831,0.001831,0.186801,218580
18.035437,597100.119981,0.005000,step_12,2,0.012000,0.012000,0.012000,0.010191,0.010191,0.506499,0.002369,0.002369,0.000000,218582
18.040439,597100.125068,0.005002,step_12,2,0.012000,0.012000,0.012000,0.008721,0.008721,0.472646,0.001899,0.001899,0.000000,218584
18.045442,597100.130185,0.005003,step_12,2,0.012000,0.012000,0.012000,0.010435,0.010435,0.451641,0.002456,0.002456,0.342703,218586
18.050439,597100.135302,0.004997,step_12,2,0.012000,0.012000,0.012000,0.009958,0.009958,0.447160,0.001981,0.001981,0.000000,218588
18.055438,597100.140432,0.004999,step_12,2,0.012000,0.012000,0.012000,0.010905,0.010905,0.459845,0.001480,0.001480,0.189472,218590
18.060438,597100.145592,0.005000,step_12,2,0.012000,0.012000,0.012000,0.011087,0.011087,0.481254,0.002102,0.002102,0.036403,218592
18.065438,597100.150747,0.005000,step_12,2,0.012000,0.012000,0.012000,0.010812,0.010812,0.549280,0.001675,0.001675,0.000000,218594
18.070437,597100.155860,0.004999,step_12,2,0.012000,0.012000,0.012000,0.012503,0.012503,0.638202,0.002260,0.002260,0.338417,218596
18.075438,597100.160994,0.005001,step_12,2,0.012000,0.012000,0.012000,0.014295,0.014295,0.657167,0.001809,0.001809,0.358393,218598
18.080438,597100.166130,0.005000,step_12,2,0.012000,0.012000,0.012000,0.011988,0.011988,0.602323,0.002461,0.002461,0.000000,218600
18.085439,597100.171261,0.005001,step_12,2,0.012000,0.012000,0.012000,0.010656,0.010656,0.503209,0.002017,0.002017,0.000000,218602
18.090438,597100.176402,0.004999,step_12,2,0.012000,0.012000,0.012000,0.010656,0.010656,0.417792,0.001498,0.001498,0.000000,218604
18.100566,597100.181532,0.010128,step_12,2,0.012000,0.012000,0.012000,0.010889,0.010889,0.431879,0.001713,0.001713,0.000000,218608
18.100566,597100.186667,0.000001,step_12,2,0.012000,0.012000,0.012000,0.010889,0.010889,0.431879,0.001713,0.001713,0.000000,218608
18.105438,597100.191796,0.004872,step_12,2,0.012000,0.012000,0.012000,0.011219,0.011219,0.495544,0.002211,0.002211,0.067841,218610
18.111318,597100.196886,0.005880,step_12,2,0.012000,0.012000,0.012000,0.011117,0.011117,0.514715,0.002644,0.002644,0.000000,218612
18.120437,597100.202021,0.009119,step_12,2,0.012000,0.012000,0.012000,0.009287,0.009287,0.403351,0.001818,0.001818,0.000000,218616
18.125438,597100.207232,0.005001,step_12,2,0.012000,0.012000,0.012000,0.009944,0.009944,0.395753,0.002351,0.002351,0.131274,218618
18.130437,597100.212335,0.004999,step_12,2,0.012000,0.012000,0.012000,0.010849,0.010849,0.441769,0.001840,0.001840,0.181039,218620
18.135438,597100.217482,0.005000,step_12,2,0.012000,0.012000,0.012000,0.008986,0.008986,0.497424,0.002264,0.002264,0.000000,218622
18.140438,597100.222622,0.005000,step_12,2,0.012000,0.012000,0.012000,0.009966,0.009966,0.511718,0.001759,0.001759,0.196033,218624
18.145439,597100.227827,0.005001,step_12,2,0.012000,0.012000,0.012000,0.011253,0.011253,0.469172,0.002360,0.002360,0.257311,218626
18.150437,597100.233074,0.004998,step_12,2,0.012000,0.012000,0.012000,0.009778,0.009778,0.435901,0.001927,0.001927,0.000000,218628
18.155437,597100.238226,0.005000,step_12,2,0.012000,0.012000,0.012000,0.009719,0.009719,0.437592,0.002478,0.002478,0.000000,218630
18.160437,597100.243333,0.005000,step_12,2,0.012000,0.012000,0.012000,0.010175,0.010175,0.450465,0.001974,0.001974,0.091147,218632
18.165437,597100.248476,0.005000,step_12,2,0.012000,0.012000,0.012000,0.009998,0.009998,0.494592,0.002497,0.002497,0.000000,218634
18.170437,597100.253624,0.005000,step_12,2,0.012000,0.012000,0.012000,0.010979,0.010979,0.540721,0.001949,0.001949,0.196239,218636
18.175439,597100.258846,0.005002,step_12,2,0.012000,0.012000,0.012000,0.011459,0.011459,0.541296,0.001462,0.001462,0.095867,218638
18.180438,597100.264059,0.004999,step_12,2,0.012000,0.012000,0.012000,0.010655,0.010655,0.519901,0.002100,0.002100,0.000000,218640
18.185438,597100.269208,0.005000,step_12,2,0.012000,0.012000,0.012000,0.012693,0.012693,0.506286,0.001718,0.001718,0.407642,218642
18.190437,597100.274369,0.004999,step_12,2,0.012000,0.012000,0.012000,0.013257,0.013257,0.490999,0.002231,0.002231,0.112754,218644
18.195438,597100.279518,0.005000,step_12,2,0.012000,0.012000,0.012000,0.013576,0.013576,0.508920,0.001731,0.001731,0.063823,218646
18.200437,597100.284619,0.005000,step_12,2,0.012000,0.012000,0.012000,0.012332,0.012332,0.559624,0.002360,0.002360,0.000000,218648
18.205437,597100.289763,0.005000,step_12,2,0.012000,0.012000,0.012000,0.012753,0.012753,0.553755,0.001786,0.001786,0.084376,218650
18.210438,597100.294883,0.005001,step_12,2,0.012000,0.012000,0.012000,0.013337,0.013337,0.498193,0.002344,0.002344,0.116624,218652
18.215438,597100.300015,0.005000,step_12,2,0.012000,0.012000,0.012000,0.012857,0.012857,0.455890,0.001840,0.001840,0.000000,218654
18.220437,597100.305100,0.004999,step_12,2,0.012000,0.012000,0.012000,0.012831,0.012831,0.436079,0.002377,0.002377,0.000000,218656
18.225438,597100.310178,0.005001,step_12,2,0.012000,0.012000,0.012000,0.013385,0.013385,0.445799,0.001883,0.001883,0.110930,218658
18.230443,597100.315250,0.005005,step_12,2,0.012000,0.012000,0.012000,0.011158,0.011158,0.478031,0.001540,0.001540,0.000000,218660
18.235438,597100.320378,0.004995,step_12,2,0.012000,0.012000,0.012000,0.011499,0.011499,0.478222,0.001987,0.001987,0.068186,218662
18.240438,597100.325459,0.005001,step_12,2,0.012000,0.012000,0.012000,0.011362,0.011362,0.397084,0.001449,0.001449,0.000000,218664
18.245438,597100.330570,0.005000,step_12,2,0.012000,0.012000,0.012000,0.008092,0.008092,0.305960,0.002048,0.002048,0.000000,218666
18.250437,597100.335686,0.004999,step_12,2,0.012000,0.012000,0.012000,0.008113,0.008113,0.300331,0.002482,0.002482,0.004187,218668
18.255437,597100.340764,0.005000,step_12,2,0.012000,0.012000,0.012000,0.008113,0.008113,0.345411,0.001913,0.001913,0.000001,218670
18.260437,597100.345857,0.005000,step_12,2,0.012000,0.012000,0.012000,0.008696,0.008696,0.427942,0.001421,0.001421,0.116565,218672
18.265438,597100.350954,0.005001,step_12,2,0.012000,0.012000,0.012000,0.009973,0.009973,0.492878,0.002076,0.002076,0.255344,218674
18.270437,597100.356082,0.004999,step_12,2,0.012000,0.012000,0.012000,0.009973,0.009973,0.503023,0.001554,0.001554,0.000002,218676
18.275437,597100.361156,0.005000,step_12,2,0.012000,0.012000,0.012000,0.010536,0.010536,0.506770,0.002046,0.002046,0.112632,218678
18.280438,597100.366249,0.005000,step_12,2,0.012000,0.012000,0.012000,0.010559,0.010559,0.494661,0.001453,0.001453,0.004479,218680
18.285437,597100.371326,0.005000,step_12,2,0.012000,0.012000,0.012000,0.011112,0.011112,0.507440,0.001938,0.001938,0.110676,218682
18.290437,597100.376442,0.005000,step_12,2,0.012000,0.012000,0.012000,0.009599,0.009599,0.544386,0.001456,0.001456,0.000000,218684
18.300437,597100.381557,0.010000,step_12,2,0.012000,0.012000,0.012000,0.012125,0.012125,0.424930,0.002449,0.002449,0.250720,218688
18.305438,597100.386669,0.005000,step_12,2,0.012000,0.012000,0.012000,0.012708,0.012708,0.397137,0.001973,0.001973,0.116419,218690
18.310437,597100.391785,0.004999,step_12,2,0.012000,0.012000,0.012000,0.010186,0.010186,0.422171,0.001489,0.001489,0.000000,218692
18.315438,597100.396932,0.005001,step_12,2,0.012000,0.012000,0.012000,0.011193,0.011193,0.461139,0.002055,0.002055,0.201317,218694
18.320437,597100.402119,0.005000,step_12,2,0.012000,0.012000,0.012000,0.011724,0.011724,0.471633,0.001534,0.001534,0.106354,218696
18.325438,597100.407206,0.005001,step_12,2,0.012000,0.012000,0.012000,0.010315,0.010315,0.461642,0.002163,0.002163,0.000000,218698
18.330438,597100.412341,0.005000,step_12,2,0.012000,0.012000,0.012000,0.012308,0.012308,0.459285,0.001683,0.001683,0.398638,218700
18.335438,597100.417467,0.005000,step_12,2,0.012000,0.012000,0.012000,0.011118,0.011118,0.443238,0.002278,0.002278,0.000000,218702
18.340438,597100.422558,0.004999,step_12,2,0.012000,0.012000,0.012000,0.011458,0.011458,0.427943,0.001636,0.001636,0.068041,218704
18.345440,597100.427685,0.005002,step_12,2,0.012000,0.012000,0.012000,0.011507,0.011507,0.454773,0.002238,0.002238,0.009656,218706
18.350439,597100.432778,0.004999,step_12,2,0.012000,0.012000,0.012000,0.011624,0.011624,0.509920,0.001754,0.001754,0.023532,218708
18.355437,597100.437898,0.004998,step_12,2,0.012000,0.012000,0.012000,0.011674,0.011674,0.554285,0.002207,0.002207,0.009904,218710
18.360440,597100.443023,0.005003,step_12,2,0.012000,0.012000,0.012000,0.013456,0.013456,0.551077,0.001722,0.001722,0.356238,218712
18.365437,597100.448153,0.004997,step_12,2,0.012000,0.012000,0.012000,0.011784,0.011784,0.509287,0.002266,0.002266,0.000000,218714
18.370437,597100.453290,0.005000,step_12,2,0.012000,0.012000,0.012000,0.014194,0.014194,0.453018,0.001507,0.001507,0.481958,218716
18.375437,597100.458425,0.005000,step_12,2,0.012000,0.012000,0.012000,0.011244,0.011244,0.409176,0.002010,0.002010,0.000000,218718
18.380437,597100.463544,0.005000,step_12,2,0.012000,0.012000,0.012000,0.012042,0.012042,0.392590,0.001461,0.001461,0.159630,218720
18.385438,597100.468661,0.005000,step_12,2,0.012000,0.012000,0.012000,0.011670,0.011670,0.382121,0.001976,0.001976,0.000000,218722
18.390438,597100.473754,0.005000,step_12,2,0.012000,0.012000,0.012000,0.010609,0.010609,0.388505,0.002230,0.002230,0.000000,218724
18.395437,597100.478879,0.005000,step_12,2,0.012000,0.012000,0.012000,0.011718,0.011718,0.423488,0.001758,0.001758,0.221898,218726
18.400437,597100.483994,0.005000,step_12,2,0.012000,0.012000,0.012000,0.010972,0.010972,0.444397,0.002259,0.002259,0.000000,218728
18.405438,597100.489116,0.005000,step_12,2,0.012000,0.012000,0.012000,0.010972,0.010972,0.417390,0.001641,0.001641,0.000001,218730
18.410437,597100.494209,0.005000,step_12,2,0.012000,0.012000,0.012000,0.010793,0.010793,0.399011,0.002091,0.002091,0.000000,218732
18.415437,597100.499299,0.005000,step_12,2,0.012000,0.012000,0.012000,0.009784,0.009784,0.439953,0.001530,0.001530,0.000000,218734
18.420437,597100.504440,0.005000,step_12,2,0.012000,0.012000,0.012000,0.011136,0.011136,0.500797,0.002105,0.002105,0.270490,218736
18.425438,597100.509540,0.005000,step_12,2,0.012000,0.012000,0.012000,0.011959,0.011959,0.522178,0.002561,0.002561,0.164565,218738
18.430437,597100.514659,0.005000,step_12,2,0.012000,0.012000,0.012000,0.012266,0.012266,0.470684,0.002035,0.002035,0.061517,218740
18.435437,597100.519775,0.005000,step_12,2,0.012000,0.012000,0.012000,0.011004,0.011004,0.399112,0.002359,0.002359,0.000000,218742
18.440437,597100.524876,0.005000,step_12,2,0.012000,0.012000,0.012000,0.009993,0.009993,0.397045,0.001830,0.001830,0.000000,218744
18.445437,597100.530016,0.005000,step_12,2,0.012000,0.012000,0.012000,0.010548,0.010548,0.435099,0.002172,0.002172,0.110954,218746
18.450438,597100.535111,0.005000,step_12,2,0.012000,0.012000,0.012000,0.011024,0.011024,0.448579,0.001719,0.001719,0.095234,218748
18.455437,597100.540262,0.004999,step_12,2,0.012000,0.012000,0.012000,0.010808,0.010808,0.461299,0.002140,0.002140,0.000000,218750
18.460437,597100.545367,0.005000,step_12,2,0.012000,0.012000,0.012000,0.010177,0.010177,0.472773,0.001627,0.001627,0.000000,218752
18.465437,597100.550516,0.005000,step_12,2,0.012000,0.012000,0.012000,0.012191,0.012191,0.459277,0.002157,0.002157,0.402927,218754
18.470437,597100.555655,0.005000,step_12,2,0.012000,0.012000,0.012000,0.011212,0.011212,0.444152,0.001519,0.001519,0.000000,218756
18.475437,597100.560796,0.005000,step_12,2,0.012000,0.012000,0.012000,0.012832,0.012832,0.430637,0.002135,0.002135,0.324077,218758
18.480437,597100.565938,0.005000,step_12,2,0.012000,0.012000,0.012000,0.011791,0.011791,0.462415,0.001610,0.001610,0.000000,218760
18.485438,597100.571106,0.005001,step_12,2,0.012000,0.012000,0.012000,0.013572,0.013572,0.523079,0.002052,0.002052,0.356288,218762
18.490438,597100.576205,0.005000,step_12,2,0.012000,0.012000,0.012000,0.012776,0.012776,0.533735,0.002329,0.002329,0.000000,218764
18.495437,597100.581298,0.005000,step_12,2,0.012000,0.012000,0.012000,0.012853,0.012853,0.489391,0.001861,0.001861,0.015368,218766
18.500438,597100.586446,0.005001,step_12,2,0.012000,0.012000,0.012000,0.013386,0.013386,0.443402,0.002234,0.002234,0.106620,218768
18.510437,597100.591506,0.009999,step_12,2,0.012000,0.012000,0.012000,0.013120,0.013120,0.467734,0.002108,0.002108,0.000000,218772
18.515437,597100.596654,0.005000,step_12,2,0.012000,0.012000,0.012000,0.013120,0.013120,0.476401,0.001540,0.001540,0.000001,218774
18.520437,597100.601792,0.005000,step_12,2,0.012000,0.012000,0.012000,0.013378,0.013378,0.479906,0.002049,0.002049,0.051590,218776
18.525438,597100.606926,0.005001,step_12,2,0.012000,0.012000,0.012000,0.013378,0.013378,0.430488,0.002466,0.002466,0.000003,218778
18.530439,597100.612015,0.005001,step_12,2,0.012000,0.012000,0.012000,0.011530,0.011530,0.355884,0.001918,0.001918,0.000000,218780
18.535438,597100.617141,0.005000,step_12,2,0.012000,0.012000,0.012000,0.010995,0.010995,0.344239,0.002481,0.002481,0.000000,218782
18.540438,597100.622230,0.005000,step_12,2,0.012000,0.012000,0.012000,0.010668,0.010668,0.369879,0.002066,0.002066,0.000000,218784
18.545437,597100.627360,0.004999,step_12,2,0.012000,0.012000,0.012000,0.007986,0.007986,0.395887,0.001569,0.001569,0.000000,218786
18.550439,597100.632456,0.005002,step_12,2,0.012000,0.012000,0.012000,0.011039,0.011039,0.398877,0.002215,0.002215,0.610398,218788
18.555438,597100.637593,0.004999,step_12,2,0.012000,0.012000,0.012000,0.009424,0.009424,0.407223,0.001793,0.001793,0.000000,218790
18.560439,597100.642734,0.005001,rest,2,0.000000,0.000000,0.000000,0.011036,0.011036,0.448616,0.002419,0.002419,0.322286,218792
18.565437,597100.647854,0.004999,rest,2,0.000000,0.000000,0.000000,0.011748,0.011748,0.456090,0.001977,0.001977,0.142560,218794
18.570437,597100.653000,0.005000,rest,2,0.000000,0.000000,0.000000,0.012468,0.012468,0.436185,0.002509,0.002509,0.143973,218796
18.575437,597100.658168,0.005000,rest,2,0.000000,0.000000,0.000000,0.013922,0.013922,0.412640,0.001998,0.001998,0.290752,218798
18.580439,597100.663285,0.005002,rest,2,0.000000,0.000000,0.000000,0.011962,0.011962,0.378426,0.001535,0.001535,0.000000,218800
18.585438,597100.668407,0.004999,rest,2,0.000000,0.000000,0.000000,0.011317,0.011317,0.352727,0.002123,0.002123,0.000000,218802
18.590438,597100.673514,0.005000,rest,2,0.000000,0.000000,0.000000,0.011753,0.011753,0.364150,0.001617,0.001617,0.087071,218804
18.595439,597100.678636,0.005001,rest,2,0.000000,0.000000,0.000000,0.013226,0.013226,0.444911,0.002245,0.002245,0.294734,218806
18.600437,597100.683759,0.004999,rest,2,0.000000,0.000000,0.000000,0.006021,0.006021,0.531933,0.001782,0.001782,0.000000,218808
18.605437,597100.688858,0.005000,rest,2,0.000000,0.000000,0.000000,0.003005,0.003005,0.508372,0.002270,0.002270,0.000000,218810
18.610438,597100.693988,0.005000,rest,2,0.000000,0.000000,0.000000,0.001657,0.001657,0.248562,0.001819,0.001819,0.000000,218812
18.615439,597100.699115,0.005001,rest,2,0.000000,0.000000,0.000000,0.000388,0.000388,-0.062152,0.002435,0.002435,0.000000,218814
18.620437,597100.704213,0.004999,rest,2,0.000000,0.000000,0.000000,-0.000242,-0.000242,-0.057510,0.001891,0.001891,0.000000,218816
18.625438,597100.709336,0.005000,rest,2,0.000000,0.000000,0.000000,0.000233,0.000233,0.107813,0.002497,0.002497,0.094984,218818
18.630438,597100.714457,0.005000,rest,2,0.000000,0.000000,0.000000,0.000466,0.000466,0.370553,0.002066,0.002066,0.046588,218820
18.635440,597100.719584,0.005002,rest,2,0.000000,0.000000,0.000000,0.000466,0.000466,0.682929,0.001626,0.001626,0.000015,218822
18.640438,597100.724686,0.004998,rest,2,0.000000,0.000000,0.000000,0.000233,0.000233,0.718581,0.002223,0.002223,0.000000,218824
18.645438,597100.729807,0.005000,rest,2,0.000000,0.000000,0.000000,0.000259,0.000259,0.499515,0.001726,0.001726,0.005234,218826
18.650438,597100.734934,0.005000,rest,2,0.000000,0.000000,0.000000,0.000156,0.000156,0.260395,0.002352,0.002352,0.000000,218828
18.655437,597100.740039,0.005000,rest,2,0.000000,0.000000,0.000000,0.000233,0.000233,0.268178,0.001858,0.001858,0.015543,218830
18.660438,597100.745166,0.005001,rest,2,0.000000,0.000000,0.000000,0.000259,0.000259,0.481734,0.002449,0.002449,0.005216,218832
18.665439,597100.750288,0.005001,rest,2,0.000000,0.000000,0.000000,0.000260,0.000260,0.614705,0.002054,0.002054,0.000027,218834
18.670437,597100.755385,0.004998,rest,2,0.000000,0.000000,0.000000,0.000105,0.000105,0.528194,0.001564,0.001564,0.000000,218836
18.675438,597100.760512,0.005000,rest,2,0.000000,0.000000,0.000000,0.000105,0.000105,0.354136,0.002175,0.002175,0.000019,218838
18.680439,597100.765633,0.005001,rest,2,0.000000,0.000000,0.000000,0.000156,0.000156,0.289878,0.001705,0.001705,0.010320,218840
18.685438,597100.770732,0.004999,rest,2,0.000000,0.000000,0.000000,0.000183,0.000183,0.351867,0.002346,0.002346,0.005239,218842
18.690437,597100.775841,0.004999,rest,2,0.000000,0.000000,0.000000,0.000105,0.000105,0.469124,0.001839,0.001839,0.000000,218844
18.695440,597100.780987,0.005002,rest,2,0.000000,0.000000,0.000000,0.000157,0.000157,0.506945,0.002432,0.002432,0.010303,218846
18.700438,597100.786110,0.004998,rest,2,0.000000,0.000000,0.000000,0.000001,0.000001,0.424625,0.001995,0.001995,0.000000,218848
18.705437,597100.791207,0.004999,rest,2,0.000000,0.000000,0.000000,0.000001,0.000001,0.351535,0.002529,0.002529,0.000000,218850
18.710437,597100.796329,0.005000,rest,2,0.000000,0.000000,0.000000,0.000002,0.000002,0.360538,0.002148,0.002148,0.000025,218852
18.715438,597100.801457,0.005000,rest,2,0.000000,0.000000,0.000000,-0.001015,-0.001015,0.429130,0.001728,0.001728,0.000000,218854
18.725438,597100.806560,0.010000,rest,2,0.000000,0.000000,0.000000,-0.001170,-0.001170,0.445654,0.001871,0.001871,0.000000,218858
18.730438,597100.811703,0.005000,rest,2,0.000000,0.000000,0.000000,-0.001092,-0.001092,0.403918,0.002437,0.002437,0.015568,218860
18.735438,597100.816911,0.005000,rest,2,0.000000,0.000000,0.000000,-0.001092,-0.001092,0.425254,0.002065,0.002065,0.000017,218862
18.740438,597100.822159,0.005000,rest,2,0.000000,0.000000,0.000000,-0.000332,-0.000332,0.520318,0.001581,0.001581,0.152001,218864
18.745438,597100.827387,0.005000,rest,2,0.000000,0.000000,0.000000,0.000977,0.000977,0.554723,0.002275,0.002275,0.261849,218866
18.750437,597100.832490,0.005000,rest,2,0.000000,0.000000,0.000000,0.000046,0.000046,0.509864,0.001772,0.001772,0.000000,218868
18.755438,597100.837684,0.005001,rest,2,0.000000,0.000000,0.000000,-0.000332,-0.000332,0.435233,0.002336,0.002336,0.000000,218870
18.760438,597100.842914,0.005000,rest,2,0.000000,0.000000,0.000000,-0.000176,-0.000176,0.379900,0.001896,0.001896,0.031087,218872
18.765438,597100.848092,0.005000,rest,2,0.000000,0.000000,0.000000,-0.000332,-0.000332,0.376226,0.002490,0.002490,0.000000,218874
18.770437,597100.853231,0.004999,rest,2,0.000000,0.000000,0.000000,-0.000306,-0.000306,0.415058,0.001992,0.001992,0.005194,218876
18.775439,597100.858475,0.005002,rest,2,0.000000,0.000000,0.000000,-0.000806,-0.000806,0.461099,0.001514,0.001514,0.000000,218878
18.780437,597100.863621,0.004998,rest,2,0.000000,0.000000,0.000000,-0.000806,-0.000806,0.432653,0.002189,0.002189,0.000059,218880
18.785438,597100.868846,0.005001,rest,2,0.000000,0.000000,0.000000,-0.000917,-0.000917,0.411413,0.001785,0.001785,0.000000,218882
18.790438,597100.874071,0.005000,rest,2,0.000000,0.000000,0.000000,-0.002537,-0.002537,0.422940,0.002361,0.002361,0.000000,218884
18.795438,597100.879178,0.005000,rest,2,0.000000,0.000000,0.000000,-0.000891,-0.000891,0.432699,0.001920,0.001920,0.329283,218886
18.800438,597100.884283,0.005000,rest,2,0.000000,0.000000,0.000000,-0.000442,-0.000442,0.445306,0.001446,0.001446,0.089704,218888
18.805437,597100.889430,0.005000,rest,2,0.000000,0.000000,0.000000,-0.000443,-0.000443,0.439054,0.002059,0.002059,0.000000,218890
18.810438,597100.894549,0.005000,rest,2,0.000000,0.000000,0.000000,0.000144,0.000144,0.464627,0.001548,0.001548,0.117297,218892
18.815439,597100.899663,0.005001,rest,2,0.000000,0.000000,0.000000,0.000144,0.000144,0.463922,0.002228,0.002228,0.000040,218894
18.820438,597100.904787,0.004999,rest,2,0.000000,0.000000,0.000000,0.000247,0.000247,0.474267,0.001824,0.001824,0.020613,218896
18.825438,597100.909905,0.005000,rest,2,0.000000,0.000000,0.000000,-0.001391,-0.001391,0.491279,0.002423,0.002423,0.000000,218898
18.830440,597100.915073,0.005003,rest,2,0.000000,0.000000,0.000000,0.000170,0.000170,0.477058,0.001973,0.001973,0.311976,218900
18.835439,597100.920155,0.004998,rest,2,0.000000,0.000000,0.000000,-0.000330,-0.000330,0.489778,0.001558,0.001558,0.000000,218902
18.841206,597100.925268,0.005768,rest,2,0.000000,0.000000,0.000000,-0.000330,-0.000330,0.475971,0.002857,0.002857,0.000000,218904
18.845675,597100.930388,0.004469,rest,2,0.000000,0.000000,0.000000,0.000144,0.000144,0.457943,0.001807,0.001807,0.106194,218906
18.850439,597100.935590,0.004763,rest,2,0.000000,0.000000,0.000000,-0.001278,-0.001278,0.442906,0.002224,0.002224,0.000000,218908
18.855438,597100.940831,0.004999,rest,2,0.000000,0.000000,0.000000,-0.000304,-0.000304,0.394108,0.001720,0.001720,0.194909,218910
18.860437,597100.945940,0.005000,rest,2,0.000000,0.000000,0.000000,0.000145,0.000145,0.392047,0.002357,0.002357,0.089802,218912
18.865437,597100.951064,0.005000,rest,2,0.000000,0.000000,0.000000,-0.000915,-0.000915,0.416179,0.001941,0.001941,0.000000,218914
18.870437,597100.956177,0.005000,rest,2,0.000000,0.000000,0.000000,-0.000804,-0.000804,0.399384,0.001493,0.001493,0.022242,218916
18.875438,597100.961299,0.005000,rest,2,0.000000,0.000000,0.000000,0.000145,0.000145,0.401910,0.002061,0.002061,0.189823,218918
18.881319,597100.966420,0.005881,rest,2,0.000000,0.000000,0.000000,-0.000915,-0.000915,0.451361,0.002479,0.002479,0.000000,218920
18.886873,597100.971544,0.005554,rest,2,0.000000,0.000000,0.000000,-0.001389,-0.001389,0.501555,0.003694,0.003694,0.000000,218922
18.892221,597100.976667,0.005348,rest,2,0.000000,0.000000,0.000000,0.000731,0.000731,0.507279,0.003572,0.003572,0.396576,218924
18.896635,597100.981779,0.004415,rest,2,0.000000,0.000000,0.000000,-0.000328,-0.000328,0.502545,0.002592,0.002592,0.000000,218926
18.905437,597100.986900,0.008801,rest,2,0.000000,0.000000,0.000000,0.000732,0.000732,0.446788,0.001599,0.001599,0.237790,218930
18.910438,597100.992141,0.005001,rest,2,0.000000,0.000000,0.000000,-0.000914,-0.000914,0.428582,0.002265,0.002265,0.000000,218932
18.915438,597100.997336,0.005001,rest,2,0.000000,0.000000,0.000000,-0.001166,-0.001166,0.429956,0.001761,0.001761,0.000000,218934
18.920438,597101.002462,0.005000,rest,2,0.000000,0.000000,0.000000,0.000886,0.000886,0.418473,0.002330,0.002330,0.410556,218936
18.925439,597101.007681,0.005001,rest,2,0.000000,0.000000,0.000000,-0.000328,-0.000328,0.400440,0.001867,0.001867,0.000000,218938
18.930438,597101.012784,0.004999,rest,2,0.000000,0.000000,0.000000,-0.000328,-0.000328,0.424636,0.002515,0.002515,0.000033,218940
18.935437,597101.017993,0.004999,rest,2,0.000000,0.000000,0.000000,-0.000328,-0.000328,0.444895,0.001879,0.001879,0.000061,218942
18.940438,597101.023163,0.005001,rest,2,0.000000,0.000000,0.000000,0.000147,0.000147,0.416985,0.002351,0.002351,0.094859,218944
18.945438,597101.028267,0.005000,rest,2,0.000000,0.000000,0.000000,0.000147,0.000147,0.395200,0.001836,0.001836,0.000034,218946
18.950438,597101.033467,0.004999,rest,2,0.000000,0.000000,0.000000,-0.000913,-0.000913,0.402998,0.002336,0.002336,0.000000,218948
18.955437,597101.038713,0.004999,rest,2,0.000000,0.000000,0.000000,-0.000913,-0.000913,0.434208,0.001723,0.001723,0.000022,218950
18.960438,597101.043824,0.005001,rest,2,0.000000,0.000000,0.000000,0.000037,0.000037,0.475985,0.002342,0.002342,0.189913,218952
18.965438,597101.049056,0.005000,rest,2,0.000000,0.000000,0.000000,0.000512,0.000512,0.461773,0.001750,0.001750,0.095013,218954
18.970437,597101.054173,0.004999,rest,2,0.000000,0.000000,0.000000,0.000733,0.000733,0.427765,0.002235,0.002235,0.044252,218956
18.975437,597101.059276,0.005001,rest,2,0.000000,0.000000,0.000000,-0.000327,-0.000327,0.437178,0.001699,0.001699,0.000000,218958
18.980437,597101.064388,0.005000,rest,2,0.000000,0.000000,0.000000,0.000148,0.000148,0.445623,0.002300,0.002300,0.095030,218960
18.985438,597101.069518,0.005001,rest,2,0.000000,0.000000,0.000000,0.000174,0.000174,0.462865,0.001735,0.001735,0.005121,218962
18.990438,597101.074685,0.005000,rest,2,0.000000,0.000000,0.000000,0.000148,0.000148,0.469875,0.002192,0.002192,0.000000,218964
18.995437,597101.079897,0.004999,rest,2,0.000000,0.000000,0.000000,0.000148,0.000148,0.459047,0.001566,0.001566,0.000048,218966
19.000437,597101.085135,0.005000,rest,2,0.000000,0.000000,0.000000,0.000149,0.000149,0.448199,0.002066,0.002066,0.000036,218968
19.005437,597101.090253,0.005000,rest,2,0.000000,0.000000,0.000000,-0.000801,-0.000801,0.456438,0.001432,0.001432,0.000000,218970
19.010437,597101.095382,0.005000,rest,2,0.000000,0.000000,0.000000,0.000624,0.000624,0.436076,0.001968,0.001968,0.284967,218972
19.015438,597101.100619,0.005001,rest,2,0.000000,0.000000,0.000000,0.000149,0.000149,0.419750,0.002433,0.002433,0.000000,218974
19.020438,597101.105821,0.005000,rest,2,0.000000,0.000000,0.000000,-0.000911,-0.000911,0.458013,0.001927,0.001927,0.000000,218976
19.025437,597101.110941,0.005000,rest,2,0.000000,0.000000,0.000000,0.000845,0.000845,0.440437,0.001404,0.001404,0.351145,218978
19.030438,597101.116053,0.005000,rest,2,0.000000,0.000000,0.000000,0.000625,0.000625,0.430744,0.001949,0.001949,0.000000,218980
19.035438,597101.121157,0.005000,rest,2,0.000000,0.000000,0.000000,0.000150,0.000150,0.465815,0.001497,0.001497,0.000000,218982
19.040437,597101.126253,0.004999,rest,2,0.000000,0.000000,0.000000,0.001320,0.001320,0.475419,0.001927,0.001927,0.234130,218984
19.045437,597101.131362,0.005000,rest,2,0.000000,0.000000,0.000000,-0.000325,-0.000325,0.433897,0.002317,0.002317,0.000000,218986
19.050438,597101.136474,0.005000,rest,2,0.000000,0.000000,0.000000,0.000625,0.000625,0.409245,0.001816,0.001816,0.190050,218988
19.060437,597101.141587,0.010000,rest,2,0.000000,0.000000,0.000000,-0.000324,-0.000324,0.447395,0.001977,0.001977,0.000000,218992
19.065438,597101.146700,0.005001,step_12,2,-0.012000,-0.012000,-0.012000,0.000041,0.000041,0.454640,0.002420,0.002420,0.072961,218994
19.070438,597101.151910,0.005000,step_12,2,-0.012000,-0.012000,-0.012000,-0.000909,-0.000909,0.460684,0.001883,0.001883,0.000000,218996
19.075437,597101.157014,0.004999,step_12,2,-0.012000,-0.012000,-0.012000,-0.000324,-0.000324,0.466117,0.002385,0.002385,0.116922,218998
19.080437,597101.162198,0.005000,step_12,2,-0.012000,-0.012000,-0.012000,0.000151,0.000151,0.469579,0.001899,0.001899,0.095062,219000
19.085438,597101.167285,0.005001,step_12,2,-0.012000,-0.012000,-0.012000,0.000151,0.000151,0.433896,0.002384,0.002384,0.000051,219002
19.090438,597101.172408,0.005000,step_12,2,-0.012000,-0.012000,-0.012000,0.000042,0.000042,0.414754,0.001850,0.001850,0.000000,219004
19.095440,597101.177531,0.005001,step_12,2,-0.012000,-0.012000,-0.012000,-0.003029,-0.003029,0.430908,0.002322,0.002322,0.000000,219006
19.100439,597101.182624,0.005000,step_12,2,-0.012000,-0.012000,-0.012000,-0.005763,-0.005763,0.428220,0.001792,0.001792,0.000000,219008
19.105439,597101.187740,0.005000,step_12,2,-0.012000,-0.012000,-0.012000,-0.005763,-0.005763,0.404185,0.002264,0.002264,0.000011,219010
19.110438,597101.192849,0.004999,step_12,2,-0.012000,-0.012000,-0.012000,-0.007445,-0.007445,0.269332,0.001670,0.001670,0.000000,219012
19.115439,597101.197973,0.005001,step_12,2,-0.012000,-0.012000,-0.012000,-0.007444,-0.007444,0.135696,0.002209,0.002209,0.000079,219014
19.120437,597101.203107,0.004999,step_12,2,-0.012000,-0.012000,-0.012000,-0.009061,-0.009061,0.159610,0.001669,0.001669,0.000000,219016
19.125438,597101.208271,0.005001,step_12,2,-0.012000,-0.012000,-0.012000,-0.008269,-0.008269,0.249028,0.002201,0.002201,0.158355,219018
19.130441,597101.213362,0.005002,step_12,2,-0.012000,-0.012000,-0.012000,-0.009950,-0.009950,0.387502,0.001761,0.001761,0.000000,219020
19.135438,597101.218489,0.004997,step_12,2,-0.012000,-0.012000,-0.012000,-0.011070,-0.011070,0.496440,0.002274,0.002274,0.000000,219022
19.140438,597101.223623,0.005000,step_12,2,-0.012000,-0.012000,-0.012000,-0.011466,-0.011466,0.453694,0.001753,0.001753,0.000000,219024
19.145439,597101.228838,0.005001,step_12,2,-0.012000,-0.012000,-0.012000,-0.009926,-0.009926,0.364351,0.002274,0.002274,0.307893,219026
19.150438,597101.233965,0.004999,step_12,2,-0.012000,-0.012000,-0.012000,-0.013899,-0.013899,0.321139,0.001684,0.001684,0.000000,219028
19.155438,597101.239045,0.004999,step_12,2,-0.012000,-0.012000,-0.012000,-0.009970,-0.009970,0.341976,0.002213,0.002213,0.785920,219030
19.160438,597101.244158,0.005000,step_12,2,-0.012000,-0.012000,-0.012000,-0.012044,-0.012044,0.418579,0.001703,0.001703,0.000000,219032
19.165437,597101.249258,0.005000,step_12,2,-0.012000,-0.012000,-0.012000,-0.010543,-0.010543,0.498618,0.002181,0.002181,0.300255,219034
19.170437,597101.254484,0.005000,step_12,2,-0.012000,-0.012000,-0.012000,-0.010728,-0.010728,0.545631,0.001625,0.001625,0.000000,219036
19.175437,597101.259630,0.005000,step_12,2,-0.012000,-0.012000,-0.012000,-0.011179,-0.011179,0.537972,0.002193,0.002193,0.000000,219038
19.180437,597101.264748,0.005000,step_12,2,-0.012000,-0.012000,-0.012000,-0.011288,-0.011288,0.480899,0.001716,0.001716,0.000000,219040
19.185438,597101.269873,0.005001,step_12,2,-0.012000,-0.012000,-0.012000,-0.010259,-0.010259,0.433951,0.002189,0.002189,0.205759,219042
19.190438,597101.274996,0.004999,step_12,2,-0.012000,-0.012000,-0.012000,-0.009977,-0.009977,0.456250,0.001640,0.001640,0.056242,219044
19.195438,597101.280119,0.005001,step_12,2,-0.012000,-0.012000,-0.012000,-0.011303,-0.011303,0.479358,0.002150,0.002150,0.000000,219046
19.200438,597101.285242,0.005000,step_12,2,-0.012000,-0.012000,-0.012000,-0.009358,-0.009358,0.496092,0.001647,0.001647,0.388893,219048
19.205437,597101.290402,0.004999,step_12,2,-0.012000,-0.012000,-0.012000,-0.010525,-0.010525,0.474278,0.002159,0.002159,0.000000,219050
19.210437,597101.295542,0.005000,step_12,2,-0.012000,-0.012000,-0.012000,-0.011613,-0.011613,0.395716,0.001545,0.001545,0.000000,219052
19.215438,597101.300658,0.005001,step_12,2,-0.012000,-0.012000,-0.012000,-0.010025,-0.010025,0.324039,0.002070,0.002070,0.317551,219054
19.220437,597101.305769,0.005000,step_12,2,-0.012000,-0.012000,-0.012000,-0.011729,-0.011729,0.317457,0.001497,0.001497,0.000000,219056
19.225438,597101.310977,0.005000,step_12,2,-0.012000,-0.012000,-0.012000,-0.014533,-0.014533,0.365307,0.002055,0.002055,0.000000,219058
19.230438,597101.316183,0.005000,step_12,2,-0.012000,-0.012000,-0.012000,-0.013695,-0.013695,0.356242,0.002630,0.002630,0.167568,219060
19.235438,597101.321302,0.005000,step_12,2,-0.012000,-0.012000,-0.012000,-0.013184,-0.013184,0.362694,0.002067,0.002067,0.102168,219062
19.245438,597101.326451,0.010001,step_12,2,-0.012000,-0.012000,-0.012000,-0.012968,-0.012968,0.483555,0.002119,0.002119,0.106782,219066
19.250438,597101.331596,0.004999,step_12,2,-0.012000,-0.012000,-0.012000,-0.011490,-0.011490,0.524504,0.001595,0.001595,0.295638,219068
19.255438,597101.336722,0.005000,step_12,2,-0.012000,-0.012000,-0.012000,-0.014190,-0.014190,0.516813,0.002219,0.002219,0.000000,219070
19.260438,597101.341835,0.005000,step_12,2,-0.012000,-0.012000,-0.012000,-0.016102,-0.016102,0.458849,0.001732,0.001732,0.000000,219072
19.265438,597101.346963,0.005000,step_12,2,-0.012000,-0.012000,-0.012000,-0.013373,-0.013373,0.387641,0.002169,0.002169,0.545876,219074
19.270437,597101.352076,0.005000,step_12,2,-0.012000,-0.012000,-0.012000,-0.013431,-0.013431,0.325966,0.001439,0.001439,0.000000,219076
19.275437,597101.357217,0.005000,step_12,2,-0.012000,-0.012000,-0.012000,-0.013431,-0.013431,0.392875,0.001917,0.001917,0.000013,219078
19.280437,597101.362360,0.005001,step_12,2,-0.012000,-0.012000,-0.012000,-0.011485,-0.011485,0.544352,0.002190,0.002190,0.389150,219080
19.285437,597101.367479,0.005000,step_12,2,-0.012000,-0.012000,-0.012000,-0.011485,-0.011485,0.632681,0.001570,0.001570,0.000000,219082
19.290438,597101.372601,0.005001,step_12,2,-0.012000,-0.012000,-0.012000,-0.011154,-0.011154,0.636269,0.002155,0.002155,0.066100,219084
19.290438,597101.377715,0.000001,step_12,2,-0.012000,-0.012000,-0.012000,-0.011154,-0.011154,0.636269,0.002155,0.002155,0.066100,219084
19.301004,597101.382829,0.010566,step_12,2,-0.012000,-0.012000,-0.012000,-0.013201,-0.013201,0.465589,0.002867,0.002867,0.000000,219088
19.305437,597101.387960,0.004433,step_12,2,-0.012000,-0.012000,-0.012000,-0.010005,-0.010005,0.348427,0.001740,0.001740,0.720906,219090
19.310438,597101.393245,0.005000,step_12,2,-0.012000,-0.012000,-0.012000,-0.009970,-0.009970,0.309474,0.002334,0.002334,0.007093,219092
19.315438,597101.398464,0.005000,step_12,2,-0.012000,-0.012000,-0.012000,-0.011444,-0.011444,0.423634,0.001792,0.001792,0.000000,219094
19.320437,597101.403618,0.005000,step_12,2,-0.012000,-0.012000,-0.012000,-0.011215,-0.011215,0.513234,0.002233,0.002233,0.045684,219096
19.325438,597101.408746,0.005000,step_12,2,-0.012000,-0.012000,-0.012000,-0.010221,-0.010221,0.527922,0.001774,0.001774,0.198900,219098
19.330438,597101.413869,0.005000,step_12,2,-0.012000,-0.012000,-0.012000,-0.010357,-0.010357,0.500933,0.002330,0.002330,0.000000,219100
19.335437,597101.419012,0.005000,step_12,2,-0.012000,-0.012000,-0.012000,-0.012157,-0.012157,0.446979,0.001763,0.001763,0.000000,219102
19.340438,597101.424103,0.005000,step_12,2,-0.012000,-0.012000,-0.012000,-0.011606,-0.011606,0.374901,0.002276,0.002276,0.110148,219104
19.345437,597101.429192,0.005000,step_12,2,-0.012000,-0.012000,-0.012000,-0.010438,-0.010438,0.360290,0.001411,0.001411,0.233521,219106
19.350437,597101.434293,0.005000,step_12,2,-0.012000,-0.012000,-0.012000,-0.010530,-0.010530,0.432644,0.001966,0.001966,0.000000,219108
19.355438,597101.439383,0.005000,step_12,2,-0.012000,-0.012000,-0.012000,-0.010992,-0.010992,0.529348,0.001257,0.001257,0.000000,219110
19.360437,597101.444501,0.005000,step_12,2,-0.012000,-0.012000,-0.012000,-0.009270,-0.009270,0.568777,0.001806,0.001806,0.344401,219112
19.365438,597101.449630,0.005000,step_12,2,-0.012000,-0.012000,-0.012000,-0.011895,-0.011895,0.519251,0.002163,0.002163,0.000000,219114
19.370437,597101.454725,0.005000,step_12,2,-0.012000,-0.012000,-0.012000,-0.011788,-0.011788,0.448327,0.001527,0.001527,0.021532,219116
19.375438,597101.459852,0.005000,step_12,2,-0.012000,-0.012000,-0.012000,-0.013829,-0.013829,0.376402,0.002026,0.002026,0.000000,219118
19.380438,597101.465071,0.005000,step_12,2,-0.012000,-0.012000,-0.012000,-0.013811,-0.013811,0.341559,0.001378,0.001378,0.003587,219120
19.385438,597101.470196,0.005000,step_12,2,-0.012000,-0.012000,-0.012000,-0.014832,-0.014832,0.333071,0.001908,0.001908,0.000000,219122
19.390438,597101.475411,0.005000,step_12,2,-0.012000,-0.012000,-0.012000,-0.011779,-0.011779,0.378982,0.002225,0.002225,0.610491,219124
19.395437,597101.480614,0.004999,step_12,2,-0.012000,-0.012000,-0.012000,-0.012689,-0.012689,0.452610,0.001523,0.001523,0.000000,219126
19.400438,597101.485757,0.005001,step_12,2,-0.012000,-0.012000,-0.012000,-0.011829,-0.011829,0.529473,0.002005,0.002005,0.171975,219128
19.405437,597101.490884,0.004999,step_12,2,-0.012000,-0.012000,-0.012000,-0.010822,-0.010822,0.560088,0.002295,0.002295,0.201405,219130
19.410438,597101.496116,0.005001,step_12,2,-0.012000,-0.012000,-0.012000,-0.011379,-0.011379,0.528346,0.001774,0.001774,0.000000,219132
19.415438,597101.501240,0.005000,step_12,2,-0.012000,-0.012000,-0.012000,-0.010547,-0.010547,0.508595,0.002014,0.002014,0.166350,219134
19.420438,597101.506369,0.005000,step_12,2,-0.012000,-0.012000,-0.012000,-0.009783,-0.009783,0.487329,0.001540,0.001540,0.152853,219136
19.425438,597101.511491,0.005000,step_12,2,-0.012000,-0.012000,-0.012000,-0.009783,-0.009783,0.451936,0.002141,0.002141,0.000000,219138
19.435438,597101.516615,0.010000,step_12,2,-0.012000,-0.012000,-0.012000,-0.008633,-0.008633,0.457543,0.002271,0.002271,0.000000,219142
19.440449,597101.521772,0.005011,step_12,2,-0.012000,-0.012000,-0.012000,-0.008882,-0.008882,0.527381,0.001853,0.001853,0.000000,219144
19.445437,597101.526971,0.004988,step_12,2,-0.012000,-0.012000,-0.012000,-0.009439,-0.009439,0.585662,0.002309,0.002309,0.000000,219146
19.450437,597101.532327,0.005000,step_12,2,-0.012000,-0.012000,-0.012000,-0.009761,-0.009761,0.573887,0.001809,0.001809,0.000000,219148
19.455437,597101.537538,0.005000,step_12,2,-0.012000,-0.012000,-0.012000,-0.009082,-0.009082,0.513904,0.002373,0.002373,0.135815,219150
19.460437,597101.542808,0.005000,step_12,2,-0.012000,-0.012000,-0.012000,-0.010930,-0.010930,0.486342,0.001886,0.001886,0.000000,219152
19.465439,597101.548007,0.005002,step_12,2,-0.012000,-0.012000,-0.012000,-0.011886,-0.011886,0.478722,0.001442,0.001442,0.000000,219154
19.470437,597101.553214,0.004998,step_12,2,-0.012000,-0.012000,-0.012000,-0.010192,-0.010192,0.445910,0.002055,0.002055,0.338960,219156
19.475438,597101.558332,0.005001,step_12,2,-0.012000,-0.012000,-0.012000,-0.010029,-0.010029,0.422755,0.001574,0.001574,0.032709,219158
19.480438,597101.563553,0.005000,step_12,2,-0.012000,-0.012000,-0.012000,-0.010917,-0.010917,0.434192,0.002208,0.002208,0.000000,219160
19.485438,597101.568697,0.005000,step_12,2,-0.012000,-0.012000,-0.012000,-0.011071,-0.011071,0.453091,0.001770,0.001770,0.000000,219162
19.490437,597101.573835,0.005000,step_12,2,-0.012000,-0.012000,-0.012000,-0.012288,-0.012288,0.457389,0.002324,0.002324,0.000000,219164
19.495438,597101.578991,0.005000,step_12,2,-0.012000,-0.012000,-0.012000,-0.011599,-0.011599,0.449032,0.001902,0.001902,0.137821,219166
19.500438,597101.584283,0.005001,step_12,2,-0.012000,-0.012000,-0.012000,-0.011754,-0.011754,0.439784,0.001387,0.001387,0.000000,219168
19.505437,597101.589410,0.004998,step_12,2,-0.012000,-0.012000,-0.012000,-0.012024,-0.012024,0.426115,0.001896,0.001896,0.000000,219170
19.510437,597101.594540,0.005000,step_12,2,-0.012000,-0.012000,-0.012000,-0.011591,-0.011591,0.403650,0.001405,0.001405,0.086624,219172
19.515437,597101.599790,0.005000,step_12,2,-0.012000,-0.012000,-0.012000,-0.012221,-0.012221,0.411399,0.001962,0.001962,0.000000,219174
19.520437,597101.604914,0.005000,step_12,2,-0.012000,-0.012000,-0.012000,-0.013038,-0.013038,0.439748,0.001478,0.001478,0.000000,219176
19.525437,597101.610143,0.005000,step_12,2,-0.012000,-0.012000,-0.012000,-0.013521,-0.013521,0.448141,0.002124,0.002124,0.000000,219178
19.530437,597101.615339,0.005000,step_12,2,-0.012000,-0.012000,-0.012000,-0.013818,-0.013818,0.507280,0.001610,0.001610,0.000000,219180
19.535437,597101.620463,0.005000,step_12,2,-0.012000,-0.012000,-0.012000,-0.012447,-0.012447,0.592275,0.002199,0.002199,0.274170,219182
19.540438,597101.625684,0.005000,step_12,2,-0.012000,-0.012000,-0.012000,-0.010761,-0.010761,0.605093,0.001670,0.001670,0.337138,219184
19.545438,597101.630887,0.005000,step_12,2,-0.012000,-0.012000,-0.012000,-0.012527,-0.012527,0.581135,0.002133,0.002133,0.000000,219186
19.550438,597101.635998,0.005000,step_12,2,-0.012000,-0.012000,-0.012000,-0.010828,-0.010828,0.564646,0.001639,0.001639,0.339760,219188
19.555437,597101.641115,0.004999,step_12,2,-0.012000,-0.012000,-0.012000,-0.010730,-0.010730,0.512732,0.002213,0.002213,0.019585,219190
19.560438,597101.646228,0.005000,step_12,2,-0.012000,-0.012000,-0.012000,-0.009847,-0.009847,0.494237,0.001764,0.001764,0.176723,219192
19.565439,597101.651323,0.005001,step_12,2,-0.012000,-0.012000,-0.012000,-0.009847,-0.009847,0.506511,0.002230,0.002230,0.000000,219194
19.575438,597101.656416,0.009999,step_12,2,-0.012000,-0.012000,-0.012000,-0.009854,-0.009854,0.435680,0.002249,0.002249,0.000000,219198
19.580439,597101.661514,0.005001,step_12,2,-0.012000,-0.012000,-0.012000,-0.010465,-0.010465,0.435078,0.001814,0.001814,0.000000,219200
19.585438,597101.666668,0.004999,step_12,2,-0.012000,-0.012000,-0.012000,-0.010465,-0.010465,0.432420,0.002398,0.002398,0.000000,219202
19.590438,597101.671813,0.005000,step_12,2,-0.012000,-0.012000,-0.012000,-0.010955,-0.010955,0.413304,0.001934,0.001934,0.000000,219204
19.590438,597101.676987,0.000001,step_12,2,-0.012000,-0.012000,-0.012000,-0.010955,-0.010955,0.413304,0.001934,0.001934,0.000000,219204
19.595438,597101.682180,0.005001,step_12,2,-0.012000,-0.012000,-0.012000,-0.010945,-0.010945,0.406582,0.001459,0.001459,0.001935,219206
19.600609,597101.687414,0.005171,step_12,2,-0.012000,-0.012000,-0.012000,-0.010422,-0.010422,0.435019,0.002294,0.002294,0.101107,219208
19.607117,597101.692605,0.006508,step_12,2,-0.012000,-0.012000,-0.012000,-0.010517,-0.010517,0.446441,0.003350,0.003350,0.000000,219210
19.614260,597101.697788,0.007142,step_12,2,-0.012000,-0.012000,-0.012000,-0.014057,-0.014057,0.418698,0.001373,0.001373,0.000000,219212
19.619870,597101.703012,0.005610,step_12,2,-0.012000,-0.012000,-0.012000,-0.012040,-0.012040,0.401986,0.000635,0.000635,0.359552,219214
19.625131,597101.708135,0.005262,step_12,2,-0.012000,-0.012000,-0.012000,-0.012779,-0.012779,0.439365,0.001294,0.001294,0.000000,219216
19.630061,597101.713251,0.004930,step_12,2,-0.012000,-0.012000,-0.012000,-0.012672,-0.012672,0.558245,0.001561,0.001561,0.021682,219218
19.634411,597101.718422,0.004350,step_12,2,-0.012000,-0.012000,-0.012000,-0.012672,-0.012672,0.674143,0.005872,0.005872,0.000000,219220
19.638628,597101.723588,0.004217,step_12,2,-0.012000,-0.012000,-0.012000,-0.012320,-0.012320,0.702828,0.004007,0.004007,0.083602,219222
19.647119,597101.728690,0.008490,step_12,2,-0.012000,-0.012000,-0.012000,-0.010052,-0.010052,0.590105,0.003491,0.003491,0.186165,219226
19.651435,597101.733835,0.004316,step_12,2,-0.012000,-0.012000,-0.012000,-0.008276,-0.008276,0.515837,0.002252,0.002252,0.411528,219228
19.655823,597101.738957,0.004388,step_12,2,-0.012000,-0.012000,-0.012000,-0.009024,-0.009024,0.483158,0.001020,0.001020,0.000000,219230
19.660437,597101.744061,0.004614,step_12,2,-0.012000,-0.012000,-0.012000,-0.008820,-0.008820,0.479207,0.001154,0.001154,0.044241,219232
19.665439,597101.749172,0.005002,step_12,2,-0.012000,-0.012000,-0.012000,-0.008820,-0.008820,0.474359,0.006102,0.006102,0.000000,219234
19.670437,597101.754273,0.004999,step_12,2,-0.012000,-0.012000,-0.012000,-0.009956,-0.009956,0.489604,0.001080,0.001080,0.000000,219236
19.675439,597101.759385,0.005002,step_12,2,-0.012000,-0.012000,-0.012000,-0.009956,-0.009956,0.515086,0.006012,0.006012,0.000000,219238
19.680445,597101.764498,0.005006,step_12,2,-0.012000,-0.012000,-0.012000,-0.009230,-0.009230,0.495386,0.001366,0.001366,0.144996,219240
19.685555,597101.769583,0.005110,step_12,2,-0.012000,-0.012000,-0.012000,-0.009785,-0.009785,0.453531,0.000823,0.000823,0.000000,219242
19.690437,597101.774703,0.004882,step_12,2,-0.012000,-0.012000,-0.012000,-0.009962,-0.009962,0.422349,0.001175,0.001175,0.000000,219244
19.695438,597101.779816,0.005001,step_12,2,-0.012000,-0.012000,-0.012000,-0.009962,-0.009962,0.395740,0.006111,0.006111,0.000000,219246
19.700439,597101.784930,0.005001,step_12,2,-0.012000,-0.012000,-0.012000,-0.010445,-0.010445,0.389462,0.001137,0.001137,0.000000,219248
19.705437,597101.790047,0.004998,step_12,2,-0.012000,-0.012000,-0.012000,-0.010445,-0.010445,0.393542,0.006060,0.006060,0.000000,219250
19.710438,597101.795193,0.005001,step_12,2,-0.012000,-0.012000,-0.012000,-0.010223,-0.010223,0.459989,0.001256,0.001256,0.044410,219252
19.715440,597101.800309,0.005002,step_12,2,-0.012000,-0.012000,-0.012000,-0.010223,-0.010223,0.558214,0.006209,0.006209,0.000000,219254
19.720438,597101.805431,0.004999,step_12,2,-0.012000,-0.012000,-0.012000,-0.013271,-0.013271,0.561874,0.001145,0.001145,0.000000,219256
19.725438,597101.810541,0.004999,step_12,2,-0.012000,-0.012000,-0.012000,-0.013271,-0.013271,0.517352,0.006068,0.006068,0.000000,219258
19.730439,597101.815649,0.005001,step_12,2,-0.012000,-0.012000,-0.012000,-0.012920,-0.012920,0.479256,0.001312,0.001312,0.070334,219260
19.735437,597101.820758,0.004999,step_12,2,-0.012000,-0.012000,-0.012000,-0.012920,-0.012920,0.444436,0.006247,0.006247,0.000000,219262
19.740437,597101.825862,0.005000,step_12,2,-0.012000,-0.012000,-0.012000,-0.013755,-0.013755,0.426695,0.004672,0.004672,0.000000,219264
19.745438,597101.831028,0.005000,step_12,2,-0.012000,-0.012000,-0.012000,-0.012749,-0.012749,0.468578,0.004136,0.004136,0.201084,219266
19.750439,597101.836141,0.005001,step_12,2,-0.012000,-0.012000,-0.012000,-0.012246,-0.012246,0.518721,0.003617,0.003617,0.100615,219268
19.755439,597101.841304,0.005000,step_12,2,-0.012000,-0.012000,-0.012000,-0.012106,-0.012106,0.552812,0.004147,0.004147,0.028043,219270
19.765437,597101.846473,0.009999,step_12,2,-0.012000,-0.012000,-0.012000,-0.011641,-0.011641,0.518433,0.004101,0.004101,0.000000,219274
19.770437,597101.851587,0.005000,step_12,2,-0.012000,-0.012000,-0.012000,-0.010969,-0.010969,0.497643,0.003547,0.003547,0.134488,219276
19.775439,597101.856736,0.005001,step_12,2,-0.012000,-0.012000,-0.012000,-0.011265,-0.011265,0.523000,0.004013,0.004013,0.000000,219278
19.775439,597101.861877,0.000001,step_12,2,-0.012000,-0.012000,-0.012000,-0.011265,-0.011265,0.523000,0.004013,0.004013,0.000000,219278
19.785442,597101.867097,0.010003,step_12,2,-0.012000,-0.012000,-0.012000,-0.010945,-0.010945,0.428071,0.004149,0.004149,0.099639,219282
19.790437,597101.872210,0.004995,step_12,2,-0.012000,-0.012000,-0.012000,-0.011315,-0.011315,0.362677,0.003456,0.003456,0.000000,219284
19.795437,597101.877330,0.005000,step_12,2,-0.012000,-0.012000,-0.012000,-0.011224,-0.011224,0.388699,0.004126,0.004126,0.018238,219286
19.800439,597101.882486,0.005002,step_12,2,-0.012000,-0.012000,-0.012000,-0.011180,-0.011180,0.461300,0.003556,0.003556,0.008763,219288
19.805438,597101.887636,0.004998,step_12,2,-0.012000,-0.012000,-0.012000,-0.011316,-0.011316,0.494298,0.004201,0.004201,0.000000,219290
19.810438,597101.892811,0.005001,step_12,2,-0.012000,-0.012000,-0.012000,-0.009676,-0.009676,0.507119,0.003739,0.003739,0.328013,219292
19.815439,597101.897977,0.005000,step_12,2,-0.012000,-0.012000,-0.012000,-0.011912,-0.011912,0.542000,0.003228,0.003228,0.000000,219294
19.820438,597101.903232,0.004999,step_12,2,-0.012000,-0.012000,-0.012000,-0.011227,-0.011227,0.547542,0.003708,0.003708,0.137086,219296
19.825438,597101.908349,0.005000,step_12,2,-0.012000,-0.012000,-0.012000,-0.012506,-0.012506,0.511777,0.004269,0.004269,0.000000,219298
19.830438,597101.913546,0.005000,step_12,2,-0.012000,-0.012000,-0.012000,-0.012506,-0.012506,0.506563,0.003609,0.003609,0.000000,219300
19.835438,597101.918755,0.005000,step_12,2,-0.012000,-0.012000,-0.012000,-0.013014,-0.013014,0.503678,0.004131,0.004131,0.000000,219302
19.840443,597101.924015,0.005006,step_12,2,-0.012000,-0.012000,-0.012000,-0.013014,-0.013014,0.500588,0.003708,0.003708,0.000000,219304
19.845438,597101.929251,0.004995,step_12,2,-0.012000,-0.012000,-0.012000,-0.011451,-0.011451,0.498583,0.004079,0.004079,0.312801,219306
19.850438,597101.934356,0.005000,step_12,2,-0.012000,-0.012000,-0.012000,-0.011451,-0.011451,0.478990,0.003517,0.003517,0.000000,219308
19.855438,597101.939565,0.005000,step_12,2,-0.012000,-0.012000,-0.012000,-0.011872,-0.011872,0.457339,0.003963,0.003963,0.000000,219310
19.860437,597101.944702,0.005000,step_12,2,-0.012000,-0.012000,-0.012000,-0.010876,-0.010876,0.441764,0.004425,0.004425,0.199228,219312
19.865439,597101.949926,0.005002,step_12,2,-0.012000,-0.012000,-0.012000,-0.010551,-0.010551,0.465795,0.003984,0.003984,0.064939,219314
19.870437,597101.955133,0.004998,step_12,2,-0.012000,-0.012000,-0.012000,-0.012049,-0.012049,0.509485,0.004384,0.004384,0.000000,219316
19.875437,597101.960332,0.005000,step_12,2,-0.012000,-0.012000,-0.012000,-0.011218,-0.011218,0.531534,0.003840,0.003840,0.166050,219318
19.880437,597101.965498,0.005000,step_12,2,-0.012000,-0.012000,-0.012000,-0.011406,-0.011406,0.504726,0.004321,0.004321,0.000000,219320
19.885437,597101.970711,0.005000,step_12,2,-0.012000,-0.012000,-0.012000,-0.012459,-0.012459,0.426145,0.003809,0.003809,0.000000,219322
19.890438,597101.975959,0.005000,step_12,2,-0.012000,-0.012000,-0.012000,-0.011820,-0.011820,0.360047,0.004317,0.004317,0.127666,219324
19.895438,597101.981192,0.005001,step_12,2,-0.012000,-0.012000,-0.012000,-0.013382,-0.013382,0.409347,0.003833,0.003833,0.000000,219326
19.900438,597101.986300,0.004999,step_12,2,-0.012000,-0.012000,-0.012000,-0.012407,-0.012407,0.511809,0.004361,0.004361,0.194990,219328
19.905437,597101.991407,0.005000,step_12,2,-0.012000,-0.012000,-0.012000,-0.012718,-0.012718,0.561314,0.003618,0.003618,0.000000,219330
19.915437,597101.996577,0.010000,step_12,2,-0.012000,-0.012000,-0.012000,-0.011267,-0.011267,0.581324,0.004206,0.004206,0.200433,219334
19.920437,597102.001771,0.005000,step_12,2,-0.012000,-0.012000,-0.012000,-0.011100,-0.011100,0.519560,0.003445,0.003445,0.033335,219336
19.925437,597102.006913,0.005000,step_12,2,-0.012000,-0.012000,-0.012000,-0.012675,-0.012675,0.473415,0.004009,0.004009,0.000000,219338
19.930438,597102.012114,0.005001,step_12,2,-0.012000,-0.012000,-0.012000,-0.011077,-0.011077,0.459214,0.004366,0.004366,0.319561,219340
19.935437,597102.017213,0.004999,step_12,2,-0.012000,-0.012000,-0.012000,-0.010928,-0.010928,0.474495,0.003655,0.003655,0.029953,219342
19.940438,597102.022304,0.005001,step_12,2,-0.012000,-0.012000,-0.012000,-0.012555,-0.012555,0.502132,0.004121,0.004121,0.000000,219344
19.945439,597102.027450,0.005001,step_12,2,-0.012000,-0.012000,-0.012000,-0.012479,-0.012479,0.540329,0.003600,0.003600,0.015154,219346
19.950438,597102.032591,0.004999,step_12,2,-0.012000,-0.012000,-0.012000,-0.010340,-0.010340,0.577187,0.004056,0.004056,0.427940,219348
19.955437,597102.037678,0.004999,step_12,2,-0.012000,-0.012000,-0.012000,-0.009963,-0.009963,0.570001,0.003573,0.003573,0.075300,219350
19.960437,597102.042813,0.005000,step_12,2,-0.012000,-0.012000,-0.012000,-0.011911,-0.011911,0.540374,0.004193,0.004193,0.000000,219352
19.965438,597102.047933,0.005000,step_12,2,-0.012000,-0.012000,-0.012000,-0.009636,-0.009636,0.540211,0.003759,0.003759,0.454943,219354
19.970437,597102.053087,0.004999,step_12,2,-0.012000,-0.012000,-0.012000,-0.009306,-0.009306,0.540000,0.004365,0.004365,0.066022,219356
19.975437,597102.058162,0.005001,step_12,2,-0.012000,-0.012000,-0.012000,-0.010638,-0.010638,0.475574,0.003911,0.003911,0.000000,219358
19.980439,597102.063383,0.005001,step_12,2,-0.012000,-0.012000,-0.012000,-0.010638,-0.010638,0.456124,0.003420,0.003420,0.000000,219360
19.985438,597102.068524,0.005000,step_12,2,-0.012000,-0.012000,-0.012000,-0.010799,-0.010799,0.486038,0.004078,0.004078,0.000000,219362
19.990437,597102.073682,0.004999,step_12,2,-0.012000,-0.012000,-0.012000,-0.010799,-0.010799,0.460803,0.003666,0.003666,0.000000,219364
19.995437,597102.078801,0.005000,step_12,2,-0.012000,-0.012000,-0.012000,-0.012685,-0.012685,0.462282,0.003210,0.003210,0.000000,219366
20.000438,597102.084000,0.005001,step_12,2,-0.012000,-0.012000,-0.012000,-0.012685,-0.012685,0.482067,0.003765,0.003765,0.000000,219368
20.005438,597102.089341,0.005000,step_12,2,-0.012000,-0.012000,-0.012000,-0.012379,-0.012379,0.488376,0.004200,0.004200,0.061290,219370
20.010438,597102.094447,0.005001,step_12,2,-0.012000,-0.012000,-0.012000,-0.011599,-0.011599,0.543719,0.003331,0.003331,0.155928,219372
20.015441,597102.099743,0.005003,step_12,2,-0.012000,-0.012000,-0.012000,-0.011236,-0.011236,0.625224,0.003919,0.003919,0.072528,219374
20.020437,597102.104975,0.004996,step_12,2,-0.012000,-0.012000,-0.012000,-0.011985,-0.011985,0.619355,0.003407,0.003407,0.000000,219376
20.025443,597102.110115,0.005006,step_12,2,-0.012000,-0.012000,-0.012000,-0.010789,-0.010789,0.511138,0.004105,0.004105,0.238989,219378
20.030438,597102.115341,0.004995,step_12,2,-0.012000,-0.012000,-0.012000,-0.011728,-0.011728,0.402390,0.004311,0.004311,0.000000,219380
20.035437,597102.120541,0.004999,step_12,2,-0.012000,-0.012000,-0.012000,-0.013248,-0.013248,0.370089,0.003572,0.003572,0.000000,219382
20.040438,597102.125692,0.005001,step_12,2,-0.012000,-0.012000,-0.012000,-0.010537,-0.010537,0.420778,0.004043,0.004043,0.542272,219384
20.045439,597102.130833,0.005002,step_12,2,-0.012000,-0.012000,-0.012000,-0.012413,-0.012413,0.483472,0.004348,0.004348,0.000000,219386
20.050437,597102.136062,0.004998,step_12,2,-0.012000,-0.012000,-0.012000,-0.012036,-0.012036,0.510051,0.003779,0.003779,0.075445,219388
20.055438,597102.141183,0.005001,step_12,2,-0.012000,-0.012000,-0.012000,-0.011011,-0.011011,0.504396,0.003228,0.003228,0.204965,219390
20.060437,597102.146345,0.005000,step_12,2,-0.012000,-0.012000,-0.012000,-0.009862,-0.009862,0.479046,0.003683,0.003683,0.229735,219392
20.070437,597102.151490,0.010000,rest,2,0.000000,0.000000,0.000000,-0.011036,-0.011036,0.582405,0.002574,0.002574,0.000000,219396
20.070437,597102.156601,0.000001,rest,2,0.000000,0.000000,0.000000,-0.011036,-0.011036,0.582405,0.002574,0.002574,0.000000,219396
20.080438,597102.161831,0.010000,rest,2,0.000000,0.000000,0.000000,-0.010936,-0.010936,0.467428,0.002548,0.002548,0.000000,219400
20.085438,597102.166939,0.005000,rest,2,0.000000,0.000000,0.000000,-0.011037,-0.011037,0.336548,0.003063,0.003063,0.000000,219402
20.090437,597102.172213,0.005000,rest,2,0.000000,0.000000,0.000000,-0.011588,-0.011588,0.329011,0.002459,0.002459,0.000000,219404
20.095445,597102.177330,0.005008,rest,2,0.000000,0.000000,0.000000,-0.013942,-0.013942,0.454789,0.003152,0.003152,0.000000,219406
20.100440,597102.182543,0.004995,rest,2,0.000000,0.000000,0.000000,-0.013314,-0.013314,0.596459,0.003385,0.003385,0.125634,219408
20.105547,597102.187734,0.005107,rest,2,0.000000,0.000000,0.000000,-0.007537,-0.007537,0.671433,0.002711,0.002711,1.131335,219410
20.110437,597102.192991,0.004890,rest,2,0.000000,0.000000,0.000000,-0.005578,-0.005578,0.695712,0.003027,0.003027,0.400437,219412
20.115443,597102.198188,0.005006,rest,2,0.000000,0.000000,0.000000,-0.000197,-0.000197,0.781468,0.003225,0.003225,1.074856,219414
20.120437,597102.203303,0.004994,rest,2,0.000000,0.000000,0.000000,0.000002,0.000002,0.940996,0.002672,0.002672,0.039859,219416
20.125438,597102.208411,0.005000,rest,2,0.000000,0.000000,0.000000,-0.000070,-0.000070,0.957817,0.003056,0.003056,0.000000,219418
20.130437,597102.213560,0.005000,rest,2,0.000000,0.000000,0.000000,-0.000070,-0.000070,0.716706,0.003303,0.003303,0.000000,219420
20.135438,597102.218773,0.005000,rest,2,0.000000,0.000000,0.000000,-0.000142,-0.000142,0.426647,0.002776,0.002776,0.000000,219422
20.140438,597102.224018,0.005000,rest,2,0.000000,0.000000,0.000000,0.000001,0.000001,0.256487,0.003144,0.003144,0.028509,219424
20.145438,597102.229245,0.005000,rest,2,0.000000,0.000000,0.000000,0.000000,0.000000,0.301377,0.002626,0.002626,0.000000,219426
20.150438,597102.234350,0.005000,rest,2,0.000000,0.000000,0.000000,0.000000,0.000000,0.455841,0.003212,0.003212,0.000000,219428
20.155437,597102.239489,0.005000,rest,2,0.000000,0.000000,0.000000,-0.000000,-0.000000,0.574510,0.002734,0.002734,0.000000,219430
20.160437,597102.244703,0.005000,rest,2,0.000000,0.000000,0.000000,-0.000001,-0.000001,0.582250,0.003230,0.003230,0.000000,219432
20.165438,597102.249805,0.005001,rest,2,0.000000,0.000000,0.000000,-0.000001,-0.000001,0.457104,0.002722,0.002722,0.000000,219434
20.170437,597102.255013,0.004999,rest,2,0.000000,0.000000,0.000000,-0.000001,-0.000001,0.359650,0.003263,0.003263,0.000000,219436
20.175438,597102.260157,0.005001,rest,2,0.000000,0.000000,0.000000,-0.000072,-0.000072,0.396214,0.002726,0.002726,0.000000,219438
20.180437,597102.265261,0.005000,rest,2,0.000000,0.000000,0.000000,-0.000072,-0.000072,0.525735,0.003163,0.003163,0.000000,219440
20.185438,597102.270365,0.005001,rest,2,0.000000,0.000000,0.000000,-0.000001,-0.000001,0.584707,0.002395,0.002395,0.014248,219442
20.190437,597102.275479,0.004999,rest,2,0.000000,0.000000,0.000000,-0.000001,-0.000001,0.550128,0.002888,0.002888,0.000000,219444
20.195438,597102.280615,0.005000,rest,2,0.000000,0.000000,0.000000,-0.000144,-0.000144,0.519197,0.003158,0.003158,0.000000,219446
20.200440,597102.285821,0.005002,rest,2,0.000000,0.000000,0.000000,-0.000144,-0.000144,0.555386,0.002710,0.002710,0.000000,219448
20.205438,597102.290960,0.004998,rest,2,0.000000,0.000000,0.000000,-0.000025,-0.000025,0.604228,0.003255,0.003255,0.023851,219450
20.210437,597102.296171,0.005000,rest,2,0.000000,0.000000,0.000000,-0.000002,-0.000002,0.594781,0.002714,0.002714,0.004658,219452
20.220437,597102.301273,0.010000,rest,2,0.000000,0.000000,0.000000,-0.000002,-0.000002,0.513112,0.002424,0.002424,0.000020,219456
20.225437,597102.306379,0.005000,rest,2,0.000000,0.000000,0.000000,-0.000025,-0.000025,0.486556,0.002949,0.002949,0.000000,219458
20.230437,597102.311577,0.005000,rest,2,0.000000,0.000000,0.000000,-0.000002,-0.000002,0.462657,0.003194,0.003194,0.004667,219460
20.235437,597102.316811,0.005000,rest,2,0.000000,0.000000,0.000000,-0.000002,-0.000002,0.457079,0.002674,0.002674,0.000000,219462
20.240438,597102.322020,0.005001,rest,2,0.000000,0.000000,0.000000,0.000501,0.000501,0.447048,0.003247,0.003247,0.100511,219464
20.245463,597102.327127,0.005025,rest,2,0.000000,0.000000,0.000000,-0.000002,-0.000002,0.454499,0.002821,0.002821,0.000000,219466
20.250437,597102.332231,0.004975,rest,2,0.000000,0.000000,0.000000,-0.000073,-0.000073,0.453917,0.003086,0.003086,0.000000,219468
20.255437,597102.337372,0.005000,rest,2,0.000000,0.000000,0.000000,0.000597,0.000597,0.456061,0.003345,0.003345,0.133941,219470
20.260438,597102.342502,0.005001,rest,2,0.000000,0.000000,0.000000,-0.000144,-0.000144,0.497076,0.002859,0.002859,0.000000,219472
20.265438,597102.347662,0.005000,rest,2,0.000000,0.000000,0.000000,0.000656,0.000656,0.538446,0.003145,0.003145,0.159988,219474
20.270437,597102.352859,0.005000,rest,2,0.000000,0.000000,0.000000,-0.000216,-0.000216,0.553548,0.002483,0.002483,0.000000,219476
20.275437,597102.357968,0.005000,rest,2,0.000000,0.000000,0.000000,0.001003,0.001003,0.568865,0.002976,0.002976,0.243817,219478
20.280437,597102.363047,0.005000,rest,2,0.000000,0.000000,0.000000,0.001577,0.001577,0.585255,0.003181,0.003181,0.114750,219480
20.285437,597102.368147,0.005000,rest,2,0.000000,0.000000,0.000000,-0.000409,-0.000409,0.598759,0.002385,0.002385,0.000000,219482
20.290437,597102.373250,0.005000,rest,2,0.000000,0.000000,0.000000,0.001720,0.001720,0.568314,0.002942,0.002942,0.425674,219484
20.295437,597102.378355,0.005000,rest,2,0.000000,0.000000,0.000000,-0.000899,-0.000899,0.557687,0.003198,0.003198,0.000000,219486
20.300440,597102.383500,0.005003,rest,2,0.000000,0.000000,0.000000,0.001780,0.001780,0.538805,0.002700,0.002700,0.535483,219488
20.305437,597102.388663,0.004997,rest,2,0.000000,0.000000,0.000000,0.000166,0.000166,0.494852,0.003174,0.003174,0.000000,219490
20.310438,597102.393802,0.005000,rest,2,0.000000,0.000000,0.000000,0.000739,0.000739,0.487306,0.002708,0.002708,0.114702,219492
20.315437,597102.398912,0.005000,rest,2,0.000000,0.000000,0.000000,0.001720,0.001720,0.467667,0.003077,0.003077,0.196206,219494
20.320437,597102.404131,0.005000,rest,2,0.000000,0.000000,0.000000,-0.001963,-0.001963,0.485154,0.003335,0.003335,0.000000,219496
20.325437,597102.409370,0.005000,rest,2,0.000000,0.000000,0.000000,0.000739,0.000739,0.461238,0.002799,0.002799,0.540416,219498
20.330437,597102.414540,0.005000,rest,2,0.000000,0.000000,0.000000,0.001230,0.001230,0.388731,0.003140,0.003140,0.098087,219500
20.335437,597102.419765,0.005000,rest,2,0.000000,0.000000,0.000000,-0.001567,-0.001567,0.378556,0.002394,0.002394,0.000000,219502
20.340438,597102.424906,0.005001,rest,2,0.000000,0.000000,0.000000,0.001697,0.001697,0.444512,0.003066,0.003066,0.652588,219504
20.345437,597102.430204,0.004999,rest,2,0.000000,0.000000,0.000000,0.000249,0.000249,0.534482,0.002360,0.002360,0.000000,219506
20.350437,597102.435311,0.005000,rest,2,0.000000,0.000000,0.000000,0.001230,0.001230,0.592316,0.002982,0.002982,0.196151,219508
20.355437,597102.440534,0.005000,rest,2,0.000000,0.000000,0.000000,0.000596,0.000596,0.584120,0.002480,0.002480,0.000000,219510
20.360437,597102.445736,0.005000,rest,2,0.000000,0.000000,0.000000,0.000142,0.000142,0.574523,0.003048,0.003048,0.000000,219512
20.365438,597102.450981,0.005001,rest,2,0.000000,0.000000,0.000000,0.000166,0.000166,0.613457,0.002540,0.002540,0.004732,219514
20.370438,597102.456223,0.005000,rest,2,0.000000,0.000000,0.000000,0.000166,0.000166,0.615150,0.003146,0.003146,0.000020,219516
20.375438,597102.461462,0.005000,rest,2,0.000000,0.000000,0.000000,0.000249,0.000249,0.568855,0.002703,0.002703,0.016668,219518
20.385437,597102.466619,0.010000,rest,2,0.000000,0.000000,0.000000,0.000333,0.000333,0.527085,0.002944,0.002944,0.016928,219522
20.390437,597102.471727,0.005000,rest,2,0.000000,0.000000,0.000000,0.001887,0.001887,0.475016,0.002375,0.002375,0.310947,219524
20.395438,597102.476854,0.005000,rest,2,0.000000,0.000000,0.000000,0.000823,0.000823,0.476414,0.002881,0.002881,0.000000,219526
20.400438,597102.481981,0.005000,rest,2,0.000000,0.000000,0.000000,0.001804,0.001804,0.504989,0.003390,0.003390,0.196180,219528
20.405439,597102.487091,0.005001,rest,2,0.000000,0.000000,0.000000,-0.000898,-0.000898,0.510380,0.002846,0.002846,0.000000,219530
20.410438,597102.492201,0.004999,rest,2,0.000000,0.000000,0.000000,0.000823,0.000823,0.483729,0.003256,0.003256,0.344352,219532
20.415438,597102.497305,0.004999,rest,2,0.000000,0.000000,0.000000,0.000226,0.000226,0.430350,0.002706,0.002706,0.000000,219534
20.420438,597102.502526,0.005000,rest,2,0.000000,0.000000,0.000000,0.001721,0.001721,0.433064,0.003236,0.003236,0.298962,219536
20.425438,597102.507685,0.005000,rest,2,0.000000,0.000000,0.000000,-0.001472,-0.001472,0.505575,0.002724,0.002724,0.000000,219538
20.430491,597102.512891,0.005053,rest,2,0.000000,0.000000,0.000000,0.000716,0.000716,0.519838,0.003160,0.003160,0.433053,219540
20.435438,597102.518109,0.004947,rest,2,0.000000,0.000000,0.000000,-0.000324,-0.000324,0.514876,0.002592,0.002592,0.000000,219542
20.440437,597102.523210,0.005000,rest,2,0.000000,0.000000,0.000000,-0.000750,-0.000750,0.546242,0.003118,0.003118,0.000000,219544
20.445438,597102.528332,0.005000,rest,2,0.000000,0.000000,0.000000,0.000250,0.000250,0.572583,0.002436,0.002436,0.199961,219546
20.450438,597102.533465,0.005000,rest,2,0.000000,0.000000,0.000000,0.000740,0.000740,0.585996,0.002983,0.002983,0.098086,219548
20.455437,597102.538577,0.005000,rest,2,0.000000,0.000000,0.000000,-0.000898,-0.000898,0.598335,0.002445,0.002445,0.000000,219550
20.460438,597102.543681,0.005001,rest,2,0.000000,0.000000,0.000000,0.000250,0.000250,0.561225,0.003081,0.003081,0.229580,219552
20.465438,597102.548884,0.005000,rest,2,0.000000,0.000000,0.000000,0.000740,0.000740,0.494521,0.002609,0.002609,0.098040,219554
20.470437,597102.554142,0.004999,rest,2,0.000000,0.000000,0.000000,0.000657,0.000657,0.495463,0.003114,0.003114,0.000000,219556
20.475437,597102.559367,0.005000,rest,2,0.000000,0.000000,0.000000,-0.000324,-0.000324,0.508764,0.003323,0.003323,0.000000,219558
20.480437,597102.564517,0.005000,rest,2,0.000000,0.000000,0.000000,0.000741,0.000741,0.500166,0.002630,0.002630,0.212857,219560
20.485950,597102.569735,0.005512,rest,2,0.000000,0.000000,0.000000,0.000251,0.000251,0.489366,0.003530,0.003530,0.000000,219562
20.490779,597102.574879,0.004829,rest,2,0.000000,0.000000,0.000000,0.000717,0.000717,0.478166,0.002726,0.002726,0.096606,219564
20.495437,597102.580109,0.004659,rest,2,0.000000,0.000000,0.000000,0.000251,0.000251,0.466708,0.002875,0.002875,0.000000,219566
20.500437,597102.585218,0.005000,rest,2,0.000000,0.000000,0.000000,-0.000323,-0.000323,0.447559,0.002344,0.002344,0.000000,219568
20.505437,597102.590325,0.005000,rest,2,0.000000,0.000000,0.000000,-0.000199,-0.000199,0.444547,0.002878,0.002878,0.024883,219570
20.510443,597102.595462,0.005006,rest,2,0.000000,0.000000,0.000000,-0.000199,-0.000199,0.455491,0.002632,0.002632,0.000000,219572
20.515437,597102.600622,0.004994,rest,2,0.000000,0.000000,0.000000,0.001291,0.001291,0.483967,0.003069,0.003069,0.298388,219574
20.520447,597102.605856,0.005010,rest,2,0.000000,0.000000,0.000000,0.001291,0.001291,0.530114,0.002648,0.002648,0.000000,219576
20.525438,597102.611066,0.004991,rest,2,0.000000,0.000000,0.000000,0.000251,0.000251,0.569227,0.003219,0.003219,0.000000,219578
20.530438,597102.616169,0.005000,rest,2,0.000000,0.000000,0.000000,0.000251,0.000251,0.574006,0.002696,0.002696,0.000000,219580
20.535437,597102.621273,0.004999,rest,2,0.000000,0.000000,0.000000,0.001400,0.001400,0.562342,0.003280,0.003280,0.229725,219582
20.540437,597102.626383,0.005000,rest,2,0.000000,0.000000,0.000000,0.000251,0.000251,0.563044,0.002794,0.002794,0.000000,219584
20.545437,597102.631513,0.005000,rest,2,0.000000,0.000000,0.000000,0.000252,0.000252,0.530371,0.003401,0.003401,0.000049,219586
20.555438,597102.636654,0.010000,rest,2,0.000000,0.000000,0.000000,0.000252,0.000252,0.505452,0.003433,0.003433,0.000000,219590
20.560437,597102.641768,0.005000,rest,2,0.000000,0.000000,0.000000,-0.000322,-0.000322,0.533480,0.002879,0.002879,0.000000,219592
20.565438,597102.646910,0.005001,rest,2,0.000000,0.000000,0.000000,0.000742,0.000742,0.516707,0.002397,0.002397,0.212826,219594
20.570438,597102.652067,0.005000,step_15,2,0.015000,0.015000,0.015000,0.000228,0.000228,0.477883,0.003016,0.003016,0.000000,219596
20.575437,597102.657178,0.004999,step_15,2,0.015000,0.015000,0.015000,0.000252,0.000252,0.463025,0.002496,0.002496,0.004834,219598
20.575437,597102.662284,0.000001,step_15,2,0.015000,0.015000,0.015000,0.000252,0.000252,0.463025,0.002496,0.002496,0.004834,219598
20.585663,597102.667424,0.010226,step_15,2,0.015000,0.015000,0.015000,0.000252,0.000252,0.435456,0.002746,0.002746,0.126011,219602
20.585663,597102.672585,0.000001,step_15,2,0.015000,0.015000,0.015000,0.000252,0.000252,0.435456,0.002746,0.002746,0.126011,219602
20.590450,597102.677742,0.004787,step_15,2,0.015000,0.015000,0.015000,-0.000406,-0.000406,0.463993,0.003194,0.003194,0.000000,219604
20.596122,597102.682832,0.005672,step_15,2,0.015000,0.015000,0.015000,0.001208,0.001208,0.518226,0.003260,0.003260,0.284631,219606
20.606504,597102.688007,0.010382,step_15,2,0.015000,0.015000,0.015000,0.003019,0.003019,0.571717,0.003501,0.003501,0.372456,219610
20.610796,597102.693241,0.004292,step_15,2,0.015000,0.015000,0.015000,0.003063,0.003063,0.606899,0.003352,0.003352,0.010146,219612
20.615438,597102.698358,0.004642,step_15,2,0.015000,0.015000,0.015000,0.006943,0.006943,0.689430,0.002547,0.002547,0.835999,219614
20.620437,597102.703558,0.004999,step_15,2,0.015000,0.015000,0.015000,0.004388,0.004388,0.721870,0.003086,0.003086,0.000000,219616
20.625437,597102.708752,0.005001,step_15,2,0.015000,0.015000,0.015000,0.008248,0.008248,0.713518,0.002576,0.002576,0.771873,219618
20.630438,597102.713942,0.005001,step_15,2,0.015000,0.015000,0.015000,0.009385,0.009385,0.704900,0.003209,0.003209,0.227283,219620
20.635437,597102.719126,0.004999,step_15,2,0.015000,0.015000,0.015000,0.011160,0.011160,0.728451,0.002673,0.002673,0.355103,219622
20.640437,597102.724266,0.005000,step_15,2,0.015000,0.015000,0.015000,0.012205,0.012205,0.772756,0.003121,0.003121,0.208984,219624
20.645438,597102.729368,0.005000,step_15,2,0.015000,0.015000,0.015000,0.011693,0.011693,0.756714,0.002423,0.002423,0.000000,219626
20.650438,597102.734534,0.005000,step_15,2,0.015000,0.015000,0.015000,0.009638,0.009638,0.672295,0.002899,0.002899,0.000000,219628
20.655437,597102.739657,0.005000,step_15,2,0.015000,0.015000,0.015000,0.013830,0.013830,0.564470,0.003202,0.003202,0.838405,219630
20.660438,597102.744773,0.005001,step_15,2,0.015000,0.015000,0.015000,0.013830,0.013830,0.494183,0.002671,0.002671,0.000007,219632
20.665438,597102.749910,0.005000,step_15,2,0.015000,0.015000,0.015000,0.014496,0.014496,0.507680,0.003084,0.003084,0.133236,219634
20.670437,597102.755006,0.004999,step_15,2,0.015000,0.015000,0.015000,0.014496,0.014496,0.525410,0.002541,0.002541,0.000005,219636
20.675439,597102.760145,0.005002,step_15,2,0.015000,0.015000,0.015000,0.015096,0.015096,0.529299,0.003203,0.003203,0.119896,219638
20.680438,597102.765233,0.004998,step_15,2,0.015000,0.015000,0.015000,0.015096,0.015096,0.562188,0.002691,0.002691,0.000009,219640
20.685438,597102.770348,0.005001,step_15,2,0.015000,0.015000,0.015000,0.014643,0.014643,0.561781,0.003290,0.003290,0.000000,219642
20.690437,597102.775505,0.004999,step_15,2,0.015000,0.015000,0.015000,0.015764,0.015764,0.496654,0.002787,0.002787,0.224302,219644
20.695438,597102.780653,0.005001,step_15,2,0.015000,0.015000,0.015000,0.015429,0.015429,0.504476,0.003393,0.003393,0.000000,219646
20.700439,597102.785889,0.005001,step_15,2,0.015000,0.015000,0.015000,0.018071,0.018071,0.573984,0.002902,0.002902,0.528187,219648
20.705437,597102.791037,0.004998,step_15,2,0.015000,0.015000,0.015000,0.016920,0.016920,0.606491,0.003311,0.003311,0.000000,219650
20.710437,597102.796138,0.005000,step_15,2,0.015000,0.015000,0.015000,0.017453,0.017453,0.640728,0.002709,0.002709,0.106666,219652
20.715437,597102.801242,0.005000,step_15,2,0.015000,0.015000,0.015000,0.017398,0.017398,0.665234,0.003078,0.003078,0.000000,219654
20.720437,597102.806470,0.005000,step_15,2,0.015000,0.015000,0.015000,0.018468,0.018468,0.664210,0.002487,0.002487,0.214008,219656
20.730438,597102.811620,0.010000,step_15,2,0.015000,0.015000,0.015000,0.015449,0.015449,0.486947,0.003447,0.003447,0.000000,219660
20.735437,597102.816857,0.004999,step_15,2,0.015000,0.015000,0.015000,0.016466,0.016466,0.392835,0.002818,0.002818,0.203371,219662
20.740437,597102.822009,0.005000,step_15,2,0.015000,0.015000,0.015000,0.014953,0.014953,0.412284,0.003260,0.003260,0.000000,219664
20.745437,597102.827197,0.005000,step_15,2,0.015000,0.015000,0.015000,0.014930,0.014930,0.466445,0.002739,0.002739,0.000000,219666
20.750437,597102.832302,0.005000,step_15,2,0.015000,0.015000,0.015000,0.014152,0.014152,0.452894,0.003236,0.003236,0.000000,219668
20.755437,597102.837552,0.005000,step_15,2,0.015000,0.015000,0.015000,0.012290,0.012290,0.422124,0.002663,0.002663,0.000000,219670
20.760438,597102.842820,0.005001,step_15,2,0.015000,0.015000,0.015000,0.012814,0.012814,0.413036,0.003189,0.003189,0.104752,219672
20.765438,597102.847932,0.005000,step_15,2,0.015000,0.015000,0.015000,0.013327,0.013327,0.429653,0.002492,0.002492,0.102502,219674
20.770437,597102.853231,0.004999,step_15,2,0.015000,0.015000,0.015000,0.014313,0.014313,0.476595,0.002985,0.002985,0.197371,219676
20.775437,597102.858341,0.005000,step_15,2,0.015000,0.015000,0.015000,0.015197,0.015197,0.523139,0.002449,0.002449,0.176672,219678
20.780437,597102.863565,0.005000,step_15,2,0.015000,0.015000,0.015000,0.016154,0.016154,0.533842,0.002940,0.002940,0.191381,219680
20.785437,597102.868760,0.005000,step_15,2,0.015000,0.015000,0.015000,0.014824,0.014824,0.519982,0.002354,0.002354,0.000000,219682
20.790437,597102.873966,0.005000,step_15,2,0.015000,0.015000,0.015000,0.013647,0.013647,0.506579,0.002873,0.002873,0.000000,219684
20.795444,597102.879049,0.005007,step_15,2,0.015000,0.015000,0.015000,0.016351,0.016351,0.514059,0.002415,0.002415,0.540114,219686
20.800443,597102.884169,0.004999,step_15,2,0.015000,0.015000,0.015000,0.014924,0.014924,0.527543,0.003031,0.003031,0.000000,219688
20.805443,597102.889398,0.005000,step_15,2,0.015000,0.015000,0.015000,0.016458,0.016458,0.568475,0.002421,0.002421,0.306784,219690
20.805443,597102.894617,0.000001,step_15,2,0.015000,0.015000,0.015000,0.016458,0.016458,0.568475,0.002421,0.002421,0.306784,219690
20.818165,597102.899855,0.012722,step_15,2,0.015000,0.015000,0.015000,0.016143,0.016143,0.592201,0.000454,0.000454,0.000000,219694
20.822337,597102.905113,0.004172,step_15,2,0.015000,0.015000,0.015000,0.016143,0.016143,0.570319,0.004538,0.004538,0.000000,219696
20.826374,597102.910223,0.004037,step_15,2,0.015000,0.015000,0.015000,0.014513,0.014513,0.528644,0.003854,0.003854,0.000000,219698
20.830439,597102.915327,0.004064,step_15,2,0.015000,0.015000,0.015000,0.014513,0.014513,0.487514,0.002311,0.002311,0.000005,219700
20.835437,597102.920464,0.004998,step_15,2,0.015000,0.015000,0.015000,0.013076,0.013076,0.491408,0.002855,0.002855,0.000000,219702
20.840438,597102.925571,0.005001,step_15,2,0.015000,0.015000,0.015000,0.014629,0.014629,0.467302,0.003333,0.003333,0.310591,219704
20.845437,597102.930768,0.005000,step_15,2,0.015000,0.015000,0.015000,0.012928,0.012928,0.406140,0.002813,0.002813,0.000000,219706
20.850449,597102.935985,0.005012,step_15,2,0.015000,0.015000,0.015000,0.013949,0.013949,0.388463,0.001292,0.001292,0.203636,219708
20.855437,597102.941172,0.004988,step_15,2,0.015000,0.015000,0.015000,0.012913,0.012913,0.439523,0.002802,0.002802,0.000000,219710
20.860437,597102.946278,0.005000,step_15,2,0.015000,0.015000,0.015000,0.014846,0.014846,0.523856,0.003120,0.003120,0.386574,219712
20.865437,597102.951380,0.005001,step_15,2,0.015000,0.015000,0.015000,0.013763,0.013763,0.558451,0.002463,0.002463,0.000000,219714
20.870437,597102.956537,0.005000,step_15,2,0.015000,0.015000,0.015000,0.015951,0.015951,0.521129,0.003017,0.003017,0.437500,219716
20.875941,597102.961644,0.005504,step_15,2,0.015000,0.015000,0.015000,0.013962,0.013962,0.504150,0.003766,0.003766,0.000000,219718
20.885437,597102.966841,0.009496,step_15,2,0.015000,0.015000,0.015000,0.016816,0.016816,0.573513,0.003297,0.003297,0.184441,219722
20.890437,597102.972064,0.005000,step_15,2,0.015000,0.015000,0.015000,0.018191,0.018191,0.588230,0.002815,0.002815,0.274929,219724
20.895437,597102.977275,0.005000,step_15,2,0.015000,0.015000,0.015000,0.016961,0.016961,0.548745,0.003434,0.003434,0.000000,219726
20.900438,597102.982397,0.005001,step_15,2,0.015000,0.015000,0.015000,0.017762,0.017762,0.518016,0.003012,0.003012,0.160027,219728
20.905438,597102.987551,0.005000,step_15,2,0.015000,0.015000,0.015000,0.016611,0.016611,0.459135,0.002530,0.002530,0.000000,219730
20.910448,597102.992751,0.005010,step_15,2,0.015000,0.015000,0.015000,0.016856,0.016856,0.391215,0.003174,0.003174,0.048944,219732
20.915440,597102.997957,0.004992,step_15,2,0.015000,0.015000,0.015000,0.015857,0.015857,0.366785,0.002703,0.002703,0.000000,219734
20.920438,597103.003171,0.004998,step_15,2,0.015000,0.015000,0.015000,0.015945,0.015945,0.432476,0.003270,0.003270,0.017557,219736
20.925438,597103.008287,0.005000,step_15,2,0.015000,0.015000,0.015000,0.014246,0.014246,0.523912,0.002804,0.002804,0.000000,219738
20.930483,597103.013392,0.005046,step_15,2,0.015000,0.015000,0.015000,0.013680,0.013680,0.570575,0.003404,0.003404,0.000000,219740
20.935438,597103.018506,0.004954,step_15,2,0.015000,0.015000,0.015000,0.014546,0.014546,0.568615,0.002860,0.002860,0.174673,219742
20.940437,597103.023648,0.005000,step_15,2,0.015000,0.015000,0.015000,0.012066,0.012066,0.492881,0.003438,0.003438,0.000000,219744
20.945443,597103.028798,0.005005,step_15,2,0.015000,0.015000,0.015000,0.013608,0.013608,0.415831,0.003222,0.003222,0.308079,219746
20.950437,597103.033938,0.004994,step_15,2,0.015000,0.015000,0.015000,0.012375,0.012375,0.450363,0.002579,0.002579,0.000000,219748
20.955437,597103.039039,0.005000,step_15,2,0.015000,0.015000,0.015000,0.012791,0.012791,0.528036,0.003243,0.003243,0.083198,219750
20.961080,597103.044144,0.005643,step_15,2,0.015000,0.015000,0.015000,0.012791,0.012791,0.543262,0.003392,0.003392,0.000000,219752
20.966024,597103.049225,0.004944,step_15,2,0.015000,0.015000,0.015000,0.013569,0.013569,0.486715,0.003921,0.003921,0.157349,219754
20.970437,597103.054324,0.004413,step_15,2,0.015000,0.015000,0.015000,0.013569,0.013569,0.415171,0.002881,0.002881,0.000000,219756
20.975438,597103.059458,0.005001,step_15,2,0.015000,0.015000,0.015000,0.015391,0.015391,0.383348,0.003440,0.003440,0.364309,219758
20.980438,597103.064589,0.004999,step_15,2,0.015000,0.015000,0.015000,0.015391,0.015391,0.369785,0.002970,0.002970,0.000000,219760
20.985437,597103.069796,0.005000,step_15,2,0.015000,0.015000,0.015000,0.015417,0.015417,0.448530,0.002485,0.002485,0.005284,219762
20.990437,597103.074901,0.005000,step_15,2,0.015000,0.015000,0.015000,0.014056,0.014056,0.561396,0.003090,0.003090,0.000000,219764
20.995437,597103.080113,0.005000,step_15,2,0.015000,0.015000,0.015000,0.013855,0.013855,0.609390,0.003295,0.003295,0.000000,219766
21.000437,597103.085218,0.005000,step_15,2,0.015000,0.015000,0.015000,0.015274,0.015274,0.572233,0.002804,0.002804,0.283878,219768
21.005438,597103.090321,0.005001,step_15,2,0.015000,0.015000,0.015000,0.015791,0.015791,0.462863,0.003139,0.003139,0.103397,219770
21.010437,597103.095465,0.004999,step_15,2,0.015000,0.015000,0.015000,0.014947,0.014947,0.425128,0.003507,0.003507,0.000000,219772
21.015439,597103.100586,0.005002,step_15,2,0.015000,0.015000,0.015000,0.014106,0.014106,0.497434,0.002982,0.002982,0.000000,219774
21.020438,597103.105749,0.004999,step_15,2,0.015000,0.015000,0.015000,0.014417,0.014417,0.570597,0.003439,0.003439,0.062064,219776
21.025438,597103.110956,0.005000,step_15,2,0.015000,0.015000,0.015000,0.014769,0.014769,0.550466,0.002495,0.002495,0.070389,219778
21.030439,597103.116067,0.005001,step_15,2,0.015000,0.015000,0.015000,0.014655,0.014655,0.449776,0.003054,0.003054,0.000000,219780
21.035438,597103.121179,0.004999,step_15,2,0.015000,0.015000,0.015000,0.014295,0.014295,0.407246,0.003276,0.003276,0.000000,219782
21.040438,597103.126300,0.005000,step_15,2,0.015000,0.015000,0.015000,0.015145,0.015145,0.423370,0.002518,0.002518,0.170175,219784
21.050437,597103.131419,0.010000,step_15,2,0.015000,0.015000,0.015000,0.012732,0.012732,0.431789,0.003456,0.003456,0.000000,219788
21.055437,597103.136544,0.005000,step_15,2,0.015000,0.015000,0.015000,0.012227,0.012227,0.386197,0.002975,0.002975,0.000000,219790
21.060437,597103.141656,0.005000,step_15,2,0.015000,0.015000,0.015000,0.012779,0.012779,0.381399,0.003489,0.003489,0.110327,219792
21.065438,597103.146796,0.005001,step_15,2,0.015000,0.015000,0.015000,0.014103,0.014103,0.409589,0.002884,0.002884,0.264789,219794
21.070437,597103.151906,0.004999,step_15,2,0.015000,0.015000,0.015000,0.015099,0.015099,0.485038,0.003412,0.003412,0.199348,219796
21.075437,597103.157070,0.005000,step_15,2,0.015000,0.015000,0.015000,0.014947,0.014947,0.592830,0.003010,0.003010,0.000000,219798
21.080439,597103.162223,0.005001,step_15,2,0.015000,0.015000,0.015000,0.016352,0.016352,0.642074,0.002508,0.002508,0.280848,219800
21.085439,597103.167374,0.005000,step_15,2,0.015000,0.015000,0.015000,0.015316,0.015316,0.636535,0.003134,0.003134,0.000000,219802
21.090439,597103.172528,0.005000,step_15,2,0.015000,0.015000,0.015000,0.015296,0.015296,0.580123,0.002672,0.002672,0.000000,219804
21.095438,597103.177640,0.004999,step_15,2,0.015000,0.015000,0.015000,0.016519,0.016519,0.465164,0.003118,0.003118,0.244610,219806
21.100438,597103.182755,0.005000,step_15,2,0.015000,0.015000,0.015000,0.015115,0.015115,0.390582,0.002536,0.002536,0.000000,219808
21.105437,597103.187893,0.004999,step_15,2,0.015000,0.015000,0.015000,0.014557,0.014557,0.458029,0.003067,0.003067,0.000000,219810
21.110437,597103.193025,0.005000,step_15,2,0.015000,0.015000,0.015000,0.016768,0.016768,0.549315,0.002478,0.002478,0.442167,219812
21.115437,597103.198142,0.005000,step_15,2,0.015000,0.015000,0.015000,0.015186,0.015186,0.565742,0.002949,0.002949,0.000000,219814
21.120437,597103.203263,0.005000,step_15,2,0.015000,0.015000,0.015000,0.015186,0.015186,0.530303,0.002460,0.002460,0.000000,219816
21.125439,597103.208369,0.005002,step_15,2,0.015000,0.015000,0.015000,0.014197,0.014197,0.462860,0.003058,0.003058,0.000000,219818
21.130438,597103.213525,0.004999,step_15,2,0.015000,0.015000,0.015000,0.014197,0.014197,0.405049,0.002453,0.002453,0.000004,219820
21.135438,597103.218682,0.005000,step_15,2,0.015000,0.015000,0.015000,0.013698,0.013698,0.432975,0.002927,0.002927,0.000000,219822
21.140437,597103.223819,0.004999,step_15,2,0.015000,0.015000,0.015000,0.014863,0.014863,0.452781,0.003405,0.003405,0.233034,219824
21.145438,597103.228974,0.005001,step_15,2,0.015000,0.015000,0.015000,0.012487,0.012487,0.434308,0.002938,0.002938,0.000000,219826
21.150438,597103.234046,0.005000,step_15,2,0.015000,0.015000,0.015000,0.014412,0.014412,0.420961,0.003171,0.003171,0.385140,219828
21.155437,597103.239157,0.004999,step_15,2,0.015000,0.015000,0.015000,0.015064,0.015064,0.408128,0.002452,0.002452,0.130405,219830
21.160437,597103.244268,0.005000,step_15,2,0.015000,0.015000,0.015000,0.012600,0.012600,0.465197,0.002989,0.002989,0.000000,219832
21.165438,597103.249379,0.005000,step_15,2,0.015000,0.015000,0.015000,0.014861,0.014861,0.535944,0.003206,0.003206,0.452123,219834
21.170437,597103.254487,0.004999,step_15,2,0.015000,0.015000,0.015000,0.016040,0.016040,0.538575,0.002532,0.002532,0.235798,219836
21.175438,597103.259603,0.005002,step_15,2,0.015000,0.015000,0.015000,0.016248,0.016248,0.519216,0.002808,0.002808,0.041588,219838
21.180438,597103.264714,0.005000,step_15,2,0.015000,0.015000,0.015000,0.014827,0.014827,0.499405,0.003164,0.003164,0.000000,219840
21.186330,597103.269836,0.005892,step_15,2,0.015000,0.015000,0.015000,0.016163,0.016163,0.438782,0.003349,0.003349,0.226784,219842
21.192048,597103.274953,0.005717,step_15,2,0.015000,0.015000,0.015000,0.016079,0.016079,0.344964,0.004618,0.004618,0.000000,219844
21.197552,597103.280049,0.005504,step_15,2,0.015000,0.015000,0.015000,0.013406,0.013406,0.305701,0.005247,0.005247,0.000000,219846
21.197552,597103.285165,0.000001,step_15,2,0.015000,0.015000,0.015000,0.013406,0.013406,0.305701,0.005247,0.005247,0.000000,219846
21.208451,597103.290279,0.010900,step_15,2,0.015000,0.015000,0.015000,0.012735,0.012735,0.477998,0.000706,0.000706,0.175487,219850
21.212935,597103.295385,0.004483,step_15,2,0.015000,0.015000,0.015000,0.013409,0.013409,0.493033,0.000400,0.000400,0.150227,219852
21.217280,597103.300526,0.004345,step_15,2,0.015000,0.015000,0.015000,0.013409,0.013409,0.481146,0.004680,0.004680,0.000000,219854
21.221502,597103.305640,0.004222,step_15,2,0.015000,0.015000,0.015000,0.013061,0.013061,0.484018,0.004017,0.004017,0.000000,219856
21.225888,597103.310799,0.004386,step_15,2,0.015000,0.015000,0.015000,0.013644,0.013644,0.467892,0.002842,0.002842,0.132854,219858
21.230437,597103.315899,0.004550,step_15,2,0.015000,0.015000,0.015000,0.014442,0.014442,0.436750,0.002975,0.002975,0.175407,219860
21.235439,597103.321062,0.005001,step_15,2,0.015000,0.015000,0.015000,0.014724,0.014724,0.431546,0.002494,0.002494,0.056381,219862
21.240438,597103.326170,0.004999,step_15,2,0.015000,0.015000,0.015000,0.016315,0.016315,0.435966,0.003120,0.003120,0.318357,219864
21.245438,597103.331297,0.005000,step_15,2,0.015000,0.015000,0.015000,0.014290,0.014290,0.500223,0.002664,0.002664,0.000000,219866
21.255438,597103.336455,0.010000,step_15,2,0.015000,0.015000,0.015000,0.012691,0.012691,0.547673,0.002738,0.002738,0.000000,219870
21.260438,597103.341620,0.005001,step_15,2,0.015000,0.015000,0.015000,0.014952,0.014952,0.427954,0.003297,0.003297,0.451986,219872
21.265439,597103.346771,0.005001,step_15,2,0.015000,0.015000,0.015000,0.014461,0.014461,0.340729,0.002864,0.002864,0.000000,219874
21.270438,597103.351896,0.004999,step_15,2,0.015000,0.015000,0.015000,0.014461,0.014461,0.287666,0.003394,0.003394,0.000000,219876
21.275439,597103.357055,0.005001,step_15,2,0.015000,0.015000,0.015000,0.014357,0.014357,0.359840,0.002924,0.002924,0.000000,219878
21.280439,597103.362167,0.004999,step_15,2,0.015000,0.015000,0.015000,0.014357,0.014357,0.494229,0.003339,0.003339,0.000000,219880
21.285438,597103.367337,0.004999,step_15,2,0.015000,0.015000,0.015000,0.014942,0.014942,0.556036,0.002788,0.002788,0.116856,219882
21.290439,597103.372456,0.005001,step_15,2,0.015000,0.015000,0.015000,0.014680,0.014680,0.482736,0.003260,0.003260,0.000000,219884
21.295438,597103.377556,0.004999,step_15,2,0.015000,0.015000,0.015000,0.014135,0.014135,0.420273,0.002685,0.002685,0.000000,219886
21.300440,597103.382673,0.005001,step_15,2,0.015000,0.015000,0.015000,0.013455,0.013455,0.447443,0.003193,0.003193,0.000000,219888
21.305437,597103.387788,0.004998,step_15,2,0.015000,0.015000,0.015000,0.013057,0.013057,0.477904,0.002659,0.002659,0.000000,219890
21.310439,597103.392908,0.005002,step_15,2,0.015000,0.015000,0.015000,0.013624,0.013624,0.491135,0.003197,0.003197,0.113421,219892
21.315440,597103.398015,0.005001,step_15,2,0.015000,0.015000,0.015000,0.012769,0.012769,0.470425,0.002593,0.002593,0.000000,219894
21.320438,597103.403136,0.004998,step_15,2,0.015000,0.015000,0.015000,0.015129,0.015129,0.466138,0.003104,0.003104,0.472184,219896
21.325437,597103.408249,0.004999,step_15,2,0.015000,0.015000,0.015000,0.012293,0.012293,0.478269,0.002575,0.002575,0.000000,219898
21.330437,597103.413341,0.005000,step_15,2,0.015000,0.015000,0.015000,0.013572,0.013572,0.500802,0.003055,0.003055,0.255777,219900
21.335437,597103.418501,0.005000,step_15,2,0.015000,0.015000,0.015000,0.015460,0.015460,0.514054,0.002538,0.002538,0.377514,219902
21.340437,597103.423674,0.005000,step_15,2,0.015000,0.015000,0.015000,0.013759,0.013759,0.433521,0.003034,0.003034,0.000000,219904
21.345437,597103.428829,0.005000,step_15,2,0.015000,0.015000,0.015000,0.015552,0.015552,0.324221,0.002496,0.002496,0.358735,219906
21.350440,597103.433991,0.005003,step_15,2,0.015000,0.015000,0.015000,0.013430,0.013430,0.315922,0.003044,0.003044,0.000000,219908
21.355439,597103.439110,0.004999,step_15,2,0.015000,0.015000,0.015000,0.013682,0.013682,0.374578,0.002471,0.002471,0.050515,219910
21.360437,597103.444223,0.004998,step_15,2,0.015000,0.015000,0.015000,0.015196,0.015196,0.365245,0.003024,0.003024,0.302919,219912
21.365438,597103.449336,0.005001,step_15,2,0.015000,0.015000,0.015000,0.013043,0.013043,0.363220,0.002475,0.002475,0.000000,219914
21.370437,597103.454450,0.004999,step_15,2,0.015000,0.015000,0.015000,0.014577,0.014577,0.436913,0.003014,0.003014,0.306969,219916
21.375437,597103.459561,0.005000,step_15,2,0.015000,0.015000,0.015000,0.014411,0.014411,0.490857,0.002487,0.002487,0.000000,219918
21.380438,597103.464700,0.005001,step_15,2,0.015000,0.015000,0.015000,0.013133,0.013133,0.519528,0.002839,0.002839,0.000000,219920
21.385437,597103.469808,0.005000,step_15,2,0.015000,0.015000,0.015000,0.013566,0.013566,0.461390,0.003192,0.003192,0.086620,219922
21.390438,597103.474934,0.005000,step_15,2,0.015000,0.015000,0.015000,0.012595,0.012595,0.358951,0.002497,0.002497,0.000000,219924
21.395437,597103.480100,0.005000,step_15,2,0.015000,0.015000,0.015000,0.014098,0.014098,0.337818,0.003041,0.003041,0.300552,219926
21.400437,597103.485217,0.005000,step_15,2,0.015000,0.015000,0.015000,0.014946,0.014946,0.358673,0.002552,0.002552,0.169629,219928
21.405438,597103.490330,0.005001,step_15,2,0.015000,0.015000,0.015000,0.015112,0.015112,0.443939,0.003083,0.003083,0.033270,219930
21.410437,597103.495415,0.004999,step_15,2,0.015000,0.015000,0.015000,0.015023,0.015023,0.529295,0.003322,0.003322,0.000000,219932
21.415437,597103.500530,0.005000,step_15,2,0.015000,0.015000,0.015000,0.015193,0.015193,0.494000,0.002703,0.002703,0.034141,219934
21.420437,597103.505637,0.005000,step_15,2,0.015000,0.015000,0.015000,0.015193,0.015193,0.393407,0.003145,0.003145,0.000000,219936
21.425438,597103.510737,0.005001,step_15,2,0.015000,0.015000,0.015000,0.015838,0.015838,0.342815,0.002520,0.002520,0.128916,219938
21.430437,597103.515835,0.004999,step_15,2,0.015000,0.015000,0.015000,0.015838,0.015838,0.381273,0.002972,0.002972,0.000000,219940
21.435437,597103.520944,0.005000,step_15,2,0.015000,0.015000,0.015000,0.015504,0.015504,0.389846,0.003302,0.003302,0.000000,219942
21.440437,597103.526126,0.005000,step_15,2,0.015000,0.015000,0.015000,0.015504,0.015504,0.371376,0.002632,0.002632,0.000000,219944
21.445437,597103.531249,0.005000,step_15,2,0.015000,0.015000,0.015000,0.016236,0.016236,0.409804,0.003110,0.003110,0.146497,219946
21.450438,597103.536367,0.005001,step_15,2,0.015000,0.015000,0.015000,0.014629,0.014629,0.438299,0.002451,0.002451,0.000000,219948
21.460437,597103.541482,0.009999,step_15,2,0.015000,0.015000,0.015000,0.015276,0.015276,0.458390,0.002832,0.002832,0.000000,219952
21.465437,597103.546658,0.005000,step_15,2,0.015000,0.015000,0.015000,0.017440,0.017440,0.437941,0.003203,0.003203,0.432764,219954
21.470437,597103.551788,0.005000,step_15,2,0.015000,0.015000,0.015000,0.012301,0.012301,0.413397,0.002424,0.002424,0.000000,219956
21.475437,597103.556945,0.005000,step_15,2,0.015000,0.015000,0.015000,0.011213,0.011213,0.421321,0.002995,0.002995,0.000000,219958
21.480437,597103.562121,0.005000,step_15,2,0.015000,0.015000,0.015000,0.013433,0.013433,0.418467,0.003226,0.003226,0.444042,219960
21.485437,597103.567227,0.005000,step_15,2,0.015000,0.015000,0.015000,0.014716,0.014716,0.406487,0.002433,0.002433,0.256669,219962
21.490438,597103.572357,0.005000,step_15,2,0.015000,0.015000,0.015000,0.014817,0.014817,0.436306,0.002982,0.002982,0.020102,219964
21.495438,597103.577502,0.005000,step_15,2,0.015000,0.015000,0.015000,0.011943,0.011943,0.449180,0.003327,0.003327,0.000000,219966
21.500440,597103.582656,0.005003,step_15,2,0.015000,0.015000,0.015000,0.014375,0.014375,0.391346,0.002871,0.002871,0.486216,219968
21.505438,597103.587766,0.004997,step_15,2,0.015000,0.015000,0.015000,0.014422,0.014422,0.339000,0.002443,0.002443,0.009402,219970
21.510437,597103.592875,0.005000,step_15,2,0.015000,0.015000,0.015000,0.012692,0.012692,0.316256,0.002990,0.002990,0.000000,219972
21.515437,597103.597987,0.005000,step_15,2,0.015000,0.015000,0.015000,0.014441,0.014441,0.365579,0.002424,0.002424,0.349920,219974
21.520438,597103.603103,0.005000,step_15,2,0.015000,0.015000,0.015000,0.014665,0.014665,0.449976,0.002973,0.002973,0.044795,219976
21.525442,597103.608219,0.005005,step_15,2,0.015000,0.015000,0.015000,0.013069,0.013069,0.493917,0.002458,0.002458,0.000000,219978
21.530438,597103.613324,0.004996,step_15,2,0.015000,0.015000,0.015000,0.016144,0.016144,0.471049,0.002969,0.002969,0.615368,219980
21.535437,597103.618432,0.005000,step_15,2,0.015000,0.015000,0.015000,0.016144,0.016144,0.414141,0.002478,0.002478,0.000000,219982
21.540437,597103.623543,0.005000,step_15,2,0.015000,0.015000,0.015000,0.013915,0.013915,0.372286,0.003062,0.003062,0.000000,219984
21.545438,597103.628719,0.005000,step_15,2,0.015000,0.015000,0.015000,0.013915,0.013915,0.388915,0.002570,0.002570,0.000000,219986
21.550438,597103.633858,0.005001,step_15,2,0.015000,0.015000,0.015000,0.013771,0.013771,0.430748,0.003112,0.003112,0.000000,219988
21.555438,597103.638996,0.004999,step_15,2,0.015000,0.015000,0.015000,0.014498,0.014498,0.430162,0.002641,0.002641,0.145316,219990
21.560437,597103.644127,0.004999,step_15,2,0.015000,0.015000,0.015000,0.015135,0.015135,0.441920,0.003104,0.003104,0.127417,219992
21.565438,597103.649221,0.005001,step_15,2,0.015000,0.015000,0.015000,0.014185,0.014185,0.493808,0.002578,0.002578,0.000000,219994
21.570438,597103.654316,0.005000,rest,2,0.000000,0.000000,0.000000,0.013185,0.013185,0.464634,0.003143,0.003143,0.000000,219996
21.575438,597103.659473,0.005000,rest,2,0.000000,0.000000,0.000000,0.015457,0.015457,0.274820,0.002717,0.002717,0.454463,219998
21.580438,597103.664609,0.005001,rest,2,0.000000,0.000000,0.000000,0.013909,0.013909,0.133249,0.003274,0.003274,0.000000,220000
21.585437,597103.669735,0.004999,rest,2,0.000000,0.000000,0.000000,0.012660,0.012660,0.193589,0.002686,0.002686,0.000000,220002
21.590438,597103.674814,0.005001,rest,2,0.000000,0.000000,0.000000,0.013499,0.013499,0.357236,0.003283,0.003283,0.167610,220004
21.595437,597103.679898,0.004999,rest,2,0.000000,0.000000,0.000000,0.013947,0.013947,0.483909,0.002754,0.002754,0.089712,220006
21.600439,597103.685016,0.005002,rest,2,0.000000,0.000000,0.000000,0.013130,0.013130,0.537053,0.003275,0.003275,0.000000,220008
21.605437,597103.690089,0.004998,rest,2,0.000000,0.000000,0.000000,0.015112,0.015112,0.476698,0.002797,0.002797,0.396591,220010
21.610437,597103.695256,0.005000,rest,2,0.000000,0.000000,0.000000,0.011445,0.011445,0.392836,0.002296,0.002296,0.000000,220012
21.615441,597103.700363,0.005003,rest,2,0.000000,0.000000,0.000000,0.003008,0.003008,0.356375,0.002877,0.002877,0.000000,220014
21.620437,597103.705462,0.004997,rest,2,0.000000,0.000000,0.000000,0.004986,0.004986,0.274776,0.002298,0.002298,0.395843,220016
21.625437,597103.710580,0.005000,rest,2,0.000000,0.000000,0.000000,0.000000,0.000000,0.028016,0.002869,0.002869,0.000000,220018
21.630438,597103.715756,0.005001,rest,2,0.000000,0.000000,0.000000,0.001176,0.001176,-0.143292,0.002485,0.002485,0.235018,220020
21.635438,597103.720904,0.005000,rest,2,0.000000,0.000000,0.000000,0.000079,0.000079,0.082635,0.003084,0.003084,0.000000,220022
21.640437,597103.726051,0.004999,rest,2,0.000000,0.000000,0.000000,-0.000849,-0.000849,0.469885,0.002257,0.002257,0.000000,220024
21.645437,597103.731148,0.005000,rest,2,0.000000,0.000000,0.000000,-0.000000,-0.000000,0.663381,0.002782,0.002782,0.169817,220026
21.650450,597103.736241,0.005012,rest,2,0.000000,0.000000,0.000000,0.000704,0.000704,0.589454,0.003166,0.003166,0.140534,220028
21.660437,597103.741366,0.009987,rest,2,0.000000,0.000000,0.000000,0.000588,0.000588,0.275282,0.003141,0.003141,0.117585,220032
21.665438,597103.746510,0.005001,rest,2,0.000000,0.000000,0.000000,-0.000000,-0.000000,0.342369,0.002637,0.002637,0.000000,220034
21.670437,597103.751650,0.004999,rest,2,0.000000,0.000000,0.000000,-0.000346,-0.000346,0.478642,0.003190,0.003190,0.000000,220036
21.675438,597103.756770,0.005000,rest,2,0.000000,0.000000,0.000000,-0.000471,-0.000471,0.530475,0.002688,0.002688,0.000000,220038
21.680438,597103.761908,0.005000,rest,2,0.000000,0.000000,0.000000,-0.000000,-0.000000,0.454947,0.003245,0.003245,0.094235,220040
21.685438,597103.767085,0.005000,rest,2,0.000000,0.000000,0.000000,0.000000,0.000000,0.340279,0.002768,0.002768,0.000008,220042
21.690437,597103.772207,0.004999,rest,2,0.000000,0.000000,0.000000,0.000079,0.000079,0.289080,0.002279,0.002279,0.015717,220044
21.695439,597103.777310,0.005002,rest,2,0.000000,0.000000,0.000000,-0.000000,-0.000000,0.329170,0.002920,0.002920,0.000000,220046
21.700438,597103.782420,0.004998,rest,2,0.000000,0.000000,0.000000,0.000000,0.000000,0.413107,0.002441,0.002441,0.000075,220048
21.705437,597103.787546,0.005000,rest,2,0.000000,0.000000,0.000000,0.000000,0.000000,0.461821,0.002983,0.002983,0.000002,220050
21.710437,597103.792671,0.005000,rest,2,0.000000,0.000000,0.000000,0.000000,0.000000,0.441252,0.002530,0.002530,0.000000,220052
21.710437,597103.797790,0.000001,rest,2,0.000000,0.000000,0.000000,0.000000,0.000000,0.441252,0.002530,0.002530,0.000000,220052
21.715439,597103.802908,0.005002,rest,2,0.000000,0.000000,0.000000,0.000000,0.000000,0.373178,0.003166,0.003166,0.000000,220054
21.721116,597103.808030,0.005677,rest,2,0.000000,0.000000,0.000000,-0.000000,-0.000000,0.357873,0.003408,0.003408,0.000000,220056
21.726601,597103.813144,0.005485,rest,2,0.000000,0.000000,0.000000,-0.000000,-0.000000,0.384293,0.003414,0.003414,0.000001,220058
21.736907,597103.818255,0.010306,rest,2,0.000000,0.000000,0.000000,-0.000000,-0.000000,0.417639,0.003722,0.003722,0.000000,220062
21.741169,597103.823372,0.004263,rest,2,0.000000,0.000000,0.000000,0.000445,0.000445,0.429641,0.002263,0.002263,0.104590,220064
21.745508,597103.828533,0.004338,rest,2,0.000000,0.000000,0.000000,0.000445,0.000445,0.459312,0.002093,0.002093,0.000003,220066
21.750438,597103.833658,0.004930,rest,2,0.000000,0.000000,0.000000,0.001388,0.001388,0.477557,0.001574,0.001574,0.191179,220068
21.755437,597103.838793,0.005000,rest,2,0.000000,0.000000,0.000000,0.001388,0.001388,0.471138,0.002136,0.002136,0.000002,220070
21.760437,597103.843935,0.005000,rest,2,0.000000,0.000000,0.000000,0.001035,0.001035,0.472350,0.001662,0.001662,0.000000,220072
21.765439,597103.849058,0.005002,rest,2,0.000000,0.000000,0.000000,0.000564,0.000564,0.492028,0.002213,0.002213,0.000000,220074
21.770437,597103.854186,0.004998,rest,2,0.000000,0.000000,0.000000,0.001434,0.001434,0.463358,0.001739,0.001739,0.173985,220076
21.775437,597103.859314,0.005000,rest,2,0.000000,0.000000,0.000000,0.000611,0.000611,0.392547,0.002324,0.002324,0.000000,220078
21.780438,597103.864427,0.005000,rest,2,0.000000,0.000000,0.000000,0.001388,0.001388,0.357557,0.001865,0.001865,0.155399,220080
21.786268,597103.869581,0.005830,rest,2,0.000000,0.000000,0.000000,0.000140,0.000140,0.370134,0.002140,0.002140,0.000000,220082
21.791944,597103.874692,0.005676,rest,2,0.000000,0.000000,0.000000,0.001037,0.001037,0.402943,0.003315,0.003315,0.158011,220084
21.791944,597103.879807,0.000001,rest,2,0.000000,0.000000,0.000000,0.001037,0.001037,0.402943,0.003315,0.003315,0.158011,220084
21.797607,597103.884967,0.005664,rest,2,0.000000,0.000000,0.000000,0.000917,0.000917,0.409176,0.003507,0.003507,0.000000,220086
21.808321,597103.890047,0.010714,rest,2,0.000000,0.000000,0.000000,0.000751,0.000751,0.368937,0.004195,0.004195,0.184308,220090
21.812825,597103.895161,0.004504,rest,2,0.000000,0.000000,0.000000,-0.000118,-0.000118,0.370947,0.001951,0.001951,0.000000,220092
21.817273,597103.900283,0.004448,rest,2,0.000000,0.000000,0.000000,-0.000349,-0.000349,0.408916,0.001957,0.001957,0.000000,220094
21.821691,597103.905387,0.004419,rest,2,0.000000,0.000000,0.000000,-0.001197,-0.001197,0.446888,0.000736,0.000736,0.000000,220096
21.826250,597103.910525,0.004559,rest,2,0.000000,0.000000,0.000000,0.000144,0.000144,0.447755,0.000817,0.000817,0.294244,220098
21.830565,597103.915636,0.004315,rest,2,0.000000,0.000000,0.000000,0.000144,0.000144,0.420722,0.005058,0.005058,0.000000,220100
21.835438,597103.920751,0.004873,rest,2,0.000000,0.000000,0.000000,-0.000380,-0.000380,0.415662,0.004380,0.004380,0.000000,220102
21.840439,597103.925865,0.005001,rest,2,0.000000,0.000000,0.000000,-0.001223,-0.001223,0.408832,0.004767,0.004767,0.000000,220104
21.845438,597103.930995,0.004999,rest,2,0.000000,0.000000,0.000000,0.000805,0.000805,0.408958,0.004228,0.004228,0.405570,220106
21.850438,597103.936122,0.005000,rest,2,0.000000,0.000000,0.000000,-0.000142,-0.000142,0.425368,0.003695,0.003695,0.000000,220108
21.855438,597103.941245,0.004999,rest,2,0.000000,0.000000,0.000000,0.001158,0.001158,0.435270,0.004231,0.004231,0.259967,220110
21.860438,597103.946358,0.005001,rest,2,0.000000,0.000000,0.000000,-0.000300,-0.000300,0.437240,0.003657,0.003657,0.000000,220112
21.865439,597103.951519,0.005000,rest,2,0.000000,0.000000,0.000000,0.002127,0.002127,0.409502,0.004212,0.004212,0.485259,220114
21.875439,597103.956670,0.010000,rest,2,0.000000,0.000000,0.000000,0.000617,0.000617,0.390837,0.003159,0.003159,0.268286,220118
21.880438,597103.961804,0.005000,rest,2,0.000000,0.000000,0.000000,-0.000749,-0.000749,0.383430,0.002596,0.002596,0.000000,220120
21.885449,597103.966950,0.005011,rest,2,0.000000,0.000000,0.000000,-0.000252,-0.000252,0.423892,0.003144,0.003144,0.099226,220122
21.890437,597103.972030,0.004988,rest,2,0.000000,0.000000,0.000000,-0.000415,-0.000415,0.441235,0.003226,0.003226,0.000000,220124
21.895438,597103.977135,0.005001,rest,2,0.000000,0.000000,0.000000,-0.000487,-0.000487,0.441727,0.002734,0.002734,0.000000,220126
21.900438,597103.982238,0.005000,rest,2,0.000000,0.000000,0.000000,0.000598,0.000598,0.442352,0.002225,0.002225,0.216917,220128
21.905437,597103.987329,0.004999,rest,2,0.000000,0.000000,0.000000,0.000243,0.000243,0.445456,0.002779,0.002779,0.000000,220130
21.910438,597103.992479,0.005000,rest,2,0.000000,0.000000,0.000000,0.000149,0.000149,0.451236,0.002332,0.002332,0.000000,220132
21.915439,597103.997612,0.005002,rest,2,0.000000,0.000000,0.000000,-0.000275,-0.000275,0.451641,0.002939,0.002939,0.000000,220134
21.920438,597104.002717,0.004999,rest,2,0.000000,0.000000,0.000000,-0.000460,-0.000460,0.454522,0.002445,0.002445,0.000000,220136
21.925439,597104.007814,0.005002,rest,2,0.000000,0.000000,0.000000,0.000175,0.000175,0.432535,0.002993,0.002993,0.126893,220138
21.930438,597104.012938,0.004999,rest,2,0.000000,0.000000,0.000000,0.001543,0.001543,0.409321,0.002549,0.002549,0.273764,220140
21.935438,597104.018035,0.005000,rest,2,0.000000,0.000000,0.000000,0.001210,0.001210,0.412243,0.003154,0.003154,0.000000,220142
21.940439,597104.023122,0.005000,rest,2,0.000000,0.000000,0.000000,0.000150,0.000150,0.429552,0.002652,0.002652,0.000000,220144
21.945439,597104.028212,0.005000,rest,2,0.000000,0.000000,0.000000,0.001072,0.001072,0.418976,0.003285,0.003285,0.184363,220146
21.950440,597104.033307,0.005001,rest,2,0.000000,0.000000,0.000000,0.001660,0.001660,0.411031,0.002795,0.002795,0.117641,220148
21.955439,597104.038470,0.005000,rest,2,0.000000,0.000000,0.000000,0.000601,0.000601,0.443272,0.003383,0.003383,0.000000,220150
21.960439,597104.043632,0.005000,rest,2,0.000000,0.000000,0.000000,0.001073,0.001073,0.459876,0.002943,0.002943,0.094459,220152
21.965438,597104.048749,0.004999,rest,2,0.000000,0.000000,0.000000,0.000486,0.000486,0.457675,0.002461,0.002461,0.000000,220154
21.970438,597104.053885,0.005000,rest,2,0.000000,0.000000,0.000000,0.001049,0.001049,0.442045,0.003086,0.003086,0.112523,220156
21.975438,597104.059113,0.005000,rest,2,0.000000,0.000000,0.000000,0.000650,0.000650,0.425139,0.002650,0.002650,0.000000,220158
21.980439,597104.064217,0.005001,rest,2,0.000000,0.000000,0.000000,0.000578,0.000578,0.407550,0.003295,0.003295,0.000000,220160
21.985439,597104.069303,0.005000,rest,2,0.000000,0.000000,0.000000,-0.000271,-0.000271,0.389613,0.002826,0.002826,0.000000,220162
21.990437,597104.074404,0.004998,rest,2,0.000000,0.000000,0.000000,0.000123,0.000123,0.389463,0.003305,0.003305,0.078743,220164
21.995438,597104.079554,0.005000,rest,2,0.000000,0.000000,0.000000,0.000123,0.000123,0.398483,0.002794,0.002794,0.000000,220166
22.000439,597104.084713,0.005001,rest,2,0.000000,0.000000,0.000000,0.001548,0.001548,0.412731,0.003398,0.003398,0.284958,220168
22.005437,597104.089843,0.004998,rest,2,0.000000,0.000000,0.000000,0.001548,0.001548,0.455381,0.002845,0.002845,0.000007,220170
22.010437,597104.094975,0.005000,rest,2,0.000000,0.000000,0.000000,0.001664,0.001664,0.468570,0.003366,0.003366,0.023268,220172
22.015439,597104.100118,0.005002,rest,2,0.000000,0.000000,0.000000,0.001664,0.001664,0.428919,0.002885,0.002885,0.000008,220174
22.020437,597104.105244,0.004998,rest,2,0.000000,0.000000,0.000000,0.001077,0.001077,0.389160,0.002383,0.002383,0.000000,220176
22.025437,597104.110334,0.005000,rest,2,0.000000,0.000000,0.000000,0.000018,0.000018,0.357051,0.002901,0.002901,0.000000,220178
22.030438,597104.115483,0.005000,rest,2,0.000000,0.000000,0.000000,0.000412,0.000412,0.336494,0.002480,0.002480,0.078776,220180
22.035438,597104.120614,0.005000,rest,2,0.000000,0.000000,0.000000,0.000490,0.000490,0.360309,0.003082,0.003082,0.015666,220182
22.040440,597104.125753,0.005002,rest,2,0.000000,0.000000,0.000000,0.000654,0.000654,0.409121,0.002610,0.002610,0.032662,220184
22.046012,597104.130876,0.005572,rest,2,0.000000,0.000000,0.000000,0.000134,0.000134,0.438365,0.003843,0.003843,0.000000,220186
22.050441,597104.136007,0.004429,rest,2,0.000000,0.000000,0.000000,-0.000592,-0.000592,0.453601,0.002817,0.002817,0.000000,220188
22.055438,597104.141123,0.004997,rest,2,0.000000,0.000000,0.000000,-0.001657,-0.001657,0.439521,0.003321,0.003321,0.000000,220190
22.061226,597104.146232,0.005788,rest,2,0.000000,0.000000,0.000000,-0.000095,-0.000095,0.390224,0.003700,0.003700,0.269811,220192
22.066713,597104.151344,0.005487,rest,2,0.000000,0.000000,0.000000,-0.000095,-0.000095,0.343255,0.003683,0.003683,0.000000,220194
22.075438,597104.156512,0.008725,step_15,2,-0.015000,-0.015000,-0.015000,-0.000991,-0.000991,0.349811,0.002564,0.002564,0.036022,220198
22.080438,597104.161692,0.005000,step_15,2,-0.015000,-0.015000,-0.015000,0.001080,0.001080,0.393807,0.003185,0.003185,0.414303,220200
22.085437,597104.166816,0.004999,step_15,2,-0.015000,-0.015000,-0.015000,0.000022,0.000022,0.476404,0.003476,0.003476,0.000000,220202
22.090437,597104.171939,0.005000,step_15,2,-0.015000,-0.015000,-0.015000,0.000608,0.000608,0.504061,0.002984,0.002984,0.117292,220204
22.095438,597104.177055,0.005000,step_15,2,-0.015000,-0.015000,-0.015000,0.000609,0.000609,0.444498,0.003412,0.003412,0.000052,220206
22.100438,597104.182165,0.005000,step_15,2,-0.015000,-0.015000,-0.015000,-0.001038,-0.001038,0.400939,0.002879,0.002879,0.000000,220208
22.105437,597104.187309,0.005000,step_15,2,-0.015000,-0.015000,-0.015000,0.000609,0.000609,0.363212,0.003400,0.003400,0.329360,220210
22.110437,597104.192471,0.005000,step_15,2,-0.015000,-0.015000,-0.015000,-0.002633,-0.002633,0.356873,0.003014,0.003014,0.000000,220212
22.115441,597104.197568,0.005004,step_15,2,-0.015000,-0.015000,-0.015000,-0.007556,-0.007556,0.340788,0.002527,0.002527,0.000000,220214
22.120438,597104.202680,0.004997,step_15,2,-0.015000,-0.015000,-0.015000,-0.010950,-0.010950,0.233489,0.003023,0.003023,0.000000,220216
22.125439,597104.207780,0.005001,step_15,2,-0.015000,-0.015000,-0.015000,-0.014507,-0.014507,0.077009,0.002572,0.002572,0.000000,220218
22.130459,597104.212876,0.005020,step_15,2,-0.015000,-0.015000,-0.015000,-0.014288,-0.014288,-0.041451,0.003235,0.003235,0.043639,220220
22.135437,597104.217969,0.004978,step_15,2,-0.015000,-0.015000,-0.015000,-0.017391,-0.017391,-0.002107,0.002740,0.002740,0.000000,220222
22.140437,597104.223144,0.005000,step_15,2,-0.015000,-0.015000,-0.015000,-0.016709,-0.016709,0.164799,0.003318,0.003318,0.136463,220224
22.145437,597104.228265,0.005000,step_15,2,-0.015000,-0.015000,-0.015000,-0.017654,-0.017654,0.360239,0.002888,0.002888,0.000000,220226
22.150439,597104.233380,0.005002,step_15,2,-0.015000,-0.015000,-0.015000,-0.015672,-0.015672,0.499730,0.003385,0.003385,0.396221,220228
22.155437,597104.238501,0.004999,step_15,2,-0.015000,-0.015000,-0.015000,-0.015900,-0.015900,0.537120,0.002820,0.002820,0.000000,220230
22.160437,597104.243634,0.005000,step_15,2,-0.015000,-0.015000,-0.015000,-0.016393,-0.016393,0.512509,0.003450,0.003450,0.000000,220232
22.165438,597104.248781,0.005001,step_15,2,-0.015000,-0.015000,-0.015000,-0.016270,-0.016270,0.473330,0.002927,0.002927,0.024748,220234
22.170437,597104.253926,0.004999,step_15,2,-0.015000,-0.015000,-0.015000,-0.014262,-0.014262,0.448508,0.002381,0.002381,0.401671,220236
22.175437,597104.259052,0.005000,step_15,2,-0.015000,-0.015000,-0.015000,-0.016197,-0.016197,0.431000,0.002909,0.002909,0.000000,220238
22.180453,597104.264178,0.005016,step_15,2,-0.015000,-0.015000,-0.015000,-0.015261,-0.015261,0.469727,0.002506,0.002506,0.186573,220240
22.185438,597104.269295,0.004985,step_15,2,-0.015000,-0.015000,-0.015000,-0.016251,-0.016251,0.535679,0.003161,0.003161,0.000000,220242
22.190438,597104.274462,0.005000,step_15,2,-0.015000,-0.015000,-0.015000,-0.015221,-0.015221,0.540296,0.002700,0.002700,0.206041,220244
22.195438,597104.279575,0.005000,step_15,2,-0.015000,-0.015000,-0.015000,-0.015220,-0.015220,0.527800,0.003255,0.003255,0.000039,220246
22.200439,597104.284683,0.005001,step_15,2,-0.015000,-0.015000,-0.015000,-0.016918,-0.016918,0.465013,0.002805,0.002805,0.000000,220248
22.205438,597104.289795,0.004998,step_15,2,-0.015000,-0.015000,-0.015000,-0.016328,-0.016328,0.396988,0.003304,0.003304,0.118038,220250
22.210438,597104.294911,0.005000,step_15,2,-0.015000,-0.015000,-0.015000,-0.016502,-0.016502,0.346569,0.002872,0.002872,0.000000,220252
22.215440,597104.300018,0.005002,step_15,2,-0.015000,-0.015000,-0.015000,-0.016501,-0.016501,0.246887,0.003435,0.003435,0.000035,220254
22.220438,597104.305131,0.004998,step_15,2,-0.015000,-0.015000,-0.015000,-0.016654,-0.016654,0.206824,0.002972,0.002972,0.000000,220256
22.225438,597104.310240,0.005000,step_15,2,-0.015000,-0.015000,-0.015000,-0.016263,-0.016263,0.263787,0.002465,0.002465,0.078121,220258
22.230456,597104.315337,0.005017,step_15,2,-0.015000,-0.015000,-0.015000,-0.018786,-0.018786,0.410586,0.003082,0.003082,0.000000,220260
22.235437,597104.320460,0.004982,step_15,2,-0.015000,-0.015000,-0.015000,-0.017111,-0.017111,0.507032,0.002621,0.002621,0.336235,220262
22.240438,597104.325621,0.005001,step_15,2,-0.015000,-0.015000,-0.015000,-0.018287,-0.018287,0.502529,0.003213,0.003213,0.000000,220264
22.245437,597104.330737,0.005000,step_15,2,-0.015000,-0.015000,-0.015000,-0.014539,-0.014539,0.461380,0.002766,0.002766,0.749692,220266
22.250438,597104.335859,0.005000,step_15,2,-0.015000,-0.015000,-0.015000,-0.013952,-0.013952,0.440651,0.003379,0.003379,0.117351,220268
22.255438,597104.340987,0.005000,step_15,2,-0.015000,-0.015000,-0.015000,-0.014740,-0.014740,0.522967,0.002913,0.002913,0.000000,220270
22.260439,597104.346241,0.005001,step_15,2,-0.015000,-0.015000,-0.015000,-0.015535,-0.015535,0.618662,0.003312,0.003312,0.000000,220272
22.265438,597104.351351,0.004999,step_15,2,-0.015000,-0.015000,-0.015000,-0.013672,-0.013672,0.618847,0.002763,0.002763,0.372670,220274
22.275439,597104.356511,0.010001,step_15,2,-0.015000,-0.015000,-0.015000,-0.013793,-0.013793,0.502009,0.002725,0.002725,0.000000,220278
22.280438,597104.361611,0.004999,step_15,2,-0.015000,-0.015000,-0.015000,-0.012790,-0.012790,0.399907,0.003253,0.003253,0.200733,220280
22.285437,597104.366748,0.005000,step_15,2,-0.015000,-0.015000,-0.015000,-0.013274,-0.013274,0.343001,0.002733,0.002733,0.000000,220282
22.290438,597104.371873,0.005001,step_15,2,-0.015000,-0.015000,-0.015000,-0.014709,-0.014709,0.357737,0.003277,0.003277,0.000000,220284
22.295438,597104.377009,0.005000,step_15,2,-0.015000,-0.015000,-0.015000,-0.016434,-0.016434,0.424181,0.002699,0.002699,0.000000,220286
22.300438,597104.382207,0.005000,step_15,2,-0.015000,-0.015000,-0.015000,-0.016225,-0.016225,0.444357,0.003270,0.003270,0.041769,220288
22.305438,597104.387312,0.005000,step_15,2,-0.015000,-0.015000,-0.015000,-0.016033,-0.016033,0.377257,0.002711,0.002711,0.038327,220290
22.310438,597104.392448,0.005000,step_15,2,-0.015000,-0.015000,-0.015000,-0.017068,-0.017068,0.313264,0.003296,0.003296,0.000000,220292
22.315438,597104.397553,0.005000,step_15,2,-0.015000,-0.015000,-0.015000,-0.019058,-0.019058,0.342307,0.002716,0.002716,0.000000,220294
22.320439,597104.402688,0.005001,step_15,2,-0.015000,-0.015000,-0.015000,-0.015909,-0.015909,0.417809,0.003207,0.003207,0.629545,220296
22.325437,597104.407771,0.004998,step_15,2,-0.015000,-0.015000,-0.015000,-0.017850,-0.017850,0.475649,0.002654,0.002654,0.000000,220298
22.330438,597104.412918,0.005001,step_15,2,-0.015000,-0.015000,-0.015000,-0.017477,-0.017477,0.556621,0.003186,0.003186,0.074650,220300
22.335437,597104.418060,0.004999,step_15,2,-0.015000,-0.015000,-0.015000,-0.017477,-0.017477,0.601682,0.002641,0.002641,0.000018,220302
22.340438,597104.423143,0.005001,step_15,2,-0.015000,-0.015000,-0.015000,-0.014068,-0.014068,0.530789,0.003196,0.003196,0.681665,220304
22.345437,597104.428236,0.005000,step_15,2,-0.015000,-0.015000,-0.015000,-0.014068,-0.014068,0.462341,0.002624,0.002624,0.000000,220306
22.350439,597104.433377,0.005002,step_15,2,-0.015000,-0.015000,-0.015000,-0.015172,-0.015172,0.497378,0.003218,0.003218,0.000000,220308
22.355437,597104.438462,0.004998,step_15,2,-0.015000,-0.015000,-0.015000,-0.013640,-0.013640,0.559413,0.002652,0.002652,0.306530,220310
22.360439,597104.443594,0.005001,step_15,2,-0.015000,-0.015000,-0.015000,-0.014177,-0.014177,0.579958,0.003199,0.003199,0.000000,220312
22.365437,597104.448733,0.004998,step_15,2,-0.015000,-0.015000,-0.015000,-0.014187,-0.014187,0.529599,0.002659,0.002659,0.000000,220314
22.370437,597104.453856,0.005000,step_15,2,-0.015000,-0.015000,-0.015000,-0.014386,-0.014386,0.448267,0.003184,0.003184,0.000000,220316
22.375437,597104.458936,0.005000,step_15,2,-0.015000,-0.015000,-0.015000,-0.012783,-0.012783,0.420413,0.002369,0.002369,0.320642,220318
22.380437,597104.464032,0.005000,step_15,2,-0.015000,-0.015000,-0.015000,-0.011262,-0.011262,0.457120,0.002966,0.002966,0.304174,220320
22.385438,597104.469135,0.005000,step_15,2,-0.015000,-0.015000,-0.015000,-0.014640,-0.014640,0.493450,0.002492,0.002492,0.000000,220322
22.390438,597104.474215,0.005000,step_15,2,-0.015000,-0.015000,-0.015000,-0.013670,-0.013670,0.493731,0.002985,0.002985,0.193846,220324
22.395438,597104.479340,0.005000,step_15,2,-0.015000,-0.015000,-0.015000,-0.014811,-0.014811,0.453671,0.002496,0.002496,0.000000,220326
22.400438,597104.484475,0.004999,step_15,2,-0.015000,-0.015000,-0.015000,-0.015529,-0.015529,0.407107,0.003141,0.003141,0.000000,220328
22.405449,597104.489623,0.005012,step_15,2,-0.015000,-0.015000,-0.015000,-0.014438,-0.014438,0.358752,0.003558,0.003558,0.217705,220330
22.410437,597104.494712,0.004988,step_15,2,-0.015000,-0.015000,-0.015000,-0.013589,-0.013589,0.372570,0.003029,0.003029,0.170227,220332
22.415437,597104.499861,0.005000,step_15,2,-0.015000,-0.015000,-0.015000,-0.014897,-0.014897,0.514753,0.002396,0.002396,0.000000,220334
22.420437,597104.504995,0.005000,step_15,2,-0.015000,-0.015000,-0.015000,-0.015255,-0.015255,0.594567,0.002895,0.002895,0.000000,220336
22.425439,597104.510106,0.005002,step_15,2,-0.015000,-0.015000,-0.015000,-0.015707,-0.015707,0.497954,0.003451,0.003451,0.000000,220338
22.430440,597104.515201,0.005000,step_15,2,-0.015000,-0.015000,-0.015000,-0.015051,-0.015051,0.374007,0.002925,0.002925,0.131219,220340
22.435438,597104.520306,0.004998,step_15,2,-0.015000,-0.015000,-0.015000,-0.013836,-0.013836,0.309468,0.003386,0.003386,0.242967,220342
22.440437,597104.525466,0.004999,step_15,2,-0.015000,-0.015000,-0.015000,-0.013262,-0.013262,0.362022,0.002816,0.002816,0.114835,220344
22.445437,597104.530545,0.005000,step_15,2,-0.015000,-0.015000,-0.015000,-0.013528,-0.013528,0.505506,0.003243,0.003243,0.000000,220346
22.450437,597104.535681,0.005000,step_15,2,-0.015000,-0.015000,-0.015000,-0.013684,-0.013684,0.608498,0.002716,0.002716,0.000000,220348
22.455437,597104.540767,0.005000,step_15,2,-0.015000,-0.015000,-0.015000,-0.012933,-0.012933,0.605639,0.003226,0.003226,0.150259,220350
22.460437,597104.545893,0.005000,step_15,2,-0.015000,-0.015000,-0.015000,-0.012082,-0.012082,0.520361,0.002774,0.002774,0.170255,220352
22.465439,597104.551033,0.005001,step_15,2,-0.015000,-0.015000,-0.015000,-0.012082,-0.012082,0.429617,0.003337,0.003337,0.000000,220354
22.470437,597104.556153,0.004999,step_15,2,-0.015000,-0.015000,-0.015000,-0.013731,-0.013731,0.363179,0.002564,0.002564,0.000000,220356
22.475437,597104.561237,0.005000,step_15,2,-0.015000,-0.015000,-0.015000,-0.013731,-0.013731,0.374405,0.003056,0.003056,0.000000,220358
22.480437,597104.566337,0.005000,step_15,2,-0.015000,-0.015000,-0.015000,-0.014189,-0.014189,0.464494,0.002527,0.002527,0.000000,220360
22.490437,597104.571474,0.010000,step_15,2,-0.015000,-0.015000,-0.015000,-0.013007,-0.013007,0.509357,0.002573,0.002573,0.366458,220364
22.495438,597104.576602,0.005000,step_15,2,-0.015000,-0.015000,-0.015000,-0.017169,-0.017169,0.461905,0.003210,0.003210,0.000000,220366
22.495438,597104.581686,0.000001,step_15,2,-0.015000,-0.015000,-0.015000,-0.017169,-0.017169,0.461905,0.003210,0.003210,0.000000,220366
22.505437,597104.586817,0.010000,step_15,2,-0.015000,-0.015000,-0.015000,-0.015476,-0.015476,0.348027,0.003211,0.003211,0.183171,220370
22.510438,597104.591943,0.005001,step_15,2,-0.015000,-0.015000,-0.015000,-0.015179,-0.015179,0.377244,0.002736,0.002736,0.059430,220372
22.515438,597104.597087,0.005000,step_15,2,-0.015000,-0.015000,-0.015000,-0.018443,-0.018443,0.437249,0.003325,0.003325,0.000000,220374
22.520438,597104.602230,0.004999,step_15,2,-0.015000,-0.015000,-0.015000,-0.017975,-0.017975,0.415788,0.002737,0.002737,0.093619,220376
22.525439,597104.607315,0.005001,step_15,2,-0.015000,-0.015000,-0.015000,-0.015151,-0.015151,0.334445,0.003327,0.003327,0.564817,220378
22.530438,597104.612399,0.004999,step_15,2,-0.015000,-0.015000,-0.015000,-0.016812,-0.016812,0.342226,0.002839,0.002839,0.000000,220380
22.535438,597104.617528,0.005000,step_15,2,-0.015000,-0.015000,-0.015000,-0.014740,-0.014740,0.463268,0.003272,0.003272,0.414500,220382
22.540439,597104.622649,0.005001,step_15,2,-0.015000,-0.015000,-0.015000,-0.014610,-0.014610,0.624150,0.002660,0.002660,0.025984,220384
22.545439,597104.627727,0.005000,step_15,2,-0.015000,-0.015000,-0.015000,-0.014714,-0.014714,0.693770,0.003215,0.003215,0.000000,220386
22.550440,597104.632865,0.005000,step_15,2,-0.015000,-0.015000,-0.015000,-0.012301,-0.012301,0.646833,0.002621,0.002621,0.482488,220388
22.555438,597104.638116,0.004998,step_15,2,-0.015000,-0.015000,-0.015000,-0.013735,-0.013735,0.585173,0.003155,0.003155,0.000000,220390
22.560437,597104.643222,0.004999,step_15,2,-0.015000,-0.015000,-0.015000,-0.011826,-0.011826,0.563091,0.002540,0.002540,0.381653,220392
22.565438,597104.648315,0.005001,step_15,2,-0.015000,-0.015000,-0.015000,-0.011436,-0.011436,0.562735,0.003117,0.003117,0.078004,220394
22.570438,597104.653460,0.005000,step_15,2,-0.015000,-0.015000,-0.015000,-0.012129,-0.012129,0.566623,0.002602,0.002602,0.000000,220396
22.575437,597104.658557,0.004999,step_15,2,-0.015000,-0.015000,-0.015000,-0.011234,-0.011234,0.543339,0.003159,0.003159,0.179106,220398
22.580439,597104.663758,0.005001,step_15,2,-0.015000,-0.015000,-0.015000,-0.014141,-0.014141,0.502142,0.002657,0.002657,0.000000,220400
22.585437,597104.668898,0.004999,step_15,2,-0.015000,-0.015000,-0.015000,-0.013766,-0.013766,0.407427,0.003242,0.003242,0.075090,220402
22.590438,597104.674006,0.005000,step_15,2,-0.015000,-0.015000,-0.015000,-0.016505,-0.016505,0.285444,0.002729,0.002729,0.000000,220404
22.595438,597104.679112,0.005000,step_15,2,-0.015000,-0.015000,-0.015000,-0.014722,-0.014722,0.281702,0.003331,0.003331,0.356598,220406
22.600440,597104.684243,0.005002,step_15,2,-0.015000,-0.015000,-0.015000,-0.013612,-0.013612,0.292901,0.002813,0.002813,0.221952,220408
22.605437,597104.689315,0.004998,step_15,2,-0.015000,-0.015000,-0.015000,-0.013612,-0.013612,0.286356,0.002223,0.002223,0.000000,220410
22.610437,597104.694453,0.005000,step_15,2,-0.015000,-0.015000,-0.015000,-0.013755,-0.013755,0.388137,0.002749,0.002749,0.000000,220412
22.615438,597104.699568,0.005001,step_15,2,-0.015000,-0.015000,-0.015000,-0.012311,-0.012311,0.505747,0.003341,0.003341,0.288758,220414
22.620473,597104.704673,0.005035,step_15,2,-0.015000,-0.015000,-0.015000,-0.012465,-0.012465,0.559362,0.002814,0.002814,0.000000,220416
22.625438,597104.709810,0.004965,step_15,2,-0.015000,-0.015000,-0.015000,-0.012465,-0.012465,0.532531,0.003323,0.003323,0.000000,220418
22.630448,597104.714899,0.005010,step_15,2,-0.015000,-0.015000,-0.015000,-0.011747,-0.011747,0.473337,0.002816,0.002816,0.143284,220420
22.635437,597104.720036,0.004989,step_15,2,-0.015000,-0.015000,-0.015000,-0.012135,-0.012135,0.491961,0.003311,0.003311,0.000000,220422
22.640439,597104.725132,0.005001,step_15,2,-0.015000,-0.015000,-0.015000,-0.012135,-0.012135,0.571777,0.002818,0.002818,0.000000,220424
22.645438,597104.730220,0.004999,step_15,2,-0.015000,-0.015000,-0.015000,-0.009574,-0.009574,0.614484,0.003456,0.003456,0.512403,220426
22.650438,597104.735317,0.005000,step_15,2,-0.015000,-0.015000,-0.015000,-0.009574,-0.009574,0.560370,0.002943,0.002943,0.000000,220428
22.655437,597104.740461,0.004999,step_15,2,-0.015000,-0.015000,-0.015000,-0.011531,-0.011531,0.485513,0.002466,0.002466,0.000000,220430
22.660438,597104.745549,0.005000,step_15,2,-0.015000,-0.015000,-0.015000,-0.011533,-0.011533,0.471381,0.003099,0.003099,0.000000,220432
22.665439,597104.750689,0.005001,step_15,2,-0.015000,-0.015000,-0.015000,-0.011823,-0.011823,0.509198,0.002618,0.002618,0.000000,220434
22.670438,597104.755823,0.004999,step_15,2,-0.015000,-0.015000,-0.015000,-0.012913,-0.012913,0.514332,0.003310,0.003310,0.000000,220436
22.675438,597104.760958,0.005000,step_15,2,-0.015000,-0.015000,-0.015000,-0.011378,-0.011378,0.458256,0.002876,0.002876,0.306855,220438
22.680451,597104.766036,0.005013,step_15,2,-0.015000,-0.015000,-0.015000,-0.012366,-0.012366,0.388110,0.003477,0.003477,0.000000,220440
22.685438,597104.771212,0.004986,step_15,2,-0.015000,-0.015000,-0.015000,-0.013703,-0.013703,0.352136,0.003049,0.003049,0.000000,220442
22.690438,597104.776355,0.005000,step_15,2,-0.015000,-0.015000,-0.015000,-0.013872,-0.013872,0.347234,0.002503,0.002503,0.000000,220444
22.695437,597104.781457,0.004999,step_15,2,-0.015000,-0.015000,-0.015000,-0.016484,-0.016484,0.379051,0.003101,0.003101,0.000000,220446
22.705437,597104.786569,0.010000,step_15,2,-0.015000,-0.015000,-0.015000,-0.015740,-0.015740,0.419899,0.003205,0.003205,0.000000,220450
22.710438,597104.791711,0.005001,step_15,2,-0.015000,-0.015000,-0.015000,-0.016085,-0.016085,0.459308,0.002729,0.002729,0.000000,220452
22.715439,597104.796803,0.005002,step_15,2,-0.015000,-0.015000,-0.015000,-0.015199,-0.015199,0.503138,0.003338,0.003338,0.177244,220454
22.720437,597104.801950,0.004998,step_15,2,-0.015000,-0.015000,-0.015000,-0.016254,-0.016254,0.508142,0.002860,0.002860,0.000000,220456
22.725438,597104.807020,0.005001,step_15,2,-0.015000,-0.015000,-0.015000,-0.015801,-0.015801,0.448691,0.002377,0.002377,0.090562,220458
22.730449,597104.812127,0.005011,step_15,2,-0.015000,-0.015000,-0.015000,-0.015698,-0.015698,0.408302,0.002855,0.002855,0.020560,220460
22.735437,597104.817232,0.004989,step_15,2,-0.015000,-0.015000,-0.015000,-0.017082,-0.017082,0.470791,0.003361,0.003361,0.000000,220462
22.740437,597104.822334,0.005000,step_15,2,-0.015000,-0.015000,-0.015000,-0.015574,-0.015574,0.550242,0.002885,0.002885,0.301554,220464
22.745438,597104.827516,0.005001,step_15,2,-0.015000,-0.015000,-0.015000,-0.015018,-0.015018,0.560232,0.002413,0.002413,0.111162,220466
22.750438,597104.832688,0.004999,step_15,2,-0.015000,-0.015000,-0.015000,-0.014506,-0.014506,0.507272,0.002914,0.002914,0.102482,220468
22.755437,597104.837795,0.005000,step_15,2,-0.015000,-0.015000,-0.015000,-0.013899,-0.013899,0.443592,0.002382,0.002382,0.121290,220470
22.760437,597104.842916,0.005000,step_15,2,-0.015000,-0.015000,-0.015000,-0.014891,-0.014891,0.408153,0.003035,0.003035,0.000000,220472
22.765441,597104.848086,0.005003,step_15,2,-0.015000,-0.015000,-0.015000,-0.014862,-0.014862,0.407023,0.002586,0.002586,0.005827,220474
22.770437,597104.853207,0.004997,step_15,2,-0.015000,-0.015000,-0.015000,-0.014391,-0.014391,0.469334,0.003262,0.003262,0.094290,220476
22.775438,597104.858317,0.005001,step_15,2,-0.015000,-0.015000,-0.015000,-0.014391,-0.014391,0.553253,0.002696,0.002696,0.000000,220478
22.780448,597104.863481,0.005010,step_15,2,-0.015000,-0.015000,-0.015000,-0.011983,-0.011983,0.590403,0.003260,0.003260,0.480708,220480
22.785437,597104.868595,0.004989,step_15,2,-0.015000,-0.015000,-0.015000,-0.011983,-0.011983,0.576509,0.002790,0.002790,0.000000,220482
22.790438,597104.873713,0.005001,step_15,2,-0.015000,-0.015000,-0.015000,-0.012131,-0.012131,0.529318,0.003433,0.003433,0.000000,220484
22.795440,597104.878863,0.005001,step_15,2,-0.015000,-0.015000,-0.015000,-0.010497,-0.010497,0.479368,0.003072,0.003072,0.326658,220486
22.800439,597104.884020,0.005000,step_15,2,-0.015000,-0.015000,-0.015000,-0.010497,-0.010497,0.471592,0.002582,0.002582,0.000000,220488
22.805438,597104.889130,0.004998,step_15,2,-0.015000,-0.015000,-0.015000,-0.013611,-0.013611,0.473211,0.003228,0.003228,0.000000,220490
22.810439,597104.894247,0.005001,step_15,2,-0.015000,-0.015000,-0.015000,-0.013611,-0.013611,0.464181,0.002790,0.002790,0.000000,220492
22.815439,597104.899376,0.005001,step_15,2,-0.015000,-0.015000,-0.015000,-0.013229,-0.013229,0.476943,0.003408,0.003408,0.076249,220494
22.820437,597104.904503,0.004998,step_15,2,-0.015000,-0.015000,-0.015000,-0.012637,-0.012637,0.466493,0.003057,0.003057,0.118523,220496
22.825438,597104.909630,0.005000,step_15,2,-0.015000,-0.015000,-0.015000,-0.013830,-0.013830,0.416538,0.002558,0.002558,0.000000,220498
22.830442,597104.914787,0.005005,step_15,2,-0.015000,-0.015000,-0.015000,-0.014944,-0.014944,0.365006,0.003171,0.003171,0.000000,220500
22.835437,597104.919908,0.004995,step_15,2,-0.015000,-0.015000,-0.015000,-0.016306,-0.016306,0.380430,0.002715,0.002715,0.000000,220502
22.840437,597104.925042,0.005000,step_15,2,-0.015000,-0.015000,-0.015000,-0.015456,-0.015456,0.459364,0.003274,0.003274,0.169954,220504
22.845437,597104.930158,0.005000,step_15,2,-0.015000,-0.015000,-0.015000,-0.015831,-0.015831,0.534074,0.002847,0.002847,0.000000,220506
22.850437,597104.935272,0.005000,step_15,2,-0.015000,-0.015000,-0.015000,-0.016532,-0.016532,0.590327,0.002393,0.002393,0.000000,220508
22.855437,597104.940412,0.005000,step_15,2,-0.015000,-0.015000,-0.015000,-0.014538,-0.014538,0.588233,0.003033,0.003033,0.398839,220510
22.860437,597104.945544,0.005000,step_15,2,-0.015000,-0.015000,-0.015000,-0.015234,-0.015234,0.519420,0.003327,0.003327,0.000000,220512
22.865442,597104.950640,0.005005,step_15,2,-0.015000,-0.015000,-0.015000,-0.014477,-0.014477,0.466245,0.002833,0.002833,0.151325,220514
22.870437,597104.955764,0.004995,step_15,2,-0.015000,-0.015000,-0.015000,-0.013739,-0.013739,0.488913,0.003081,0.003081,0.147700,220516
22.875444,597104.960883,0.005007,step_15,2,-0.015000,-0.015000,-0.015000,-0.013152,-0.013152,0.564889,0.002571,0.002571,0.117208,220518
22.880458,597104.966065,0.005013,step_15,2,-0.015000,-0.015000,-0.015000,-0.014135,-0.014135,0.632476,0.003002,0.003002,0.000000,220520
22.885437,597104.971177,0.004980,step_15,2,-0.015000,-0.015000,-0.015000,-0.011586,-0.011586,0.667548,0.002392,0.002392,0.511993,220522
22.895439,597104.976337,0.010002,step_15,2,-0.015000,-0.015000,-0.015000,-0.012479,-0.012479,0.526508,0.002418,0.002418,0.000000,220526
22.900439,597104.981448,0.005000,step_15,2,-0.015000,-0.015000,-0.015000,-0.010663,-0.010663,0.420076,0.002897,0.002897,0.363222,220528
22.905437,597104.986590,0.004999,step_15,2,-0.015000,-0.015000,-0.015000,-0.013426,-0.013426,0.368891,0.003453,0.003453,0.000000,220530
22.910438,597104.991726,0.005000,step_15,2,-0.015000,-0.015000,-0.015000,-0.013909,-0.013909,0.373226,0.002879,0.002879,0.000000,220532
22.915437,597104.996834,0.004999,step_15,2,-0.015000,-0.015000,-0.015000,-0.012467,-0.012467,0.403632,0.002373,0.002373,0.288357,220534
22.920437,597105.001991,0.005000,step_15,2,-0.015000,-0.015000,-0.015000,-0.013686,-0.013686,0.447322,0.002921,0.002921,0.000000,220536
22.925438,597105.007112,0.005001,step_15,2,-0.015000,-0.015000,-0.015000,-0.014269,-0.014269,0.478262,0.002466,0.002466,0.000000,220538
22.930437,597105.012208,0.005000,step_15,2,-0.015000,-0.015000,-0.015000,-0.014618,-0.014618,0.502705,0.003006,0.003006,0.000000,220540
22.935437,597105.017346,0.005000,step_15,2,-0.015000,-0.015000,-0.015000,-0.014312,-0.014312,0.502713,0.002223,0.002223,0.061353,220542
22.940437,597105.022494,0.005000,step_15,2,-0.015000,-0.015000,-0.015000,-0.016366,-0.016366,0.458183,0.002650,0.002650,0.000000,220544
22.945437,597105.027603,0.005000,step_15,2,-0.015000,-0.015000,-0.015000,-0.014169,-0.014169,0.405424,0.003102,0.003102,0.439483,220546
22.950438,597105.032742,0.005001,step_15,2,-0.015000,-0.015000,-0.015000,-0.014169,-0.014169,0.409462,0.002434,0.002434,0.000000,220548
22.955438,597105.037876,0.004999,step_15,2,-0.015000,-0.015000,-0.015000,-0.016785,-0.016785,0.467093,0.002963,0.002963,0.000000,220550
22.960438,597105.042977,0.005001,step_15,2,-0.015000,-0.015000,-0.015000,-0.013925,-0.013925,0.557980,0.002409,0.002409,0.571787,220552
22.965440,597105.048106,0.005002,step_15,2,-0.015000,-0.015000,-0.015000,-0.014223,-0.014223,0.649724,0.002986,0.002986,0.000000,220554
22.970438,597105.053203,0.004998,step_15,2,-0.015000,-0.015000,-0.015000,-0.013908,-0.013908,0.658577,0.002477,0.002477,0.063095,220556
22.975439,597105.058316,0.005002,step_15,2,-0.015000,-0.015000,-0.015000,-0.014824,-0.014824,0.579827,0.003036,0.003036,0.000000,220558
22.980438,597105.063442,0.004999,step_15,2,-0.015000,-0.015000,-0.015000,-0.015868,-0.015868,0.451019,0.002534,0.002534,0.000000,220560
22.985438,597105.068576,0.005000,step_15,2,-0.015000,-0.015000,-0.015000,-0.013593,-0.013593,0.308656,0.003031,0.003031,0.454942,220562
22.990438,597105.073719,0.005000,step_15,2,-0.015000,-0.015000,-0.015000,-0.016321,-0.016321,0.280242,0.002486,0.002486,0.000000,220564
22.995438,597105.078920,0.005000,step_15,2,-0.015000,-0.015000,-0.015000,-0.016332,-0.016332,0.378031,0.002989,0.002989,0.000000,220566
23.000438,597105.084137,0.005000,step_15,2,-0.015000,-0.015000,-0.015000,-0.016015,-0.016015,0.512286,0.002493,0.002493,0.063429,220568
23.005437,597105.089244,0.004999,step_15,2,-0.015000,-0.015000,-0.015000,-0.016000,-0.016000,0.664283,0.002919,0.002919,0.002992,220570
23.010438,597105.094348,0.005001,step_15,2,-0.015000,-0.015000,-0.015000,-0.014499,-0.014499,0.714715,0.002334,0.002334,0.300067,220572
23.015440,597105.099494,0.005002,step_15,2,-0.015000,-0.015000,-0.015000,-0.013819,-0.013819,0.648883,0.002487,0.002487,0.136066,220574
23.020449,597105.104634,0.005009,step_15,2,-0.015000,-0.015000,-0.015000,-0.011417,-0.011417,0.559187,0.003063,0.003063,0.479383,220576
23.025437,597105.109836,0.004988,step_15,2,-0.015000,-0.015000,-0.015000,-0.012187,-0.012187,0.522973,0.003131,0.003131,0.000000,220578
23.030437,597105.115040,0.005000,step_15,2,-0.015000,-0.015000,-0.015000,-0.012038,-0.012038,0.576456,0.002320,0.002320,0.029896,220580
23.035437,597105.120143,0.005000,step_15,2,-0.015000,-0.015000,-0.015000,-0.011869,-0.011869,0.571905,0.002840,0.002840,0.033692,220582
23.040437,597105.125264,0.005000,step_15,2,-0.015000,-0.015000,-0.015000,-0.012206,-0.012206,0.506035,0.003162,0.003162,0.000000,220584
23.045438,597105.130389,0.005001,step_15,2,-0.015000,-0.015000,-0.015000,-0.012320,-0.012320,0.458413,0.002425,0.002425,0.000000,220586
23.050438,597105.135501,0.005000,step_15,2,-0.015000,-0.015000,-0.015000,-0.013369,-0.013369,0.440932,0.002987,0.002987,0.000000,220588
23.055437,597105.140589,0.004999,step_15,2,-0.015000,-0.015000,-0.015000,-0.014393,-0.014393,0.447451,0.003238,0.003238,0.000000,220590
23.060438,597105.145766,0.005001,step_15,2,-0.015000,-0.015000,-0.015000,-0.013460,-0.013460,0.456752,0.002740,0.002740,0.186661,220592
23.065440,597105.150980,0.005002,step_15,2,-0.015000,-0.015000,-0.015000,-0.014721,-0.014721,0.414747,0.003292,0.003292,0.000000,220594
23.070437,597105.156108,0.004998,step_15,2,-0.015000,-0.015000,-0.015000,-0.014188,-0.014188,0.340622,0.002843,0.002843,0.106612,220596
23.075438,597105.161256,0.005000,rest,2,0.000000,0.000000,0.000000,-0.016055,-0.016055,0.335971,0.003379,0.003379,0.000000,220598
23.080438,597105.166384,0.005000,rest,2,0.000000,0.000000,0.000000,-0.015989,-0.015989,0.366717,0.002935,0.002935,0.013165,220600
23.085438,597105.171502,0.005000,rest,2,0.000000,0.000000,0.000000,-0.013925,-0.013925,0.494996,0.002459,0.002459,0.412902,220602
23.095438,597105.176616,0.010001,rest,2,0.000000,0.000000,0.000000,-0.013353,-0.013353,0.689575,0.002602,0.002602,0.114432,220606
23.100438,597105.181825,0.005000,rest,2,0.000000,0.000000,0.000000,-0.013353,-0.013353,0.695719,0.003291,0.003291,0.000000,220608
23.105439,597105.186950,0.005000,rest,2,0.000000,0.000000,0.000000,-0.012955,-0.012955,0.658414,0.002862,0.002862,0.079575,220610
23.110437,597105.192058,0.004998,rest,2,0.000000,0.000000,0.000000,-0.013399,-0.013399,0.601099,0.003200,0.003200,0.000000,220612
23.115437,597105.197170,0.005000,rest,2,0.000000,0.000000,0.000000,-0.010852,-0.010852,0.552078,0.002445,0.002445,0.509396,220614
23.120450,597105.202275,0.005012,rest,2,0.000000,0.000000,0.000000,-0.006444,-0.006444,0.487720,0.003054,0.003054,0.879484,220616
23.125437,597105.207379,0.004988,rest,2,0.000000,0.000000,0.000000,-0.000213,-0.000213,0.554274,0.003131,0.003131,1.249297,220618
23.130438,597105.212488,0.005001,rest,2,0.000000,0.000000,0.000000,-0.000701,-0.000701,0.873147,0.002340,0.002340,0.000000,220620
23.135438,597105.217585,0.005000,rest,2,0.000000,0.000000,0.000000,-0.000146,-0.000146,1.137774,0.002916,0.002916,0.111088,220622
23.140438,597105.222699,0.005001,rest,2,0.000000,0.000000,0.000000,0.000133,0.000133,1.045264,0.002352,0.002352,0.055617,220624
23.145438,597105.227811,0.005000,rest,2,0.000000,0.000000,0.000000,0.000782,0.000782,0.668174,0.002923,0.002923,0.129867,220626
23.150438,597105.232912,0.005000,rest,2,0.000000,0.000000,0.000000,-0.000437,-0.000437,0.344821,0.002461,0.002461,0.000000,220628
23.155437,597105.238034,0.004999,rest,2,0.000000,0.000000,0.000000,0.000427,0.000427,0.299152,0.003090,0.003090,0.172770,220630
23.160437,597105.243135,0.005000,rest,2,0.000000,0.000000,0.000000,0.000491,0.000491,0.447093,0.002375,0.002375,0.012947,220632
23.165439,597105.248238,0.005002,rest,2,0.000000,0.000000,0.000000,0.000283,0.000283,0.607447,0.002944,0.002944,0.000000,220634
23.170437,597105.253361,0.004999,rest,2,0.000000,0.000000,0.000000,0.000256,0.000256,0.660120,0.002517,0.002517,0.000000,220636
23.175437,597105.258488,0.005000,rest,2,0.000000,0.000000,0.000000,0.000851,0.000851,0.548294,0.003002,0.003002,0.119123,220638
23.180438,597105.263634,0.005000,rest,2,0.000000,0.000000,0.000000,0.000425,0.000425,0.396170,0.002341,0.002341,0.000000,220640
23.185437,597105.268736,0.004999,rest,2,0.000000,0.000000,0.000000,-0.000001,-0.000001,0.370176,0.002850,0.002850,0.000000,220642
23.190439,597105.273886,0.005002,rest,2,0.000000,0.000000,0.000000,0.000851,0.000851,0.422115,0.002397,0.002397,0.170318,220644
23.195438,597105.278998,0.004999,rest,2,0.000000,0.000000,0.000000,-0.000001,-0.000001,0.503729,0.003025,0.003025,0.000000,220646
23.200438,597105.284115,0.005001,rest,2,0.000000,0.000000,0.000000,0.000851,0.000851,0.565832,0.002461,0.002461,0.170370,220648
23.205437,597105.289271,0.004999,rest,2,0.000000,0.000000,0.000000,0.000850,0.000850,0.537627,0.003080,0.003080,0.000000,220650
23.210438,597105.294388,0.005001,rest,2,0.000000,0.000000,0.000000,0.000424,0.000424,0.496870,0.002633,0.002633,0.000000,220652
23.215440,597105.299530,0.005002,rest,2,0.000000,0.000000,0.000000,-0.000002,-0.000002,0.497386,0.003162,0.003162,0.000000,220654
23.220447,597105.304642,0.005007,rest,2,0.000000,0.000000,0.000000,-0.000002,-0.000002,0.520113,0.002790,0.002790,0.000000,220656
23.225438,597105.309743,0.004991,rest,2,0.000000,0.000000,0.000000,0.000424,0.000424,0.548049,0.003196,0.003196,0.085355,220658
23.230438,597105.314879,0.005000,rest,2,0.000000,0.000000,0.000000,0.000424,0.000424,0.542329,0.002723,0.002723,0.000000,220660
23.235438,597105.319990,0.004999,rest,2,0.000000,0.000000,0.000000,0.000850,0.000850,0.516048,0.003260,0.003260,0.085175,220662
23.240438,597105.325133,0.005000,rest,2,0.000000,0.000000,0.000000,-0.000074,-0.000074,0.488169,0.002715,0.002715,0.000000,220664
23.245440,597105.330272,0.005003,rest,2,0.000000,0.000000,0.000000,-0.000003,-0.000003,0.479360,0.003284,0.003284,0.014204,220666
23.250438,597105.335389,0.004997,rest,2,0.000000,0.000000,0.000000,-0.000002,-0.000002,0.489866,0.002760,0.002760,0.000054,220668
23.255437,597105.340612,0.005000,rest,2,0.000000,0.000000,0.000000,0.000423,0.000423,0.497115,0.003283,0.003283,0.085148,220670
23.260437,597105.345720,0.005000,rest,2,0.000000,0.000000,0.000000,0.000423,0.000423,0.502704,0.002679,0.002679,0.000000,220672
23.265437,597105.350931,0.005000,rest,2,0.000000,0.000000,0.000000,-0.000003,-0.000003,0.488941,0.003080,0.003080,0.000000,220674
23.270437,597105.356144,0.005000,rest,2,0.000000,0.000000,0.000000,0.000849,0.000849,0.487223,0.002615,0.002615,0.170403,220676
23.275437,597105.361248,0.005000,rest,2,0.000000,0.000000,0.000000,-0.000003,-0.000003,0.498692,0.003221,0.003221,0.000000,220678
23.285437,597105.366437,0.010000,rest,2,0.000000,0.000000,0.000000,-0.000471,-0.000471,0.508992,0.003154,0.003154,0.000000,220682
23.290438,597105.371649,0.005000,rest,2,0.000000,0.000000,0.000000,-0.000472,-0.000472,0.524124,0.002460,0.002460,0.000000,220684
23.295438,597105.376764,0.005000,rest,2,0.000000,0.000000,0.000000,-0.000962,-0.000962,0.527314,0.002981,0.002981,0.000000,220686
23.300438,597105.381984,0.005000,rest,2,0.000000,0.000000,0.000000,-0.000962,-0.000962,0.515812,0.002335,0.002335,0.000048,220688
23.305437,597105.387153,0.005000,rest,2,0.000000,0.000000,0.000000,-0.000962,-0.000962,0.490466,0.002942,0.002942,0.000000,220690
23.310437,597105.392332,0.005000,rest,2,0.000000,0.000000,0.000000,-0.000963,-0.000963,0.510438,0.002440,0.002440,0.000000,220692
23.315440,597105.397491,0.005003,rest,2,0.000000,0.000000,0.000000,-0.001453,-0.001453,0.519000,0.003032,0.003032,0.000000,220694
23.320437,597105.402575,0.004997,rest,2,0.000000,0.000000,0.000000,-0.001453,-0.001453,0.501606,0.002480,0.002480,0.000000,220696
23.325438,597105.407688,0.005000,rest,2,0.000000,0.000000,0.000000,-0.001453,-0.001453,0.493852,0.003098,0.003098,0.000000,220698
23.330438,597105.412807,0.005000,rest,2,0.000000,0.000000,0.000000,-0.001050,-0.001050,0.470892,0.002591,0.002591,0.080744,220700
23.335437,597105.417938,0.004999,rest,2,0.000000,0.000000,0.000000,-0.000601,-0.000601,0.487365,0.003202,0.003202,0.089663,220702
23.340439,597105.423040,0.005002,rest,2,0.000000,0.000000,0.000000,-0.001945,-0.001945,0.503894,0.002732,0.002732,0.000000,220704
23.345438,597105.428159,0.004999,rest,2,0.000000,0.000000,0.000000,-0.001476,-0.001476,0.491762,0.002263,0.002263,0.093729,220706
23.350438,597105.433247,0.005000,rest,2,0.000000,0.000000,0.000000,-0.001476,-0.001476,0.502248,0.002777,0.002777,0.000084,220708
23.355437,597105.438350,0.005000,rest,2,0.000000,0.000000,0.000000,-0.001453,-0.001453,0.498835,0.003375,0.003375,0.004598,220710
23.361058,597105.443567,0.005621,rest,2,0.000000,0.000000,0.000000,-0.001475,-0.001475,0.499531,0.003393,0.003393,0.000000,220712
23.365437,597105.448720,0.004380,rest,2,0.000000,0.000000,0.000000,-0.001430,-0.001430,0.553266,0.003137,0.003137,0.010229,220714
23.370438,597105.453922,0.005001,rest,2,0.000000,0.000000,0.000000,-0.001452,-0.001452,0.571577,0.002654,0.002654,0.000000,220716
23.375437,597105.459209,0.004999,rest,2,0.000000,0.000000,0.000000,-0.001475,-0.001475,0.543943,0.003272,0.003272,0.000000,220718
23.380438,597105.464315,0.005001,rest,2,0.000000,0.000000,0.000000,0.000759,0.000759,0.549298,0.002836,0.002836,0.446672,220720
23.385437,597105.469477,0.004999,rest,2,0.000000,0.000000,0.000000,0.000185,0.000185,0.556040,0.003209,0.003209,0.000000,220722
23.390438,597105.474758,0.005001,rest,2,0.000000,0.000000,0.000000,-0.000856,-0.000856,0.542425,0.002686,0.002686,0.000000,220724
23.395437,597105.479955,0.004999,rest,2,0.000000,0.000000,0.000000,-0.000797,-0.000797,0.531692,0.003203,0.003203,0.011877,220726
23.400438,597105.485215,0.005001,rest,2,0.000000,0.000000,0.000000,0.000163,0.000163,0.513657,0.002601,0.002601,0.191960,220728
23.405437,597105.490463,0.004999,rest,2,0.000000,0.000000,0.000000,-0.000305,-0.000305,0.465749,0.003013,0.003013,0.000000,220730
23.410438,597105.495666,0.005001,rest,2,0.000000,0.000000,0.000000,-0.000245,-0.000245,0.415187,0.002443,0.002443,0.011971,220732
23.415437,597105.500805,0.004999,rest,2,0.000000,0.000000,0.000000,0.000246,0.000246,0.460428,0.002962,0.002962,0.098137,220734
23.420437,597105.506013,0.005000,rest,2,0.000000,0.000000,0.000000,0.000164,0.000164,0.554483,0.002433,0.002433,0.000000,220736
23.425438,597105.511248,0.005000,rest,2,0.000000,0.000000,0.000000,0.000163,0.000163,0.582682,0.002955,0.002955,0.000000,220738
23.435437,597105.516456,0.010000,rest,2,0.000000,0.000000,0.000000,0.000247,0.000247,0.515998,0.002766,0.002766,0.033121,220742
23.440439,597105.521678,0.005001,rest,2,0.000000,0.000000,0.000000,0.000247,0.000247,0.486436,0.003306,0.003306,0.000020,220744
23.445438,597105.526797,0.004999,rest,2,0.000000,0.000000,0.000000,0.000247,0.000247,0.480798,0.002774,0.002774,0.000064,220746
23.450438,597105.532013,0.005000,rest,2,0.000000,0.000000,0.000000,0.000247,0.000247,0.472797,0.003303,0.003303,0.000000,220748
23.455437,597105.537240,0.005000,rest,2,0.000000,0.000000,0.000000,0.000247,0.000247,0.502010,0.002821,0.002821,0.000000,220750
23.460437,597105.542348,0.005000,rest,2,0.000000,0.000000,0.000000,0.000247,0.000247,0.514118,0.002379,0.002379,0.000000,220752
23.465438,597105.547498,0.005001,rest,2,0.000000,0.000000,0.000000,0.000319,0.000319,0.525789,0.002930,0.002930,0.014398,220754
23.470437,597105.552710,0.004999,rest,2,0.000000,0.000000,0.000000,-0.000326,-0.000326,0.527195,0.002493,0.002493,0.000000,220756
23.475438,597105.557921,0.005000,rest,2,0.000000,0.000000,0.000000,0.000248,0.000248,0.522674,0.003161,0.003161,0.114752,220758
23.480438,597105.563034,0.005000,rest,2,0.000000,0.000000,0.000000,0.000892,0.000892,0.540614,0.002588,0.002588,0.128842,220760
23.486109,597105.568139,0.005671,rest,2,0.000000,0.000000,0.000000,0.000821,0.000821,0.546378,0.003767,0.003767,0.000000,220762
23.490837,597105.573241,0.004728,rest,2,0.000000,0.000000,0.000000,0.000183,0.000183,0.520656,0.002992,0.002992,0.000000,220764
23.495439,597105.578463,0.004601,rest,2,0.000000,0.000000,0.000000,0.000271,0.000271,0.522572,0.003129,0.003129,0.018985,220766
23.500439,597105.583747,0.005000,rest,2,0.000000,0.000000,0.000000,0.001100,0.001100,0.539123,0.002577,0.002577,0.165814,220768
23.505438,597105.588971,0.004999,rest,2,0.000000,0.000000,0.000000,0.000271,0.000271,0.519910,0.003032,0.003032,0.000000,220770
23.510438,597105.594201,0.005000,rest,2,0.000000,0.000000,0.000000,0.000811,0.000811,0.511956,0.002430,0.002430,0.107998,220772
23.515438,597105.599328,0.005001,rest,2,0.000000,0.000000,0.000000,0.000248,0.000248,0.527388,0.002925,0.002925,0.000000,220774
23.520441,597105.604449,0.005003,rest,2,0.000000,0.000000,0.000000,-0.000183,-0.000183,0.548332,0.002420,0.002420,0.000000,220776
23.525438,597105.609568,0.004997,rest,2,0.000000,0.000000,0.000000,0.001314,0.001314,0.538102,0.002978,0.002978,0.299446,220778
23.530438,597105.614770,0.005000,rest,2,0.000000,0.000000,0.000000,0.000249,0.000249,0.528890,0.002460,0.002460,0.000000,220780
23.535437,597105.619978,0.005000,rest,2,0.000000,0.000000,0.000000,-0.000816,-0.000816,0.541295,0.002993,0.002993,0.000000,220782
23.540437,597105.625260,0.005000,rest,2,0.000000,0.000000,0.000000,-0.000366,-0.000366,0.510254,0.002430,0.002430,0.089878,220784
23.545440,597105.630367,0.005003,rest,2,0.000000,0.000000,0.000000,-0.000815,-0.000815,0.462578,0.002995,0.002995,0.000000,220786
23.550438,597105.635517,0.004997,rest,2,0.000000,0.000000,0.000000,-0.000325,-0.000325,0.443418,0.002427,0.002427,0.098018,220788
23.555437,597105.640717,0.005000,rest,2,0.000000,0.000000,0.000000,0.000748,0.000748,0.453710,0.002812,0.002812,0.214511,220790
23.560818,597105.645912,0.005380,rest,2,0.000000,0.000000,0.000000,0.000740,0.000740,0.482696,0.003729,0.003729,0.000000,220792
23.565839,597105.651152,0.005021,rest,2,0.000000,0.000000,0.000000,-0.000814,-0.000814,0.536657,0.003271,0.003271,0.000000,220794
23.570437,597105.656263,0.004599,rest,2,0.000000,0.000000,0.000000,-0.000898,-0.000898,0.556207,0.002275,0.002275,0.000000,220796
23.575437,597105.661493,0.005000,step_20,2,0.020000,0.020000,0.020000,-0.000660,-0.000660,0.517177,0.002787,0.002787,0.047746,220798
23.580889,597105.666630,0.005451,step_20,2,0.020000,0.020000,0.020000,-0.000897,-0.000897,0.493240,0.003800,0.003800,0.000000,220800
23.590437,597105.671775,0.009548,step_20,2,0.020000,0.020000,0.020000,-0.000324,-0.000324,0.524351,0.003037,0.003037,0.000000,220804
23.595437,597105.676973,0.005000,step_20,2,0.020000,0.020000,0.020000,0.000250,0.000250,0.536159,0.003316,0.003316,0.114843,220806
23.600437,597105.682140,0.005000,step_20,2,0.020000,0.020000,0.020000,-0.000813,-0.000813,0.544751,0.002774,0.002774,0.000000,220808
23.605437,597105.687258,0.005000,step_20,2,0.020000,0.020000,0.020000,0.000167,0.000167,0.543691,0.003260,0.003260,0.196012,220810
23.610439,597105.692391,0.005002,step_20,2,0.020000,0.020000,0.020000,-0.000239,-0.000239,0.513372,0.002804,0.002804,0.000000,220812
23.615437,597105.697529,0.004998,step_20,2,0.020000,0.020000,0.020000,0.004855,0.004855,0.485387,0.003151,0.003151,1.019453,220814
23.620437,597105.702767,0.005000,step_20,2,0.020000,0.020000,0.020000,0.006608,0.006608,0.499451,0.002199,0.002199,0.350414,220816
23.625438,597105.707903,0.005000,step_20,2,0.020000,0.020000,0.020000,0.014968,0.014968,0.596675,0.002704,0.002704,1.671871,220818
23.630439,597105.713007,0.005001,step_20,2,0.020000,0.020000,0.020000,0.014968,0.014968,0.799011,0.003089,0.003089,0.000000,220820
23.635438,597105.718125,0.004999,step_20,2,0.020000,0.020000,0.020000,0.019364,0.019364,1.050465,0.002565,0.002565,0.879414,220822
23.640438,597105.723214,0.005001,step_20,2,0.020000,0.020000,0.020000,0.019655,0.019655,1.225332,0.003150,0.003150,0.058288,220824
23.645440,597105.728302,0.005002,step_20,2,0.020000,0.020000,0.020000,0.021426,0.021426,1.092217,0.002688,0.002688,0.353996,220826
23.650438,597105.733433,0.004998,step_20,2,0.020000,0.020000,0.020000,0.021904,0.021904,0.759688,0.003251,0.003251,0.095657,220828
23.655441,597105.738527,0.005003,step_20,2,0.020000,0.020000,0.020000,0.024099,0.024099,0.511697,0.002791,0.002791,0.438775,220830
23.660438,597105.743666,0.004997,step_20,2,0.020000,0.020000,0.020000,0.022775,0.022775,0.434040,0.002276,0.002276,0.000000,220832
23.665439,597105.748797,0.005001,step_20,2,0.020000,0.020000,0.020000,0.021472,0.021472,0.509088,0.002854,0.002854,0.000000,220834
23.670438,597105.753890,0.004999,step_20,2,0.020000,0.020000,0.020000,0.019849,0.019849,0.566113,0.002367,0.002367,0.000000,220836
23.675445,597105.759026,0.005008,step_20,2,0.020000,0.020000,0.020000,0.022233,0.022233,0.538928,0.003229,0.003229,0.476105,220838
23.681194,597105.764133,0.005749,step_20,2,0.020000,0.020000,0.020000,0.022011,0.022011,0.473147,0.003263,0.003263,0.000000,220840
23.685494,597105.769234,0.004299,step_20,2,0.020000,0.020000,0.020000,0.024587,0.024587,0.441100,0.003216,0.003216,0.599016,220842
23.690456,597105.774324,0.004963,step_20,2,0.020000,0.020000,0.020000,0.022675,0.022675,0.467529,0.002698,0.002698,0.000000,220844
23.695506,597105.779488,0.005050,step_20,2,0.020000,0.020000,0.020000,0.024363,0.024363,0.500412,0.003356,0.003356,0.334243,220846
23.700439,597105.784599,0.004933,step_20,2,0.020000,0.020000,0.020000,0.022218,0.022218,0.522385,0.002890,0.002890,0.000000,220848
23.705440,597105.789723,0.005001,step_20,2,0.020000,0.020000,0.020000,0.021988,0.021988,0.485999,0.002435,0.002435,0.000000,220850
23.710438,597105.794851,0.004998,step_20,2,0.020000,0.020000,0.020000,0.022708,0.022708,0.432133,0.002987,0.002987,0.144048,220852
23.715439,597105.799957,0.005000,step_20,2,0.020000,0.020000,0.020000,0.021526,0.021526,0.463365,0.002544,0.002544,0.000000,220854
23.720437,597105.805095,0.004999,step_20,2,0.020000,0.020000,0.020000,0.020402,0.020402,0.509094,0.003196,0.003196,0.000000,220856
23.725438,597105.810170,0.005001,step_20,2,0.020000,0.020000,0.020000,0.019960,0.019960,0.516352,0.002751,0.002751,0.000000,220858
23.730438,597105.815253,0.005000,step_20,2,0.020000,0.020000,0.020000,0.019514,0.019514,0.512508,0.003156,0.003156,0.000000,220860
23.735437,597105.820335,0.004998,step_20,2,0.020000,0.020000,0.020000,0.020632,0.020632,0.531086,0.002511,0.002511,0.223745,220862
23.740438,597105.825469,0.005001,step_20,2,0.020000,0.020000,0.020000,0.019861,0.019861,0.591831,0.003052,0.003052,0.000000,220864
23.745438,597105.830555,0.005000,step_20,2,0.020000,0.020000,0.020000,0.018269,0.018269,0.653754,0.002555,0.002555,0.000000,220866
23.750437,597105.835667,0.004999,step_20,2,0.020000,0.020000,0.020000,0.021283,0.021283,0.680939,0.003108,0.003108,0.602917,220868
23.755437,597105.840741,0.005000,step_20,2,0.020000,0.020000,0.020000,0.021283,0.021283,0.608125,0.002544,0.002544,0.000031,220870
23.760438,597105.845862,0.005001,step_20,2,0.020000,0.020000,0.020000,0.017564,0.017564,0.529691,0.003061,0.003061,0.000000,220872
23.765438,597105.850985,0.005001,step_20,2,0.020000,0.020000,0.020000,0.019496,0.019496,0.496692,0.002514,0.002514,0.386305,220874
23.770437,597105.856113,0.004999,step_20,2,0.020000,0.020000,0.020000,0.019496,0.019496,0.400152,0.003147,0.003147,0.000003,220876
23.775438,597105.861216,0.005000,step_20,2,0.020000,0.020000,0.020000,0.019498,0.019498,0.362468,0.002451,0.002451,0.000432,220878
23.780438,597105.866337,0.005001,step_20,2,0.020000,0.020000,0.020000,0.019498,0.019498,0.405904,0.003047,0.003047,0.000023,220880
23.790438,597105.871462,0.010000,step_20,2,0.020000,0.020000,0.020000,0.019786,0.019786,0.467552,0.002920,0.002920,0.000000,220884
23.795439,597105.876679,0.005001,step_20,2,0.020000,0.020000,0.020000,0.017919,0.017919,0.522215,0.002446,0.002446,0.000000,220886
23.800437,597105.881884,0.004998,step_20,2,0.020000,0.020000,0.020000,0.019348,0.019348,0.613556,0.003092,0.003092,0.285873,220888
23.805437,597105.887010,0.005000,step_20,2,0.020000,0.020000,0.020000,0.020434,0.020434,0.644086,0.002663,0.002663,0.217228,220890
23.810437,597105.892250,0.005000,step_20,2,0.020000,0.020000,0.020000,0.017874,0.017874,0.611320,0.003263,0.003263,0.000000,220892
23.815438,597105.897356,0.005001,step_20,2,0.020000,0.020000,0.020000,0.018983,0.018983,0.580151,0.002816,0.002816,0.221907,220894
23.820438,597105.902480,0.005000,step_20,2,0.020000,0.020000,0.020000,0.018272,0.018272,0.571263,0.002372,0.002372,0.000000,220896
23.825438,597105.907689,0.005001,step_20,2,0.020000,0.020000,0.020000,0.021217,0.021217,0.541586,0.003018,0.003018,0.589000,220898
23.830437,597105.912809,0.004999,step_20,2,0.020000,0.020000,0.020000,0.019232,0.019232,0.540703,0.002568,0.002568,0.000000,220900
23.835437,597105.917936,0.005000,step_20,2,0.020000,0.020000,0.020000,0.016878,0.016878,0.550127,0.003212,0.003212,0.000000,220902
23.840438,597105.923093,0.005001,step_20,2,0.020000,0.020000,0.020000,0.017014,0.017014,0.489974,0.002799,0.002799,0.027268,220904
23.845438,597105.928202,0.004999,step_20,2,0.020000,0.020000,0.020000,0.020374,0.020374,0.408117,0.003394,0.003394,0.672104,220906
23.850437,597105.933306,0.005000,step_20,2,0.020000,0.020000,0.020000,0.019148,0.019148,0.436254,0.002949,0.002949,0.000000,220908
23.855438,597105.938506,0.005000,step_20,2,0.020000,0.020000,0.020000,0.018674,0.018674,0.559104,0.002482,0.002482,0.000000,220910
23.860437,597105.943633,0.004999,step_20,2,0.020000,0.020000,0.020000,0.019019,0.019019,0.595127,0.003140,0.003140,0.069027,220912
23.865441,597105.948931,0.005004,step_20,2,0.020000,0.020000,0.020000,0.020728,0.020728,0.549139,0.002740,0.002740,0.341581,220914
23.870438,597105.954068,0.004997,step_20,2,0.020000,0.020000,0.020000,0.023089,0.023089,0.538289,0.003237,0.003237,0.472377,220916
23.875439,597105.959329,0.005001,step_20,2,0.020000,0.020000,0.020000,0.020229,0.020229,0.550696,0.002751,0.002751,0.000000,220918
23.880438,597105.964476,0.004999,step_20,2,0.020000,0.020000,0.020000,0.022369,0.022369,0.540126,0.003281,0.003281,0.428100,220920
23.885437,597105.969680,0.005000,step_20,2,0.020000,0.020000,0.020000,0.019084,0.019084,0.483841,0.002712,0.002712,0.000000,220922
23.890438,597105.974892,0.005001,step_20,2,0.020000,0.020000,0.020000,0.018650,0.018650,0.421152,0.003266,0.003266,0.000000,220924
23.895437,597105.980122,0.004999,step_20,2,0.020000,0.020000,0.020000,0.016726,0.016726,0.421735,0.002858,0.002858,0.000000,220926
23.900437,597105.985229,0.004999,step_20,2,0.020000,0.020000,0.020000,0.017694,0.017694,0.454556,0.003273,0.003273,0.193583,220928
23.905437,597105.990449,0.005000,step_20,2,0.020000,0.020000,0.020000,0.018469,0.018469,0.438348,0.002712,0.002712,0.155016,220930
23.910437,597105.995587,0.005000,step_20,2,0.020000,0.020000,0.020000,0.018302,0.018302,0.424971,0.003288,0.003288,0.000000,220932
23.915437,597106.000696,0.005000,step_20,2,0.020000,0.020000,0.020000,0.016472,0.016472,0.472282,0.002845,0.002845,0.000000,220934
23.920437,597106.005825,0.005000,step_20,2,0.020000,0.020000,0.020000,0.016472,0.016472,0.536805,0.002396,0.002396,0.000000,220936
23.925438,597106.010961,0.005001,step_20,2,0.020000,0.020000,0.020000,0.016946,0.016946,0.541900,0.003048,0.003048,0.094879,220938
23.930439,597106.016031,0.005001,step_20,2,0.020000,0.020000,0.020000,0.017592,0.017592,0.542094,0.002538,0.002538,0.129184,220940
23.935438,597106.021122,0.004999,step_20,2,0.020000,0.020000,0.020000,0.017677,0.017677,0.516681,0.003162,0.003162,0.016932,220942
23.940438,597106.026254,0.005000,step_20,2,0.020000,0.020000,0.020000,0.021055,0.021055,0.451796,0.002645,0.002645,0.675665,220944
23.945438,597106.031346,0.005000,step_20,2,0.020000,0.020000,0.020000,0.017472,0.017472,0.508094,0.003257,0.003257,0.000000,220946
23.950439,597106.036444,0.005001,step_20,2,0.020000,0.020000,0.020000,0.018290,0.018290,0.563035,0.002837,0.002837,0.163625,220948
23.960438,597106.041546,0.009999,step_20,2,0.020000,0.020000,0.020000,0.018182,0.018182,0.439545,0.002948,0.002948,0.000000,220952
23.965439,597106.046694,0.005001,step_20,2,0.020000,0.020000,0.020000,0.017163,0.017163,0.460003,0.003376,0.003376,0.000000,220954
23.970437,597106.051810,0.004998,step_20,2,0.020000,0.020000,0.020000,0.020130,0.020130,0.447238,0.002873,0.002873,0.593596,220956
23.975438,597106.056955,0.005000,step_20,2,0.020000,0.020000,0.020000,0.016987,0.016987,0.441886,0.002392,0.002392,0.000000,220958
23.980437,597106.062087,0.005000,step_20,2,0.020000,0.020000,0.020000,0.016806,0.016806,0.483191,0.002802,0.002802,0.000000,220960
23.985438,597106.067186,0.005000,step_20,2,0.020000,0.020000,0.020000,0.021225,0.021225,0.491119,0.003256,0.003256,0.883776,220962
23.990437,597106.072278,0.005000,step_20,2,0.020000,0.020000,0.020000,0.018484,0.018484,0.496271,0.002718,0.002718,0.000000,220964
23.995438,597106.077408,0.005001,step_20,2,0.020000,0.020000,0.020000,0.016907,0.016907,0.522113,0.003248,0.003248,0.000000,220966
24.000439,597106.082512,0.005001,step_20,2,0.020000,0.020000,0.020000,0.018727,0.018727,0.505952,0.002791,0.002791,0.363881,220968
24.005438,597106.087639,0.004999,step_20,2,0.020000,0.020000,0.020000,0.018880,0.018880,0.420074,0.003323,0.003323,0.030700,220970
24.010438,597106.092775,0.005000,step_20,2,0.020000,0.020000,0.020000,0.021685,0.021685,0.322031,0.002830,0.002830,0.561054,220972
24.015437,597106.097868,0.004999,step_20,2,0.020000,0.020000,0.020000,0.016655,0.016655,0.449539,0.003370,0.003370,0.000000,220974
24.020437,597106.103008,0.005000,step_20,2,0.020000,0.020000,0.020000,0.019489,0.019489,0.691972,0.002898,0.002898,0.566717,220976
24.025438,597106.108105,0.005000,step_20,2,0.020000,0.020000,0.020000,0.018578,0.018578,0.683449,0.002475,0.002475,0.000000,220978
24.030439,597106.113211,0.005001,step_20,2,0.020000,0.020000,0.020000,0.021259,0.021259,0.547057,0.003062,0.003062,0.536071,220980
24.035437,597106.118324,0.004999,step_20,2,0.020000,0.020000,0.020000,0.022115,0.022115,0.473973,0.002563,0.002563,0.171211,220982
24.040439,597106.123484,0.005001,step_20,2,0.020000,0.020000,0.020000,0.022115,0.022115,0.455370,0.003208,0.003208,0.000000,220984
24.045437,597106.128618,0.004999,step_20,2,0.020000,0.020000,0.020000,0.020633,0.020633,0.449839,0.002753,0.002753,0.000000,220986
24.050438,597106.133749,0.005000,step_20,2,0.020000,0.020000,0.020000,0.020633,0.020633,0.380952,0.003244,0.003244,0.000000,220988
24.055437,597106.138945,0.005000,step_20,2,0.020000,0.020000,0.020000,0.018197,0.018197,0.333237,0.002666,0.002666,0.000000,220990
24.060437,597106.144204,0.005000,step_20,2,0.020000,0.020000,0.020000,0.018025,0.018025,0.388052,0.003310,0.003310,0.000000,220992
24.065440,597106.149404,0.005003,step_20,2,0.020000,0.020000,0.020000,0.017994,0.017994,0.438573,0.002895,0.002895,0.000000,220994
24.070437,597106.154617,0.004998,step_20,2,0.020000,0.020000,0.020000,0.016794,0.016794,0.425332,0.003239,0.003239,0.000000,220996
24.075437,597106.159817,0.005000,step_20,2,0.020000,0.020000,0.020000,0.015732,0.015732,0.397315,0.002673,0.002673,0.000000,220998
24.080438,597106.165053,0.005000,step_20,2,0.020000,0.020000,0.020000,0.017252,0.017252,0.347202,0.003264,0.003264,0.303938,221000
24.085437,597106.170177,0.005000,step_20,2,0.020000,0.020000,0.020000,0.017654,0.017654,0.350965,0.002813,0.002813,0.080418,221002
24.090438,597106.175327,0.005001,step_20,2,0.020000,0.020000,0.020000,0.016663,0.016663,0.494091,0.002303,0.002303,0.000000,221004
24.095438,597106.180475,0.005000,step_20,2,0.020000,0.020000,0.020000,0.017917,0.017917,0.632245,0.002904,0.002904,0.250643,221006
24.100437,597106.185621,0.005000,step_20,2,0.020000,0.020000,0.020000,0.019541,0.019541,0.628783,0.002367,0.002367,0.324954,221008
24.105438,597106.190843,0.005000,step_20,2,0.020000,0.020000,0.020000,0.019780,0.019780,0.556013,0.002924,0.002924,0.047817,221010
24.110438,597106.196043,0.005000,step_20,2,0.020000,0.020000,0.020000,0.020072,0.020072,0.540667,0.002498,0.002498,0.058323,221012
24.115438,597106.201161,0.005000,step_20,2,0.020000,0.020000,0.020000,0.021290,0.021290,0.546175,0.003095,0.003095,0.243652,221014
24.125437,597106.206382,0.009999,step_20,2,0.020000,0.020000,0.020000,0.018500,0.018500,0.431040,0.003106,0.003106,0.000000,221018
24.130437,597106.211492,0.005000,step_20,2,0.020000,0.020000,0.020000,0.018041,0.018041,0.384162,0.002588,0.002588,0.000000,221020
24.135438,597106.216629,0.005000,step_20,2,0.020000,0.020000,0.020000,0.018360,0.018360,0.338228,0.003209,0.003209,0.063895,221022
24.140438,597106.221729,0.005000,step_20,2,0.020000,0.020000,0.020000,0.018735,0.018735,0.335391,0.002708,0.002708,0.075017,221024
24.140438,597106.226861,0.000001,step_20,2,0.020000,0.020000,0.020000,0.018735,0.018735,0.335391,0.002708,0.002708,0.075017,221024
24.145438,597106.232107,0.005000,step_20,2,0.020000,0.020000,0.020000,0.017543,0.017543,0.400168,0.003280,0.003280,0.000000,221026
24.156204,597106.237319,0.010766,step_20,2,0.020000,0.020000,0.020000,0.017568,0.017568,0.463239,0.003090,0.003090,0.000000,221030
24.160437,597106.242608,0.004233,step_20,2,0.020000,0.020000,0.020000,0.019006,0.019006,0.395055,0.002899,0.002899,0.339619,221032
24.165438,597106.247721,0.005001,step_20,2,0.020000,0.020000,0.020000,0.021025,0.021025,0.499309,0.002404,0.002404,0.403768,221034
24.170437,597106.252830,0.004999,step_20,2,0.020000,0.020000,0.020000,0.021025,0.021025,0.691425,0.002957,0.002957,0.000000,221036
24.175444,597106.257933,0.005007,step_20,2,0.020000,0.020000,0.020000,0.021603,0.021603,0.717378,0.002444,0.002444,0.115348,221038
24.180437,597106.263050,0.004993,step_20,2,0.020000,0.020000,0.020000,0.021603,0.021603,0.603722,0.002997,0.002997,0.000000,221040
24.185437,597106.268158,0.005000,step_20,2,0.020000,0.020000,0.020000,0.017652,0.017652,0.534295,0.002458,0.002458,0.000000,221042
24.190438,597106.273261,0.005001,step_20,2,0.020000,0.020000,0.020000,0.020308,0.020308,0.475315,0.003078,0.003078,0.531169,221044
24.195437,597106.278374,0.004999,step_20,2,0.020000,0.020000,0.020000,0.019880,0.019880,0.358931,0.002632,0.002632,0.000000,221046
24.200438,597106.283484,0.005000,step_20,2,0.020000,0.020000,0.020000,0.017090,0.017090,0.302393,0.003194,0.003194,0.000000,221048
24.205438,597106.288623,0.005000,step_20,2,0.020000,0.020000,0.020000,0.017714,0.017714,0.345455,0.002652,0.002652,0.124781,221050
24.210437,597106.293740,0.005000,step_20,2,0.020000,0.020000,0.020000,0.015956,0.015956,0.400708,0.003237,0.003237,0.000000,221052
24.215438,597106.298860,0.005001,step_20,2,0.020000,0.020000,0.020000,0.018242,0.018242,0.397942,0.002694,0.002694,0.457088,221054
24.220438,597106.303994,0.005000,step_20,2,0.020000,0.020000,0.020000,0.018366,0.018366,0.441254,0.003314,0.003314,0.024862,221056
24.225438,597106.309108,0.005000,step_20,2,0.020000,0.020000,0.020000,0.019483,0.019483,0.496399,0.002847,0.002847,0.223312,221058
24.230438,597106.314209,0.005000,step_20,2,0.020000,0.020000,0.020000,0.018105,0.018105,0.487092,0.003358,0.003358,0.000000,221060
24.235439,597106.319312,0.005001,step_20,2,0.020000,0.020000,0.020000,0.020751,0.020751,0.442181,0.002940,0.002940,0.529027,221062
24.240437,597106.324429,0.004998,step_20,2,0.020000,0.020000,0.020000,0.020585,0.020585,0.451920,0.002437,0.002437,0.000000,221064
24.245437,597106.329536,0.005000,step_20,2,0.020000,0.020000,0.020000,0.020738,0.020738,0.500855,0.003068,0.003068,0.030615,221066
24.250439,597106.334779,0.005002,step_20,2,0.020000,0.020000,0.020000,0.020481,0.020481,0.470980,0.002646,0.002646,0.000000,221068
24.255438,597106.339986,0.004999,step_20,2,0.020000,0.020000,0.020000,0.021163,0.021163,0.468172,0.003272,0.003272,0.136552,221070
24.260437,597106.345317,0.005000,step_20,2,0.020000,0.020000,0.020000,0.019827,0.019827,0.546377,0.002757,0.002757,0.000000,221072
24.265438,597106.350480,0.005000,step_20,2,0.020000,0.020000,0.020000,0.020580,0.020580,0.538549,0.003331,0.003331,0.150734,221074
24.270437,597106.355718,0.004999,step_20,2,0.020000,0.020000,0.020000,0.019395,0.019395,0.417650,0.002872,0.002872,0.000000,221076
24.275437,597106.360830,0.005000,step_20,2,0.020000,0.020000,0.020000,0.018493,0.018493,0.347615,0.002359,0.002359,0.000000,221078
24.280437,597106.366040,0.005000,step_20,2,0.020000,0.020000,0.020000,0.017696,0.017696,0.342839,0.002934,0.002934,0.000000,221080
24.285437,597106.371272,0.005000,step_20,2,0.020000,0.020000,0.020000,0.018369,0.018369,0.351787,0.002370,0.002370,0.134667,221082
24.290437,597106.376482,0.005000,step_20,2,0.020000,0.020000,0.020000,0.017333,0.017333,0.367727,0.002841,0.002841,0.000000,221084
24.300437,597106.381702,0.010000,step_20,2,0.020000,0.020000,0.020000,0.019462,0.019462,0.454769,0.002333,0.002333,0.487895,221088
24.305437,597106.386924,0.005000,step_20,2,0.020000,0.020000,0.020000,0.019668,0.019668,0.455308,0.002910,0.002910,0.041202,221090
24.310437,597106.392130,0.005000,step_20,2,0.020000,0.020000,0.020000,0.019668,0.019668,0.414122,0.003137,0.003137,0.000000,221092
24.315437,597106.397239,0.005000,step_20,2,0.020000,0.020000,0.020000,0.019958,0.019958,0.472376,0.002311,0.002311,0.057974,221094
24.320437,597106.402375,0.005000,step_20,2,0.020000,0.020000,0.020000,0.019958,0.019958,0.486589,0.002893,0.002893,0.000000,221096
24.325439,597106.407625,0.005001,step_20,2,0.020000,0.020000,0.020000,0.019909,0.019909,0.421006,0.003221,0.003221,0.000000,221098
24.330437,597106.412837,0.004999,step_20,2,0.020000,0.020000,0.020000,0.018984,0.018984,0.355441,0.002513,0.002513,0.000000,221100
24.335437,597106.418050,0.005000,step_20,2,0.020000,0.020000,0.020000,0.018692,0.018692,0.378370,0.003044,0.003044,0.000000,221102
24.340438,597106.423193,0.005001,step_20,2,0.020000,0.020000,0.020000,0.017667,0.017667,0.458673,0.003354,0.003354,0.000000,221104
24.345450,597106.428336,0.005012,step_20,2,0.020000,0.020000,0.020000,0.019136,0.019136,0.443673,0.002966,0.002966,0.293160,221106
24.350438,597106.433470,0.004987,step_20,2,0.020000,0.020000,0.020000,0.018071,0.018071,0.382686,0.003206,0.003206,0.000000,221108
24.355437,597106.438613,0.005000,step_20,2,0.020000,0.020000,0.020000,0.017592,0.017592,0.345516,0.002517,0.002517,0.000000,221110
24.360437,597106.443834,0.005000,step_20,2,0.020000,0.020000,0.020000,0.018065,0.018065,0.354016,0.003034,0.003034,0.094612,221112
24.365437,597106.448939,0.005000,step_20,2,0.020000,0.020000,0.020000,0.019274,0.019274,0.451636,0.003279,0.003279,0.241842,221114
24.370438,597106.454161,0.005001,step_20,2,0.020000,0.020000,0.020000,0.017389,0.017389,0.573071,0.002700,0.002700,0.000000,221116
24.375437,597106.459319,0.005000,step_20,2,0.020000,0.020000,0.020000,0.019266,0.019266,0.600444,0.003067,0.003067,0.375395,221118
24.380437,597106.464467,0.005000,step_20,2,0.020000,0.020000,0.020000,0.019859,0.019859,0.523918,0.002272,0.002272,0.118558,221120
24.385439,597106.469675,0.005002,step_20,2,0.020000,0.020000,0.020000,0.020284,0.020284,0.475563,0.002673,0.002673,0.085146,221122
24.390439,597106.474839,0.005000,step_20,2,0.020000,0.020000,0.020000,0.017940,0.017940,0.523504,0.003247,0.003247,0.000000,221124
24.395439,597106.479983,0.005000,step_20,2,0.020000,0.020000,0.020000,0.019768,0.019768,0.453426,0.002606,0.002606,0.365621,221126
24.400440,597106.485188,0.005002,step_20,2,0.020000,0.020000,0.020000,0.020137,0.020137,0.275619,0.003133,0.003133,0.073615,221128
24.405438,597106.490291,0.004997,step_20,2,0.020000,0.020000,0.020000,0.018262,0.018262,0.247302,0.002530,0.002530,0.000000,221130
24.410439,597106.495388,0.005002,step_20,2,0.020000,0.020000,0.020000,0.016794,0.016794,0.346044,0.003092,0.003092,0.000000,221132
24.416450,597106.500545,0.006011,step_20,2,0.020000,0.020000,0.020000,0.018379,0.018379,0.440846,0.003457,0.003457,0.263609,221134
24.421150,597106.505770,0.004700,step_20,2,0.020000,0.020000,0.020000,0.017444,0.017444,0.521531,0.003523,0.003523,0.000000,221136
24.425513,597106.510982,0.004363,step_20,2,0.020000,0.020000,0.020000,0.017822,0.017822,0.551581,0.003254,0.003254,0.086818,221138
24.430437,597106.516118,0.004924,step_20,2,0.020000,0.020000,0.020000,0.021096,0.021096,0.528422,0.002300,0.002300,0.664728,221140
24.435437,597106.521227,0.005000,step_20,2,0.020000,0.020000,0.020000,0.018846,0.018846,0.500908,0.002748,0.002748,0.000000,221142
24.445437,597106.526341,0.010000,step_20,2,0.020000,0.020000,0.020000,0.018461,0.018461,0.413423,0.002585,0.002585,0.000000,221146
24.450438,597106.531483,0.005000,step_20,2,0.020000,0.020000,0.020000,0.018461,0.018461,0.439353,0.003158,0.003158,0.000000,221148
24.455437,597106.536641,0.004999,step_20,2,0.020000,0.020000,0.020000,0.018225,0.018225,0.415289,0.002705,0.002705,0.000000,221150
24.460438,597106.541865,0.005001,step_20,2,0.020000,0.020000,0.020000,0.018225,0.018225,0.352503,0.002247,0.002247,0.000000,221152
24.465437,597106.546975,0.005000,step_20,2,0.020000,0.020000,0.020000,0.018279,0.018279,0.353790,0.002838,0.002838,0.010780,221154
24.470437,597106.552065,0.005000,step_20,2,0.020000,0.020000,0.020000,0.017129,0.017129,0.341387,0.002333,0.002333,0.000000,221156
24.475438,597106.557181,0.005001,step_20,2,0.020000,0.020000,0.020000,0.019669,0.019669,0.284660,0.002770,0.002770,0.508014,221158
24.480437,597106.562400,0.004999,step_20,2,0.020000,0.020000,0.020000,0.019441,0.019441,0.334020,0.003071,0.003071,0.000000,221160
24.485437,597106.567545,0.005000,step_20,2,0.020000,0.020000,0.020000,0.021159,0.021159,0.461377,0.002559,0.002559,0.343412,221162
24.490438,597106.572716,0.005000,step_20,2,0.020000,0.020000,0.020000,0.018667,0.018667,0.546063,0.003161,0.003161,0.000000,221164
24.495438,597106.577910,0.005000,step_20,2,0.020000,0.020000,0.020000,0.019051,0.019051,0.586658,0.002687,0.002687,0.076827,221166
24.500437,597106.583018,0.004999,step_20,2,0.020000,0.020000,0.020000,0.021447,0.021447,0.565960,0.003328,0.003328,0.479244,221168
24.505437,597106.588133,0.005000,step_20,2,0.020000,0.020000,0.020000,0.022425,0.022425,0.514033,0.002861,0.002861,0.195565,221170
24.510437,597106.593241,0.005000,step_20,2,0.020000,0.020000,0.020000,0.020202,0.020202,0.476027,0.002326,0.002326,0.000000,221172
24.515438,597106.598397,0.005001,step_20,2,0.020000,0.020000,0.020000,0.019341,0.019341,0.431413,0.002902,0.002902,0.000000,221174
24.520437,597106.603575,0.004999,step_20,2,0.020000,0.020000,0.020000,0.019341,0.019341,0.380714,0.002405,0.002405,0.000000,221176
24.525439,597106.608690,0.005001,step_20,2,0.020000,0.020000,0.020000,0.018052,0.018052,0.325951,0.003011,0.003011,0.000000,221178
24.530438,597106.613792,0.004999,step_20,2,0.020000,0.020000,0.020000,0.018052,0.018052,0.325975,0.003319,0.003319,0.000000,221180
24.535437,597106.619032,0.004999,step_20,2,0.020000,0.020000,0.020000,0.017781,0.017781,0.360821,0.002781,0.002781,0.000000,221182
24.540438,597106.624190,0.005001,step_20,2,0.020000,0.020000,0.020000,0.018453,0.018453,0.334708,0.003138,0.003138,0.134482,221184
24.545437,597106.629308,0.004999,step_20,2,0.020000,0.020000,0.020000,0.017318,0.017318,0.311578,0.002413,0.002413,0.000000,221186
24.550437,597106.634515,0.005000,step_20,2,0.020000,0.020000,0.020000,0.016505,0.016505,0.382284,0.003018,0.003018,0.000000,221188
24.555437,597106.639722,0.005000,step_20,2,0.020000,0.020000,0.020000,0.018310,0.018310,0.466503,0.003206,0.003206,0.361046,221190
24.560437,597106.644946,0.005000,step_20,2,0.020000,0.020000,0.020000,0.019973,0.019973,0.437766,0.002540,0.002540,0.332658,221192
24.565442,597106.650046,0.005005,step_20,2,0.020000,0.020000,0.020000,0.019962,0.019962,0.405082,0.003202,0.003202,0.000000,221194
24.570442,597106.655197,0.005000,step_20,2,0.020000,0.020000,0.020000,0.019387,0.019387,0.468842,0.003530,0.003530,0.000000,221196
24.575467,597106.660370,0.005024,step_20,2,0.020000,0.020000,0.020000,0.017580,0.017580,0.494618,0.002973,0.002973,0.000000,221198
24.580437,597106.665473,0.004970,rest,2,0.000000,0.000000,0.000000,0.019569,0.019569,0.417243,0.003378,0.003378,0.400234,221200
24.585438,597106.670579,0.005001,rest,2,0.000000,0.000000,0.000000,0.018696,0.018696,0.394154,0.002848,0.002848,0.000000,221202
24.590438,597106.675781,0.004999,rest,2,0.000000,0.000000,0.000000,0.018970,0.018970,0.440435,0.003182,0.003182,0.054806,221204
24.595438,597106.680992,0.005000,rest,2,0.000000,0.000000,0.000000,0.020959,0.020959,0.437383,0.002695,0.002695,0.397810,221206
24.600437,597106.686174,0.005000,rest,2,0.000000,0.000000,0.000000,0.021785,0.021785,0.400137,0.003155,0.003155,0.165208,221208
24.605437,597106.691303,0.005000,rest,2,0.000000,0.000000,0.000000,0.018561,0.018561,0.455819,0.002574,0.002574,0.000000,221210
24.610437,597106.696422,0.005000,rest,2,0.000000,0.000000,0.000000,0.018862,0.018862,0.481119,0.003126,0.003126,0.060041,221212
24.620438,597106.701549,0.010001,rest,2,0.000000,0.000000,0.000000,0.015696,0.015696,0.407155,0.002935,0.002935,0.000000,221216
24.625440,597106.706672,0.005002,rest,2,0.000000,0.000000,0.000000,0.006108,0.006108,0.343972,0.002443,0.002443,0.000000,221218
24.630442,597106.711807,0.005002,rest,2,0.000000,0.000000,0.000000,0.002201,0.002201,0.235028,0.003017,0.003017,0.000000,221220
24.635441,597106.717014,0.004999,rest,2,0.000000,0.000000,0.000000,0.001558,0.001558,-0.061934,0.002514,0.002514,0.000000,221222
24.640437,597106.722127,0.004997,rest,2,0.000000,0.000000,0.000000,0.000002,0.000002,-0.454696,0.003151,0.003151,0.000000,221224
24.645438,597106.727226,0.005001,rest,2,0.000000,0.000000,0.000000,0.000241,0.000241,-0.338202,0.002691,0.002691,0.047906,221226
24.650446,597106.732373,0.005008,rest,2,0.000000,0.000000,0.000000,0.000081,0.000081,0.037771,0.003247,0.003247,0.000000,221228
24.655437,597106.737500,0.004991,rest,2,0.000000,0.000000,0.000000,0.000240,0.000240,0.371453,0.002753,0.002753,0.031762,221230
24.660437,597106.742668,0.005000,rest,2,0.000000,0.000000,0.000000,0.000240,0.000240,0.605976,0.003344,0.003344,0.000000,221232
24.665438,597106.747807,0.005001,rest,2,0.000000,0.000000,0.000000,-0.000000,-0.000000,0.499502,0.002846,0.002846,0.000000,221234
24.670438,597106.752904,0.005000,rest,2,0.000000,0.000000,0.000000,-0.000000,-0.000000,0.278347,0.002339,0.002339,0.000000,221236
24.675439,597106.758033,0.005001,rest,2,0.000000,0.000000,0.000000,0.000159,0.000159,0.217730,0.002927,0.002927,0.031965,221238
24.680438,597106.763131,0.004999,rest,2,0.000000,0.000000,0.000000,0.000159,0.000159,0.366518,0.002406,0.002406,0.000000,221240
24.685438,597106.768282,0.005000,rest,2,0.000000,0.000000,0.000000,0.000080,0.000080,0.611968,0.002996,0.002996,0.000000,221242
24.690439,597106.773510,0.005002,rest,2,0.000000,0.000000,0.000000,-0.000001,-0.000001,0.656620,0.002527,0.002527,0.000000,221244
24.695438,597106.778616,0.004998,rest,2,0.000000,0.000000,0.000000,0.000079,0.000079,0.486827,0.003115,0.003115,0.015988,221246
24.700438,597106.783819,0.005000,rest,2,0.000000,0.000000,0.000000,0.000079,0.000079,0.364294,0.002641,0.002641,0.000006,221248
24.705438,597106.789054,0.005000,rest,2,0.000000,0.000000,0.000000,-0.000001,-0.000001,0.360729,0.003207,0.003207,0.000000,221250
24.710438,597106.794281,0.005000,rest,2,0.000000,0.000000,0.000000,0.000079,0.000079,0.423440,0.002768,0.002768,0.016029,221252
24.715438,597106.799387,0.005000,rest,2,0.000000,0.000000,0.000000,-0.000001,-0.000001,0.431933,0.003342,0.003342,0.000000,221254
24.720437,597106.804495,0.004999,rest,2,0.000000,0.000000,0.000000,-0.000001,-0.000001,0.347178,0.002880,0.002880,0.000015,221256
24.725438,597106.809749,0.005001,rest,2,0.000000,0.000000,0.000000,0.000079,0.000079,0.272422,0.002411,0.002411,0.015980,221258
24.730437,597106.814963,0.004999,rest,2,0.000000,0.000000,0.000000,0.000803,0.000803,0.288737,0.003081,0.003081,0.144858,221260
24.735438,597106.820046,0.005000,rest,2,0.000000,0.000000,0.000000,0.000929,0.000929,0.385634,0.002570,0.002570,0.025257,221262
24.740438,597106.825173,0.005000,rest,2,0.000000,0.000000,0.000000,0.000803,0.000803,0.447572,0.003220,0.003220,0.000000,221264
24.745438,597106.830280,0.005000,rest,2,0.000000,0.000000,0.000000,0.002405,0.002405,0.434594,0.002725,0.002725,0.320389,221266
24.750438,597106.835402,0.005000,rest,2,0.000000,0.000000,0.000000,0.001269,0.001269,0.433095,0.003320,0.003320,0.000000,221268
24.756320,597106.840570,0.005882,rest,2,0.000000,0.000000,0.000000,0.001608,0.001608,0.425460,0.003735,0.003735,0.057633,221270
24.760830,597106.845760,0.004510,rest,2,0.000000,0.000000,0.000000,0.001016,0.001016,0.430636,0.002801,0.002801,0.000000,221272
24.765438,597106.851037,0.004608,rest,2,0.000000,0.000000,0.000000,0.001016,0.001016,0.465297,0.002950,0.002950,0.000000,221274
24.770437,597106.856182,0.005000,rest,2,0.000000,0.000000,0.000000,0.000677,0.000677,0.477029,0.002413,0.002413,0.000000,221276
24.775438,597106.861333,0.005000,rest,2,0.000000,0.000000,0.000000,0.002200,0.002200,0.476170,0.003001,0.003001,0.304497,221278
24.785438,597106.866478,0.010000,rest,2,0.000000,0.000000,0.000000,0.001017,0.001017,0.487062,0.003016,0.003016,0.000005,221282
24.790437,597106.871705,0.005000,rest,2,0.000000,0.000000,0.000000,0.001735,0.001735,0.440389,0.002491,0.002491,0.143644,221284
24.795437,597106.876823,0.005000,rest,2,0.000000,0.000000,0.000000,0.001735,0.001735,0.373724,0.003159,0.003159,0.000015,221286
24.800438,597106.882086,0.005001,rest,2,0.000000,0.000000,0.000000,0.001735,0.001735,0.341187,0.002728,0.002728,0.000057,221288
24.805437,597106.887195,0.005000,rest,2,0.000000,0.000000,0.000000,0.000592,0.000592,0.308111,0.003332,0.003332,0.000000,221290
24.810438,597106.892303,0.005001,rest,2,0.000000,0.000000,0.000000,0.001018,0.001018,0.283128,0.002822,0.002822,0.085196,221292
24.815438,597106.897434,0.005000,rest,2,0.000000,0.000000,0.000000,0.000553,0.000553,0.288651,0.002352,0.002352,0.000000,221294
24.820438,597106.902580,0.005001,rest,2,0.000000,0.000000,0.000000,0.000427,0.000427,0.318723,0.002897,0.002897,0.000000,221296
24.825439,597106.907698,0.005001,rest,2,0.000000,0.000000,0.000000,-0.000038,-0.000038,0.377882,0.002390,0.002390,0.000000,221298
24.830437,597106.912844,0.004998,rest,2,0.000000,0.000000,0.000000,0.001484,0.001484,0.407208,0.002955,0.002955,0.304484,221300
24.835437,597106.918007,0.005000,rest,2,0.000000,0.000000,0.000000,-0.001094,-0.001094,0.427124,0.002481,0.002481,0.000000,221302
24.840438,597106.923139,0.005001,rest,2,0.000000,0.000000,0.000000,-0.000289,-0.000289,0.419726,0.003154,0.003154,0.160907,221304
24.845439,597106.928259,0.005001,rest,2,0.000000,0.000000,0.000000,0.000894,0.000894,0.414509,0.002705,0.002705,0.236744,221306
24.850438,597106.933376,0.004999,rest,2,0.000000,0.000000,0.000000,0.000303,0.000303,0.489194,0.003347,0.003347,0.000000,221308
24.855437,597106.938595,0.004999,rest,2,0.000000,0.000000,0.000000,0.001360,0.001360,0.544048,0.002875,0.002875,0.211297,221310
24.860438,597106.943746,0.005001,rest,2,0.000000,0.000000,0.000000,0.001826,0.001826,0.525487,0.002461,0.002461,0.093239,221312
24.865494,597106.948942,0.005056,rest,2,0.000000,0.000000,0.000000,0.001826,0.001826,0.456476,0.003001,0.003001,0.000084,221314
24.870437,597106.954209,0.004943,rest,2,0.000000,0.000000,0.000000,0.001487,0.001487,0.383373,0.002350,0.002350,0.000000,221316
24.875437,597106.959348,0.005000,rest,2,0.000000,0.000000,0.000000,0.000305,0.000305,0.338486,0.002897,0.002897,0.000000,221318
24.880438,597106.964577,0.005000,rest,2,0.000000,0.000000,0.000000,0.001237,0.001237,0.314934,0.002367,0.002367,0.186320,221320
24.885437,597106.969788,0.004999,rest,2,0.000000,0.000000,0.000000,-0.000159,-0.000159,0.298951,0.002932,0.002932,0.000000,221322
24.890438,597106.975018,0.005001,rest,2,0.000000,0.000000,0.000000,-0.000750,-0.000750,0.309470,0.002403,0.002403,0.000000,221324
24.895439,597106.980123,0.005002,rest,2,0.000000,0.000000,0.000000,0.000181,0.000181,0.333494,0.003064,0.003064,0.186254,221326
24.900438,597106.985251,0.004998,rest,2,0.000000,0.000000,0.000000,-0.001126,-0.001126,0.359155,0.002577,0.002577,0.000000,221328
24.905437,597106.990367,0.005000,rest,2,0.000000,0.000000,0.000000,-0.000194,-0.000194,0.389785,0.003213,0.003213,0.186239,221330
24.910437,597106.995570,0.005000,rest,2,0.000000,0.000000,0.000000,0.000058,0.000058,0.390248,0.002748,0.002748,0.050460,221332
24.915438,597107.000825,0.005001,rest,2,0.000000,0.000000,0.000000,-0.000658,-0.000658,0.402744,0.003363,0.003363,0.000000,221334
24.920438,597107.006062,0.004999,rest,2,0.000000,0.000000,0.000000,-0.002012,-0.002012,0.438308,0.002882,0.002882,0.000000,221336
24.925437,597107.011181,0.005000,rest,2,0.000000,0.000000,0.000000,-0.002012,-0.002012,0.455740,0.002422,0.002422,0.000014,221338
24.930438,597107.016291,0.005000,rest,2,0.000000,0.000000,0.000000,0.000061,0.000061,0.461449,0.003007,0.003007,0.414493,221340
24.935438,597107.021499,0.005001,rest,2,0.000000,0.000000,0.000000,0.000061,0.000061,0.436857,0.002582,0.002582,0.000009,221342
24.945437,597107.026612,0.009999,rest,2,0.000000,0.000000,0.000000,0.001751,0.001751,0.502914,0.002732,0.002732,0.000249,221346
24.950437,597107.031818,0.005000,rest,2,0.000000,0.000000,0.000000,0.000188,0.000188,0.502285,0.003369,0.003369,0.000000,221348
24.950437,597107.037037,0.000001,rest,2,0.000000,0.000000,0.000000,0.000188,0.000188,0.502285,0.003369,0.003369,0.000000,221348
24.955437,597107.042190,0.005000,rest,2,0.000000,0.000000,0.000000,0.001245,0.001245,0.470030,0.002934,0.002934,0.211488,221350
24.961311,597107.047297,0.005874,rest,2,0.000000,0.000000,0.000000,0.001120,0.001120,0.424759,0.003329,0.003329,0.000000,221352
24.966986,597107.052406,0.005674,rest,2,0.000000,0.000000,0.000000,-0.000276,-0.000276,0.410304,0.004707,0.004707,0.000000,221354
24.972721,597107.057528,0.005735,rest,2,0.000000,0.000000,0.000000,-0.001923,-0.001923,0.422602,0.000401,0.000401,0.000000,221356
24.977907,597107.062700,0.005187,rest,2,0.000000,0.000000,0.000000,-0.001923,-0.001923,0.410742,0.005516,0.005516,0.000000,221358
24.986562,597107.067889,0.008654,rest,2,0.000000,0.000000,0.000000,-0.001755,-0.001755,0.353243,0.003813,0.003813,0.000000,221362
24.990843,597107.073013,0.004282,rest,2,0.000000,0.000000,0.000000,0.000658,0.000658,0.343561,0.003455,0.003455,0.563642,221364
24.995437,597107.078217,0.004594,rest,2,0.000000,0.000000,0.000000,0.000194,0.000194,0.349037,0.002515,0.002515,0.000000,221366
25.000438,597107.083324,0.005001,rest,2,0.000000,0.000000,0.000000,-0.000739,-0.000739,0.403192,0.003156,0.003156,0.000000,221368
25.005438,597107.088444,0.005000,rest,2,0.000000,0.000000,0.000000,0.001127,0.001127,0.446904,0.002735,0.002735,0.373099,221370
25.010438,597107.093566,0.005000,rest,2,0.000000,0.000000,0.000000,0.000195,0.000195,0.469740,0.003265,0.003265,0.000000,221372
25.015438,597107.098690,0.005001,rest,2,0.000000,0.000000,0.000000,0.000196,0.000196,0.480213,0.002862,0.002862,0.000124,221374
25.020437,597107.103906,0.004999,rest,2,0.000000,0.000000,0.000000,-0.000146,-0.000146,0.468416,0.003417,0.003417,0.000000,221376
25.025438,597107.109033,0.005001,rest,2,0.000000,0.000000,0.000000,0.002434,0.002434,0.452214,0.002957,0.002957,0.515908,221378
25.030438,597107.114295,0.005000,rest,2,0.000000,0.000000,0.000000,0.000911,0.000911,0.460852,0.003215,0.003215,0.000000,221380
25.035437,597107.119546,0.005000,rest,2,0.000000,0.000000,0.000000,-0.000145,-0.000145,0.490965,0.002579,0.002579,0.000000,221382
25.040437,597107.124669,0.005000,rest,2,0.000000,0.000000,0.000000,0.001255,0.001255,0.467239,0.003040,0.003040,0.280028,221384
25.045438,597107.129903,0.005001,rest,2,0.000000,0.000000,0.000000,-0.000268,-0.000268,0.416081,0.002474,0.002474,0.000000,221386
25.050437,597107.135156,0.004999,rest,2,0.000000,0.000000,0.000000,0.001379,0.001379,0.400753,0.003020,0.003020,0.329487,221388
25.055437,597107.140273,0.005000,rest,2,0.000000,0.000000,0.000000,0.000666,0.000666,0.395970,0.002485,0.002485,0.000000,221390
25.060438,597107.145392,0.005001,rest,2,0.000000,0.000000,0.000000,0.000790,0.000790,0.396118,0.003140,0.003140,0.024801,221392
25.065437,597107.150499,0.004999,rest,2,0.000000,0.000000,0.000000,0.000791,0.000791,0.423460,0.002589,0.002589,0.000120,221394
25.070437,597107.155701,0.005000,rest,2,0.000000,0.000000,0.000000,0.000201,0.000201,0.414048,0.003131,0.003131,0.000000,221396
25.075437,597107.160820,0.005000,rest,2,0.000000,0.000000,0.000000,-0.000265,-0.000265,0.380266,0.002570,0.002570,0.000000,221398
25.080437,597107.165944,0.005000,step_20,2,-0.020000,-0.020000,-0.020000,-0.000265,-0.000265,0.394724,0.003132,0.003132,0.000000,221400
25.085437,597107.171100,0.005001,step_20,2,-0.020000,-0.020000,-0.020000,0.000202,0.000202,0.386050,0.002713,0.002713,0.093415,221402
25.090438,597107.176211,0.005000,step_20,2,-0.020000,-0.020000,-0.020000,0.002783,0.002783,0.369369,0.002299,0.002299,0.516252,221404
25.100438,597107.181450,0.010000,step_20,2,-0.020000,-0.020000,-0.020000,-0.000263,-0.000263,0.430703,0.002328,0.002328,0.000000,221408
25.105437,597107.186613,0.004999,step_20,2,-0.020000,-0.020000,-0.020000,-0.000263,-0.000263,0.420482,0.002876,0.002876,0.000086,221410
25.110437,597107.191737,0.005000,step_20,2,-0.020000,-0.020000,-0.020000,0.001384,0.001384,0.418291,0.002342,0.002342,0.329345,221412
25.115437,597107.196854,0.004999,step_20,2,-0.020000,-0.020000,-0.020000,0.001262,0.001262,0.417079,0.002937,0.002937,0.000000,221414
25.120437,597107.201975,0.005000,step_20,2,-0.020000,-0.020000,-0.020000,-0.002253,-0.002253,0.452780,0.002495,0.002495,0.000000,221416
25.125437,597107.207075,0.005000,step_20,2,-0.020000,-0.020000,-0.020000,-0.007369,-0.007369,0.421338,0.003055,0.003055,0.000000,221418
25.130438,597107.212194,0.005001,step_20,2,-0.020000,-0.020000,-0.020000,-0.008514,-0.008514,0.244965,0.002501,0.002501,0.000000,221420
25.135438,597107.217313,0.005000,step_20,2,-0.020000,-0.020000,-0.020000,-0.017343,-0.017343,0.023560,0.003023,0.003023,0.000000,221422
25.140438,597107.222411,0.005000,step_20,2,-0.020000,-0.020000,-0.020000,-0.018277,-0.018277,-0.153588,0.002470,0.002470,0.000000,221424
25.145438,597107.227524,0.004999,step_20,2,-0.020000,-0.020000,-0.020000,-0.024439,-0.024439,-0.239967,0.003061,0.003061,0.000000,221426
25.150438,597107.232618,0.005000,step_20,2,-0.020000,-0.020000,-0.020000,-0.025727,-0.025727,-0.189610,0.002529,0.002529,0.000000,221428
25.155437,597107.237706,0.004999,step_20,2,-0.020000,-0.020000,-0.020000,-0.027219,-0.027219,-0.060626,0.003034,0.003034,0.000000,221430
25.160437,597107.242824,0.005000,step_20,2,-0.020000,-0.020000,-0.020000,-0.027524,-0.027524,0.102980,0.003196,0.003196,0.000000,221432
25.165438,597107.247944,0.005001,step_20,2,-0.020000,-0.020000,-0.020000,-0.026450,-0.026450,0.288860,0.002559,0.002559,0.214728,221434
25.170438,597107.253037,0.005000,step_20,2,-0.020000,-0.020000,-0.020000,-0.026128,-0.026128,0.456537,0.003088,0.003088,0.064483,221436
25.175437,597107.258162,0.004999,step_20,2,-0.020000,-0.020000,-0.020000,-0.023405,-0.023405,0.593194,0.002503,0.002503,0.544784,221438
25.180439,597107.263279,0.005001,step_20,2,-0.020000,-0.020000,-0.020000,-0.025481,-0.025481,0.597750,0.002988,0.002988,0.000000,221440
25.185437,597107.268399,0.004999,step_20,2,-0.020000,-0.020000,-0.020000,-0.021158,-0.021158,0.492819,0.002441,0.002441,0.864765,221442
25.190437,597107.273523,0.005000,step_20,2,-0.020000,-0.020000,-0.020000,-0.020964,-0.020964,0.490677,0.002897,0.002897,0.038789,221444
25.195437,597107.278635,0.005000,step_20,2,-0.020000,-0.020000,-0.020000,-0.020887,-0.020887,0.621664,0.002429,0.002429,0.015395,221446
25.200438,597107.283758,0.005000,step_20,2,-0.020000,-0.020000,-0.020000,-0.020725,-0.020725,0.714013,0.003062,0.003062,0.032417,221448
25.205437,597107.288854,0.004999,step_20,2,-0.020000,-0.020000,-0.020000,-0.018783,-0.018783,0.620308,0.002564,0.002564,0.388433,221450
25.210437,597107.293971,0.005000,step_20,2,-0.020000,-0.020000,-0.020000,-0.019189,-0.019189,0.448477,0.003213,0.003213,0.000000,221452
25.215438,597107.299046,0.005001,step_20,2,-0.020000,-0.020000,-0.020000,-0.019176,-0.019176,0.373279,0.002723,0.002723,0.002689,221454
25.220437,597107.304145,0.005000,step_20,2,-0.020000,-0.020000,-0.020000,-0.021172,-0.021172,0.327905,0.003342,0.003342,0.000000,221456
25.225438,597107.309262,0.005001,step_20,2,-0.020000,-0.020000,-0.020000,-0.021096,-0.021096,0.278966,0.002907,0.002907,0.015312,221458
25.230437,597107.314402,0.004999,step_20,2,-0.020000,-0.020000,-0.020000,-0.019834,-0.019834,0.275178,0.002455,0.002455,0.252315,221460
25.235437,597107.319513,0.005000,step_20,2,-0.020000,-0.020000,-0.020000,-0.019648,-0.019648,0.312464,0.003080,0.003080,0.037176,221462
25.240437,597107.324635,0.005000,step_20,2,-0.020000,-0.020000,-0.020000,-0.021171,-0.021171,0.349527,0.002311,0.002311,0.000000,221464
25.245437,597107.329858,0.005000,step_20,2,-0.020000,-0.020000,-0.020000,-0.020988,-0.020988,0.362975,0.002828,0.002828,0.036652,221466
25.250437,597107.334982,0.005000,step_20,2,-0.020000,-0.020000,-0.020000,-0.020988,-0.020988,0.383928,0.003120,0.003120,0.000033,221468
25.255437,597107.340180,0.005000,step_20,2,-0.020000,-0.020000,-0.020000,-0.020452,-0.020452,0.450658,0.002558,0.002558,0.107186,221470
25.260437,597107.345387,0.005000,step_20,2,-0.020000,-0.020000,-0.020000,-0.020452,-0.020452,0.501891,0.003124,0.003124,0.000021,221472
25.265438,597107.350508,0.005000,step_20,2,-0.020000,-0.020000,-0.020000,-0.021967,-0.021967,0.487049,0.002668,0.002668,0.000000,221474
25.270437,597107.355681,0.005000,step_20,2,-0.020000,-0.020000,-0.020000,-0.021967,-0.021967,0.505597,0.003192,0.003192,0.000000,221476
25.275437,597107.360893,0.005000,step_20,2,-0.020000,-0.020000,-0.020000,-0.019945,-0.019945,0.555440,0.002720,0.002720,0.404309,221478
25.280438,597107.366028,0.005001,step_20,2,-0.020000,-0.020000,-0.020000,-0.020597,-0.020597,0.492371,0.003290,0.003290,0.000000,221480
25.285438,597107.371154,0.004999,step_20,2,-0.020000,-0.020000,-0.020000,-0.021259,-0.021259,0.379219,0.002809,0.002809,0.000000,221482
25.290438,597107.376377,0.005001,step_20,2,-0.020000,-0.020000,-0.020000,-0.021185,-0.021185,0.400886,0.003441,0.003441,0.014813,221484
25.300437,597107.381582,0.009999,step_20,2,-0.020000,-0.020000,-0.020000,-0.018204,-0.018204,0.592109,0.002476,0.002476,0.682221,221488
25.305438,597107.386703,0.005000,step_20,2,-0.020000,-0.020000,-0.020000,-0.017633,-0.017633,0.538182,0.003095,0.003095,0.114166,221490
25.310437,597107.391958,0.004999,step_20,2,-0.020000,-0.020000,-0.020000,-0.019426,-0.019426,0.440282,0.002636,0.002636,0.000000,221492
25.315438,597107.397182,0.005001,step_20,2,-0.020000,-0.020000,-0.020000,-0.018659,-0.018659,0.371343,0.003232,0.003232,0.153289,221494
25.320438,597107.402301,0.005000,step_20,2,-0.020000,-0.020000,-0.020000,-0.017176,-0.017176,0.346282,0.002789,0.002789,0.296716,221496
25.325437,597107.407411,0.004999,step_20,2,-0.020000,-0.020000,-0.020000,-0.017880,-0.017880,0.368322,0.002326,0.002326,0.000000,221498
25.330438,597107.412634,0.005001,step_20,2,-0.020000,-0.020000,-0.020000,-0.018864,-0.018864,0.412408,0.002875,0.002875,0.000000,221500
25.335437,597107.417854,0.004999,step_20,2,-0.020000,-0.020000,-0.020000,-0.019063,-0.019063,0.457079,0.002365,0.002365,0.000000,221502
25.340438,597107.422966,0.005001,step_20,2,-0.020000,-0.020000,-0.020000,-0.018618,-0.018618,0.504966,0.002925,0.002925,0.089083,221504
25.345437,597107.428081,0.004999,step_20,2,-0.020000,-0.020000,-0.020000,-0.017217,-0.017217,0.542589,0.002431,0.002431,0.280298,221506
25.350438,597107.433222,0.005001,step_20,2,-0.020000,-0.020000,-0.020000,-0.019592,-0.019592,0.508246,0.002998,0.002998,0.000000,221508
25.355437,597107.438346,0.004999,step_20,2,-0.020000,-0.020000,-0.020000,-0.019207,-0.019207,0.434162,0.003169,0.003169,0.077019,221510
25.360980,597107.443460,0.005543,step_20,2,-0.020000,-0.020000,-0.020000,-0.018189,-0.018189,0.397536,0.002956,0.002956,0.183762,221512
25.365437,597107.448576,0.004457,step_20,2,-0.020000,-0.020000,-0.020000,-0.018367,-0.018367,0.440046,0.002983,0.002983,0.000000,221514
25.370437,597107.453681,0.005000,step_20,2,-0.020000,-0.020000,-0.020000,-0.016458,-0.016458,0.500574,0.003253,0.003253,0.381806,221516
25.375437,597107.458788,0.005000,step_20,2,-0.020000,-0.020000,-0.020000,-0.019003,-0.019003,0.521913,0.002745,0.002745,0.000000,221518
25.380438,597107.463892,0.005001,step_20,2,-0.020000,-0.020000,-0.020000,-0.016150,-0.016150,0.520457,0.003263,0.003263,0.570639,221520
25.385437,597107.468995,0.004999,step_20,2,-0.020000,-0.020000,-0.020000,-0.018130,-0.018130,0.507384,0.002786,0.002786,0.000000,221522
25.390438,597107.474090,0.005001,step_20,2,-0.020000,-0.020000,-0.020000,-0.017011,-0.017011,0.473798,0.002260,0.002260,0.223774,221524
25.395744,597107.479170,0.005306,step_20,2,-0.020000,-0.020000,-0.020000,-0.016970,-0.016970,0.429760,0.003112,0.003112,0.007744,221526
25.400509,597107.484247,0.004764,step_20,2,-0.020000,-0.020000,-0.020000,-0.019855,-0.019855,0.416794,0.003480,0.003480,0.000000,221528
25.405437,597107.489381,0.004929,step_20,2,-0.020000,-0.020000,-0.020000,-0.019800,-0.019800,0.419661,0.002968,0.002968,0.010982,221530
25.410438,597107.494494,0.005001,step_20,2,-0.020000,-0.020000,-0.020000,-0.020483,-0.020483,0.414128,0.003396,0.003396,0.000000,221532
25.415439,597107.499602,0.005001,step_20,2,-0.020000,-0.020000,-0.020000,-0.019961,-0.019961,0.371328,0.002914,0.002914,0.104392,221534
25.420437,597107.504747,0.004998,step_20,2,-0.020000,-0.020000,-0.020000,-0.021256,-0.021256,0.396255,0.003400,0.003400,0.000000,221536
25.425451,597107.509884,0.005013,step_20,2,-0.020000,-0.020000,-0.020000,-0.021256,-0.021256,0.483615,0.002927,0.002927,0.000000,221538
25.430437,597107.514982,0.004986,step_20,2,-0.020000,-0.020000,-0.020000,-0.020364,-0.020364,0.508623,0.003329,0.003329,0.178962,221540
25.435438,597107.520090,0.005001,step_20,2,-0.020000,-0.020000,-0.020000,-0.021544,-0.021544,0.537019,0.002677,0.002677,0.000000,221542
25.440439,597107.525200,0.005001,step_20,2,-0.020000,-0.020000,-0.020000,-0.020128,-0.020128,0.562562,0.003142,0.003142,0.283041,221544
25.445438,597107.530323,0.005000,step_20,2,-0.020000,-0.020000,-0.020000,-0.017684,-0.017684,0.532891,0.002473,0.002473,0.488849,221546
25.450437,597107.535483,0.004999,step_20,2,-0.020000,-0.020000,-0.020000,-0.018791,-0.018791,0.517756,0.002947,0.002947,0.000000,221548
25.455438,597107.540733,0.005000,step_20,2,-0.020000,-0.020000,-0.020000,-0.019470,-0.019470,0.533956,0.003181,0.003181,0.000000,221550
25.460437,597107.545940,0.005000,step_20,2,-0.020000,-0.020000,-0.020000,-0.018188,-0.018188,0.518410,0.002529,0.002529,0.256387,221552
25.465438,597107.551100,0.005001,step_20,2,-0.020000,-0.020000,-0.020000,-0.017922,-0.017922,0.473703,0.003022,0.003022,0.053305,221554
25.470437,597107.556206,0.004999,step_20,2,-0.020000,-0.020000,-0.020000,-0.017168,-0.017168,0.467737,0.002437,0.002437,0.150669,221556
25.475438,597107.561314,0.005001,step_20,2,-0.020000,-0.020000,-0.020000,-0.020248,-0.020248,0.500901,0.002867,0.002867,0.000000,221558
25.480437,597107.566539,0.005000,step_20,2,-0.020000,-0.020000,-0.020000,-0.020697,-0.020697,0.488903,0.003284,0.003284,0.000000,221560
25.490437,597107.571656,0.010000,step_20,2,-0.020000,-0.020000,-0.020000,-0.020038,-0.020038,0.328575,0.003329,0.003329,0.000000,221564
25.495437,597107.576886,0.005000,step_20,2,-0.020000,-0.020000,-0.020000,-0.020262,-0.020262,0.445365,0.002850,0.002850,0.000000,221566
25.500437,597107.582258,0.005000,step_20,2,-0.020000,-0.020000,-0.020000,-0.021948,-0.021948,0.513736,0.003435,0.003435,0.000000,221568
25.505437,597107.587458,0.005000,step_20,2,-0.020000,-0.020000,-0.020000,-0.017799,-0.017799,0.496130,0.002895,0.002895,0.829798,221570
25.510437,597107.592677,0.005000,step_20,2,-0.020000,-0.020000,-0.020000,-0.017937,-0.017937,0.494994,0.002328,0.002328,0.000000,221572
25.515437,597107.597873,0.005000,step_20,2,-0.020000,-0.020000,-0.020000,-0.018413,-0.018413,0.502251,0.002928,0.002928,0.000000,221574
25.520437,597107.603106,0.005001,step_20,2,-0.020000,-0.020000,-0.020000,-0.018445,-0.018445,0.556690,0.002408,0.002408,0.000000,221576
25.525437,597107.608215,0.005000,step_20,2,-0.020000,-0.020000,-0.020000,-0.018007,-0.018007,0.552204,0.003039,0.003039,0.087493,221578
25.530438,597107.613324,0.005001,step_20,2,-0.020000,-0.020000,-0.020000,-0.020327,-0.020327,0.459307,0.002509,0.002509,0.000000,221580
25.535437,597107.618433,0.005000,step_20,2,-0.020000,-0.020000,-0.020000,-0.017873,-0.017873,0.430844,0.003088,0.003088,0.490864,221582
25.540438,597107.623584,0.005000,step_20,2,-0.020000,-0.020000,-0.020000,-0.021033,-0.021033,0.421234,0.002538,0.002538,0.000000,221584
25.545438,597107.628717,0.005000,step_20,2,-0.020000,-0.020000,-0.020000,-0.023275,-0.023275,0.396417,0.003154,0.003154,0.000000,221586
25.550438,597107.633908,0.004999,step_20,2,-0.020000,-0.020000,-0.020000,-0.019691,-0.019691,0.396020,0.002569,0.002569,0.716858,221588
25.555437,597107.639206,0.005000,step_20,2,-0.020000,-0.020000,-0.020000,-0.019692,-0.019692,0.437323,0.003159,0.003159,0.000000,221590
25.560438,597107.644316,0.005000,step_20,2,-0.020000,-0.020000,-0.020000,-0.019423,-0.019423,0.531264,0.002539,0.002539,0.053768,221592
25.565438,597107.649514,0.005000,step_20,2,-0.020000,-0.020000,-0.020000,-0.019423,-0.019423,0.617407,0.003111,0.003111,0.000000,221594
25.570437,597107.654732,0.004999,step_20,2,-0.020000,-0.020000,-0.020000,-0.020252,-0.020252,0.621973,0.002632,0.002632,0.000000,221596
25.575438,597107.659969,0.005001,step_20,2,-0.020000,-0.020000,-0.020000,-0.017460,-0.017460,0.511186,0.003152,0.003152,0.558210,221598
25.580437,597107.665211,0.005000,step_20,2,-0.020000,-0.020000,-0.020000,-0.019107,-0.019107,0.357214,0.002583,0.002583,0.000000,221600
25.585437,597107.670445,0.005000,step_20,2,-0.020000,-0.020000,-0.020000,-0.018275,-0.018275,0.328061,0.003124,0.003124,0.166453,221602
25.590438,597107.675652,0.005001,step_20,2,-0.020000,-0.020000,-0.020000,-0.018703,-0.018703,0.428013,0.002648,0.002648,0.000000,221604
25.595437,597107.680855,0.005000,step_20,2,-0.020000,-0.020000,-0.020000,-0.019892,-0.019892,0.513181,0.003191,0.003191,0.000000,221606
25.600438,597107.686059,0.005000,step_20,2,-0.020000,-0.020000,-0.020000,-0.019121,-0.019121,0.458060,0.002611,0.002611,0.154344,221608
25.605438,597107.691184,0.005000,step_20,2,-0.020000,-0.020000,-0.020000,-0.020972,-0.020972,0.375719,0.003139,0.003139,0.000000,221610
25.615437,597107.696390,0.009999,step_20,2,-0.020000,-0.020000,-0.020000,-0.021360,-0.021360,0.491569,0.003162,0.003162,0.000000,221614
25.615437,597107.701597,0.000001,step_20,2,-0.020000,-0.020000,-0.020000,-0.021360,-0.021360,0.491569,0.003162,0.003162,0.000000,221614
25.620437,597107.706794,0.005000,step_20,2,-0.020000,-0.020000,-0.020000,-0.021599,-0.021599,0.540853,0.002580,0.002580,0.000000,221616
25.626316,597107.711914,0.005879,step_20,2,-0.020000,-0.020000,-0.020000,-0.021179,-0.021179,0.515507,0.004005,0.004005,0.071458,221618
25.635702,597107.717165,0.009386,step_20,2,-0.020000,-0.020000,-0.020000,-0.018576,-0.018576,0.491362,0.003300,0.003300,0.409077,221622
25.640437,597107.722326,0.004735,step_20,2,-0.020000,-0.020000,-0.020000,-0.019254,-0.019254,0.535943,0.003293,0.003293,0.000000,221624
25.645438,597107.727437,0.005001,step_20,2,-0.020000,-0.020000,-0.020000,-0.017953,-0.017953,0.573107,0.002687,0.002687,0.260084,221626
25.650438,597107.732619,0.005000,step_20,2,-0.020000,-0.020000,-0.020000,-0.018851,-0.018851,0.593168,0.003085,0.003085,0.000000,221628
25.655437,597107.737824,0.004999,step_20,2,-0.020000,-0.020000,-0.020000,-0.017356,-0.017356,0.572857,0.002488,0.002488,0.299222,221630
25.660437,597107.743025,0.005000,step_20,2,-0.020000,-0.020000,-0.020000,-0.017131,-0.017131,0.509432,0.002904,0.002904,0.044862,221632
25.665438,597107.748280,0.005001,step_20,2,-0.020000,-0.020000,-0.020000,-0.015604,-0.015604,0.463774,0.002461,0.002461,0.305336,221634
25.670437,597107.753387,0.004999,step_20,2,-0.020000,-0.020000,-0.020000,-0.017282,-0.017282,0.417470,0.003167,0.003167,0.000000,221636
25.675438,597107.758580,0.005001,step_20,2,-0.020000,-0.020000,-0.020000,-0.016773,-0.016773,0.370837,0.002637,0.002637,0.101772,221638
25.680437,597107.763778,0.005000,step_20,2,-0.020000,-0.020000,-0.020000,-0.019934,-0.019934,0.413453,0.003258,0.003258,0.000000,221640
25.685437,597107.768972,0.005000,step_20,2,-0.020000,-0.020000,-0.020000,-0.019934,-0.019934,0.497260,0.002766,0.002766,0.000000,221642
25.690437,597107.774152,0.005000,step_20,2,-0.020000,-0.020000,-0.020000,-0.016867,-0.016867,0.478905,0.003380,0.003380,0.613396,221644
25.695438,597107.779255,0.005001,step_20,2,-0.020000,-0.020000,-0.020000,-0.016867,-0.016867,0.458042,0.002930,0.002930,0.000000,221646
25.700437,597107.784362,0.004999,step_20,2,-0.020000,-0.020000,-0.020000,-0.017198,-0.017198,0.502506,0.002454,0.002454,0.000000,221648
25.705438,597107.789483,0.005001,step_20,2,-0.020000,-0.020000,-0.020000,-0.017198,-0.017198,0.547957,0.003105,0.003105,0.000000,221650
25.711055,597107.794595,0.005617,step_20,2,-0.020000,-0.020000,-0.020000,-0.019287,-0.019287,0.516309,0.003271,0.003271,0.000000,221652
25.715438,597107.799705,0.004383,step_20,2,-0.020000,-0.020000,-0.020000,-0.017246,-0.017246,0.473631,0.003262,0.003262,0.465663,221654
25.720444,597107.804808,0.005006,step_20,2,-0.020000,-0.020000,-0.020000,-0.016691,-0.016691,0.486422,0.002788,0.002788,0.110836,221656
25.725438,597107.809915,0.004994,step_20,2,-0.020000,-0.020000,-0.020000,-0.019272,-0.019272,0.455011,0.003370,0.003370,0.000000,221658
25.730438,597107.815026,0.004999,step_20,2,-0.020000,-0.020000,-0.020000,-0.021319,-0.021319,0.373433,0.002983,0.002983,0.000000,221660
25.735437,597107.820129,0.005000,step_20,2,-0.020000,-0.020000,-0.020000,-0.019407,-0.019407,0.323207,0.002524,0.002524,0.382456,221662
25.740437,597107.825230,0.005000,step_20,2,-0.020000,-0.020000,-0.020000,-0.020675,-0.020675,0.383938,0.002982,0.002982,0.000000,221664
25.745437,597107.830336,0.005000,step_20,2,-0.020000,-0.020000,-0.020000,-0.021548,-0.021548,0.428748,0.003447,0.003447,0.000000,221666
25.750445,597107.835442,0.005008,step_20,2,-0.020000,-0.020000,-0.020000,-0.021207,-0.021207,0.413490,0.002969,0.002969,0.067988,221668
25.755439,597107.840546,0.004994,step_20,2,-0.020000,-0.020000,-0.020000,-0.018998,-0.018998,0.456743,0.002363,0.002363,0.442307,221670
25.760438,597107.845648,0.004998,step_20,2,-0.020000,-0.020000,-0.020000,-0.019609,-0.019609,0.550159,0.002925,0.002925,0.000000,221672
25.765438,597107.850751,0.005001,step_20,2,-0.020000,-0.020000,-0.020000,-0.019822,-0.019822,0.592344,0.002411,0.002411,0.000000,221674
25.770437,597107.855890,0.004999,step_20,2,-0.020000,-0.020000,-0.020000,-0.019061,-0.019061,0.567312,0.003027,0.003027,0.152282,221676
25.775438,597107.861012,0.005001,step_20,2,-0.020000,-0.020000,-0.020000,-0.019360,-0.019360,0.551563,0.002509,0.002509,0.000000,221678
25.780438,597107.866122,0.004999,step_20,2,-0.020000,-0.020000,-0.020000,-0.019495,-0.019495,0.495729,0.003101,0.003101,0.000000,221680
25.785438,597107.871238,0.005000,step_20,2,-0.020000,-0.020000,-0.020000,-0.019333,-0.019333,0.415703,0.002532,0.002532,0.032342,221682
25.795437,597107.876348,0.010000,step_20,2,-0.020000,-0.020000,-0.020000,-0.021732,-0.021732,0.448002,0.002527,0.002527,0.004621,221686
25.800438,597107.881482,0.005001,step_20,2,-0.020000,-0.020000,-0.020000,-0.021947,-0.021947,0.399391,0.003026,0.003026,0.000000,221688
25.805437,597107.886696,0.004999,step_20,2,-0.020000,-0.020000,-0.020000,-0.022359,-0.022359,0.372182,0.002535,0.002535,0.000000,221690
25.810437,597107.891813,0.005000,step_20,2,-0.020000,-0.020000,-0.020000,-0.018828,-0.018828,0.487796,0.003242,0.003242,0.706183,221692
25.815438,597107.897032,0.005001,step_20,2,-0.020000,-0.020000,-0.020000,-0.018405,-0.018405,0.638527,0.002682,0.002682,0.084562,221694
25.820437,597107.902159,0.004999,step_20,2,-0.020000,-0.020000,-0.020000,-0.017320,-0.017320,0.624640,0.003327,0.003327,0.217089,221696
25.825440,597107.907279,0.005003,step_20,2,-0.020000,-0.020000,-0.020000,-0.018240,-0.018240,0.526876,0.002941,0.002941,0.000000,221698
25.830438,597107.912411,0.004998,step_20,2,-0.020000,-0.020000,-0.020000,-0.016167,-0.016167,0.468720,0.003411,0.003411,0.414861,221700
25.835437,597107.917548,0.004999,step_20,2,-0.020000,-0.020000,-0.020000,-0.016167,-0.016167,0.443500,0.002845,0.002845,0.000000,221702
25.840439,597107.922671,0.005001,step_20,2,-0.020000,-0.020000,-0.020000,-0.014073,-0.014073,0.450935,0.003220,0.003220,0.418679,221704
25.845438,597107.927789,0.004999,step_20,2,-0.020000,-0.020000,-0.020000,-0.014073,-0.014073,0.412222,0.002700,0.002700,0.000000,221706
25.850439,597107.932923,0.005001,step_20,2,-0.020000,-0.020000,-0.020000,-0.015941,-0.015941,0.377144,0.003226,0.003226,0.000000,221708
25.855437,597107.938009,0.004998,step_20,2,-0.020000,-0.020000,-0.020000,-0.018954,-0.018954,0.401206,0.002627,0.002627,0.000000,221710
25.860438,597107.943093,0.005000,step_20,2,-0.020000,-0.020000,-0.020000,-0.018009,-0.018009,0.369948,0.003203,0.003203,0.189120,221712
25.865440,597107.948210,0.005002,step_20,2,-0.020000,-0.020000,-0.020000,-0.018353,-0.018353,0.346643,0.002685,0.002685,0.000000,221714
25.870438,597107.953303,0.004999,step_20,2,-0.020000,-0.020000,-0.020000,-0.018912,-0.018912,0.459572,0.003213,0.003213,0.000000,221716
25.875438,597107.958430,0.005000,step_20,2,-0.020000,-0.020000,-0.020000,-0.018765,-0.018765,0.575674,0.002693,0.002693,0.029487,221718
25.880438,597107.963524,0.005000,step_20,2,-0.020000,-0.020000,-0.020000,-0.018448,-0.018448,0.576935,0.003220,0.003220,0.063318,221720
25.885438,597107.968675,0.005000,step_20,2,-0.020000,-0.020000,-0.020000,-0.019232,-0.019232,0.554523,0.002611,0.002611,0.000000,221722
25.890438,597107.973791,0.005001,step_20,2,-0.020000,-0.020000,-0.020000,-0.018746,-0.018746,0.575100,0.003132,0.003132,0.097329,221724
25.895440,597107.978926,0.005001,step_20,2,-0.020000,-0.020000,-0.020000,-0.019329,-0.019329,0.527815,0.002612,0.002612,0.000000,221726
25.900439,597107.984070,0.005000,step_20,2,-0.020000,-0.020000,-0.020000,-0.019200,-0.019200,0.401250,0.003137,0.003137,0.025921,221728
25.905437,597107.989190,0.004998,step_20,2,-0.020000,-0.020000,-0.020000,-0.020839,-0.020839,0.357659,0.002545,0.002545,0.000000,221730
25.910437,597107.994297,0.005000,step_20,2,-0.020000,-0.020000,-0.020000,-0.020616,-0.020616,0.411601,0.003037,0.003037,0.044562,221732
25.915444,597107.999443,0.005007,step_20,2,-0.020000,-0.020000,-0.020000,-0.020590,-0.020590,0.472166,0.002518,0.002518,0.005370,221734
25.920438,597108.004596,0.004994,step_20,2,-0.020000,-0.020000,-0.020000,-0.019756,-0.019756,0.483849,0.003079,0.003079,0.166840,221736
25.925438,597108.009821,0.005000,step_20,2,-0.020000,-0.020000,-0.020000,-0.019109,-0.019109,0.453065,0.002540,0.002540,0.129485,221738
25.930437,597108.014923,0.004999,step_20,2,-0.020000,-0.020000,-0.020000,-0.017921,-0.017921,0.404585,0.003062,0.003062,0.237580,221740
25.935438,597108.020069,0.005001,step_20,2,-0.020000,-0.020000,-0.020000,-0.018999,-0.018999,0.437355,0.002513,0.002513,0.000000,221742
25.940438,597108.025154,0.005001,step_20,2,-0.020000,-0.020000,-0.020000,-0.018705,-0.018705,0.561431,0.003080,0.003080,0.058854,221744
25.945437,597108.030245,0.004999,step_20,2,-0.020000,-0.020000,-0.020000,-0.019392,-0.019392,0.656790,0.002310,0.002310,0.000000,221746
25.950438,597108.035397,0.005001,step_20,2,-0.020000,-0.020000,-0.020000,-0.019626,-0.019626,0.604785,0.002782,0.002782,0.000000,221748
25.955437,597108.040534,0.004999,step_20,2,-0.020000,-0.020000,-0.020000,-0.018737,-0.018737,0.477694,0.003276,0.003276,0.177844,221750
25.960437,597108.045689,0.005000,step_20,2,-0.020000,-0.020000,-0.020000,-0.020176,-0.020176,0.457876,0.002702,0.002702,0.000000,221752
25.965440,597108.050892,0.005002,step_20,2,-0.020000,-0.020000,-0.020000,-0.018604,-0.018604,0.515479,0.003227,0.003227,0.314081,221754
25.970437,597108.056115,0.004997,step_20,2,-0.020000,-0.020000,-0.020000,-0.021165,-0.021165,0.510984,0.002671,0.002671,0.000000,221756
25.975437,597108.061218,0.005000,step_20,2,-0.020000,-0.020000,-0.020000,-0.021165,-0.021165,0.490231,0.003200,0.003200,0.000000,221758
25.985437,597108.066320,0.009999,step_20,2,-0.020000,-0.020000,-0.020000,-0.019327,-0.019327,0.411140,0.003215,0.003215,0.000000,221762
25.990438,597108.071425,0.005001,step_20,2,-0.020000,-0.020000,-0.020000,-0.019145,-0.019145,0.399782,0.002641,0.002641,0.036313,221764
25.990438,597108.076573,0.000001,step_20,2,-0.020000,-0.020000,-0.020000,-0.019145,-0.019145,0.399782,0.002641,0.002641,0.036313,221764
26.000437,597108.081798,0.010000,step_20,2,-0.020000,-0.020000,-0.020000,-0.020090,-0.020090,0.618480,0.002686,0.002686,0.000000,221768
26.005437,597108.086902,0.005000,step_20,2,-0.020000,-0.020000,-0.020000,-0.016165,-0.016165,0.633556,0.003253,0.003253,0.784838,221770
26.010438,597108.092018,0.005001,step_20,2,-0.020000,-0.020000,-0.020000,-0.018293,-0.018293,0.556394,0.002712,0.002712,0.000000,221772
26.015438,597108.097120,0.005000,step_20,2,-0.020000,-0.020000,-0.020000,-0.019917,-0.019917,0.451345,0.003277,0.003277,0.000000,221774
26.020438,597108.102239,0.005000,step_20,2,-0.020000,-0.020000,-0.020000,-0.019564,-0.019564,0.420118,0.002706,0.002706,0.070773,221776
26.025446,597108.107388,0.005008,step_20,2,-0.020000,-0.020000,-0.020000,-0.018827,-0.018827,0.443724,0.003387,0.003387,0.147161,221778
26.030438,597108.112494,0.004993,step_20,2,-0.020000,-0.020000,-0.020000,-0.019689,-0.019689,0.504249,0.002778,0.002778,0.000000,221780
26.035437,597108.117596,0.004999,step_20,2,-0.020000,-0.020000,-0.020000,-0.019301,-0.019301,0.569620,0.003253,0.003253,0.077787,221782
26.040437,597108.122742,0.005000,step_20,2,-0.020000,-0.020000,-0.020000,-0.018410,-0.018410,0.588533,0.002702,0.002702,0.178128,221784
26.045438,597108.127890,0.005001,step_20,2,-0.020000,-0.020000,-0.020000,-0.019007,-0.019007,0.600863,0.003314,0.003314,0.000000,221786
26.050439,597108.133003,0.005001,step_20,2,-0.020000,-0.020000,-0.020000,-0.018770,-0.018770,0.620574,0.002787,0.002787,0.047255,221788
26.055437,597108.138122,0.004999,step_20,2,-0.020000,-0.020000,-0.020000,-0.018077,-0.018077,0.627039,0.003226,0.003226,0.138762,221790
26.060439,597108.143242,0.005002,step_20,2,-0.020000,-0.020000,-0.020000,-0.016812,-0.016812,0.631945,0.002719,0.002719,0.252790,221792
26.065437,597108.148346,0.004999,step_20,2,-0.020000,-0.020000,-0.020000,-0.019343,-0.019343,0.576836,0.003256,0.003256,0.000000,221794
26.070437,597108.153449,0.005000,step_20,2,-0.020000,-0.020000,-0.020000,-0.017821,-0.017821,0.434065,0.002613,0.002613,0.304558,221796
26.075437,597108.158573,0.005000,step_20,2,-0.020000,-0.020000,-0.020000,-0.019577,-0.019577,0.316748,0.003124,0.003124,0.000000,221798
26.080437,597108.163680,0.005000,step_20,2,-0.020000,-0.020000,-0.020000,-0.019402,-0.019402,0.294467,0.002602,0.002602,0.034990,221800
26.085439,597108.168827,0.005002,rest,2,0.000000,0.000000,0.000000,-0.020663,-0.020663,0.345072,0.003133,0.003133,0.000000,221802
26.090437,597108.173968,0.004998,rest,2,0.000000,0.000000,0.000000,-0.021015,-0.021015,0.444028,0.002547,0.002547,0.000000,221804
26.095438,597108.179090,0.005000,rest,2,0.000000,0.000000,0.000000,-0.019603,-0.019603,0.529361,0.003084,0.003084,0.282318,221806
26.100449,597108.184170,0.005011,rest,2,0.000000,0.000000,0.000000,-0.019289,-0.019289,0.574714,0.002678,0.002678,0.062635,221808
26.105437,597108.189249,0.004988,rest,2,0.000000,0.000000,0.000000,-0.019567,-0.019567,0.595479,0.003034,0.003034,0.000000,221810
26.110437,597108.194394,0.005000,rest,2,0.000000,0.000000,0.000000,-0.017624,-0.017624,0.553588,0.002429,0.002429,0.388577,221812
26.115438,597108.199519,0.005001,rest,2,0.000000,0.000000,0.000000,-0.021371,-0.021371,0.511096,0.003002,0.003002,0.000000,221814
26.120438,597108.204595,0.005000,rest,2,0.000000,0.000000,0.000000,-0.015073,-0.015073,0.525802,0.002405,0.002405,1.259727,221816
26.125437,597108.209675,0.005000,rest,2,0.000000,0.000000,0.000000,-0.011151,-0.011151,0.553421,0.002833,0.002833,0.784383,221818
26.130438,597108.214813,0.005000,rest,2,0.000000,0.000000,0.000000,-0.010893,-0.010893,0.603929,0.003306,0.003306,0.051578,221820
26.135437,597108.219941,0.005000,rest,2,0.000000,0.000000,0.000000,-0.010894,-0.010894,0.627167,0.002521,0.002521,0.000000,221822
26.140439,597108.225029,0.005002,rest,2,0.000000,0.000000,0.000000,-0.004202,-0.004202,0.728405,0.003054,0.003054,1.337679,221824
26.145438,597108.230119,0.004998,rest,2,0.000000,0.000000,0.000000,-0.004203,-0.004203,1.060857,0.002445,0.002445,0.000000,221826
26.150437,597108.235229,0.004999,rest,2,0.000000,0.000000,0.000000,-0.002813,-0.002813,1.284480,0.002907,0.002907,0.277959,221828
26.155437,597108.240355,0.005000,rest,2,0.000000,0.000000,0.000000,-0.001206,-0.001206,1.101982,0.002420,0.002420,0.321321,221830
26.160438,597108.245498,0.005000,rest,2,0.000000,0.000000,0.000000,0.000196,0.000196,0.736958,0.002843,0.002843,0.280516,221832
26.165437,597108.250641,0.005000,rest,2,0.000000,0.000000,0.000000,-0.000370,-0.000370,0.427121,0.003387,0.003387,0.000000,221834
26.170437,597108.255729,0.005000,rest,2,0.000000,0.000000,0.000000,-0.000209,-0.000209,0.332635,0.002911,0.002911,0.032152,221836
26.175437,597108.260961,0.005000,rest,2,0.000000,0.000000,0.000000,-0.000301,-0.000301,0.448162,0.003191,0.003191,0.000000,221838
26.180438,597108.266027,0.005000,rest,2,0.000000,0.000000,0.000000,-0.000701,-0.000701,0.601535,0.002664,0.002664,0.000000,221840
26.185437,597108.271135,0.005000,rest,2,0.000000,0.000000,0.000000,-0.000001,-0.000001,0.550723,0.003211,0.003211,0.139892,221842
26.190437,597108.276256,0.005000,rest,2,0.000000,0.000000,0.000000,-0.000280,-0.000280,0.351087,0.002750,0.002750,0.000000,221844
26.195439,597108.281384,0.005001,rest,2,0.000000,0.000000,0.000000,-0.000002,-0.000002,0.306654,0.003234,0.003234,0.055631,221846
26.200438,597108.286509,0.004999,rest,2,0.000000,0.000000,0.000000,-0.000002,-0.000002,0.385301,0.002775,0.002775,0.000000,221848
26.210437,597108.291588,0.010000,rest,2,0.000000,0.000000,0.000000,-0.000095,-0.000095,0.566594,0.002886,0.002886,0.041707,221852
26.215439,597108.296660,0.005001,rest,2,0.000000,0.000000,0.000000,-0.000351,-0.000351,0.572470,0.003432,0.003432,0.000000,221854
26.220438,597108.301785,0.004999,rest,2,0.000000,0.000000,0.000000,-0.000725,-0.000725,0.546543,0.002823,0.002823,0.000000,221856
26.220438,597108.306984,0.000001,rest,2,0.000000,0.000000,0.000000,-0.000725,-0.000725,0.546543,0.002823,0.002823,0.000000,221856
26.230846,597108.312106,0.010408,rest,2,0.000000,0.000000,0.000000,0.000933,0.000933,0.606483,0.003274,0.003274,0.202946,221860
26.235437,597108.317201,0.004591,rest,2,0.000000,0.000000,0.000000,-0.000143,-0.000143,0.670059,0.003320,0.003320,0.000000,221862
26.240438,597108.322285,0.005001,rest,2,0.000000,0.000000,0.000000,0.001002,0.001002,0.672973,0.002804,0.002804,0.228976,221864
26.245438,597108.327389,0.005000,rest,2,0.000000,0.000000,0.000000,0.001575,0.001575,0.584335,0.002314,0.002314,0.114510,221866
26.250438,597108.332522,0.005000,rest,2,0.000000,0.000000,0.000000,0.001153,0.001153,0.493652,0.002825,0.002825,0.000000,221868
26.255438,597108.337690,0.004999,rest,2,0.000000,0.000000,0.000000,0.000171,0.000171,0.452101,0.003335,0.003335,0.000000,221870
26.260438,597108.342789,0.005000,rest,2,0.000000,0.000000,0.000000,-0.000332,-0.000332,0.450194,0.002847,0.002847,0.000000,221872
26.265438,597108.347923,0.005000,rest,2,0.000000,0.000000,0.000000,0.000240,0.000240,0.428278,0.003158,0.003158,0.114543,221874
26.270438,597108.353118,0.005000,rest,2,0.000000,0.000000,0.000000,0.000813,0.000813,0.383702,0.002598,0.002598,0.114541,221876
26.275438,597108.358218,0.005001,rest,2,0.000000,0.000000,0.000000,-0.000251,-0.000251,0.407886,0.003192,0.003192,0.000000,221878
26.280438,597108.363316,0.004999,rest,2,0.000000,0.000000,0.000000,0.001796,0.001796,0.459330,0.002708,0.002708,0.409514,221880
26.285437,597108.368478,0.004999,rest,2,0.000000,0.000000,0.000000,0.000102,0.000102,0.478162,0.003321,0.003321,0.000000,221882
26.290439,597108.373611,0.005002,rest,2,0.000000,0.000000,0.000000,0.000137,0.000137,0.480375,0.002834,0.002834,0.007100,221884
26.295438,597108.378740,0.004999,rest,2,0.000000,0.000000,0.000000,-0.000251,-0.000251,0.515132,0.003383,0.003383,0.000000,221886
26.300438,597108.383860,0.005000,rest,2,0.000000,0.000000,0.000000,0.000170,0.000170,0.566471,0.002897,0.002897,0.084289,221888
26.305437,597108.388985,0.004999,rest,2,0.000000,0.000000,0.000000,0.000148,0.000148,0.571733,0.002378,0.002378,0.000000,221890
26.310437,597108.394068,0.005001,rest,2,0.000000,0.000000,0.000000,0.000078,0.000078,0.562013,0.002955,0.002955,0.000000,221892
26.315439,597108.399162,0.005001,rest,2,0.000000,0.000000,0.000000,0.000732,0.000732,0.596791,0.002485,0.002485,0.130620,221894
26.320438,597108.404241,0.005000,rest,2,0.000000,0.000000,0.000000,0.000732,0.000732,0.595811,0.003059,0.003059,0.000000,221896
26.325438,597108.409349,0.005000,rest,2,0.000000,0.000000,0.000000,0.000241,0.000241,0.566647,0.002572,0.002572,0.000000,221898
26.330438,597108.414470,0.005000,rest,2,0.000000,0.000000,0.000000,0.000241,0.000241,0.571635,0.003157,0.003157,0.000000,221900
26.335438,597108.419603,0.005000,rest,2,0.000000,0.000000,0.000000,-0.000170,-0.000170,0.559064,0.002648,0.002648,0.000000,221902
26.340438,597108.424692,0.005000,rest,2,0.000000,0.000000,0.000000,0.001386,0.001386,0.533005,0.002206,0.002206,0.311171,221904
26.345438,597108.429785,0.005000,rest,2,0.000000,0.000000,0.000000,0.001739,0.001739,0.510792,0.002714,0.002714,0.070436,221906
26.350439,597108.434905,0.005000,rest,2,0.000000,0.000000,0.000000,0.000814,0.000814,0.477890,0.003354,0.003354,0.000000,221908
26.355437,597108.440028,0.004998,rest,2,0.000000,0.000000,0.000000,0.002300,0.002300,0.458577,0.002776,0.002776,0.297394,221910
26.360438,597108.445115,0.005001,rest,2,0.000000,0.000000,0.000000,0.000791,0.000791,0.471978,0.002309,0.002309,0.000000,221912
26.365438,597108.450212,0.005000,rest,2,0.000000,0.000000,0.000000,0.000791,0.000791,0.468981,0.002813,0.002813,0.000000,221914
26.370438,597108.455308,0.005000,rest,2,0.000000,0.000000,0.000000,0.001305,0.001305,0.428570,0.003130,0.003130,0.102759,221916
26.375438,597108.460451,0.005000,rest,2,0.000000,0.000000,0.000000,-0.000963,-0.000963,0.434990,0.002583,0.002583,0.000000,221918
26.380437,597108.465587,0.004999,rest,2,0.000000,0.000000,0.000000,-0.000482,-0.000482,0.482825,0.003144,0.003144,0.096158,221920
26.385438,597108.470720,0.005000,rest,2,0.000000,0.000000,0.000000,0.001166,0.001166,0.537448,0.002660,0.002660,0.329531,221922
26.390439,597108.475852,0.005002,rest,2,0.000000,0.000000,0.000000,-0.000665,-0.000665,0.594157,0.003231,0.003231,0.000000,221924
26.395437,597108.480982,0.004998,rest,2,0.000000,0.000000,0.000000,-0.000412,-0.000412,0.636051,0.002714,0.002714,0.050673,221926
26.400438,597108.486094,0.005000,rest,2,0.000000,0.000000,0.000000,0.000031,0.000031,0.626603,0.002259,0.002259,0.088667,221928
26.405437,597108.491189,0.005000,rest,2,0.000000,0.000000,0.000000,0.001317,0.001317,0.537745,0.002809,0.002809,0.257189,221930
26.410439,597108.496303,0.005001,rest,2,0.000000,0.000000,0.000000,0.000404,0.000404,0.491059,0.002363,0.002363,0.000000,221932
26.420438,597108.501451,0.009999,rest,2,0.000000,0.000000,0.000000,0.000323,0.000323,0.500743,0.003208,0.003208,0.000000,221936
26.425438,597108.506565,0.005000,rest,2,0.000000,0.000000,0.000000,-0.000331,-0.000331,0.476333,0.002679,0.002679,0.000000,221938
26.430437,597108.511793,0.005000,rest,2,0.000000,0.000000,0.000000,0.000487,0.000487,0.481223,0.003263,0.003263,0.163554,221940
26.435438,597108.517004,0.005000,rest,2,0.000000,0.000000,0.000000,0.000324,0.000324,0.475015,0.002595,0.002595,0.000000,221942
26.440438,597108.522099,0.005000,rest,2,0.000000,0.000000,0.000000,0.001961,0.001961,0.449822,0.002938,0.002938,0.327500,221944
26.445437,597108.527225,0.005000,rest,2,0.000000,0.000000,0.000000,0.000897,0.000897,0.469438,0.002311,0.002311,0.000000,221946
26.450438,597108.532364,0.005000,rest,2,0.000000,0.000000,0.000000,0.000827,0.000827,0.511886,0.002830,0.002830,0.000000,221948
26.455438,597108.537485,0.005000,rest,2,0.000000,0.000000,0.000000,0.001962,0.001962,0.522492,0.003157,0.003157,0.226967,221950
26.460437,597108.542613,0.005000,rest,2,0.000000,0.000000,0.000000,0.000804,0.000804,0.545569,0.002649,0.002649,0.000000,221952
26.465438,597108.547723,0.005000,rest,2,0.000000,0.000000,0.000000,0.001318,0.001318,0.578013,0.003254,0.003254,0.102812,221954
26.470438,597108.552850,0.005000,rest,2,0.000000,0.000000,0.000000,0.000336,0.000336,0.572159,0.002809,0.002809,0.000000,221956
26.475438,597108.557956,0.005000,rest,2,0.000000,0.000000,0.000000,0.001389,0.001389,0.546935,0.002346,0.002346,0.210527,221958
26.480439,597108.563037,0.005000,rest,2,0.000000,0.000000,0.000000,0.001389,0.001389,0.543373,0.002951,0.002951,0.000000,221960
26.485437,597108.568128,0.004999,rest,2,0.000000,0.000000,0.000000,0.001308,0.001308,0.565815,0.002336,0.002336,0.000000,221962
26.490437,597108.573204,0.005000,rest,2,0.000000,0.000000,0.000000,0.002513,0.002513,0.581838,0.002874,0.002874,0.241024,221964
26.495438,597108.578330,0.005000,rest,2,0.000000,0.000000,0.000000,0.000898,0.000898,0.561442,0.002388,0.002388,0.000000,221966
26.500438,597108.583475,0.005000,rest,2,0.000000,0.000000,0.000000,0.001401,0.001401,0.509179,0.002968,0.002968,0.100570,221968
26.505439,597108.588589,0.005001,rest,2,0.000000,0.000000,0.000000,0.000337,0.000337,0.466793,0.002506,0.002506,0.000000,221970
26.510439,597108.593736,0.005000,rest,2,0.000000,0.000000,0.000000,0.000758,0.000758,0.457139,0.003051,0.003051,0.084208,221972
26.515437,597108.598945,0.004999,rest,2,0.000000,0.000000,0.000000,0.000408,0.000408,0.453724,0.002421,0.002421,0.000000,221974
26.520437,597108.604059,0.005000,rest,2,0.000000,0.000000,0.000000,-0.000165,-0.000165,0.462881,0.002929,0.002929,0.000000,221976
26.525440,597108.609174,0.005003,rest,2,0.000000,0.000000,0.000000,-0.000236,-0.000236,0.487568,0.002373,0.002373,0.000000,221978
26.530439,597108.614278,0.004999,rest,2,0.000000,0.000000,0.000000,-0.001235,-0.001235,0.509508,0.002878,0.002878,0.000000,221980
26.535438,597108.619400,0.004999,rest,2,0.000000,0.000000,0.000000,-0.000165,-0.000165,0.508501,0.002322,0.002322,0.214044,221982
26.540439,597108.624522,0.005001,rest,2,0.000000,0.000000,0.000000,-0.000902,-0.000902,0.484430,0.002849,0.002849,0.000000,221984
26.545438,597108.629728,0.005000,rest,2,0.000000,0.000000,0.000000,-0.000732,-0.000732,0.471024,0.003332,0.003332,0.034011,221986
26.550438,597108.634850,0.004999,rest,2,0.000000,0.000000,0.000000,0.000186,0.000186,0.473398,0.002772,0.002772,0.183469,221988
26.555438,597108.640009,0.005000,rest,2,0.000000,0.000000,0.000000,-0.000241,-0.000241,0.516329,0.003246,0.003246,0.000000,221990
26.560438,597108.645115,0.005000,rest,2,0.000000,0.000000,0.000000,-0.000328,-0.000328,0.579869,0.002641,0.002641,0.000000,221992
26.565438,597108.650282,0.005000,rest,2,0.000000,0.000000,0.000000,-0.000760,-0.000760,0.602306,0.003211,0.003211,0.000000,221994
26.570438,597108.655434,0.005000,rest,2,0.000000,0.000000,0.000000,-0.000737,-0.000737,0.561365,0.002704,0.002704,0.004601,221996
26.575438,597108.660557,0.005000,rest,2,0.000000,0.000000,0.000000,-0.000878,-0.000878,0.520517,0.003225,0.003225,0.000000,221998
26.580438,597108.665680,0.005000,rest,2,0.000000,0.000000,0.000000,0.001474,0.001474,0.521369,0.002663,0.002663,0.470442,222000
26.585438,597108.670822,0.005001,step_25,2,0.025000,0.025000,0.025000,0.000328,0.000328,0.542577,0.003136,0.003136,0.000000,222002
26.590438,597108.675938,0.005000,step_25,2,0.025000,0.025000,0.025000,-0.001038,-0.001038,0.553639,0.002610,0.002610,0.000000,222004
26.595438,597108.681051,0.005000,step_25,2,0.025000,0.025000,0.025000,0.001250,0.001250,0.521512,0.003141,0.003141,0.457833,222006
26.600439,597108.686192,0.005001,step_25,2,0.025000,0.025000,0.025000,-0.002173,-0.002173,0.484972,0.002610,0.002610,0.000000,222008
26.605438,597108.691313,0.004999,step_25,2,0.025000,0.025000,0.025000,0.000328,0.000328,0.472175,0.003114,0.003114,0.500403,222010
26.610438,597108.696426,0.005000,step_25,2,0.025000,0.025000,0.025000,-0.000736,-0.000736,0.467585,0.002604,0.002604,0.000000,222012
26.620438,597108.701579,0.010000,step_25,2,0.025000,0.025000,0.025000,0.000819,0.000819,0.552923,0.002651,0.002651,0.147691,222016
26.625438,597108.706727,0.005000,step_25,2,0.025000,0.025000,0.025000,0.004454,0.004454,0.574504,0.003225,0.003225,0.726941,222018
26.630438,597108.711844,0.005000,step_25,2,0.025000,0.025000,0.025000,0.008899,0.008899,0.588269,0.002627,0.002627,0.889046,222020
26.635438,597108.717012,0.005000,step_25,2,0.025000,0.025000,0.025000,0.006363,0.006363,0.661034,0.003209,0.003209,0.000000,222022
26.640439,597108.722141,0.005001,step_25,2,0.025000,0.025000,0.025000,0.006363,0.006363,0.785821,0.002721,0.002721,0.000000,222024
26.645439,597108.727261,0.005000,step_25,2,0.025000,0.025000,0.025000,0.019032,0.019032,0.831522,0.003231,0.003231,2.533765,222026
26.650437,597108.732382,0.004999,step_25,2,0.025000,0.025000,0.025000,0.019032,0.019032,0.835172,0.002646,0.002646,0.000011,222028
26.655438,597108.737523,0.005001,step_25,2,0.025000,0.025000,0.025000,0.017850,0.017850,0.954563,0.003164,0.003164,0.000000,222030
26.660438,597108.742632,0.004999,step_25,2,0.025000,0.025000,0.025000,0.023212,0.023212,1.013320,0.002630,0.002630,1.072547,222032
26.665437,597108.747744,0.004999,step_25,2,0.025000,0.025000,0.025000,0.028538,0.028538,0.967709,0.003144,0.003144,1.065417,222034
26.670437,597108.752864,0.005000,step_25,2,0.025000,0.025000,0.025000,0.026953,0.026953,0.951764,0.002578,0.002578,0.000000,222036
26.675440,597108.757980,0.005003,step_25,2,0.025000,0.025000,0.025000,0.028248,0.028248,0.917778,0.003152,0.003152,0.258810,222038
26.680439,597108.763048,0.004998,step_25,2,0.025000,0.025000,0.025000,0.025805,0.025805,0.787862,0.002605,0.002605,0.000000,222040
26.685438,597108.768162,0.004999,step_25,2,0.025000,0.025000,0.025000,0.027787,0.027787,0.496813,0.003154,0.003154,0.396415,222042
26.690437,597108.773280,0.005000,step_25,2,0.025000,0.025000,0.025000,0.027616,0.027616,0.184430,0.002565,0.002565,0.000000,222044
26.695439,597108.778386,0.005002,step_25,2,0.025000,0.025000,0.025000,0.023097,0.023097,0.075845,0.003164,0.003164,0.000000,222046
26.700438,597108.783499,0.004999,step_25,2,0.025000,0.025000,0.025000,0.023145,0.023145,0.187963,0.002623,0.002623,0.009548,222048
26.705440,597108.788598,0.005002,step_25,2,0.025000,0.025000,0.025000,0.024507,0.024507,0.373251,0.003091,0.003091,0.272273,222050
26.710438,597108.793709,0.004998,step_25,2,0.025000,0.025000,0.025000,0.021199,0.021199,0.530797,0.003239,0.003239,0.000000,222052
26.715438,597108.798819,0.004999,step_25,2,0.025000,0.025000,0.025000,0.023043,0.023043,0.615601,0.002652,0.002652,0.368848,222054
26.720437,597108.803928,0.005000,step_25,2,0.025000,0.025000,0.025000,0.024836,0.024836,0.624106,0.003075,0.003075,0.358645,222056
26.725438,597108.809043,0.005000,step_25,2,0.025000,0.025000,0.025000,0.028561,0.028561,0.612313,0.002491,0.002491,0.744997,222058
26.730437,597108.814148,0.004999,step_25,2,0.025000,0.025000,0.025000,0.026637,0.026637,0.571982,0.003071,0.003071,0.000000,222060
26.735453,597108.819282,0.005016,step_25,2,0.025000,0.025000,0.025000,0.026216,0.026216,0.458233,0.002648,0.002648,0.000000,222062
26.740437,597108.824427,0.004985,step_25,2,0.025000,0.025000,0.025000,0.024474,0.024474,0.402697,0.003124,0.003124,0.000000,222064
26.745441,597108.829575,0.005003,step_25,2,0.025000,0.025000,0.025000,0.022514,0.022514,0.467138,0.002655,0.002655,0.000000,222066
26.750439,597108.834688,0.004998,step_25,2,0.025000,0.025000,0.025000,0.024108,0.024108,0.537784,0.003296,0.003296,0.318888,222068
26.755437,597108.839798,0.004998,step_25,2,0.025000,0.025000,0.025000,0.021462,0.021462,0.612179,0.002820,0.002820,0.000000,222070
26.760437,597108.844914,0.005001,step_25,2,0.025000,0.025000,0.025000,0.022629,0.022629,0.688485,0.002317,0.002317,0.233380,222072
26.765439,597108.850025,0.005002,step_25,2,0.025000,0.025000,0.025000,0.024070,0.024070,0.710276,0.002882,0.002882,0.288075,222074
26.770437,597108.855201,0.004998,step_25,2,0.025000,0.025000,0.025000,0.024637,0.024637,0.667748,0.002428,0.002428,0.113534,222076
26.775437,597108.860310,0.005000,step_25,2,0.025000,0.025000,0.025000,0.026413,0.026413,0.590079,0.003004,0.003004,0.355240,222078
26.780438,597108.865414,0.005000,step_25,2,0.025000,0.025000,0.025000,0.025590,0.025590,0.490187,0.002535,0.002535,0.000000,222080
26.785437,597108.870522,0.004999,step_25,2,0.025000,0.025000,0.025000,0.025615,0.025615,0.424564,0.003135,0.003135,0.005004,222082
26.790438,597108.875668,0.005001,step_25,2,0.025000,0.025000,0.025000,0.026155,0.026155,0.464177,0.002634,0.002634,0.107883,222084
26.795439,597108.880774,0.005001,step_25,2,0.025000,0.025000,0.025000,0.024029,0.024029,0.515413,0.003239,0.003239,0.000000,222086
26.800438,597108.885875,0.004998,step_25,2,0.025000,0.025000,0.025000,0.024029,0.024029,0.535527,0.002778,0.002778,0.000013,222088
26.805438,597108.890987,0.005000,step_25,2,0.025000,0.025000,0.025000,0.025951,0.025951,0.535748,0.003342,0.003342,0.384406,222090
26.810437,597108.896097,0.004999,step_25,2,0.025000,0.025000,0.025000,0.025951,0.025951,0.528844,0.002847,0.002847,0.000010,222092
26.815437,597108.901206,0.005000,step_25,2,0.025000,0.025000,0.025000,0.023042,0.023042,0.532655,0.003440,0.003440,0.000000,222094
26.825438,597108.906347,0.010000,step_25,2,0.025000,0.025000,0.025000,0.026825,0.026825,0.471466,0.002440,0.002440,0.766376,222098
26.830439,597108.911483,0.005001,step_25,2,0.025000,0.025000,0.025000,0.023342,0.023342,0.358658,0.002977,0.002977,0.000000,222100
26.835437,597108.916634,0.004998,step_25,2,0.025000,0.025000,0.025000,0.023615,0.023615,0.464170,0.002467,0.002467,0.054657,222102
26.840438,597108.921744,0.005001,step_25,2,0.025000,0.025000,0.025000,0.024893,0.024893,0.543774,0.003045,0.003045,0.255438,222104
26.845438,597108.926855,0.004999,step_25,2,0.025000,0.025000,0.025000,0.024976,0.024976,0.566141,0.002590,0.002590,0.016611,222106
26.850437,597108.931963,0.004999,step_25,2,0.025000,0.025000,0.025000,0.025187,0.025187,0.588775,0.003061,0.003061,0.042257,222108
26.855437,597108.937128,0.005000,step_25,2,0.025000,0.025000,0.025000,0.024532,0.024532,0.588798,0.002494,0.002494,0.000000,222110
26.860438,597108.942227,0.005000,step_25,2,0.025000,0.025000,0.025000,0.025265,0.025265,0.563332,0.003094,0.003094,0.146572,222112
26.865438,597108.947321,0.005001,step_25,2,0.025000,0.025000,0.025000,0.025441,0.025441,0.526550,0.002562,0.002562,0.035277,222114
26.870438,597108.952429,0.005000,step_25,2,0.025000,0.025000,0.025000,0.021713,0.021713,0.431019,0.003151,0.003151,0.000000,222116
26.875439,597108.957529,0.005001,step_25,2,0.025000,0.025000,0.025000,0.023986,0.023986,0.288441,0.002682,0.002682,0.454528,222118
26.880438,597108.962686,0.004998,step_25,2,0.025000,0.025000,0.025000,0.023889,0.023889,0.234774,0.003240,0.003240,0.000000,222120
26.885438,597108.967839,0.005000,step_25,2,0.025000,0.025000,0.025000,0.023780,0.023780,0.363244,0.002863,0.002863,0.000000,222122
26.890438,597108.972946,0.005000,step_25,2,0.025000,0.025000,0.025000,0.022848,0.022848,0.551765,0.002363,0.002363,0.000000,222124
26.895438,597108.978036,0.005000,step_25,2,0.025000,0.025000,0.025000,0.022349,0.022349,0.601054,0.002626,0.002626,0.000000,222126
26.900437,597108.983145,0.004999,step_25,2,0.025000,0.025000,0.025000,0.025597,0.025597,0.624103,0.003076,0.003076,0.649718,222128
26.905438,597108.988266,0.005001,step_25,2,0.025000,0.025000,0.025000,0.024381,0.024381,0.666397,0.002538,0.002538,0.000000,222130
26.910438,597108.993377,0.004999,step_25,2,0.025000,0.025000,0.025000,0.024014,0.024014,0.563235,0.003148,0.003148,0.000000,222132
26.915440,597108.998486,0.005002,step_25,2,0.025000,0.025000,0.025000,0.027760,0.027760,0.377066,0.002624,0.002624,0.748919,222134
26.920493,597109.003595,0.005053,step_25,2,0.025000,0.025000,0.025000,0.023868,0.023868,0.237572,0.003401,0.003401,0.000000,222136
26.925437,597109.008753,0.004945,step_25,2,0.025000,0.025000,0.025000,0.022187,0.022187,0.241442,0.002866,0.002866,0.000000,222138
26.930438,597109.013879,0.005000,step_25,2,0.025000,0.025000,0.025000,0.024150,0.024150,0.318360,0.002325,0.002325,0.392586,222140
26.935437,597109.018992,0.004999,step_25,2,0.025000,0.025000,0.025000,0.024532,0.024532,0.398897,0.002901,0.002901,0.076282,222142
26.940438,597109.024118,0.005001,step_25,2,0.025000,0.025000,0.025000,0.024532,0.024532,0.527286,0.002335,0.002335,0.000000,222144
26.945438,597109.029231,0.005001,step_25,2,0.025000,0.025000,0.025000,0.025364,0.025364,0.664307,0.002863,0.002863,0.166512,222146
26.950438,597109.034340,0.004999,step_25,2,0.025000,0.025000,0.025000,0.025364,0.025364,0.687263,0.003228,0.003228,0.000000,222148
26.955437,597109.039502,0.005000,step_25,2,0.025000,0.025000,0.025000,0.029227,0.029227,0.519691,0.002715,0.002715,0.772613,222150
26.960437,597109.044643,0.005000,step_25,2,0.025000,0.025000,0.025000,0.028068,0.028068,0.387720,0.003207,0.003207,0.000000,222152
26.965437,597109.049777,0.005000,step_25,2,0.025000,0.025000,0.025000,0.024494,0.024494,0.413404,0.002688,0.002688,0.000000,222154
26.970437,597109.054885,0.005000,step_25,2,0.025000,0.025000,0.025000,0.022893,0.022893,0.426500,0.003240,0.003240,0.000000,222156
26.975438,597109.060006,0.005001,step_25,2,0.025000,0.025000,0.025000,0.023807,0.023807,0.385263,0.002741,0.002741,0.182860,222158
26.980440,597109.065112,0.005002,step_25,2,0.025000,0.025000,0.025000,0.019055,0.019055,0.395676,0.003326,0.003326,0.000000,222160
26.985437,597109.070220,0.004998,step_25,2,0.025000,0.025000,0.025000,0.019901,0.019901,0.382244,0.002875,0.002875,0.169340,222162
26.990438,597109.075333,0.005001,step_25,2,0.025000,0.025000,0.025000,0.019540,0.019540,0.353803,0.002401,0.002401,0.000000,222164
26.995438,597109.080432,0.005000,step_25,2,0.025000,0.025000,0.025000,0.022427,0.022427,0.418946,0.002731,0.002731,0.577558,222166
27.000445,597109.085542,0.005007,step_25,2,0.025000,0.025000,0.025000,0.022492,0.022492,0.520204,0.003324,0.003324,0.012868,222168
27.005439,597109.090650,0.004995,step_25,2,0.025000,0.025000,0.025000,0.023960,0.023960,0.582663,0.002859,0.002859,0.293878,222170
27.010439,597109.095794,0.004999,step_25,2,0.025000,0.025000,0.025000,0.022598,0.022598,0.564059,0.002378,0.002378,0.000000,222172
27.015440,597109.100953,0.005001,step_25,2,0.025000,0.025000,0.025000,0.026342,0.026342,0.544563,0.003039,0.003039,0.748609,222174
27.020438,597109.106123,0.004998,step_25,2,0.025000,0.025000,0.025000,0.024608,0.024608,0.546983,0.002505,0.002505,0.000000,222176
27.030438,597109.111312,0.010000,step_25,2,0.025000,0.025000,0.025000,0.026339,0.026339,0.495882,0.002743,0.002743,0.009957,222180
27.035438,597109.116421,0.005000,step_25,2,0.025000,0.025000,0.025000,0.025490,0.025490,0.450838,0.003150,0.003150,0.000000,222182
27.040437,597109.121534,0.004999,step_25,2,0.025000,0.025000,0.025000,0.021828,0.021828,0.380407,0.002621,0.002621,0.000000,222184
27.045439,597109.126683,0.005002,step_25,2,0.025000,0.025000,0.025000,0.022745,0.022745,0.282907,0.003147,0.003147,0.183306,222186
27.050439,597109.131835,0.005000,step_25,2,0.025000,0.025000,0.025000,0.022859,0.022859,0.270454,0.002658,0.002658,0.022717,222188
27.055437,597109.136983,0.004999,step_25,2,0.025000,0.025000,0.025000,0.020736,0.020736,0.324888,0.003266,0.003266,0.000000,222190
27.060437,597109.142124,0.004999,step_25,2,0.025000,0.025000,0.025000,0.024266,0.024266,0.442620,0.002870,0.002870,0.705971,222192
27.065438,597109.147235,0.005001,step_25,2,0.025000,0.025000,0.025000,0.026413,0.026413,0.584194,0.002240,0.002240,0.429482,222194
27.070438,597109.152346,0.005000,step_25,2,0.025000,0.025000,0.025000,0.028371,0.028371,0.658256,0.002799,0.002799,0.391438,222196
27.075439,597109.157486,0.005001,step_25,2,0.025000,0.025000,0.025000,0.026042,0.026042,0.707366,0.003157,0.003157,0.000000,222198
27.080437,597109.162630,0.004998,step_25,2,0.025000,0.025000,0.025000,0.026042,0.026042,0.691697,0.002403,0.002403,0.000000,222200
27.085437,597109.167751,0.005001,step_25,2,0.025000,0.025000,0.025000,0.027798,0.027798,0.584195,0.002948,0.002948,0.351007,222202
27.090445,597109.172868,0.005008,step_25,2,0.025000,0.025000,0.025000,0.027798,0.027798,0.435611,0.002623,0.002623,0.000000,222204
27.095443,597109.177969,0.004998,step_25,2,0.025000,0.025000,0.025000,0.023077,0.023077,0.339506,0.003200,0.003200,0.000000,222206
27.100444,597109.183055,0.005001,step_25,2,0.025000,0.025000,0.025000,0.023077,0.023077,0.303261,0.002509,0.002509,0.000000,222208
27.105437,597109.188166,0.004993,step_25,2,0.025000,0.025000,0.025000,0.024680,0.024680,0.272463,0.002954,0.002954,0.321063,222210
27.110437,597109.193274,0.005001,step_25,2,0.025000,0.025000,0.025000,0.024228,0.024228,0.304674,0.002490,0.002490,0.000000,222212
27.115441,597109.198396,0.005003,step_25,2,0.025000,0.025000,0.025000,0.021850,0.021850,0.405731,0.003197,0.003197,0.000000,222214
27.120937,597109.203550,0.005496,step_25,2,0.025000,0.025000,0.025000,0.023469,0.023469,0.475291,0.003137,0.003137,0.294575,222216
27.125518,597109.208652,0.004581,step_25,2,0.025000,0.025000,0.025000,0.026420,0.026420,0.462249,0.003299,0.003299,0.644215,222218
27.130438,597109.213748,0.004920,step_25,2,0.025000,0.025000,0.025000,0.026306,0.026306,0.492588,0.002709,0.002709,0.000000,222220
27.135438,597109.218867,0.005000,step_25,2,0.025000,0.025000,0.025000,0.024628,0.024628,0.528056,0.003285,0.003285,0.000000,222222
27.140438,597109.223979,0.005001,step_25,2,0.025000,0.025000,0.025000,0.025695,0.025695,0.457129,0.002853,0.002853,0.213305,222224
27.145438,597109.229060,0.005000,step_25,2,0.025000,0.025000,0.025000,0.026456,0.026456,0.372409,0.002437,0.002437,0.152281,222226
27.150438,597109.234198,0.005000,step_25,2,0.025000,0.025000,0.025000,0.026200,0.026200,0.281014,0.002906,0.002906,0.000000,222228
27.155438,597109.239312,0.005000,step_25,2,0.025000,0.025000,0.025000,0.021907,0.021907,0.252416,0.002355,0.002355,0.000000,222230
27.160437,597109.244428,0.004999,step_25,2,0.025000,0.025000,0.025000,0.021867,0.021867,0.282315,0.002977,0.002977,0.000000,222232
27.165438,597109.249586,0.005001,step_25,2,0.025000,0.025000,0.025000,0.021164,0.021164,0.329471,0.002494,0.002494,0.000000,222234
27.170437,597109.254702,0.004999,step_25,2,0.025000,0.025000,0.025000,0.021642,0.021642,0.372203,0.003048,0.003048,0.095560,222236
27.175438,597109.259908,0.005001,step_25,2,0.025000,0.025000,0.025000,0.022962,0.022962,0.401652,0.002513,0.002513,0.263912,222238
27.180438,597109.265104,0.005000,step_25,2,0.025000,0.025000,0.025000,0.023709,0.023709,0.472050,0.003105,0.003105,0.149538,222240
27.185437,597109.270221,0.005000,step_25,2,0.025000,0.025000,0.025000,0.024658,0.024658,0.565442,0.002584,0.002584,0.189749,222242
27.190438,597109.275337,0.005001,step_25,2,0.025000,0.025000,0.025000,0.024455,0.024455,0.600863,0.003217,0.003217,0.000000,222244
27.195442,597109.280482,0.005003,step_25,2,0.025000,0.025000,0.025000,0.025269,0.025269,0.538919,0.002825,0.002825,0.162729,222246
27.200438,597109.285633,0.004996,step_25,2,0.025000,0.025000,0.025000,0.024950,0.024950,0.454782,0.002323,0.002323,0.000000,222248
27.205438,597109.290746,0.005000,step_25,2,0.025000,0.025000,0.025000,0.023500,0.023500,0.398762,0.002939,0.002939,0.000000,222250
27.210440,597109.295896,0.005002,step_25,2,0.025000,0.025000,0.025000,0.023993,0.023993,0.370769,0.002483,0.002483,0.098458,222252
27.215439,597109.301018,0.004998,step_25,2,0.025000,0.025000,0.025000,0.024019,0.024019,0.386515,0.003181,0.003181,0.005365,222254
27.220438,597109.306130,0.004999,step_25,2,0.025000,0.025000,0.025000,0.023494,0.023494,0.424548,0.002750,0.002750,0.000000,222256
27.225448,597109.311231,0.005011,step_25,2,0.025000,0.025000,0.025000,0.023709,0.023709,0.435238,0.002388,0.002388,0.042934,222258
27.230438,597109.316337,0.004990,step_25,2,0.025000,0.025000,0.025000,0.023709,0.023709,0.426234,0.002926,0.002926,0.000000,222260
27.235440,597109.321442,0.005002,step_25,2,0.025000,0.025000,0.025000,0.025094,0.025094,0.470451,0.002506,0.002506,0.276823,222262
27.245438,597109.326601,0.009998,step_25,2,0.025000,0.025000,0.025000,0.024505,0.024505,0.520312,0.002700,0.002700,0.000000,222266
27.250442,597109.331729,0.005005,step_25,2,0.025000,0.025000,0.025000,0.024487,0.024487,0.496416,0.003408,0.003408,0.000000,222268
27.255439,597109.336841,0.004996,step_25,2,0.025000,0.025000,0.025000,0.024563,0.024563,0.448667,0.002910,0.002910,0.015256,222270
27.260438,597109.341988,0.004999,step_25,2,0.025000,0.025000,0.025000,0.024530,0.024530,0.403118,0.002405,0.002405,0.000000,222272
27.265438,597109.347128,0.005001,step_25,2,0.025000,0.025000,0.025000,0.026342,0.026342,0.392098,0.002940,0.002940,0.362256,222274
27.270437,597109.352255,0.004999,step_25,2,0.025000,0.025000,0.025000,0.023443,0.023443,0.372779,0.002443,0.002443,0.000000,222276
27.275439,597109.357400,0.005002,step_25,2,0.025000,0.025000,0.025000,0.022251,0.022251,0.392664,0.003121,0.003121,0.000000,222278
27.280439,597109.362552,0.005000,step_25,2,0.025000,0.025000,0.025000,0.023874,0.023874,0.462727,0.002628,0.002628,0.324600,222280
27.285437,597109.367656,0.004999,step_25,2,0.025000,0.025000,0.025000,0.023825,0.023825,0.511763,0.003297,0.003297,0.000000,222282
27.290440,597109.372751,0.005003,step_25,2,0.025000,0.025000,0.025000,0.024201,0.024201,0.532614,0.002881,0.002881,0.075018,222284
27.295451,597109.377890,0.005011,step_25,2,0.025000,0.025000,0.025000,0.023117,0.023117,0.465363,0.002514,0.002514,0.000000,222286
27.300438,597109.383000,0.004987,step_25,2,0.025000,0.025000,0.025000,0.025631,0.025631,0.412675,0.003042,0.003042,0.504159,222288
27.305438,597109.388118,0.005001,step_25,2,0.025000,0.025000,0.025000,0.022214,0.022214,0.430944,0.002565,0.002565,0.000000,222290
27.310440,597109.393233,0.005001,step_25,2,0.025000,0.025000,0.025000,0.024112,0.024112,0.372783,0.003274,0.003274,0.379552,222292
27.315439,597109.398340,0.004999,step_25,2,0.025000,0.025000,0.025000,0.022940,0.022940,0.342162,0.002842,0.002842,0.000000,222294
27.320438,597109.403491,0.004999,step_25,2,0.025000,0.025000,0.025000,0.024069,0.024069,0.422677,0.002367,0.002367,0.225763,222296
27.325438,597109.408599,0.005000,step_25,2,0.025000,0.025000,0.025000,0.023087,0.023087,0.402520,0.002937,0.002937,0.000000,222298
27.330438,597109.413752,0.005000,step_25,2,0.025000,0.025000,0.025000,0.025399,0.025399,0.329650,0.002443,0.002443,0.462378,222300
27.335438,597109.418911,0.005000,step_25,2,0.025000,0.025000,0.025000,0.026277,0.026277,0.369208,0.003005,0.003005,0.175513,222302
27.340437,597109.424026,0.005000,step_25,2,0.025000,0.025000,0.025000,0.025290,0.025290,0.435608,0.002418,0.002418,0.000000,222304
27.345437,597109.429139,0.004999,step_25,2,0.025000,0.025000,0.025000,0.023865,0.023865,0.469201,0.002990,0.002990,0.000000,222306
27.350438,597109.434246,0.005001,step_25,2,0.025000,0.025000,0.025000,0.025159,0.025159,0.507001,0.002427,0.002427,0.258876,222308
27.355439,597109.439404,0.005001,step_25,2,0.025000,0.025000,0.025000,0.025795,0.025795,0.522194,0.002979,0.002979,0.127188,222310
27.360438,597109.444560,0.004999,step_25,2,0.025000,0.025000,0.025000,0.024746,0.024746,0.508008,0.002409,0.002409,0.000000,222312
27.365439,597109.449709,0.005000,step_25,2,0.025000,0.025000,0.025000,0.024122,0.024122,0.474290,0.002918,0.002918,0.000000,222314
27.370438,597109.454856,0.004999,step_25,2,0.025000,0.025000,0.025000,0.025160,0.025160,0.430621,0.002394,0.002394,0.207564,222316
27.375438,597109.460012,0.005000,step_25,2,0.025000,0.025000,0.025000,0.022607,0.022607,0.426520,0.002919,0.002919,0.000000,222318
27.380438,597109.465120,0.005000,step_25,2,0.025000,0.025000,0.025000,0.027431,0.027431,0.442581,0.002380,0.002380,0.964768,222320
27.385437,597109.470229,0.004999,step_25,2,0.025000,0.025000,0.025000,0.027376,0.027376,0.431431,0.002959,0.002959,0.000000,222322
27.390438,597109.475354,0.005001,step_25,2,0.025000,0.025000,0.025000,0.024098,0.024098,0.443310,0.002404,0.002404,0.000000,222324
27.395438,597109.480496,0.005000,step_25,2,0.025000,0.025000,0.025000,0.026462,0.026462,0.482256,0.003012,0.003012,0.472792,222326
27.400449,597109.485643,0.005011,step_25,2,0.025000,0.025000,0.025000,0.026462,0.026462,0.426565,0.002618,0.002618,0.000000,222328
27.405438,597109.490754,0.004988,step_25,2,0.025000,0.025000,0.025000,0.026377,0.026377,0.385546,0.003161,0.003161,0.000000,222330
27.410438,597109.495863,0.005000,step_25,2,0.025000,0.025000,0.025000,0.026377,0.026377,0.438602,0.002706,0.002706,0.000000,222332
27.415440,597109.500980,0.005002,step_25,2,0.025000,0.025000,0.025000,0.026495,0.026495,0.393101,0.003253,0.003253,0.023705,222334
27.420439,597109.506060,0.004999,step_25,2,0.025000,0.025000,0.025000,0.024852,0.024852,0.328783,0.002644,0.002644,0.000000,222336
27.425438,597109.511171,0.004999,step_25,2,0.025000,0.025000,0.025000,0.022569,0.022569,0.349340,0.003229,0.003229,0.000000,222338
27.430440,597109.516278,0.005001,step_25,2,0.025000,0.025000,0.025000,0.023515,0.023515,0.324702,0.002698,0.002698,0.189048,222340
27.435438,597109.521396,0.004999,step_25,2,0.025000,0.025000,0.025000,0.023650,0.023650,0.326946,0.003210,0.003210,0.027108,222342
27.440437,597109.526522,0.004999,step_25,2,0.025000,0.025000,0.025000,0.023289,0.023289,0.384496,0.002666,0.002666,0.000000,222344
27.450438,597109.531703,0.010001,step_25,2,0.025000,0.025000,0.025000,0.026640,0.026640,0.447725,0.002739,0.002739,0.000000,222348
27.455437,597109.536819,0.004999,step_25,2,0.025000,0.025000,0.025000,0.026222,0.026222,0.483387,0.003266,0.003266,0.000000,222350
27.460438,597109.541984,0.005000,step_25,2,0.025000,0.025000,0.025000,0.026179,0.026179,0.457765,0.002725,0.002725,0.000000,222352
27.465439,597109.547065,0.005001,step_25,2,0.025000,0.025000,0.025000,0.025629,0.025629,0.467607,0.003224,0.003224,0.000000,222354
27.470437,597109.552174,0.004998,step_25,2,0.025000,0.025000,0.025000,0.024016,0.024016,0.474725,0.002664,0.002664,0.000000,222356
27.475438,597109.557283,0.005001,step_25,2,0.025000,0.025000,0.025000,0.025079,0.025079,0.349895,0.003129,0.003129,0.212531,222358
27.480437,597109.562425,0.004999,step_25,2,0.025000,0.025000,0.025000,0.023207,0.023207,0.231434,0.002520,0.002520,0.000000,222360
27.485437,597109.567551,0.005000,step_25,2,0.025000,0.025000,0.025000,0.024697,0.024697,0.234228,0.003075,0.003075,0.298135,222362
27.490439,597109.572661,0.005001,step_25,2,0.025000,0.025000,0.025000,0.020842,0.020842,0.312517,0.002590,0.002590,0.000000,222364
27.495437,597109.577768,0.004998,step_25,2,0.025000,0.025000,0.025000,0.024000,0.024000,0.388464,0.003174,0.003174,0.631893,222366
27.500437,597109.582890,0.005001,step_25,2,0.025000,0.025000,0.025000,0.022368,0.022368,0.419612,0.002647,0.002647,0.000000,222368
27.505437,597109.588015,0.005000,step_25,2,0.025000,0.025000,0.025000,0.022989,0.022989,0.447102,0.003066,0.003066,0.124070,222370
27.510438,597109.593138,0.005000,step_25,2,0.025000,0.025000,0.025000,0.026212,0.026212,0.486539,0.002551,0.002551,0.644703,222372
27.515438,597109.598247,0.005000,step_25,2,0.025000,0.025000,0.025000,0.023146,0.023146,0.484875,0.003152,0.003152,0.000000,222374
27.520437,597109.603367,0.004999,step_25,2,0.025000,0.025000,0.025000,0.023282,0.023282,0.453996,0.002634,0.002634,0.027204,222376
27.525440,597109.608527,0.005002,step_25,2,0.025000,0.025000,0.025000,0.024026,0.024026,0.417814,0.003264,0.003264,0.148759,222378
27.530438,597109.613700,0.004998,step_25,2,0.025000,0.025000,0.025000,0.025645,0.025645,0.378931,0.002665,0.002665,0.323846,222380
27.535445,597109.618815,0.005007,step_25,2,0.025000,0.025000,0.025000,0.023606,0.023606,0.354585,0.003217,0.003217,0.000000,222382
27.540438,597109.623933,0.004993,step_25,2,0.025000,0.025000,0.025000,0.023606,0.023606,0.378228,0.002645,0.002645,0.000000,222384
27.545440,597109.629116,0.005002,step_25,2,0.025000,0.025000,0.025000,0.024775,0.024775,0.394550,0.003207,0.003207,0.233711,222386
27.550438,597109.634233,0.004998,step_25,2,0.025000,0.025000,0.025000,0.024775,0.024775,0.397708,0.002636,0.002636,0.000000,222388
27.555439,597109.639345,0.005001,step_25,2,0.025000,0.025000,0.025000,0.026987,0.026987,0.437816,0.003122,0.003122,0.442290,222390
27.560438,597109.644512,0.004999,step_25,2,0.025000,0.025000,0.025000,0.026987,0.026987,0.451514,0.002618,0.002618,0.000000,222392
27.565440,597109.649629,0.005002,step_25,2,0.025000,0.025000,0.025000,0.025198,0.025198,0.453381,0.003171,0.003171,0.000000,222394
27.570438,597109.654752,0.004999,step_25,2,0.025000,0.025000,0.025000,0.024863,0.024863,0.495664,0.002633,0.002633,0.000000,222396
27.575437,597109.659896,0.004999,step_25,2,0.025000,0.025000,0.025000,0.026613,0.026613,0.428763,0.003162,0.003162,0.350192,222398
27.580437,597109.665051,0.005000,step_25,2,0.025000,0.025000,0.025000,0.025077,0.025077,0.313405,0.002624,0.002624,0.000000,222400
27.585438,597109.670167,0.005001,step_25,2,0.025000,0.025000,0.025000,0.023280,0.023280,0.316366,0.003114,0.003114,0.000000,222402
27.590439,597109.675285,0.005001,rest,2,0.000000,0.000000,0.000000,0.024152,0.024152,0.304369,0.002568,0.002568,0.174474,222404
27.595439,597109.680399,0.005000,rest,2,0.000000,0.000000,0.000000,0.023420,0.023420,0.314775,0.003100,0.003100,0.000000,222406
27.600438,597109.685520,0.004999,rest,2,0.000000,0.000000,0.000000,0.024012,0.024012,0.406321,0.002564,0.002564,0.118375,222408
27.605439,597109.690634,0.005001,rest,2,0.000000,0.000000,0.000000,0.027084,0.027084,0.503946,0.003143,0.003143,0.614241,222410
27.610438,597109.695783,0.004998,rest,2,0.000000,0.000000,0.000000,0.024434,0.024434,0.537560,0.002644,0.002644,0.000000,222412
27.615439,597109.700898,0.005001,rest,2,0.000000,0.000000,0.000000,0.026229,0.026229,0.470846,0.003125,0.003125,0.358861,222414
27.620641,597109.706068,0.005203,rest,2,0.000000,0.000000,0.000000,0.024784,0.024784,0.376900,0.002711,0.002711,0.000000,222416
27.625524,597109.711220,0.004882,rest,2,0.000000,0.000000,0.000000,0.022660,0.022660,0.327848,0.003145,0.003145,0.000000,222418
27.630968,597109.716340,0.005444,rest,2,0.000000,0.000000,0.000000,0.018438,0.018438,0.229862,0.003075,0.003075,0.000000,222420
27.635603,597109.721457,0.004635,rest,2,0.000000,0.000000,0.000000,0.012579,0.012579,0.102149,0.003235,0.003235,0.000000,222422
27.645439,597109.726625,0.009836,rest,2,0.000000,0.000000,0.000000,0.002881,0.002881,-0.093065,0.003030,0.003030,0.000000,222426
27.650438,597109.731743,0.005000,rest,2,0.000000,0.000000,0.000000,0.003852,0.003852,-0.234349,0.002466,0.002466,0.194238,222428
27.650438,597109.736898,0.000001,rest,2,0.000000,0.000000,0.000000,0.003852,0.003852,-0.234349,0.002466,0.002466,0.194238,222428
27.660746,597109.742006,0.010308,rest,2,0.000000,0.000000,0.000000,0.001436,0.001436,0.001710,0.002785,0.002785,0.352792,222432
27.665439,597109.747111,0.004693,rest,2,0.000000,0.000000,0.000000,0.000517,0.000517,0.260243,0.002923,0.002923,0.000000,222434
27.670437,597109.752230,0.004998,rest,2,0.000000,0.000000,0.000000,0.000273,0.000273,0.464362,0.002410,0.002410,0.000000,222436
27.675437,597109.757347,0.005000,rest,2,0.000000,0.000000,0.000000,-0.000211,-0.000211,0.526999,0.002951,0.002951,0.000000,222438
27.680437,597109.762451,0.005000,rest,2,0.000000,0.000000,0.000000,0.000354,0.000354,0.473605,0.002416,0.002416,0.113010,222440
27.685437,597109.767564,0.005000,rest,2,0.000000,0.000000,0.000000,0.000247,0.000247,0.397352,0.002944,0.002944,0.000000,222442
27.690439,597109.772668,0.005001,rest,2,0.000000,0.000000,0.000000,0.000272,0.000272,0.309452,0.002487,0.002487,0.004941,222444
27.695438,597109.777817,0.004999,rest,2,0.000000,0.000000,0.000000,0.000248,0.000248,0.389215,0.002917,0.002917,0.000000,222446
27.700439,597109.782938,0.005001,rest,2,0.000000,0.000000,0.000000,0.000107,0.000107,0.586149,0.002362,0.002362,0.000000,222448
27.705440,597109.788055,0.005001,rest,2,0.000000,0.000000,0.000000,0.000247,0.000247,0.619463,0.002863,0.002863,0.027904,222450
27.710438,597109.793166,0.004998,rest,2,0.000000,0.000000,0.000000,0.000247,0.000247,0.495036,0.003395,0.003395,0.000000,222452
27.715439,597109.798273,0.005001,rest,2,0.000000,0.000000,0.000000,0.000246,0.000246,0.398895,0.002791,0.002791,0.000000,222454
27.720438,597109.803385,0.004998,rest,2,0.000000,0.000000,0.000000,0.000246,0.000246,0.371343,0.003310,0.003310,0.000001,222456
27.725441,597109.808536,0.005004,rest,2,0.000000,0.000000,0.000000,0.001247,0.001247,0.399815,0.002804,0.002804,0.200087,222458
27.730439,597109.813683,0.004998,rest,2,0.000000,0.000000,0.000000,0.001247,0.001247,0.389712,0.003283,0.003283,0.000000,222460
27.735437,597109.818828,0.004998,rest,2,0.000000,0.000000,0.000000,0.001082,0.001082,0.314731,0.002735,0.002735,0.000000,222462
27.740439,597109.823931,0.005002,rest,2,0.000000,0.000000,0.000000,0.001623,0.001623,0.280982,0.003334,0.003334,0.108185,222464
27.745437,597109.829047,0.004999,rest,2,0.000000,0.000000,0.000000,0.001269,0.001269,0.301294,0.002799,0.002799,0.000000,222466
27.750438,597109.834164,0.005001,rest,2,0.000000,0.000000,0.000000,0.001269,0.001269,0.334033,0.003321,0.003321,0.000000,222468
27.755439,597109.839278,0.005000,rest,2,0.000000,0.000000,0.000000,0.000563,0.000563,0.381126,0.002828,0.002828,0.000000,222470
27.760438,597109.844426,0.004999,rest,2,0.000000,0.000000,0.000000,0.000833,0.000833,0.430357,0.003425,0.003425,0.054027,222472
27.765437,597109.849538,0.005000,rest,2,0.000000,0.000000,0.000000,-0.000220,-0.000220,0.482520,0.002826,0.002826,0.000000,222474
27.770438,597109.854651,0.005000,rest,2,0.000000,0.000000,0.000000,0.001157,0.001157,0.501241,0.003361,0.003361,0.275436,222476
27.775437,597109.859765,0.005000,rest,2,0.000000,0.000000,0.000000,0.001860,0.001860,0.509747,0.002862,0.002862,0.140641,222478
27.780439,597109.864899,0.005002,rest,2,0.000000,0.000000,0.000000,0.002211,0.002211,0.512482,0.003427,0.003427,0.070246,222480
27.785438,597109.870014,0.004998,rest,2,0.000000,0.000000,0.000000,0.001158,0.001158,0.473224,0.002962,0.002962,0.000000,222482
27.790452,597109.875126,0.005014,rest,2,0.000000,0.000000,0.000000,0.000836,0.000836,0.431727,0.002541,0.002541,0.000000,222484
27.795437,597109.880260,0.004985,rest,2,0.000000,0.000000,0.000000,0.001700,0.001700,0.383615,0.003071,0.003071,0.173307,222486
27.800437,597109.885423,0.005000,rest,2,0.000000,0.000000,0.000000,0.001918,0.001918,0.382248,0.002566,0.002566,0.043699,222488
27.805437,597109.890537,0.005000,rest,2,0.000000,0.000000,0.000000,0.001323,0.001323,0.382822,0.003204,0.003204,0.000000,222490
27.810437,597109.895704,0.005000,rest,2,0.000000,0.000000,0.000000,-0.000866,-0.000866,0.344452,0.002767,0.002767,0.000000,222492
27.815439,597109.900815,0.005002,rest,2,0.000000,0.000000,0.000000,0.000811,0.000811,0.294873,0.002322,0.002322,0.335284,222494
27.820440,597109.905933,0.005001,rest,2,0.000000,0.000000,0.000000,-0.000623,-0.000623,0.247318,0.002884,0.002884,0.000000,222496
27.825440,597109.911113,0.005000,rest,2,0.000000,0.000000,0.000000,-0.000598,-0.000598,0.258796,0.002337,0.002337,0.004917,222498
27.831073,597109.916233,0.005632,rest,2,0.000000,0.000000,0.000000,0.000160,0.000160,0.321147,0.003449,0.003449,0.134694,222500
27.836276,597109.921345,0.005203,rest,2,0.000000,0.000000,0.000000,-0.000862,-0.000862,0.373711,0.004100,0.004100,0.000000,222502
27.840727,597109.926493,0.004452,rest,2,0.000000,0.000000,0.000000,-0.000862,-0.000862,0.401363,0.002940,0.002940,0.000000,222504
27.850437,597109.931616,0.009710,rest,2,0.000000,0.000000,0.000000,0.001029,0.001029,0.399831,0.002692,0.002692,0.329857,222508
27.855439,597109.936729,0.005002,rest,2,0.000000,0.000000,0.000000,0.000059,0.000059,0.408892,0.003168,0.003168,0.000000,222510
27.860438,597109.941840,0.004999,rest,2,0.000000,0.000000,0.000000,-0.000482,-0.000482,0.457195,0.002559,0.002559,0.000000,222512
27.865439,597109.946952,0.005001,rest,2,0.000000,0.000000,0.000000,0.001626,0.001626,0.442913,0.003088,0.003088,0.421429,222514
27.870437,597109.952048,0.004998,rest,2,0.000000,0.000000,0.000000,-0.000535,-0.000535,0.475368,0.002576,0.002576,0.000000,222516
27.875438,597109.957158,0.005000,rest,2,0.000000,0.000000,0.000000,0.000061,0.000061,0.524306,0.003080,0.003080,0.119014,222518
27.880437,597109.962268,0.005000,rest,2,0.000000,0.000000,0.000000,0.000061,0.000061,0.456510,0.002533,0.002533,0.000074,222520
27.885437,597109.967377,0.005000,rest,2,0.000000,0.000000,0.000000,-0.000505,-0.000505,0.382905,0.003019,0.003019,0.000000,222522
27.885437,597109.972493,0.000001,rest,2,0.000000,0.000000,0.000000,-0.000505,-0.000505,0.382905,0.003019,0.003019,0.000000,222522
27.895843,597109.977605,0.010406,rest,2,0.000000,0.000000,0.000000,-0.002396,-0.002396,0.298092,0.003621,0.003621,0.000000,222526
27.900798,597109.982756,0.004955,rest,2,0.000000,0.000000,0.000000,-0.001232,-0.001232,0.292454,0.003083,0.003083,0.234733,222528
27.905438,597109.987905,0.004640,rest,2,0.000000,0.000000,0.000000,-0.001799,-0.001799,0.313283,0.003263,0.003263,0.000000,222530
27.910547,597109.993089,0.005110,rest,2,0.000000,0.000000,0.000000,-0.001933,-0.001933,0.339399,0.002959,0.002959,0.000000,222532
27.916198,597109.998185,0.005651,rest,2,0.000000,0.000000,0.000000,0.000175,0.000175,0.405402,0.003093,0.003093,0.373086,222534
27.920471,597110.003290,0.004273,rest,2,0.000000,0.000000,0.000000,0.000177,0.000177,0.460018,0.002946,0.002946,0.000482,222536
27.925439,597110.008425,0.004968,rest,2,0.000000,0.000000,0.000000,-0.000607,-0.000607,0.483215,0.002466,0.002466,0.000000,222538
27.931347,597110.013576,0.005908,rest,2,0.000000,0.000000,0.000000,0.000283,0.000283,0.468431,0.004060,0.004060,0.150591,222540
27.936420,597110.018707,0.005073,rest,2,0.000000,0.000000,0.000000,-0.001905,-0.001905,0.426395,0.003495,0.003495,0.000000,222542
27.936420,597110.023848,0.000001,rest,2,0.000000,0.000000,0.000000,-0.001905,-0.001905,0.426395,0.003495,0.003495,0.000000,222542
27.941729,597110.028984,0.005309,rest,2,0.000000,0.000000,0.000000,-0.001905,-0.001905,0.411529,0.004482,0.004482,0.000010,222544
27.947764,597110.034031,0.006034,rest,2,0.000000,0.000000,0.000000,-0.002060,-0.002060,0.421743,0.000672,0.000672,0.000000,222546
27.953287,597110.039139,0.005523,rest,2,0.000000,0.000000,0.000000,-0.001174,-0.001174,0.434832,0.000415,0.000415,0.160433,222548
27.962782,597110.044278,0.009496,rest,2,0.000000,0.000000,0.000000,0.000184,0.000184,0.316742,0.005388,0.005388,0.000000,222552
27.967320,597110.049394,0.004537,rest,2,0.000000,0.000000,0.000000,-0.000253,-0.000253,0.321967,0.004346,0.004346,0.000000,222554
27.971604,597110.054537,0.004284,rest,2,0.000000,0.000000,0.000000,-0.001441,-0.001441,0.394617,0.003960,0.003960,0.000000,222556
27.975684,597110.059663,0.004080,rest,2,0.000000,0.000000,0.000000,0.000347,0.000347,0.437927,0.002549,0.002549,0.438123,222558
27.980845,597110.064780,0.005161,rest,2,0.000000,0.000000,0.000000,-0.000711,-0.000711,0.426928,0.003212,0.003212,0.000000,222560
27.986653,597110.069884,0.005808,rest,2,0.000000,0.000000,0.000000,0.001178,0.001178,0.404351,0.004349,0.004349,0.325300,222562
27.992157,597110.074990,0.005504,rest,2,0.000000,0.000000,0.000000,0.000669,0.000669,0.372669,0.004167,0.004167,0.000000,222564
27.992157,597110.080094,0.000001,rest,2,0.000000,0.000000,0.000000,0.000669,0.000669,0.372669,0.004167,0.004167,0.000000,222564
27.997853,597110.085204,0.005696,rest,2,0.000000,0.000000,0.000000,-0.000844,-0.000844,0.386443,0.005429,0.005429,0.000000,222566
28.003468,597110.090302,0.005615,rest,2,0.000000,0.000000,0.000000,-0.000596,-0.000596,0.377867,0.000988,0.000988,0.044187,222568
28.014193,597110.095392,0.010725,rest,2,0.000000,0.000000,0.000000,-0.000595,-0.000595,0.367750,0.001899,0.001899,0.000000,222572
28.018407,597110.100506,0.004214,rest,2,0.000000,0.000000,0.000000,-0.000001,-0.000001,0.437222,0.000708,0.000708,0.140877,222574
28.022899,597110.105616,0.004492,rest,2,0.000000,0.000000,0.000000,-0.000594,-0.000594,0.460371,0.000489,0.000489,0.000000,222576
28.027107,597110.110716,0.004208,rest,2,0.000000,0.000000,0.000000,-0.000594,-0.000594,0.472166,0.004630,0.004630,0.000000,222578
28.031314,597110.115860,0.004207,rest,2,0.000000,0.000000,0.000000,0.000102,0.000102,0.477530,0.003313,0.003313,0.165431,222580
28.035603,597110.120967,0.004289,rest,2,0.000000,0.000000,0.000000,0.000102,0.000102,0.447728,0.003196,0.003196,0.000001,222582
28.040437,597110.126122,0.004834,rest,2,0.000000,0.000000,0.000000,0.000616,0.000616,0.417989,0.002524,0.002524,0.106345,222584
28.045799,597110.131231,0.005362,rest,2,0.000000,0.000000,0.000000,0.000616,0.000616,0.400860,0.003511,0.003511,0.000000,222586
28.050438,597110.136340,0.004639,rest,2,0.000000,0.000000,0.000000,0.000618,0.000618,0.393916,0.002650,0.002650,0.000349,222588
28.055437,597110.141439,0.004999,rest,2,0.000000,0.000000,0.000000,0.000618,0.000618,0.397641,0.003262,0.003262,0.000000,222590
28.060438,597110.146586,0.005001,rest,2,0.000000,0.000000,0.000000,-0.001083,-0.001083,0.388810,0.002789,0.002789,0.000000,222592
28.070439,597110.151732,0.010001,rest,2,0.000000,0.000000,0.000000,0.000004,0.000004,0.390248,0.002932,0.002932,0.000000,222596
28.075440,597110.156841,0.005001,rest,2,0.000000,0.000000,0.000000,-0.001102,-0.001102,0.408094,0.002425,0.002425,0.000000,222598
28.080440,597110.161952,0.004999,rest,2,0.000000,0.000000,0.000000,-0.000588,-0.000588,0.414911,0.003070,0.003070,0.102921,222600
28.085439,597110.167049,0.004999,rest,2,0.000000,0.000000,0.000000,-0.001694,-0.001694,0.399520,0.003467,0.003467,0.000000,222602
28.090439,597110.172232,0.005000,rest,2,0.000000,0.000000,0.000000,-0.002366,-0.002366,0.359728,0.002916,0.002916,0.000000,222604
28.095437,597110.177388,0.004998,step_25,2,-0.025000,-0.025000,-0.025000,-0.001825,-0.001825,0.314651,0.003451,0.003451,0.108253,222606
28.100438,597110.182500,0.005001,step_25,2,-0.025000,-0.025000,-0.025000,-0.002364,-0.002364,0.297133,0.002951,0.002951,0.000000,222608
28.105440,597110.187612,0.005002,step_25,2,-0.025000,-0.025000,-0.025000,-0.000255,-0.000255,0.357825,0.002403,0.002403,0.421724,222610
28.110438,597110.192734,0.004998,step_25,2,-0.025000,-0.025000,-0.025000,-0.000254,-0.000254,0.458366,0.002970,0.002970,0.000198,222612
28.115437,597110.197881,0.004999,step_25,2,-0.025000,-0.025000,-0.025000,-0.000231,-0.000231,0.493311,0.002383,0.002383,0.004415,222614
28.120437,597110.203007,0.005000,step_25,2,-0.025000,-0.025000,-0.025000,-0.000231,-0.000231,0.460458,0.002907,0.002907,0.000126,222616
28.125437,597110.208130,0.005000,step_25,2,-0.025000,-0.025000,-0.025000,-0.000231,-0.000231,0.412524,0.002449,0.002449,0.000000,222618
28.130438,597110.213238,0.005000,step_25,2,-0.025000,-0.025000,-0.025000,-0.007912,-0.007912,0.405752,0.003074,0.003074,0.000000,222620
28.135437,597110.218361,0.004999,step_25,2,-0.025000,-0.025000,-0.025000,-0.007912,-0.007912,0.415233,0.002597,0.002597,0.000049,222622
28.140441,597110.223477,0.005004,step_25,2,-0.025000,-0.025000,-0.025000,-0.016832,-0.016832,0.289382,0.003235,0.003235,0.000000,222624
28.146026,597110.228587,0.005585,step_25,2,-0.025000,-0.025000,-0.025000,-0.016832,-0.016832,0.016415,0.003357,0.003357,0.000030,222626
28.150440,597110.233703,0.004414,step_25,2,-0.025000,-0.025000,-0.025000,-0.016454,-0.016454,-0.102632,0.002270,0.002270,0.085561,222628
28.155439,597110.238834,0.004999,step_25,2,-0.025000,-0.025000,-0.025000,-0.023030,-0.023030,0.011066,0.002821,0.002821,0.000000,222630
28.160439,597110.243986,0.005000,step_25,2,-0.025000,-0.025000,-0.025000,-0.022506,-0.022506,0.102707,0.003323,0.003323,0.104987,222632
28.165438,597110.249048,0.004999,step_25,2,-0.025000,-0.025000,-0.025000,-0.023692,-0.023692,0.135463,0.002553,0.002553,0.000000,222634
28.170437,597110.254157,0.004999,step_25,2,-0.025000,-0.025000,-0.025000,-0.023372,-0.023372,0.279741,0.003069,0.003069,0.064040,222636
28.175437,597110.259303,0.005000,step_25,2,-0.025000,-0.025000,-0.025000,-0.024512,-0.024512,0.410165,0.002297,0.002297,0.000000,222638
28.180437,597110.264429,0.005000,step_25,2,-0.025000,-0.025000,-0.025000,-0.026429,-0.026429,0.397275,0.002851,0.002851,0.000000,222640
28.185438,597110.269555,0.005001,step_25,2,-0.025000,-0.025000,-0.025000,-0.024850,-0.024850,0.321582,0.003351,0.003351,0.315663,222642
28.190437,597110.274676,0.004999,step_25,2,-0.025000,-0.025000,-0.025000,-0.027081,-0.027081,0.281378,0.002795,0.002795,0.000000,222644
28.195438,597110.279830,0.005001,step_25,2,-0.025000,-0.025000,-0.025000,-0.027762,-0.027762,0.350110,0.003372,0.003372,0.000000,222646
28.200437,597110.284982,0.004999,step_25,2,-0.025000,-0.025000,-0.025000,-0.025513,-0.025513,0.454862,0.002835,0.002835,0.449890,222648
28.205437,597110.290041,0.005000,step_25,2,-0.025000,-0.025000,-0.025000,-0.027654,-0.027654,0.500377,0.003140,0.003140,0.000000,222650
28.210438,597110.295147,0.005000,step_25,2,-0.025000,-0.025000,-0.025000,-0.022244,-0.022244,0.484010,0.002431,0.002431,1.082010,222652
28.215438,597110.300263,0.005000,step_25,2,-0.025000,-0.025000,-0.025000,-0.024599,-0.024599,0.523809,0.002918,0.002918,0.000000,222654
28.220443,597110.305380,0.005005,step_25,2,-0.025000,-0.025000,-0.025000,-0.021289,-0.021289,0.597787,0.002532,0.002532,0.661241,222656
28.225437,597110.310546,0.004994,step_25,2,-0.025000,-0.025000,-0.025000,-0.024585,-0.024585,0.536002,0.002913,0.002913,0.000000,222658
28.230438,597110.315704,0.005001,step_25,2,-0.025000,-0.025000,-0.025000,-0.026104,-0.026104,0.442503,0.002474,0.002474,0.000000,222660
28.235443,597110.320812,0.005004,step_25,2,-0.025000,-0.025000,-0.025000,-0.026591,-0.026591,0.387590,0.003107,0.003107,0.000000,222662
28.240443,597110.325962,0.005000,step_25,2,-0.025000,-0.025000,-0.025000,-0.025603,-0.025603,0.328653,0.002656,0.002656,0.197550,222664
28.245437,597110.331111,0.004995,step_25,2,-0.025000,-0.025000,-0.025000,-0.024857,-0.024857,0.263838,0.003064,0.003064,0.149479,222666
28.250437,597110.336225,0.005000,step_25,2,-0.025000,-0.025000,-0.025000,-0.028045,-0.028045,0.196030,0.002490,0.002490,0.000000,222668
28.255439,597110.341337,0.005002,step_25,2,-0.025000,-0.025000,-0.025000,-0.027629,-0.027629,0.260422,0.003109,0.003109,0.083246,222670
28.265437,597110.346447,0.009998,step_25,2,-0.025000,-0.025000,-0.025000,-0.023934,-0.023934,0.506668,0.003214,0.003214,0.006974,222674
28.270437,597110.351647,0.005000,step_25,2,-0.025000,-0.025000,-0.025000,-0.026052,-0.026052,0.571263,0.002624,0.002624,0.000000,222676
28.275439,597110.356762,0.005002,step_25,2,-0.025000,-0.025000,-0.025000,-0.026051,-0.026051,0.597764,0.003208,0.003208,0.000031,222678
28.280438,597110.361912,0.004999,step_25,2,-0.025000,-0.025000,-0.025000,-0.022858,-0.022858,0.588680,0.002722,0.002722,0.638901,222680
28.285438,597110.367024,0.005000,step_25,2,-0.025000,-0.025000,-0.025000,-0.023067,-0.023067,0.573639,0.003217,0.003217,0.000000,222682
28.290439,597110.372125,0.005001,step_25,2,-0.025000,-0.025000,-0.025000,-0.022686,-0.022686,0.508845,0.002794,0.002794,0.076219,222684
28.295437,597110.377239,0.004999,step_25,2,-0.025000,-0.025000,-0.025000,-0.025339,-0.025339,0.379371,0.003364,0.003364,0.000000,222686
28.300439,597110.382354,0.005002,step_25,2,-0.025000,-0.025000,-0.025000,-0.026126,-0.026126,0.315730,0.002890,0.002890,0.000000,222688
28.305438,597110.387466,0.004999,step_25,2,-0.025000,-0.025000,-0.025000,-0.026386,-0.026386,0.302432,0.002417,0.002417,0.000000,222690
28.310438,597110.392621,0.005000,step_25,2,-0.025000,-0.025000,-0.025000,-0.024554,-0.024554,0.295073,0.003011,0.003011,0.366441,222692
28.315440,597110.397769,0.005002,step_25,2,-0.025000,-0.025000,-0.025000,-0.025745,-0.025745,0.401931,0.002481,0.002481,0.000000,222694
28.320439,597110.402948,0.004999,step_25,2,-0.025000,-0.025000,-0.025000,-0.027938,-0.027938,0.506596,0.003066,0.003066,0.000000,222696
28.325440,597110.408230,0.005001,step_25,2,-0.025000,-0.025000,-0.025000,-0.022977,-0.022977,0.520815,0.002593,0.002593,0.992076,222698
28.330438,597110.413345,0.004998,step_25,2,-0.025000,-0.025000,-0.025000,-0.021124,-0.021124,0.541414,0.003151,0.003151,0.370701,222700
28.335444,597110.418513,0.005006,step_25,2,-0.025000,-0.025000,-0.025000,-0.025581,-0.025581,0.539961,0.002701,0.002701,0.000000,222702
28.340444,597110.423739,0.005000,step_25,2,-0.025000,-0.025000,-0.025000,-0.024714,-0.024714,0.472232,0.003448,0.003448,0.173513,222704
28.345449,597110.428887,0.005005,step_25,2,-0.025000,-0.025000,-0.025000,-0.022758,-0.022758,0.394243,0.002903,0.002903,0.390761,222706
28.350439,597110.434006,0.004990,step_25,2,-0.025000,-0.025000,-0.025000,-0.023886,-0.023886,0.377328,0.003262,0.003262,0.000000,222708
28.355437,597110.439092,0.004998,step_25,2,-0.025000,-0.025000,-0.025000,-0.024761,-0.024761,0.413212,0.002753,0.002753,0.000000,222710
28.360833,597110.444251,0.005396,step_25,2,-0.025000,-0.025000,-0.025000,-0.024290,-0.024290,0.452779,0.003785,0.003785,0.087287,222712
28.366200,597110.449398,0.005366,step_25,2,-0.025000,-0.025000,-0.025000,-0.024064,-0.024064,0.497704,0.003710,0.003710,0.041984,222714
28.370484,597110.454604,0.004284,step_25,2,-0.025000,-0.025000,-0.025000,-0.023884,-0.023884,0.518743,0.002532,0.002532,0.042035,222716
28.375848,597110.459716,0.005365,step_25,2,-0.025000,-0.025000,-0.025000,-0.022687,-0.022687,0.510324,0.003492,0.003492,0.223146,222718
28.380438,597110.464869,0.004590,step_25,2,-0.025000,-0.025000,-0.025000,-0.024279,-0.024279,0.516667,0.002575,0.002575,0.000000,222720
28.385437,597110.469983,0.004999,step_25,2,-0.025000,-0.025000,-0.025000,-0.026717,-0.026717,0.530196,0.003115,0.003115,0.000000,222722
28.390437,597110.475103,0.005000,step_25,2,-0.025000,-0.025000,-0.025000,-0.024598,-0.024598,0.450425,0.002632,0.002632,0.423806,222724
28.395439,597110.480259,0.005001,step_25,2,-0.025000,-0.025000,-0.025000,-0.026263,-0.026263,0.323116,0.003240,0.003240,0.000000,222726
28.400439,597110.485375,0.005001,step_25,2,-0.025000,-0.025000,-0.025000,-0.028512,-0.028512,0.223544,0.002834,0.002834,0.000000,222728
28.405437,597110.490494,0.004998,step_25,2,-0.025000,-0.025000,-0.025000,-0.026093,-0.026093,0.227497,0.002299,0.002299,0.484063,222730
28.410700,597110.495608,0.005263,step_25,2,-0.025000,-0.025000,-0.025000,-0.025700,-0.025700,0.287842,0.003026,0.003026,0.074603,222732
28.415440,597110.500699,0.004740,step_25,2,-0.025000,-0.025000,-0.025000,-0.026941,-0.026941,0.300438,0.003347,0.003347,0.000000,222734
28.420437,597110.505894,0.004997,step_25,2,-0.025000,-0.025000,-0.025000,-0.026312,-0.026312,0.388662,0.002761,0.002761,0.126012,222736
28.425439,597110.511017,0.005001,step_25,2,-0.025000,-0.025000,-0.025000,-0.026312,-0.026312,0.505044,0.003255,0.003255,0.000000,222738
28.430437,597110.516121,0.004999,step_25,2,-0.025000,-0.025000,-0.025000,-0.022798,-0.022798,0.564327,0.002733,0.002733,0.703063,222740
28.435438,597110.521237,0.005001,step_25,2,-0.025000,-0.025000,-0.025000,-0.023602,-0.023602,0.565020,0.003206,0.003206,0.000000,222742
28.440440,597110.526351,0.005002,step_25,2,-0.025000,-0.025000,-0.025000,-0.023602,-0.023602,0.552995,0.002622,0.002622,0.000000,222744
28.445437,597110.531467,0.004998,step_25,2,-0.025000,-0.025000,-0.025000,-0.022247,-0.022247,0.521167,0.003111,0.003111,0.271160,222746
28.450437,597110.536587,0.005000,step_25,2,-0.025000,-0.025000,-0.025000,-0.022247,-0.022247,0.475003,0.002520,0.002520,0.000000,222748
28.456239,597110.541702,0.005802,step_25,2,-0.025000,-0.025000,-0.025000,-0.023521,-0.023521,0.377945,0.003871,0.003871,0.000000,222750
28.462069,597110.546812,0.005829,step_25,2,-0.025000,-0.025000,-0.025000,-0.025077,-0.025077,0.304051,0.003960,0.003960,0.000000,222752
28.467886,597110.551923,0.005817,step_25,2,-0.025000,-0.025000,-0.025000,-0.023497,-0.023497,0.383880,0.000644,0.000644,0.271651,222754
28.476122,597110.557101,0.008236,step_25,2,-0.025000,-0.025000,-0.025000,-0.024000,-0.024000,0.562952,0.003226,0.003226,0.000000,222758
28.480437,597110.562213,0.004315,step_25,2,-0.025000,-0.025000,-0.025000,-0.021743,-0.021743,0.613094,0.003036,0.003036,0.523043,222760
28.485437,597110.567362,0.005000,step_25,2,-0.025000,-0.025000,-0.025000,-0.022497,-0.022497,0.579828,0.003317,0.003317,0.000000,222762
28.490439,597110.572459,0.005001,step_25,2,-0.025000,-0.025000,-0.025000,-0.022406,-0.022406,0.481783,0.002870,0.002870,0.018188,222764
28.495439,597110.577605,0.005000,step_25,2,-0.025000,-0.025000,-0.025000,-0.023729,-0.023729,0.386010,0.002380,0.002380,0.000000,222766
28.500437,597110.582738,0.004998,step_25,2,-0.025000,-0.025000,-0.025000,-0.024240,-0.024240,0.345091,0.002885,0.002885,0.000000,222768
28.505438,597110.587839,0.005001,step_25,2,-0.025000,-0.025000,-0.025000,-0.024563,-0.024563,0.338735,0.002382,0.002382,0.000000,222770
28.510438,597110.592984,0.005000,step_25,2,-0.025000,-0.025000,-0.025000,-0.025122,-0.025122,0.383139,0.002954,0.002954,0.000000,222772
28.515437,597110.598123,0.004999,step_25,2,-0.025000,-0.025000,-0.025000,-0.026148,-0.026148,0.452285,0.002413,0.002413,0.000000,222774
28.520437,597110.603235,0.005000,step_25,2,-0.025000,-0.025000,-0.025000,-0.023301,-0.023301,0.506602,0.002978,0.002978,0.569397,222776
28.525439,597110.608368,0.005001,step_25,2,-0.025000,-0.025000,-0.025000,-0.023511,-0.023511,0.592036,0.002489,0.002489,0.000000,222778
28.530438,597110.613515,0.004999,step_25,2,-0.025000,-0.025000,-0.025000,-0.023611,-0.023611,0.647034,0.003083,0.003083,0.000000,222780
28.535437,597110.618637,0.005000,step_25,2,-0.025000,-0.025000,-0.025000,-0.024788,-0.024788,0.609187,0.002559,0.002559,0.000000,222782
28.540438,597110.623791,0.005000,step_25,2,-0.025000,-0.025000,-0.025000,-0.024318,-0.024318,0.548060,0.003233,0.003233,0.093959,222784
28.545438,597110.628906,0.005001,step_25,2,-0.025000,-0.025000,-0.025000,-0.023296,-0.023296,0.495955,0.002815,0.002815,0.204420,222786
28.550438,597110.634033,0.005000,step_25,2,-0.025000,-0.025000,-0.025000,-0.025787,-0.025787,0.454426,0.003249,0.003249,0.000000,222788
28.555438,597110.639166,0.005000,step_25,2,-0.025000,-0.025000,-0.025000,-0.027014,-0.027014,0.410104,0.002724,0.002724,0.000000,222790
28.560438,597110.644279,0.005000,step_25,2,-0.025000,-0.025000,-0.025000,-0.025533,-0.025533,0.364356,0.003250,0.003250,0.296281,222792
28.565439,597110.649382,0.005001,step_25,2,-0.025000,-0.025000,-0.025000,-0.028059,-0.028059,0.330394,0.002688,0.002688,0.000000,222794
28.570438,597110.654545,0.004999,step_25,2,-0.025000,-0.025000,-0.025000,-0.028580,-0.028580,0.362600,0.003127,0.003127,0.000000,222796
28.575438,597110.659662,0.005000,step_25,2,-0.025000,-0.025000,-0.025000,-0.023923,-0.023923,0.424774,0.002567,0.002567,0.931390,222798
28.580437,597110.664773,0.004999,step_25,2,-0.025000,-0.025000,-0.025000,-0.023923,-0.023923,0.461017,0.003069,0.003069,0.000000,222800
28.585441,597110.669972,0.005004,step_25,2,-0.025000,-0.025000,-0.025000,-0.024869,-0.024869,0.556609,0.002449,0.002449,0.000000,222802
28.590437,597110.675095,0.004996,step_25,2,-0.025000,-0.025000,-0.025000,-0.024549,-0.024549,0.672062,0.003024,0.003024,0.063989,222804
28.595437,597110.680173,0.005000,step_25,2,-0.025000,-0.025000,-0.025000,-0.022652,-0.022652,0.668066,0.002456,0.002456,0.379380,222806
28.600437,597110.685292,0.005000,step_25,2,-0.025000,-0.025000,-0.025000,-0.021736,-0.021736,0.616491,0.002987,0.002987,0.183309,222808
28.605455,597110.690435,0.005017,step_25,2,-0.025000,-0.025000,-0.025000,-0.022877,-0.022877,0.532166,0.002667,0.002667,0.000000,222810
28.610603,597110.695574,0.005148,step_25,2,-0.025000,-0.025000,-0.025000,-0.025948,-0.025948,0.425946,0.003215,0.003215,0.000000,222812
28.615438,597110.700695,0.004835,step_25,2,-0.025000,-0.025000,-0.025000,-0.023724,-0.023724,0.382214,0.002511,0.002511,0.459947,222814
28.620437,597110.705900,0.004999,step_25,2,-0.025000,-0.025000,-0.025000,-0.023694,-0.023694,0.403854,0.003159,0.003159,0.006033,222816
28.625438,597110.711119,0.005000,step_25,2,-0.025000,-0.025000,-0.025000,-0.026423,-0.026423,0.445461,0.002704,0.002704,0.000000,222818
28.630439,597110.716234,0.005002,step_25,2,-0.025000,-0.025000,-0.025000,-0.027190,-0.027190,0.459689,0.003169,0.003169,0.000000,222820
28.635437,597110.721342,0.004998,step_25,2,-0.025000,-0.025000,-0.025000,-0.026510,-0.026510,0.430502,0.002490,0.002490,0.135985,222822
28.645437,597110.726479,0.010000,step_25,2,-0.025000,-0.025000,-0.025000,-0.023353,-0.023353,0.524309,0.002486,0.002486,0.236994,222826
28.650437,597110.731578,0.005000,step_25,2,-0.025000,-0.025000,-0.025000,-0.025346,-0.025346,0.598325,0.003042,0.003042,0.000000,222828
28.650437,597110.736710,0.000001,step_25,2,-0.025000,-0.025000,-0.025000,-0.025346,-0.025346,0.598325,0.003042,0.003042,0.000000,222828
28.655437,597110.741830,0.005000,step_25,2,-0.025000,-0.025000,-0.025000,-0.022561,-0.022561,0.564122,0.002491,0.002491,0.557138,222830
28.665523,597110.746932,0.010086,step_25,2,-0.025000,-0.025000,-0.025000,-0.024598,-0.024598,0.480649,0.002661,0.002661,0.000000,222834
28.670437,597110.752052,0.004914,step_25,2,-0.025000,-0.025000,-0.025000,-0.023895,-0.023895,0.393425,0.003052,0.003052,0.142974,222836
28.675437,597110.757163,0.005000,step_25,2,-0.025000,-0.025000,-0.025000,-0.027878,-0.027878,0.306755,0.002518,0.002518,0.000000,222838
28.680437,597110.762266,0.005000,step_25,2,-0.025000,-0.025000,-0.025000,-0.025020,-0.025020,0.304688,0.003020,0.003020,0.571502,222840
28.685438,597110.767382,0.005001,step_25,2,-0.025000,-0.025000,-0.025000,-0.027439,-0.027439,0.384156,0.002475,0.002475,0.000000,222842
28.690438,597110.772525,0.004999,step_25,2,-0.025000,-0.025000,-0.025000,-0.026839,-0.026839,0.502770,0.003008,0.003008,0.120056,222844
28.695438,597110.777677,0.005000,step_25,2,-0.025000,-0.025000,-0.025000,-0.025040,-0.025040,0.593375,0.002501,0.002501,0.359837,222846
28.700438,597110.782794,0.005000,step_25,2,-0.025000,-0.025000,-0.025000,-0.025271,-0.025271,0.635441,0.003070,0.003070,0.000000,222848
28.705437,597110.787914,0.005000,step_25,2,-0.025000,-0.025000,-0.025000,-0.023778,-0.023778,0.652774,0.002481,0.002481,0.298698,222850
28.710439,597110.793059,0.005001,step_25,2,-0.025000,-0.025000,-0.025000,-0.022565,-0.022565,0.603395,0.003027,0.003027,0.242559,222852
28.715438,597110.798161,0.004999,step_25,2,-0.025000,-0.025000,-0.025000,-0.025190,-0.025190,0.543504,0.002504,0.002504,0.000000,222854
28.720438,597110.803275,0.005000,step_25,2,-0.025000,-0.025000,-0.025000,-0.022606,-0.022606,0.520959,0.003055,0.003055,0.516905,222856
28.725437,597110.808422,0.005000,step_25,2,-0.025000,-0.025000,-0.025000,-0.022606,-0.022606,0.477617,0.002545,0.002545,0.000000,222858
28.730439,597110.813545,0.005002,step_25,2,-0.025000,-0.025000,-0.025000,-0.022833,-0.022833,0.463677,0.003081,0.003081,0.000000,222860
28.735438,597110.818676,0.004999,step_25,2,-0.025000,-0.025000,-0.025000,-0.022833,-0.022833,0.481208,0.003239,0.003239,0.000000,222862
28.740437,597110.823815,0.005000,step_25,2,-0.025000,-0.025000,-0.025000,-0.021887,-0.021887,0.467481,0.002680,0.002680,0.189281,222864
28.745463,597110.828933,0.005026,step_25,2,-0.025000,-0.025000,-0.025000,-0.021887,-0.021887,0.465542,0.003424,0.003424,0.000000,222866
28.750437,597110.834100,0.004974,step_25,2,-0.025000,-0.025000,-0.025000,-0.023355,-0.023355,0.463633,0.002681,0.002681,0.000000,222868
28.755438,597110.839194,0.005001,step_25,2,-0.025000,-0.025000,-0.025000,-0.024183,-0.024183,0.411228,0.003260,0.003260,0.000000,222870
28.760439,597110.844279,0.005001,step_25,2,-0.025000,-0.025000,-0.025000,-0.025155,-0.025155,0.344687,0.002756,0.002756,0.000000,222872
28.765439,597110.849361,0.005000,step_25,2,-0.025000,-0.025000,-0.025000,-0.026415,-0.026415,0.326778,0.003258,0.003258,0.000000,222874
28.770437,597110.854493,0.004999,step_25,2,-0.025000,-0.025000,-0.025000,-0.024618,-0.024618,0.365987,0.002668,0.002668,0.359392,222876
28.775437,597110.859616,0.005000,step_25,2,-0.025000,-0.025000,-0.025000,-0.024867,-0.024867,0.440028,0.003191,0.003191,0.000000,222878
28.780441,597110.864787,0.005004,step_25,2,-0.025000,-0.025000,-0.025000,-0.027554,-0.027554,0.528620,0.002715,0.002715,0.000000,222880
28.785437,597110.869926,0.004996,step_25,2,-0.025000,-0.025000,-0.025000,-0.022927,-0.022927,0.549102,0.003224,0.003224,0.926080,222882
28.790438,597110.875020,0.005001,step_25,2,-0.025000,-0.025000,-0.025000,-0.021084,-0.021084,0.544683,0.002587,0.002587,0.368575,222884
28.795438,597110.880100,0.005000,step_25,2,-0.025000,-0.025000,-0.025000,-0.023206,-0.023206,0.599666,0.003094,0.003094,0.000000,222886
28.800438,597110.885208,0.004999,step_25,2,-0.025000,-0.025000,-0.025000,-0.023362,-0.023362,0.614138,0.002592,0.002592,0.000000,222888
28.806170,597110.890316,0.005733,step_25,2,-0.025000,-0.025000,-0.025000,-0.023661,-0.023661,0.580315,0.003829,0.003829,0.000000,222890
28.812029,597110.895510,0.005858,step_25,2,-0.025000,-0.025000,-0.025000,-0.025049,-0.025049,0.550923,0.004158,0.004158,0.000000,222892
28.818096,597110.900615,0.006067,step_25,2,-0.025000,-0.025000,-0.025000,-0.024309,-0.024309,0.475759,0.000994,0.000994,0.121996,222894
28.823813,597110.905754,0.005718,step_25,2,-0.025000,-0.025000,-0.025000,-0.026310,-0.026310,0.429904,0.001060,0.001060,0.000000,222896
28.828134,597110.910890,0.004320,step_25,2,-0.025000,-0.025000,-0.025000,-0.024708,-0.024708,0.450102,0.001040,0.001040,0.370596,222898
28.832457,597110.916032,0.004323,step_25,2,-0.025000,-0.025000,-0.025000,-0.024708,-0.024708,0.471307,0.005229,0.005229,0.000000,222900
28.836502,597110.921122,0.004045,step_25,2,-0.025000,-0.025000,-0.025000,-0.022367,-0.022367,0.524359,0.003844,0.003844,0.578925,222902
28.840583,597110.926209,0.004081,step_25,2,-0.025000,-0.025000,-0.025000,-0.023493,-0.023493,0.569885,0.003476,0.003476,0.000000,222904
28.845438,597110.931294,0.004855,step_25,2,-0.025000,-0.025000,-0.025000,-0.022607,-0.022607,0.539714,0.002937,0.002937,0.182446,222906
28.850438,597110.936377,0.005000,step_25,2,-0.025000,-0.025000,-0.025000,-0.020815,-0.020815,0.498820,0.002421,0.002421,0.358501,222908
28.855437,597110.941509,0.005000,step_25,2,-0.025000,-0.025000,-0.025000,-0.026531,-0.026531,0.491053,0.002966,0.002966,0.000000,222910
28.860440,597110.946664,0.005002,step_25,2,-0.025000,-0.025000,-0.025000,-0.023052,-0.023052,0.421399,0.002477,0.002477,0.695648,222912
28.870520,597110.951792,0.010081,step_25,2,-0.025000,-0.025000,-0.025000,-0.024946,-0.024946,0.401045,0.002537,0.002537,0.000000,222916
28.875437,597110.956923,0.004917,step_25,2,-0.025000,-0.025000,-0.025000,-0.025335,-0.025335,0.580186,0.002999,0.002999,0.000000,222918
28.880437,597110.962054,0.005000,step_25,2,-0.025000,-0.025000,-0.025000,-0.025335,-0.025335,0.553802,0.002468,0.002468,0.000000,222920
28.885437,597110.967181,0.005000,step_25,2,-0.025000,-0.025000,-0.025000,-0.023059,-0.023059,0.403859,0.003023,0.003023,0.455300,222922
28.890439,597110.972301,0.005002,step_25,2,-0.025000,-0.025000,-0.025000,-0.024834,-0.024834,0.355383,0.002656,0.002656,0.000000,222924
28.895438,597110.977415,0.004999,step_25,2,-0.025000,-0.025000,-0.025000,-0.024834,-0.024834,0.430001,0.003116,0.003116,0.000000,222926
28.900438,597110.982548,0.004999,step_25,2,-0.025000,-0.025000,-0.025000,-0.025314,-0.025314,0.533302,0.002540,0.002540,0.000000,222928
28.900438,597110.987718,0.000001,step_25,2,-0.025000,-0.025000,-0.025000,-0.025314,-0.025314,0.533302,0.002540,0.002540,0.000000,222928
28.911205,597110.992873,0.010767,step_25,2,-0.025000,-0.025000,-0.025000,-0.024025,-0.024025,0.466578,0.004163,0.004163,0.413307,222932
28.915765,597110.998030,0.004559,step_25,2,-0.025000,-0.025000,-0.025000,-0.026570,-0.026570,0.394855,0.003150,0.003150,0.000000,222934
28.920438,597111.003153,0.004673,step_25,2,-0.025000,-0.025000,-0.025000,-0.023352,-0.023352,0.454468,0.003327,0.003327,0.688576,222936
28.925437,597111.008262,0.005000,step_25,2,-0.025000,-0.025000,-0.025000,-0.023015,-0.023015,0.513284,0.002813,0.002813,0.067398,222938
28.930439,597111.013367,0.005002,step_25,2,-0.025000,-0.025000,-0.025000,-0.023508,-0.023508,0.523357,0.003319,0.003319,0.000000,222940
28.935437,597111.018548,0.004998,step_25,2,-0.025000,-0.025000,-0.025000,-0.020431,-0.020431,0.558460,0.002671,0.002671,0.615543,222942
28.940440,597111.023681,0.005003,step_25,2,-0.025000,-0.025000,-0.025000,-0.019549,-0.019549,0.620944,0.003221,0.003221,0.176379,222944
28.945444,597111.028793,0.005004,step_25,2,-0.025000,-0.025000,-0.025000,-0.023842,-0.023842,0.644023,0.002859,0.002859,0.000000,222946
28.950442,597111.033904,0.004998,step_25,2,-0.025000,-0.025000,-0.025000,-0.023822,-0.023822,0.541500,0.003372,0.003372,0.004062,222948
28.955440,597111.039017,0.004998,step_25,2,-0.025000,-0.025000,-0.025000,-0.023688,-0.023688,0.340392,0.002756,0.002756,0.026737,222950
28.961117,597111.044176,0.005677,step_25,2,-0.025000,-0.025000,-0.025000,-0.024561,-0.024561,0.273402,0.003848,0.003848,0.000000,222952
28.965917,597111.049293,0.004801,step_25,2,-0.025000,-0.025000,-0.025000,-0.025150,-0.025150,0.307403,0.003145,0.003145,0.000000,222954
28.970437,597111.054415,0.004520,step_25,2,-0.025000,-0.025000,-0.025000,-0.029408,-0.029408,0.327193,0.003211,0.003211,0.000000,222956
28.975439,597111.059532,0.005002,step_25,2,-0.025000,-0.025000,-0.025000,-0.027958,-0.027958,0.411445,0.002661,0.002661,0.289911,222958
28.980439,597111.064630,0.004999,step_25,2,-0.025000,-0.025000,-0.025000,-0.025692,-0.025692,0.523040,0.003217,0.003217,0.453128,222960
28.985438,597111.069740,0.005000,step_25,2,-0.025000,-0.025000,-0.025000,-0.024608,-0.024608,0.591394,0.002623,0.002623,0.216866,222962
28.990439,597111.074853,0.005001,step_25,2,-0.025000,-0.025000,-0.025000,-0.023906,-0.023906,0.607773,0.003230,0.003230,0.140465,222964
28.995440,597111.079968,0.005000,step_25,2,-0.025000,-0.025000,-0.025000,-0.024575,-0.024575,0.610200,0.002718,0.002718,0.000000,222966
29.000440,597111.085061,0.005000,step_25,2,-0.025000,-0.025000,-0.025000,-0.024218,-0.024218,0.599135,0.003208,0.003208,0.071550,222968
29.005437,597111.090161,0.004997,step_25,2,-0.025000,-0.025000,-0.025000,-0.022795,-0.022795,0.555941,0.002676,0.002676,0.284644,222970
29.010438,597111.095271,0.005001,step_25,2,-0.025000,-0.025000,-0.025000,-0.024788,-0.024788,0.508152,0.003222,0.003222,0.000000,222972
29.015440,597111.100387,0.005001,step_25,2,-0.025000,-0.025000,-0.025000,-0.021470,-0.021470,0.457230,0.002742,0.002742,0.663372,222974
29.020438,597111.105504,0.004999,step_25,2,-0.025000,-0.025000,-0.025000,-0.021804,-0.021804,0.495465,0.003256,0.003256,0.000000,222976
29.025438,597111.110621,0.005000,step_25,2,-0.025000,-0.025000,-0.025000,-0.025163,-0.025163,0.600913,0.002665,0.002665,0.000000,222978
29.030439,597111.115741,0.005001,step_25,2,-0.025000,-0.025000,-0.025000,-0.023016,-0.023016,0.592554,0.003207,0.003207,0.429311,222980
29.035438,597111.120868,0.004999,step_25,2,-0.025000,-0.025000,-0.025000,-0.026214,-0.026214,0.526208,0.002675,0.002675,0.000000,222982
29.040439,597111.126035,0.005001,step_25,2,-0.025000,-0.025000,-0.025000,-0.025484,-0.025484,0.530257,0.003175,0.003175,0.146017,222984
29.045437,597111.131148,0.004998,step_25,2,-0.025000,-0.025000,-0.025000,-0.024322,-0.024322,0.570174,0.002630,0.002630,0.232426,222986
29.050438,597111.136267,0.005001,step_25,2,-0.025000,-0.025000,-0.025000,-0.026943,-0.026943,0.573398,0.003174,0.003174,0.000000,222988
29.055440,597111.141428,0.005002,step_25,2,-0.025000,-0.025000,-0.025000,-0.023041,-0.023041,0.540853,0.002622,0.002622,0.780157,222990
29.065437,597111.146579,0.009997,step_25,2,-0.025000,-0.025000,-0.025000,-0.023665,-0.023665,0.476585,0.002556,0.002556,0.166923,222994
29.070437,597111.151688,0.005000,step_25,2,-0.025000,-0.025000,-0.025000,-0.023665,-0.023665,0.506480,0.003054,0.003054,0.000000,222996
29.075438,597111.156840,0.005000,step_25,2,-0.025000,-0.025000,-0.025000,-0.025605,-0.025605,0.516027,0.002372,0.002372,0.000000,222998
29.080437,597111.161996,0.005000,step_25,2,-0.025000,-0.025000,-0.025000,-0.025605,-0.025605,0.520004,0.002868,0.002868,0.000000,223000
29.085438,597111.167128,0.005001,step_25,2,-0.025000,-0.025000,-0.025000,-0.022032,-0.022032,0.497008,0.003101,0.003101,0.714406,223002
29.090438,597111.172237,0.005000,step_25,2,-0.025000,-0.025000,-0.025000,-0.023217,-0.023217,0.531634,0.003413,0.003413,0.000000,223004
29.095438,597111.177351,0.004999,step_25,2,-0.025000,-0.025000,-0.025000,-0.022242,-0.022242,0.595283,0.002842,0.002842,0.194882,223006
29.100438,597111.182464,0.005000,rest,2,0.000000,0.000000,0.000000,-0.021325,-0.021325,0.544062,0.003202,0.003202,0.183456,223008
29.105440,597111.187582,0.005002,rest,2,0.000000,0.000000,0.000000,-0.026193,-0.026193,0.485359,0.002502,0.002502,0.000000,223010
29.110437,597111.192706,0.004997,rest,2,0.000000,0.000000,0.000000,-0.024028,-0.024028,0.467869,0.003019,0.003019,0.433283,223012
29.115443,597111.197828,0.005007,rest,2,0.000000,0.000000,0.000000,-0.022624,-0.022624,0.504398,0.002174,0.002174,0.280481,223014
29.120437,597111.202950,0.004994,rest,2,0.000000,0.000000,0.000000,-0.026046,-0.026046,0.570100,0.002625,0.002625,0.000000,223016
29.125438,597111.208115,0.005000,rest,2,0.000000,0.000000,0.000000,-0.024858,-0.024858,0.495806,0.003169,0.003169,0.237581,223018
29.130437,597111.213239,0.005000,rest,2,0.000000,0.000000,0.000000,-0.026846,-0.026846,0.384700,0.002663,0.002663,0.000000,223020
29.135438,597111.218355,0.005001,rest,2,0.000000,0.000000,0.000000,-0.020790,-0.020790,0.403887,0.002155,0.002155,1.210991,223022
29.140438,597111.223470,0.005000,rest,2,0.000000,0.000000,0.000000,-0.015632,-0.015632,0.496087,0.002733,0.002733,1.031576,223024
29.145438,597111.228586,0.005000,rest,2,0.000000,0.000000,0.000000,-0.012494,-0.012494,0.757949,0.002210,0.002210,0.627512,223026
29.150440,597111.233739,0.005001,rest,2,0.000000,0.000000,0.000000,-0.006523,-0.006523,1.146581,0.002796,0.002796,1.193916,223028
29.155438,597111.238911,0.004998,rest,2,0.000000,0.000000,0.000000,-0.005116,-0.005116,1.419757,0.002357,0.002357,0.281473,223030
29.160438,597111.244057,0.005000,rest,2,0.000000,0.000000,0.000000,-0.001892,-0.001892,1.420567,0.002811,0.002811,0.644741,223032
29.165441,597111.249219,0.005003,rest,2,0.000000,0.000000,0.000000,-0.000464,-0.000464,1.282599,0.002404,0.002404,0.285517,223034
29.170439,597111.254379,0.004998,rest,2,0.000000,0.000000,0.000000,-0.000331,-0.000331,1.030621,0.002837,0.002837,0.026491,223036
29.175439,597111.259498,0.005000,rest,2,0.000000,0.000000,0.000000,-0.000356,-0.000356,0.602574,0.002376,0.002376,0.000000,223038
29.180438,597111.264614,0.004999,rest,2,0.000000,0.000000,0.000000,-0.000247,-0.000247,0.335201,0.002890,0.002890,0.021964,223040
29.185439,597111.269729,0.005000,rest,2,0.000000,0.000000,0.000000,-0.000226,-0.000226,0.430340,0.002452,0.002452,0.004109,223042
29.190440,597111.274865,0.005001,rest,2,0.000000,0.000000,0.000000,-0.000137,-0.000137,0.616642,0.003069,0.003069,0.017782,223044
29.195439,597111.280006,0.005000,rest,2,0.000000,0.000000,0.000000,0.000413,0.000413,0.648908,0.002568,0.002568,0.110043,223046
29.200439,597111.285116,0.005000,rest,2,0.000000,0.000000,0.000000,0.000412,0.000412,0.553504,0.003218,0.003218,0.000000,223048
29.205438,597111.290220,0.004999,rest,2,0.000000,0.000000,0.000000,-0.000138,-0.000138,0.388710,0.002770,0.002770,0.000000,223050
29.210439,597111.295319,0.005001,rest,2,0.000000,0.000000,0.000000,-0.000139,-0.000139,0.305941,0.002344,0.002344,0.000000,223052
29.215439,597111.300467,0.005000,rest,2,0.000000,0.000000,0.000000,-0.000160,-0.000160,0.401289,0.002932,0.002932,0.000000,223054
29.220439,597111.305619,0.005000,rest,2,0.000000,0.000000,0.000000,-0.000161,-0.000161,0.536404,0.002480,0.002480,0.000000,223056
29.225440,597111.310802,0.005001,rest,2,0.000000,0.000000,0.000000,-0.000297,-0.000297,0.554089,0.003065,0.003065,0.000000,223058
29.230443,597111.315996,0.005003,rest,2,0.000000,0.000000,0.000000,-0.000182,-0.000182,0.526282,0.002671,0.002671,0.022886,223060
29.235440,597111.321182,0.004997,rest,2,0.000000,0.000000,0.000000,0.000411,0.000411,0.568025,0.003297,0.003297,0.118720,223062
29.240440,597111.326358,0.005000,rest,2,0.000000,0.000000,0.000000,0.000915,0.000915,0.640988,0.002798,0.002798,0.100783,223064
29.245438,597111.331533,0.004998,rest,2,0.000000,0.000000,0.000000,0.000915,0.000915,0.664559,0.003362,0.003362,0.000000,223066
29.250439,597111.336715,0.005001,rest,2,0.000000,0.000000,0.000000,0.000134,0.000134,0.648648,0.002911,0.002911,0.000000,223068
29.256566,597111.341849,0.006127,rest,2,0.000000,0.000000,0.000000,0.000994,0.000994,0.589948,0.003577,0.003577,0.140374,223070
29.263014,597111.346968,0.006448,rest,2,0.000000,0.000000,0.000000,0.000079,0.000079,0.526591,0.005576,0.005576,0.000000,223072
29.268631,597111.352044,0.005617,rest,2,0.000000,0.000000,0.000000,0.002364,0.002364,0.479554,0.000871,0.000871,0.406808,223074
29.274065,597111.357199,0.005434,rest,2,0.000000,0.000000,0.000000,0.001380,0.001380,0.464239,0.001944,0.001944,0.000000,223076
29.279603,597111.362313,0.005538,rest,2,0.000000,0.000000,0.000000,0.001380,0.001380,0.470526,0.001981,0.001981,0.000081,223078
29.285129,597111.367428,0.005526,rest,2,0.000000,0.000000,0.000000,0.000888,0.000888,0.440129,0.002048,0.002048,0.000000,223080
29.285129,597111.372546,0.000001,rest,2,0.000000,0.000000,0.000000,0.000888,0.000888,0.440129,0.002048,0.002048,0.000000,223080
29.296087,597111.377707,0.010958,rest,2,0.000000,0.000000,0.000000,0.001269,0.001269,0.456845,0.003170,0.003170,0.000000,223084
29.300710,597111.382820,0.004623,rest,2,0.000000,0.000000,0.000000,0.000787,0.000787,0.468749,0.003433,0.003433,0.000000,223086
29.305662,597111.387965,0.004951,rest,2,0.000000,0.000000,0.000000,0.000079,0.000079,0.484864,0.002954,0.002954,0.000000,223088
29.310662,597111.393051,0.005001,rest,2,0.000000,0.000000,0.000000,0.000630,0.000630,0.503341,0.003592,0.003592,0.110159,223090
29.315663,597111.398154,0.005001,rest,2,0.000000,0.000000,0.000000,0.000808,0.000808,0.521606,0.003158,0.003158,0.035664,223092
29.320662,597111.403265,0.004999,rest,2,0.000000,0.000000,0.000000,0.000239,0.000239,0.557245,0.002714,0.002714,0.000000,223094
29.325662,597111.408380,0.005000,rest,2,0.000000,0.000000,0.000000,0.000239,0.000239,0.579629,0.003390,0.003390,0.000052,223096
29.330664,597111.413528,0.005003,rest,2,0.000000,0.000000,0.000000,0.000248,0.000248,0.587184,0.002974,0.002974,0.001840,223098
29.335661,597111.418636,0.004997,rest,2,0.000000,0.000000,0.000000,0.000248,0.000248,0.574738,0.003585,0.003585,0.000027,223100
29.340662,597111.423751,0.005001,rest,2,0.000000,0.000000,0.000000,0.000248,0.000248,0.537631,0.003144,0.003144,0.000044,223102
29.345662,597111.428869,0.005000,rest,2,0.000000,0.000000,0.000000,0.001371,0.001371,0.508938,0.002717,0.002717,0.224521,223104
29.350663,597111.433985,0.005002,rest,2,0.000000,0.000000,0.000000,0.000959,0.000959,0.509471,0.003386,0.003386,0.000000,223106
29.355663,597111.439109,0.005000,rest,2,0.000000,0.000000,0.000000,0.000947,0.000947,0.527684,0.002952,0.002952,0.000000,223108
29.360662,597111.444217,0.004999,rest,2,0.000000,0.000000,0.000000,0.000409,0.000409,0.522381,0.003566,0.003566,0.000000,223110
29.365662,597111.449327,0.005000,rest,2,0.000000,0.000000,0.000000,-0.000255,-0.000255,0.489548,0.003051,0.003051,0.000000,223112
29.370662,597111.454439,0.005000,rest,2,0.000000,0.000000,0.000000,0.001953,0.001953,0.474573,0.003659,0.003659,0.441716,223114
29.375661,597111.459553,0.004999,rest,2,0.000000,0.000000,0.000000,0.001372,0.001372,0.490616,0.003219,0.003219,0.000000,223116
29.380663,597111.464668,0.005001,rest,2,0.000000,0.000000,0.000000,0.000388,0.000388,0.494681,0.002798,0.002798,0.000000,223118
29.385662,597111.469784,0.004999,rest,2,0.000000,0.000000,0.000000,0.000948,0.000948,0.491783,0.003443,0.003443,0.112054,223120
29.390662,597111.474921,0.005001,rest,2,0.000000,0.000000,0.000000,0.001543,0.001543,0.512396,0.003026,0.003026,0.118851,223122
29.395662,597111.480087,0.005000,rest,2,0.000000,0.000000,0.000000,0.000834,0.000834,0.540516,0.002611,0.002611,0.000000,223124
29.400662,597111.485202,0.005000,rest,2,0.000000,0.000000,0.000000,-0.000104,-0.000104,0.554113,0.003212,0.003212,0.000000,223126
29.405663,597111.490329,0.005000,rest,2,0.000000,0.000000,0.000000,0.001304,0.001304,0.551411,0.002793,0.002793,0.281575,223128
29.410664,597111.495484,0.005001,rest,2,0.000000,0.000000,0.000000,0.000411,0.000411,0.545110,0.003450,0.003450,0.000000,223130
29.415662,597111.500600,0.004999,rest,2,0.000000,0.000000,0.000000,0.000893,0.000893,0.552800,0.003002,0.003002,0.096406,223132
29.420662,597111.505750,0.004999,rest,2,0.000000,0.000000,0.000000,0.000893,0.000893,0.555616,0.003621,0.003621,0.000064,223134
29.425663,597111.510852,0.005002,rest,2,0.000000,0.000000,0.000000,0.000903,0.000903,0.527466,0.003202,0.003202,0.002007,223136
29.430662,597111.515965,0.004999,rest,2,0.000000,0.000000,0.000000,0.000343,0.000343,0.501613,0.002768,0.002768,0.000000,223138
29.435661,597111.521075,0.004999,rest,2,0.000000,0.000000,0.000000,0.001956,0.001956,0.509430,0.003425,0.003425,0.322652,223140
29.440664,597111.526190,0.005003,rest,2,0.000000,0.000000,0.000000,-0.000525,-0.000525,0.537628,0.003022,0.003022,0.000000,223142
29.445662,597111.531302,0.004998,rest,2,0.000000,0.000000,0.000000,0.000892,0.000892,0.529674,0.002602,0.002602,0.283525,223144
29.450663,597111.536414,0.005001,rest,2,0.000000,0.000000,0.000000,0.001934,0.001934,0.489132,0.003120,0.003120,0.208473,223146
29.455662,597111.541557,0.004999,rest,2,0.000000,0.000000,0.000000,0.001054,0.001054,0.481844,0.002690,0.002690,0.000000,223148
29.465662,597111.546706,0.010000,rest,2,0.000000,0.000000,0.000000,0.000951,0.000951,0.481532,0.002893,0.002893,0.121487,223152
29.470661,597111.551819,0.004999,rest,2,0.000000,0.000000,0.000000,0.000482,0.000482,0.480871,0.003542,0.003542,0.000000,223154
29.475663,597111.556990,0.005001,rest,2,0.000000,0.000000,0.000000,0.000241,0.000241,0.499003,0.003127,0.003127,0.000000,223156
29.480662,597111.562110,0.004999,rest,2,0.000000,0.000000,0.000000,0.000883,0.000883,0.511711,0.002715,0.002715,0.128321,223158
29.485662,597111.567220,0.005000,rest,2,0.000000,0.000000,0.000000,0.000814,0.000814,0.522842,0.003383,0.003383,0.000000,223160
29.490661,597111.572332,0.004999,rest,2,0.000000,0.000000,0.000000,0.000814,0.000814,0.531886,0.002975,0.002975,0.000000,223162
29.495663,597111.577445,0.005002,rest,2,0.000000,0.000000,0.000000,0.000733,0.000733,0.537652,0.003516,0.003516,0.000000,223164
29.500661,597111.582554,0.004998,rest,2,0.000000,0.000000,0.000000,0.000733,0.000733,0.565443,0.002852,0.002852,0.000006,223166
29.505661,597111.587708,0.005000,rest,2,0.000000,0.000000,0.000000,-0.001303,-0.001303,0.580445,0.003303,0.003303,0.000000,223168
29.510661,597111.592808,0.005001,rest,2,0.000000,0.000000,0.000000,-0.001303,-0.001303,0.530971,0.002808,0.002808,0.000000,223170
29.515663,597111.597908,0.005002,rest,2,0.000000,0.000000,0.000000,0.001294,0.001294,0.471291,0.003409,0.003409,0.519279,223172
29.520661,597111.603054,0.004998,rest,2,0.000000,0.000000,0.000000,0.001959,0.001959,0.475222,0.002791,0.002791,0.133042,223174
29.525660,597111.608168,0.004999,rest,2,0.000000,0.000000,0.000000,0.000894,0.000894,0.530159,0.003414,0.003414,0.000000,223176
29.530662,597111.613329,0.005002,rest,2,0.000000,0.000000,0.000000,0.000976,0.000976,0.546954,0.002813,0.002813,0.016277,223178
29.535663,597111.618440,0.005000,rest,2,0.000000,0.000000,0.000000,0.000334,0.000334,0.530241,0.003306,0.003306,0.000000,223180
29.540661,597111.623548,0.004998,rest,2,0.000000,0.000000,0.000000,0.000826,0.000826,0.493616,0.003654,0.003654,0.098359,223182
29.545661,597111.628655,0.005000,rest,2,0.000000,0.000000,0.000000,0.000334,0.000334,0.477011,0.003135,0.003135,0.000000,223184
29.550661,597111.633767,0.005000,rest,2,0.000000,0.000000,0.000000,0.001306,0.001306,0.491874,0.003397,0.003397,0.194378,223186
29.555661,597111.638926,0.005000,rest,2,0.000000,0.000000,0.000000,0.000242,0.000242,0.530221,0.002678,0.002678,0.000000,223188
29.560661,597111.644082,0.005000,rest,2,0.000000,0.000000,0.000000,0.000393,0.000393,0.585507,0.003222,0.003222,0.030202,223190
29.565661,597111.649190,0.005000,rest,2,0.000000,0.000000,0.000000,0.000815,0.000815,0.585941,0.003429,0.003429,0.084313,223192
29.570661,597111.654299,0.005000,rest,2,0.000000,0.000000,0.000000,-0.000156,-0.000156,0.544070,0.002748,0.002748,0.000000,223194
29.575661,597111.659408,0.005000,rest,2,0.000000,0.000000,0.000000,0.000394,0.000394,0.507858,0.003284,0.003284,0.110038,223196
29.580661,597111.664552,0.005000,rest,2,0.000000,0.000000,0.000000,0.001798,0.001798,0.505603,0.002607,0.002607,0.280729,223198
29.585661,597111.669720,0.005000,rest,2,0.000000,0.000000,0.000000,0.000038,0.000038,0.551812,0.003104,0.003104,0.000000,223200
29.590661,597111.674824,0.005001,rest,2,0.000000,0.000000,0.000000,0.000061,0.000061,0.594754,0.003455,0.003455,0.004576,223202
29.595661,597111.680027,0.005000,rest,2,0.000000,0.000000,0.000000,0.000990,0.000990,0.595639,0.002841,0.002841,0.185888,223204
29.600661,597111.685156,0.004999,step_30,2,0.030000,0.030000,0.030000,0.000488,0.000488,0.546041,0.003332,0.003332,0.000000,223206
29.605661,597111.690255,0.005000,step_30,2,0.030000,0.030000,0.030000,0.001529,0.001529,0.471266,0.002830,0.002830,0.208249,223208
29.610661,597111.695350,0.005000,step_30,2,0.030000,0.030000,0.030000,-0.000025,-0.000025,0.457721,0.003395,0.003395,0.000000,223210
29.615662,597111.700486,0.005000,step_30,2,0.030000,0.030000,0.030000,0.000968,0.000968,0.481422,0.002923,0.002923,0.198744,223212
29.620661,597111.705594,0.005000,step_30,2,0.030000,0.030000,0.030000,0.001482,0.001482,0.505568,0.003517,0.003517,0.102823,223214
29.625661,597111.710694,0.005000,step_30,2,0.030000,0.030000,0.030000,0.000851,0.000851,0.528327,0.002942,0.002942,0.000000,223216
29.630661,597111.715805,0.005000,step_30,2,0.030000,0.030000,0.030000,0.001401,0.001401,0.545408,0.003477,0.003477,0.109881,223218
29.635661,597111.720918,0.004999,step_30,2,0.030000,0.030000,0.030000,0.001869,0.001869,0.530906,0.002976,0.002976,0.093632,223220
29.640662,597111.725991,0.005001,step_30,2,0.030000,0.030000,0.030000,0.005873,0.005873,0.493472,0.003561,0.003561,0.800698,223222
29.645661,597111.731102,0.004999,step_30,2,0.030000,0.030000,0.030000,0.010037,0.010037,0.510893,0.002785,0.002785,0.832926,223224
29.650661,597111.736211,0.005000,step_30,2,0.030000,0.030000,0.030000,0.010037,0.010037,0.627381,0.003279,0.003279,0.000000,223226
29.655660,597111.741348,0.004999,step_30,2,0.030000,0.030000,0.030000,0.012953,0.012953,0.809927,0.002490,0.002490,0.583226,223228
29.660661,597111.746496,0.005001,step_30,2,0.030000,0.030000,0.030000,0.014171,0.014171,0.915672,0.003066,0.003066,0.243630,223230
29.665663,597111.751608,0.005002,step_30,2,0.030000,0.030000,0.030000,0.020470,0.020470,0.895451,0.003630,0.003630,1.259320,223232
29.675661,597111.756759,0.009998,step_30,2,0.030000,0.030000,0.030000,0.023128,0.023128,1.088052,0.002705,0.002705,0.381115,223236
29.680661,597111.761925,0.005000,step_30,2,0.030000,0.030000,0.030000,0.025490,0.025490,1.047376,0.003227,0.003227,0.472353,223238
29.685661,597111.767101,0.005000,step_30,2,0.030000,0.030000,0.030000,0.025700,0.025700,0.807813,0.002710,0.002710,0.042075,223240
29.690663,597111.772202,0.005002,step_30,2,0.030000,0.030000,0.030000,0.030296,0.030296,0.639959,0.003304,0.003304,0.918727,223242
29.695662,597111.777321,0.004999,step_30,2,0.030000,0.030000,0.030000,0.030993,0.030993,0.589957,0.002766,0.002766,0.139432,223244
29.700662,597111.782435,0.005000,step_30,2,0.030000,0.030000,0.030000,0.026351,0.026351,0.555494,0.003287,0.003287,0.000000,223246
29.705661,597111.787582,0.005000,step_30,2,0.030000,0.030000,0.030000,0.029553,0.029553,0.484520,0.002702,0.002702,0.640567,223248
29.710661,597111.792692,0.005000,step_30,2,0.030000,0.030000,0.030000,0.033402,0.033402,0.548106,0.003191,0.003191,0.769811,223250
29.715662,597111.797826,0.005001,step_30,2,0.030000,0.030000,0.030000,0.030047,0.030047,0.712636,0.002669,0.002669,0.000000,223252
29.720661,597111.802940,0.004999,step_30,2,0.030000,0.030000,0.030000,0.030439,0.030439,0.642800,0.003215,0.003215,0.078352,223254
29.725661,597111.808047,0.005000,step_30,2,0.030000,0.030000,0.030000,0.032538,0.032538,0.437802,0.002737,0.002737,0.419915,223256
29.730661,597111.813147,0.005000,step_30,2,0.030000,0.030000,0.030000,0.030581,0.030581,0.348153,0.003310,0.003310,0.000000,223258
29.735661,597111.818261,0.005000,step_30,2,0.030000,0.030000,0.030000,0.027917,0.027917,0.322630,0.002830,0.002830,0.000000,223260
29.740664,597111.823372,0.005003,step_30,2,0.030000,0.030000,0.030000,0.027440,0.027440,0.303896,0.003497,0.003497,0.000000,223262
29.745661,597111.828479,0.004997,step_30,2,0.030000,0.030000,0.030000,0.029520,0.029520,0.317609,0.003075,0.003075,0.416301,223264
29.750661,597111.833643,0.005000,step_30,2,0.030000,0.030000,0.030000,0.028592,0.028592,0.431063,0.002507,0.002507,0.000000,223266
29.755662,597111.838756,0.005001,step_30,2,0.030000,0.030000,0.030000,0.026125,0.026125,0.595338,0.003062,0.003062,0.000000,223268
29.760666,597111.843899,0.005004,step_30,2,0.030000,0.030000,0.030000,0.031071,0.031071,0.642802,0.002687,0.002687,0.988401,223270
29.765661,597111.849049,0.004995,step_30,2,0.030000,0.030000,0.030000,0.031899,0.031899,0.669954,0.003037,0.003037,0.165821,223272
29.770661,597111.854161,0.005000,step_30,2,0.030000,0.030000,0.030000,0.030751,0.030751,0.722994,0.003562,0.003562,0.000000,223274
29.775661,597111.859268,0.005001,step_30,2,0.030000,0.030000,0.030000,0.031443,0.031443,0.658705,0.003061,0.003061,0.138328,223276
29.780661,597111.864374,0.005000,step_30,2,0.030000,0.030000,0.030000,0.028495,0.028495,0.525830,0.002547,0.002547,0.000000,223278
29.785661,597111.869545,0.004999,step_30,2,0.030000,0.030000,0.030000,0.028682,0.028682,0.442190,0.003150,0.003150,0.037347,223280
29.790663,597111.874664,0.005002,step_30,2,0.030000,0.030000,0.030000,0.027951,0.027951,0.417616,0.002709,0.002709,0.000000,223282
29.796417,597111.879780,0.005754,step_30,2,0.030000,0.030000,0.030000,0.029154,0.029154,0.457519,0.004074,0.004074,0.209015,223284
29.801068,597111.884909,0.004651,step_30,2,0.030000,0.030000,0.030000,0.029154,0.029154,0.503453,0.003214,0.003214,0.000033,223286
29.805662,597111.890043,0.004594,step_30,2,0.030000,0.030000,0.030000,0.029426,0.029426,0.522038,0.002371,0.002371,0.059286,223288
29.810661,597111.895146,0.004999,step_30,2,0.030000,0.030000,0.030000,0.029426,0.029426,0.510416,0.002946,0.002946,0.000000,223290
29.815661,597111.900258,0.005000,step_30,2,0.030000,0.030000,0.030000,0.029996,0.029996,0.530954,0.002441,0.002441,0.113886,223292
29.820661,597111.905371,0.005000,step_30,2,0.030000,0.030000,0.030000,0.029967,0.029967,0.585568,0.002981,0.002981,0.000000,223294
29.825661,597111.910486,0.005000,step_30,2,0.030000,0.030000,0.030000,0.030465,0.030465,0.636874,0.002488,0.002488,0.099531,223296
29.830662,597111.915594,0.005001,step_30,2,0.030000,0.030000,0.030000,0.030864,0.030864,0.645983,0.003040,0.003040,0.079970,223298
29.835661,597111.920717,0.004999,step_30,2,0.030000,0.030000,0.030000,0.030049,0.030049,0.529923,0.002612,0.002612,0.000000,223300
29.840663,597111.925835,0.005002,step_30,2,0.030000,0.030000,0.030000,0.030681,0.030681,0.418259,0.003171,0.003171,0.126251,223302
29.845661,597111.930947,0.004998,step_30,2,0.030000,0.030000,0.030000,0.029906,0.029906,0.434911,0.002671,0.002671,0.000000,223304
29.850661,597111.936074,0.004999,step_30,2,0.030000,0.030000,0.030000,0.028121,0.028121,0.466041,0.003198,0.003198,0.000000,223306
29.855662,597111.941193,0.005001,step_30,2,0.030000,0.030000,0.030000,0.030591,0.030591,0.491496,0.002705,0.002705,0.494040,223308
29.860661,597111.946314,0.004999,step_30,2,0.030000,0.030000,0.030000,0.030405,0.030405,0.628862,0.003256,0.003256,0.000000,223310
29.865663,597111.951429,0.005002,step_30,2,0.030000,0.030000,0.030000,0.030870,0.030870,0.735383,0.002799,0.002799,0.092958,223312
29.875661,597111.956582,0.009998,step_30,2,0.030000,0.030000,0.030000,0.031620,0.031620,0.530655,0.002862,0.002862,0.000000,223316
29.880662,597111.961692,0.005000,step_30,2,0.030000,0.030000,0.030000,0.029000,0.029000,0.373341,0.003415,0.003415,0.000000,223318
29.885661,597111.966845,0.005000,step_30,2,0.030000,0.030000,0.030000,0.028600,0.028600,0.270676,0.002923,0.002923,0.000000,223320
29.890661,597111.971944,0.005000,step_30,2,0.030000,0.030000,0.030000,0.025500,0.025500,0.254960,0.003497,0.003497,0.000000,223322
29.895669,597111.977108,0.005008,step_30,2,0.030000,0.030000,0.030000,0.026344,0.026344,0.260796,0.003119,0.003119,0.168628,223324
29.900666,597111.982221,0.004997,step_30,2,0.030000,0.030000,0.030000,0.027948,0.027948,0.277614,0.002640,0.002640,0.320937,223326
29.900666,597111.987335,0.000001,step_30,2,0.030000,0.030000,0.030000,0.027948,0.027948,0.277614,0.002640,0.002640,0.320937,223326
29.905669,597111.992485,0.005003,step_30,2,0.030000,0.030000,0.030000,0.027164,0.027164,0.346108,0.003142,0.003142,0.000000,223328
29.915973,597111.997644,0.010305,step_30,2,0.030000,0.030000,0.030000,0.030013,0.030013,0.533820,0.003612,0.003612,0.276385,223332
29.920684,597112.002761,0.004711,step_30,2,0.030000,0.030000,0.030000,0.026944,0.026944,0.643270,0.002823,0.002823,0.000000,223334
29.925665,597112.007882,0.004982,step_30,2,0.030000,0.030000,0.030000,0.029304,0.029304,0.669993,0.003371,0.003371,0.473725,223336
29.930661,597112.013037,0.004995,step_30,2,0.030000,0.030000,0.030000,0.029304,0.029304,0.574767,0.002711,0.002711,0.000000,223338
29.935661,597112.018155,0.005000,step_30,2,0.030000,0.030000,0.030000,0.030190,0.030190,0.481656,0.003249,0.003249,0.177296,223340
29.940662,597112.023281,0.005001,step_30,2,0.030000,0.030000,0.030000,0.026851,0.026851,0.438822,0.002764,0.002764,0.000000,223342
29.945662,597112.028425,0.005000,step_30,2,0.030000,0.030000,0.030000,0.026851,0.026851,0.379854,0.003373,0.003373,0.000000,223344
29.950662,597112.033535,0.004999,step_30,2,0.030000,0.030000,0.030000,0.030693,0.030693,0.356294,0.002893,0.002893,0.768547,223346
29.955662,597112.038657,0.005000,step_30,2,0.030000,0.030000,0.030000,0.031866,0.031866,0.476665,0.003435,0.003435,0.234559,223348
29.960661,597112.043820,0.004999,step_30,2,0.030000,0.030000,0.030000,0.027782,0.027782,0.605196,0.002934,0.002934,0.000000,223350
29.965662,597112.048932,0.005001,step_30,2,0.030000,0.030000,0.030000,0.034635,0.034635,0.602362,0.003488,0.003488,1.370444,223352
29.970661,597112.054105,0.004999,step_30,2,0.030000,0.030000,0.030000,0.033484,0.033484,0.613403,0.002984,0.002984,0.000000,223354
29.975661,597112.059217,0.005001,step_30,2,0.030000,0.030000,0.030000,0.031373,0.031373,0.632448,0.002536,0.002536,0.000000,223356
29.980662,597112.064348,0.005000,step_30,2,0.030000,0.030000,0.030000,0.033568,0.033568,0.562356,0.003085,0.003085,0.438992,223358
29.985661,597112.069460,0.004999,step_30,2,0.030000,0.030000,0.030000,0.028258,0.028258,0.420869,0.003631,0.003631,0.000000,223360
29.990662,597112.074568,0.005001,step_30,2,0.030000,0.030000,0.030000,0.027148,0.027148,0.242157,0.003149,0.003149,0.000000,223362
29.995661,597112.079706,0.004999,step_30,2,0.030000,0.030000,0.030000,0.028631,0.028631,0.103249,0.002630,0.002630,0.296494,223364
30.000663,597112.084858,0.005001,step_30,2,0.030000,0.030000,0.030000,0.026410,0.026410,0.151539,0.003310,0.003310,0.000000,223366
30.005663,597112.090011,0.005000,step_30,2,0.030000,0.030000,0.030000,0.024793,0.024793,0.295212,0.002826,0.002826,0.000000,223368
30.010661,597112.095121,0.004998,step_30,2,0.030000,0.030000,0.030000,0.026710,0.026710,0.395271,0.003463,0.003463,0.383538,223370
30.015662,597112.100235,0.005001,step_30,2,0.030000,0.030000,0.030000,0.026710,0.026710,0.499852,0.002952,0.002952,0.000000,223372
30.020661,597112.105348,0.004999,step_30,2,0.030000,0.030000,0.030000,0.028173,0.028173,0.614875,0.003570,0.003570,0.292765,223374
30.025662,597112.110451,0.005001,step_30,2,0.030000,0.030000,0.030000,0.030400,0.030400,0.659752,0.003089,0.003089,0.445337,223376
30.030661,597112.115563,0.004999,step_30,2,0.030000,0.030000,0.030000,0.029793,0.029793,0.616024,0.003406,0.003406,0.000000,223378
30.035851,597112.120676,0.005189,step_30,2,0.030000,0.030000,0.030000,0.029107,0.029107,0.552239,0.003028,0.003028,0.000000,223380
30.040667,597112.125812,0.004817,step_30,2,0.030000,0.030000,0.030000,0.026930,0.026930,0.437221,0.003408,0.003408,0.000000,223382
30.045661,597112.130921,0.004994,step_30,2,0.030000,0.030000,0.030000,0.029215,0.029215,0.322957,0.002679,0.002679,0.457587,223384
30.050661,597112.136077,0.005000,step_30,2,0.030000,0.030000,0.030000,0.029303,0.029303,0.351562,0.003253,0.003253,0.017662,223386
30.055663,597112.141204,0.005002,step_30,2,0.030000,0.030000,0.030000,0.026492,0.026492,0.480707,0.002782,0.002782,0.000000,223388
30.060661,597112.146322,0.004998,step_30,2,0.030000,0.030000,0.030000,0.028937,0.028937,0.525850,0.003438,0.003438,0.489155,223390
30.065661,597112.151473,0.005001,step_30,2,0.030000,0.030000,0.030000,0.033872,0.033872,0.533996,0.002845,0.002845,0.986867,223392
30.070661,597112.156595,0.004999,step_30,2,0.030000,0.030000,0.030000,0.029308,0.029308,0.636823,0.003351,0.003351,0.000000,223394
30.080661,597112.161727,0.010000,step_30,2,0.030000,0.030000,0.030000,0.032773,0.032773,0.669787,0.003510,0.003510,0.115603,223398
30.080661,597112.166860,0.000001,step_30,2,0.030000,0.030000,0.030000,0.032773,0.032773,0.669787,0.003510,0.003510,0.115603,223398
30.085661,597112.171990,0.005000,step_30,2,0.030000,0.030000,0.030000,0.029919,0.029919,0.571419,0.003066,0.003066,0.000000,223400
30.090661,597112.177127,0.004999,step_30,2,0.030000,0.030000,0.030000,0.028431,0.028431,0.428184,0.002621,0.002621,0.000000,223402
30.100731,597112.182248,0.010071,step_30,2,0.030000,0.030000,0.030000,0.029052,0.029052,0.224405,0.002675,0.002675,0.000000,223406
30.105661,597112.187368,0.004930,step_30,2,0.030000,0.030000,0.030000,0.030231,0.030231,0.302484,0.003203,0.003203,0.239178,223408
30.110663,597112.192472,0.005001,step_30,2,0.030000,0.030000,0.030000,0.028099,0.028099,0.463492,0.002790,0.002790,0.000000,223410
30.115662,597112.197590,0.005000,step_30,2,0.030000,0.030000,0.030000,0.028623,0.028623,0.622411,0.003448,0.003448,0.104802,223412
30.120661,597112.202714,0.004999,step_30,2,0.030000,0.030000,0.030000,0.030867,0.030867,0.619343,0.002982,0.002982,0.448881,223414
30.125662,597112.207841,0.005000,step_30,2,0.030000,0.030000,0.030000,0.032789,0.032789,0.497962,0.002560,0.002560,0.384471,223416
30.130662,597112.212954,0.005000,step_30,2,0.030000,0.030000,0.030000,0.028985,0.028985,0.422133,0.003186,0.003186,0.000000,223418
30.135661,597112.218059,0.004999,step_30,2,0.030000,0.030000,0.030000,0.027955,0.027955,0.347116,0.002662,0.002662,0.000000,223420
30.140663,597112.223186,0.005002,step_30,2,0.030000,0.030000,0.030000,0.029964,0.029964,0.221879,0.003204,0.003204,0.401708,223422
30.145662,597112.228298,0.004999,step_30,2,0.030000,0.030000,0.030000,0.026514,0.026514,0.186479,0.002664,0.002664,0.000000,223424
30.150662,597112.233462,0.005000,step_30,2,0.030000,0.030000,0.030000,0.028815,0.028815,0.248787,0.003284,0.003284,0.460028,223426
30.155662,597112.238582,0.005000,step_30,2,0.030000,0.030000,0.030000,0.029554,0.029554,0.297788,0.002785,0.002785,0.147788,223428
30.160662,597112.243689,0.005000,step_30,2,0.030000,0.030000,0.030000,0.027892,0.027892,0.383777,0.003424,0.003424,0.000000,223430
30.165663,597112.248801,0.005002,step_30,2,0.030000,0.030000,0.030000,0.031805,0.031805,0.519920,0.002865,0.002865,0.782340,223432
30.170661,597112.253923,0.004998,step_30,2,0.030000,0.030000,0.030000,0.033976,0.033976,0.620596,0.003392,0.003392,0.434429,223434
30.175662,597112.259053,0.005001,step_30,2,0.030000,0.030000,0.030000,0.027442,0.027442,0.641276,0.002847,0.002847,0.000000,223436
30.180662,597112.264161,0.005000,step_30,2,0.030000,0.030000,0.030000,0.029771,0.029771,0.582373,0.003396,0.003396,0.465781,223438
30.185661,597112.269283,0.004999,step_30,2,0.030000,0.030000,0.030000,0.029635,0.029635,0.429093,0.002878,0.002878,0.000000,223440
30.190664,597112.274400,0.005003,step_30,2,0.030000,0.030000,0.030000,0.029635,0.029635,0.278226,0.003437,0.003437,0.000000,223442
30.195661,597112.279543,0.004998,step_30,2,0.030000,0.030000,0.030000,0.024383,0.024383,0.260389,0.002931,0.002931,0.000000,223444
30.200661,597112.284658,0.005000,step_30,2,0.030000,0.030000,0.030000,0.027138,0.027138,0.333445,0.003450,0.003450,0.550963,223446
30.205664,597112.289778,0.005002,step_30,2,0.030000,0.030000,0.030000,0.028356,0.028356,0.446518,0.002923,0.002923,0.243546,223448
30.210662,597112.294882,0.004998,step_30,2,0.030000,0.030000,0.030000,0.028231,0.028231,0.569310,0.003483,0.003483,0.000000,223450
30.215662,597112.299995,0.005000,step_30,2,0.030000,0.030000,0.030000,0.032154,0.032154,0.577562,0.003035,0.003035,0.784623,223452
30.220661,597112.305120,0.004999,step_30,2,0.030000,0.030000,0.030000,0.031664,0.031664,0.542027,0.003551,0.003551,0.000000,223454
30.225661,597112.310223,0.004999,step_30,2,0.030000,0.030000,0.030000,0.029983,0.029983,0.511907,0.002996,0.002996,0.000000,223456
30.230662,597112.315333,0.005001,step_30,2,0.030000,0.030000,0.030000,0.031217,0.031217,0.396918,0.002482,0.002482,0.246749,223458
30.235661,597112.320453,0.004999,step_30,2,0.030000,0.030000,0.030000,0.031175,0.031175,0.309303,0.002995,0.002995,0.000000,223460
30.240662,597112.325564,0.005001,step_30,2,0.030000,0.030000,0.030000,0.026834,0.026834,0.298979,0.003571,0.003571,0.000000,223462
30.245662,597112.330671,0.004999,step_30,2,0.030000,0.030000,0.030000,0.029217,0.029217,0.337235,0.003040,0.003040,0.476554,223464
30.250663,597112.335778,0.005001,step_30,2,0.030000,0.030000,0.030000,0.027845,0.027845,0.425212,0.002551,0.002551,0.000000,223466
30.255662,597112.340877,0.004999,step_30,2,0.030000,0.030000,0.030000,0.027989,0.027989,0.491469,0.003061,0.003061,0.028835,223468
30.260662,597112.345990,0.005000,step_30,2,0.030000,0.030000,0.030000,0.031835,0.031835,0.508908,0.002552,0.002552,0.769197,223470
30.265662,597112.351106,0.005000,step_30,2,0.030000,0.030000,0.030000,0.028459,0.028459,0.566692,0.002990,0.002990,0.000000,223472
30.270661,597112.356216,0.004999,step_30,2,0.030000,0.030000,0.030000,0.031899,0.031899,0.628717,0.003553,0.003553,0.688145,223474
30.275661,597112.361323,0.005000,step_30,2,0.030000,0.030000,0.030000,0.033257,0.033257,0.579946,0.002970,0.002970,0.271670,223476
30.280661,597112.366437,0.005000,step_30,2,0.030000,0.030000,0.030000,0.026357,0.026357,0.464408,0.003363,0.003363,0.000000,223478
30.285661,597112.371551,0.005000,step_30,2,0.030000,0.030000,0.030000,0.027490,0.027490,0.332265,0.002750,0.002750,0.226704,223480
30.295662,597112.376691,0.010001,step_30,2,0.030000,0.030000,0.030000,0.022960,0.022960,0.268345,0.002697,0.002697,0.000000,223484
30.300662,597112.381788,0.005000,step_30,2,0.030000,0.030000,0.030000,0.029944,0.029944,0.306997,0.003165,0.003165,1.396658,223486
30.305662,597112.386908,0.005000,step_30,2,0.030000,0.030000,0.030000,0.030529,0.030529,0.378335,0.002636,0.002636,0.117018,223488
30.310664,597112.392020,0.005002,step_30,2,0.030000,0.030000,0.030000,0.025685,0.025685,0.472727,0.003137,0.003137,0.000000,223490
30.315661,597112.397126,0.004998,step_30,2,0.030000,0.030000,0.030000,0.028685,0.028685,0.519927,0.002581,0.002581,0.600305,223492
30.320661,597112.402291,0.005000,step_30,2,0.030000,0.030000,0.030000,0.028092,0.028092,0.544487,0.003121,0.003121,0.000000,223494
30.325662,597112.407401,0.005000,step_30,2,0.030000,0.030000,0.030000,0.031828,0.031828,0.483720,0.002598,0.002598,0.747196,223496
30.330661,597112.412551,0.005000,step_30,2,0.030000,0.030000,0.030000,0.032084,0.032084,0.379478,0.002772,0.002772,0.051222,223498
30.335661,597112.417663,0.005000,step_30,2,0.030000,0.030000,0.030000,0.029861,0.029861,0.341660,0.003275,0.003275,0.000000,223500
30.340664,597112.422809,0.005003,step_30,2,0.030000,0.030000,0.030000,0.030586,0.030586,0.403228,0.002825,0.002825,0.144987,223502
30.345661,597112.427945,0.004998,step_30,2,0.030000,0.030000,0.030000,0.032766,0.032766,0.477527,0.003381,0.003381,0.436188,223504
30.350662,597112.433070,0.005001,step_30,2,0.030000,0.030000,0.030000,0.028762,0.028762,0.487891,0.002987,0.002987,0.000000,223506
30.355661,597112.438169,0.004999,step_30,2,0.030000,0.030000,0.030000,0.031776,0.031776,0.499370,0.003422,0.003422,0.602963,223508
30.360661,597112.443290,0.005000,step_30,2,0.030000,0.030000,0.030000,0.031776,0.031776,0.493086,0.002872,0.002872,0.000000,223510
30.365662,597112.448406,0.005000,step_30,2,0.030000,0.030000,0.030000,0.028416,0.028416,0.436327,0.003443,0.003443,0.000000,223512
30.370661,597112.453529,0.004999,step_30,2,0.030000,0.030000,0.030000,0.031606,0.031606,0.369976,0.002954,0.002954,0.638136,223514
30.375662,597112.458680,0.005001,step_30,2,0.030000,0.030000,0.030000,0.028380,0.028380,0.284318,0.002510,0.002510,0.000000,223516
30.380662,597112.463792,0.005000,step_30,2,0.030000,0.030000,0.030000,0.030164,0.030164,0.210506,0.002998,0.002998,0.356835,223518
30.385661,597112.468908,0.004999,step_30,2,0.030000,0.030000,0.030000,0.030663,0.030663,0.264250,0.003453,0.003453,0.099877,223520
30.390663,597112.474031,0.005002,step_30,2,0.030000,0.030000,0.030000,0.030138,0.030138,0.405810,0.002923,0.002923,0.000000,223522
30.395661,597112.479157,0.004999,step_30,2,0.030000,0.030000,0.030000,0.029329,0.029329,0.480144,0.003445,0.003445,0.000000,223524
30.400661,597112.484282,0.004999,step_30,2,0.030000,0.030000,0.030000,0.028884,0.028884,0.459721,0.002720,0.002720,0.000000,223526
30.405661,597112.489395,0.005000,step_30,2,0.030000,0.030000,0.030000,0.027502,0.027502,0.457981,0.003263,0.003263,0.000000,223528
30.410661,597112.494548,0.005000,step_30,2,0.030000,0.030000,0.030000,0.027114,0.027114,0.408850,0.002582,0.002582,0.000000,223530
30.415663,597112.499658,0.005002,step_30,2,0.030000,0.030000,0.030000,0.029344,0.029344,0.250361,0.003111,0.003111,0.445947,223532
30.420661,597112.504768,0.004998,step_30,2,0.030000,0.030000,0.030000,0.028315,0.028315,0.204779,0.003379,0.003379,0.000000,223534
30.425662,597112.509878,0.005001,step_30,2,0.030000,0.030000,0.030000,0.025017,0.025017,0.332177,0.002810,0.002810,0.000000,223536
30.430661,597112.515007,0.005000,step_30,2,0.030000,0.030000,0.030000,0.028785,0.028785,0.463083,0.003379,0.003379,0.753661,223538
30.435661,597112.520119,0.005000,step_30,2,0.030000,0.030000,0.030000,0.027882,0.027882,0.548919,0.002667,0.002667,0.000000,223540
30.440662,597112.525229,0.005001,step_30,2,0.030000,0.030000,0.030000,0.030220,0.030220,0.606600,0.003206,0.003206,0.467531,223542
30.445661,597112.530338,0.004999,step_30,2,0.030000,0.030000,0.030000,0.032199,0.032199,0.543986,0.002703,0.002703,0.395899,223544
30.450661,597112.535445,0.005000,step_30,2,0.030000,0.030000,0.030000,0.027840,0.027840,0.411851,0.003216,0.003216,0.000000,223546
30.455660,597112.540554,0.004999,step_30,2,0.030000,0.030000,0.030000,0.028778,0.028778,0.302369,0.003432,0.003432,0.187654,223548
30.461322,597112.545701,0.005662,step_30,2,0.030000,0.030000,0.030000,0.028928,0.028928,0.206915,0.003533,0.003533,0.026375,223550
30.465664,597112.550839,0.004341,step_30,2,0.030000,0.030000,0.030000,0.026465,0.026465,0.201451,0.003320,0.003320,0.000000,223552
30.470661,597112.555948,0.004997,step_30,2,0.030000,0.030000,0.030000,0.028529,0.028529,0.283840,0.002820,0.002820,0.413228,223554
30.475662,597112.561045,0.005001,step_30,2,0.030000,0.030000,0.030000,0.027660,0.027660,0.406830,0.003362,0.003362,0.000000,223556
30.480662,597112.566155,0.005001,step_30,2,0.030000,0.030000,0.030000,0.026027,0.026027,0.622442,0.002846,0.002846,0.000000,223558
30.485662,597112.571263,0.005000,step_30,2,0.030000,0.030000,0.030000,0.028501,0.028501,0.726167,0.003375,0.003375,0.494775,223560
30.490662,597112.576372,0.005000,step_30,2,0.030000,0.030000,0.030000,0.033313,0.033313,0.665875,0.002820,0.002820,0.962451,223562
30.495661,597112.581483,0.004999,step_30,2,0.030000,0.030000,0.030000,0.031832,0.031832,0.547311,0.003367,0.003367,0.000000,223564
30.500661,597112.586634,0.005000,step_30,2,0.030000,0.030000,0.030000,0.030019,0.030019,0.399055,0.002763,0.002763,0.000000,223566
30.505662,597112.591739,0.005001,step_30,2,0.030000,0.030000,0.030000,0.029523,0.029523,0.320067,0.003390,0.003390,0.000000,223568
30.515662,597112.596866,0.010000,step_30,2,0.030000,0.030000,0.030000,0.029085,0.029085,0.321551,0.003397,0.003397,0.000000,223572
30.520661,597112.601998,0.005000,step_30,2,0.030000,0.030000,0.030000,0.029085,0.029085,0.317167,0.002847,0.002847,0.000001,223574
30.525661,597112.607125,0.005000,step_30,2,0.030000,0.030000,0.030000,0.029190,0.029190,0.319625,0.003429,0.003429,0.021004,223576
30.530663,597112.612229,0.005002,step_30,2,0.030000,0.030000,0.030000,0.029190,0.029190,0.387446,0.002916,0.002916,0.000001,223578
30.535661,597112.617342,0.004999,step_30,2,0.030000,0.030000,0.030000,0.029947,0.029947,0.412418,0.002467,0.002467,0.151391,223580
30.535661,597112.622461,0.000001,step_30,2,0.030000,0.030000,0.030000,0.029947,0.029947,0.412418,0.002467,0.002467,0.151391,223580
30.540662,597112.627563,0.005001,step_30,2,0.030000,0.030000,0.030000,0.028494,0.028494,0.425412,0.003077,0.003077,0.000000,223582
30.551090,597112.632676,0.010428,step_30,2,0.030000,0.030000,0.030000,0.026929,0.026929,0.478063,0.003652,0.003652,0.000000,223586
30.555662,597112.637799,0.004572,step_30,2,0.030000,0.030000,0.030000,0.029221,0.029221,0.418335,0.002728,0.002728,0.501477,223588
30.560663,597112.642921,0.005001,step_30,2,0.030000,0.030000,0.030000,0.030146,0.030146,0.351688,0.003393,0.003393,0.184886,223590
30.565662,597112.648065,0.004999,step_30,2,0.030000,0.030000,0.030000,0.027345,0.027345,0.312914,0.002910,0.002910,0.000000,223592
30.570661,597112.653186,0.004999,step_30,2,0.030000,0.030000,0.030000,0.029335,0.029335,0.339431,0.003498,0.003498,0.398070,223594
30.575662,597112.658298,0.005000,step_30,2,0.030000,0.030000,0.030000,0.028943,0.028943,0.349062,0.003028,0.003028,0.000000,223596
30.580672,597112.663412,0.005011,step_30,2,0.030000,0.030000,0.030000,0.030008,0.030008,0.314347,0.002628,0.002628,0.212411,223598
30.585661,597112.668536,0.004988,step_30,2,0.030000,0.030000,0.030000,0.030677,0.030677,0.302888,0.003091,0.003091,0.134197,223600
30.590664,597112.673689,0.005003,step_30,2,0.030000,0.030000,0.030000,0.028557,0.028557,0.408676,0.002595,0.002595,0.000000,223602
30.595662,597112.678838,0.004997,step_30,2,0.030000,0.030000,0.030000,0.028012,0.028012,0.567988,0.003167,0.003167,0.000000,223604
30.600662,597112.683959,0.005000,step_30,2,0.030000,0.030000,0.030000,0.029748,0.029748,0.572699,0.002672,0.002672,0.347255,223606
30.605662,597112.689058,0.005001,rest,2,0.000000,0.000000,0.000000,0.028851,0.028851,0.535066,0.003345,0.003345,0.000000,223608
30.610661,597112.694234,0.004999,rest,2,0.000000,0.000000,0.000000,0.033441,0.033441,0.516341,0.002689,0.002689,0.918366,223610
30.615661,597112.699352,0.005000,rest,2,0.000000,0.000000,0.000000,0.032414,0.032414,0.466175,0.003192,0.003192,0.000000,223612
30.620661,597112.704472,0.005000,rest,2,0.000000,0.000000,0.000000,0.029937,0.029937,0.409335,0.002745,0.002745,0.000000,223614
30.625661,597112.709590,0.005000,rest,2,0.000000,0.000000,0.000000,0.031601,0.031601,0.343421,0.003276,0.003276,0.332803,223616
30.630661,597112.714706,0.005000,rest,2,0.000000,0.000000,0.000000,0.027097,0.027097,0.298551,0.002753,0.002753,0.000000,223618
30.635661,597112.719844,0.005000,rest,2,0.000000,0.000000,0.000000,0.028921,0.028921,0.289714,0.003261,0.003261,0.364847,223620
30.640661,597112.724962,0.004999,rest,2,0.000000,0.000000,0.000000,0.022664,0.022664,0.299235,0.002724,0.002724,0.000000,223622
30.645661,597112.730062,0.005000,rest,2,0.000000,0.000000,0.000000,0.021695,0.021695,0.301811,0.003319,0.003319,0.000000,223624
30.650662,597112.735185,0.005001,rest,2,0.000000,0.000000,0.000000,0.021695,0.021695,0.226976,0.002920,0.002920,0.000000,223626
30.655661,597112.740306,0.004999,rest,2,0.000000,0.000000,0.000000,0.013809,0.013809,0.114007,0.003498,0.003498,0.000000,223628
30.660661,597112.745410,0.005000,rest,2,0.000000,0.000000,0.000000,0.013809,0.013809,0.066132,0.003061,0.003061,0.000015,223630
30.665662,597112.750520,0.005001,rest,2,0.000000,0.000000,0.000000,0.008779,0.008779,-0.081206,0.002482,0.002482,0.000000,223632
30.670661,597112.755636,0.004999,rest,2,0.000000,0.000000,0.000000,0.001351,0.001351,-0.315917,0.002746,0.002746,0.000000,223634
30.675662,597112.760753,0.005001,rest,2,0.000000,0.000000,0.000000,0.002049,0.002049,-0.404963,0.003284,0.003284,0.139705,223636
30.680661,597112.765900,0.004999,rest,2,0.000000,0.000000,0.000000,0.000386,0.000386,-0.225577,0.002443,0.002443,0.000000,223638
30.685661,597112.771009,0.005000,rest,2,0.000000,0.000000,0.000000,-0.000091,-0.000091,0.057606,0.002909,0.002909,0.000000,223640
30.690661,597112.776118,0.005000,rest,2,0.000000,0.000000,0.000000,0.000277,0.000277,0.359115,0.003340,0.003340,0.073732,223642
30.695662,597112.781229,0.005000,rest,2,0.000000,0.000000,0.000000,0.000028,0.000028,0.569939,0.002645,0.002645,0.000000,223644
30.700661,597112.786364,0.005000,rest,2,0.000000,0.000000,0.000000,0.000250,0.000250,0.484879,0.003210,0.003210,0.044296,223646
30.705661,597112.791464,0.005000,rest,2,0.000000,0.000000,0.000000,0.000111,0.000111,0.325706,0.003446,0.003446,0.000000,223648
30.715662,597112.796636,0.010001,rest,2,0.000000,0.000000,0.000000,0.000001,0.000001,0.501615,0.003298,0.003298,0.000026,223652
30.720661,597112.801739,0.004999,rest,2,0.000000,0.000000,0.000000,0.000028,0.000028,0.605488,0.003549,0.003549,0.005430,223654
30.725661,597112.806842,0.005000,rest,2,0.000000,0.000000,0.000000,0.000056,0.000056,0.565990,0.002989,0.002989,0.005468,223656
30.730661,597112.811988,0.005000,rest,2,0.000000,0.000000,0.000000,-0.000598,-0.000598,0.445780,0.003271,0.003271,0.000000,223658
30.735661,597112.817104,0.005000,rest,2,0.000000,0.000000,0.000000,0.001379,0.001379,0.355139,0.002795,0.002795,0.395383,223660
30.740661,597112.822230,0.005000,rest,2,0.000000,0.000000,0.000000,0.000929,0.000929,0.327079,0.003226,0.003226,0.000000,223662
30.745661,597112.827377,0.005000,rest,2,0.000000,0.000000,0.000000,0.001352,0.001352,0.343714,0.003413,0.003413,0.084578,223664
30.750673,597112.832491,0.005012,rest,2,0.000000,0.000000,0.000000,0.001968,0.001968,0.357437,0.002997,0.002997,0.122970,223666
30.755661,597112.837613,0.004988,rest,2,0.000000,0.000000,0.000000,0.002526,0.002526,0.360152,0.003488,0.003488,0.111770,223668
30.760663,597112.842739,0.005002,rest,2,0.000000,0.000000,0.000000,0.002281,0.002281,0.373036,0.003001,0.003001,0.000000,223670
30.765661,597112.847872,0.004998,rest,2,0.000000,0.000000,0.000000,0.000755,0.000755,0.370544,0.002520,0.002520,0.000000,223672
30.770661,597112.852993,0.005000,rest,2,0.000000,0.000000,0.000000,0.002255,0.002255,0.359815,0.003074,0.003074,0.299970,223674
30.775661,597112.858119,0.005000,rest,2,0.000000,0.000000,0.000000,0.001657,0.001657,0.359153,0.002639,0.002639,0.000000,223676
30.780661,597112.863238,0.005000,rest,2,0.000000,0.000000,0.000000,0.001058,0.001058,0.363513,0.003268,0.003268,0.000000,223678
30.785661,597112.868357,0.005000,rest,2,0.000000,0.000000,0.000000,0.000909,0.000909,0.374939,0.002802,0.002802,0.000000,223680
30.790662,597112.873507,0.005001,rest,2,0.000000,0.000000,0.000000,0.001059,0.001059,0.389966,0.003380,0.003380,0.030013,223682
30.795662,597112.878661,0.005000,rest,2,0.000000,0.000000,0.000000,0.000160,0.000160,0.421895,0.002946,0.002946,0.000000,223684
30.800662,597112.883775,0.005000,rest,2,0.000000,0.000000,0.000000,0.001812,0.001812,0.484166,0.003524,0.003524,0.330371,223686
30.805662,597112.888897,0.005000,rest,2,0.000000,0.000000,0.000000,0.002710,0.002710,0.514533,0.003093,0.003093,0.179587,223688
30.810662,597112.894017,0.005000,rest,2,0.000000,0.000000,0.000000,0.001363,0.001363,0.486261,0.002634,0.002634,0.000000,223690
30.815661,597112.899122,0.004999,rest,2,0.000000,0.000000,0.000000,0.000464,0.000464,0.467728,0.003270,0.003270,0.000000,223692
30.820661,597112.904245,0.005000,rest,2,0.000000,0.000000,0.000000,0.000464,0.000464,0.429824,0.002743,0.002743,0.000035,223694
30.825661,597112.909370,0.005000,rest,2,0.000000,0.000000,0.000000,0.001816,0.001816,0.361421,0.003446,0.003446,0.270318,223696
30.830662,597112.914529,0.005000,rest,2,0.000000,0.000000,0.000000,0.001815,0.001815,0.295540,0.003010,0.003010,0.000000,223698
30.835661,597112.919636,0.004999,rest,2,0.000000,0.000000,0.000000,-0.000381,-0.000381,0.261857,0.002577,0.002577,0.000000,223700
30.840662,597112.924773,0.005001,rest,2,0.000000,0.000000,0.000000,-0.000381,-0.000381,0.284503,0.003112,0.003112,0.000047,223702
30.845661,597112.929896,0.004999,rest,2,0.000000,0.000000,0.000000,0.000472,0.000472,0.325238,0.003372,0.003372,0.170584,223704
30.850662,597112.935069,0.005001,rest,2,0.000000,0.000000,0.000000,-0.001248,-0.001248,0.364663,0.002615,0.002615,0.000000,223706
30.855661,597112.940174,0.005000,rest,2,0.000000,0.000000,0.000000,-0.000822,-0.000822,0.395029,0.003125,0.003125,0.085172,223708
30.860661,597112.945277,0.005000,rest,2,0.000000,0.000000,0.000000,0.001379,0.001379,0.427057,0.002618,0.002618,0.440229,223710
30.865661,597112.950387,0.005000,rest,2,0.000000,0.000000,0.000000,0.000478,0.000478,0.452523,0.003221,0.003221,0.000000,223712
30.870661,597112.955491,0.005000,rest,2,0.000000,0.000000,0.000000,-0.000792,-0.000792,0.459528,0.002662,0.002662,0.000000,223714
30.875661,597112.960611,0.004999,rest,2,0.000000,0.000000,0.000000,-0.000393,-0.000393,0.449338,0.003247,0.003247,0.079798,223716
30.880661,597112.965734,0.005000,rest,2,0.000000,0.000000,0.000000,-0.000788,-0.000788,0.426847,0.002737,0.002737,0.000000,223718
30.885662,597112.970843,0.005001,rest,2,0.000000,0.000000,0.000000,-0.000363,-0.000363,0.395824,0.003375,0.003375,0.084918,223720
30.890661,597112.975943,0.004999,rest,2,0.000000,0.000000,0.000000,0.002281,0.002281,0.390236,0.002933,0.002933,0.528943,223722
30.895662,597112.981047,0.005001,rest,2,0.000000,0.000000,0.000000,-0.000186,-0.000186,0.429737,0.002491,0.002491,0.000000,223724
30.900661,597112.986164,0.004999,rest,2,0.000000,0.000000,0.000000,0.000413,0.000413,0.472339,0.003053,0.003053,0.119917,223726
30.905661,597112.991270,0.005000,rest,2,0.000000,0.000000,0.000000,0.000939,0.000939,0.468229,0.002577,0.002577,0.105185,223728
30.910661,597112.996374,0.005000,rest,2,0.000000,0.000000,0.000000,0.000492,0.000492,0.394435,0.003159,0.003159,0.000000,223730
30.915662,597113.001486,0.005001,rest,2,0.000000,0.000000,0.000000,0.003042,0.003042,0.310955,0.002677,0.002677,0.509803,223732
30.920661,597113.006598,0.004999,rest,2,0.000000,0.000000,0.000000,-0.000805,-0.000805,0.315262,0.003309,0.003309,0.000000,223734
30.925662,597113.011702,0.005001,rest,2,0.000000,0.000000,0.000000,0.001242,0.001242,0.368075,0.002845,0.002845,0.409194,223736
30.935662,597113.016828,0.010000,rest,2,0.000000,0.000000,0.000000,0.001098,0.001098,0.393321,0.003028,0.003028,0.624472,223740
30.940661,597113.021934,0.004999,rest,2,0.000000,0.000000,0.000000,0.000049,0.000049,0.373211,0.002486,0.002486,0.000000,223742
30.945663,597113.027049,0.005002,rest,2,0.000000,0.000000,0.000000,0.001578,0.001578,0.394373,0.003071,0.003071,0.305524,223744
30.950661,597113.032160,0.004998,rest,2,0.000000,0.000000,0.000000,-0.000400,-0.000400,0.447827,0.002596,0.002596,0.000000,223746
30.955661,597113.037275,0.004999,rest,2,0.000000,0.000000,0.000000,0.000955,0.000955,0.471961,0.003183,0.003183,0.270955,223748
30.960663,597113.042381,0.005002,rest,2,0.000000,0.000000,0.000000,-0.000822,-0.000822,0.434004,0.002705,0.002705,0.000000,223750
30.965662,597113.047488,0.004998,rest,2,0.000000,0.000000,0.000000,-0.001738,-0.001738,0.395730,0.003309,0.003309,0.000000,223752
30.970661,597113.052615,0.004999,rest,2,0.000000,0.000000,0.000000,-0.001738,-0.001738,0.389345,0.002821,0.002821,0.000005,223754
30.975662,597113.057768,0.005001,rest,2,0.000000,0.000000,0.000000,-0.002584,-0.002584,0.393770,0.003371,0.003371,0.000000,223756
30.980663,597113.062916,0.005001,rest,2,0.000000,0.000000,0.000000,-0.000685,-0.000685,0.409084,0.002907,0.002907,0.379702,223758
30.985661,597113.068027,0.004998,rest,2,0.000000,0.000000,0.000000,0.000511,0.000511,0.405760,0.002477,0.002477,0.239325,223760
30.990661,597113.073129,0.005000,rest,2,0.000000,0.000000,0.000000,0.000367,0.000367,0.383658,0.003089,0.003089,0.000000,223762
30.995661,597113.078239,0.005000,rest,2,0.000000,0.000000,0.000000,-0.002009,-0.002009,0.382461,0.002610,0.002610,0.000000,223764
31.000663,597113.083339,0.005001,rest,2,0.000000,0.000000,0.000000,0.001419,0.001419,0.354486,0.003248,0.003248,0.685364,223766
31.005662,597113.088447,0.005000,rest,2,0.000000,0.000000,0.000000,0.000239,0.000239,0.343330,0.002781,0.002781,0.000000,223768
31.010661,597113.093571,0.004999,rest,2,0.000000,0.000000,0.000000,-0.002122,-0.002122,0.383638,0.003380,0.003380,0.000000,223770
31.015662,597113.098679,0.005000,rest,2,0.000000,0.000000,0.000000,-0.001245,-0.001245,0.386639,0.002934,0.002934,0.175267,223772
31.020661,597113.103827,0.004999,rest,2,0.000000,0.000000,0.000000,-0.001272,-0.001272,0.421794,0.003474,0.003474,0.000000,223774
31.025661,597113.108944,0.005000,rest,2,0.000000,0.000000,0.000000,-0.000365,-0.000365,0.467930,0.003061,0.003061,0.181488,223776
31.030662,597113.114044,0.005001,rest,2,0.000000,0.000000,0.000000,-0.000920,-0.000920,0.468265,0.002539,0.002539,0.000000,223778
31.035662,597113.119145,0.005000,rest,2,0.000000,0.000000,0.000000,-0.000668,-0.000668,0.453764,0.003210,0.003210,0.050430,223780
31.040662,597113.124253,0.005000,rest,2,0.000000,0.000000,0.000000,-0.001091,-0.001091,0.420931,0.002693,0.002693,0.000000,223782
31.045662,597113.129362,0.005001,rest,2,0.000000,0.000000,0.000000,0.001182,0.001182,0.400658,0.003326,0.003326,0.454482,223784
31.050662,597113.134469,0.005000,rest,2,0.000000,0.000000,0.000000,-0.000799,-0.000799,0.439464,0.002854,0.002854,0.000000,223786
31.055661,597113.139586,0.004999,rest,2,0.000000,0.000000,0.000000,0.000078,0.000078,0.481333,0.003486,0.003486,0.175311,223788
31.060663,597113.144735,0.005002,rest,2,0.000000,0.000000,0.000000,0.001476,0.001476,0.461022,0.003039,0.003039,0.279462,223790
31.065662,597113.149884,0.004999,rest,2,0.000000,0.000000,0.000000,0.000082,0.000082,0.430444,0.002563,0.002563,0.000000,223792
31.070662,597113.154992,0.004999,rest,2,0.000000,0.000000,0.000000,-0.000767,-0.000767,0.418972,0.003125,0.003125,0.000000,223794
31.075662,597113.160128,0.005000,rest,2,0.000000,0.000000,0.000000,0.000679,0.000679,0.413474,0.003487,0.003487,0.289191,223796
31.080661,597113.165229,0.004999,rest,2,0.000000,0.000000,0.000000,-0.000965,-0.000965,0.411021,0.002930,0.002930,0.000000,223798
31.085661,597113.170361,0.005000,rest,2,0.000000,0.000000,0.000000,-0.000762,-0.000762,0.373139,0.003449,0.003449,0.040500,223800
31.090662,597113.175462,0.005001,rest,2,0.000000,0.000000,0.000000,-0.000762,-0.000762,0.353069,0.002973,0.002973,0.000000,223802
31.095661,597113.180568,0.004999,rest,2,0.000000,0.000000,0.000000,-0.001696,-0.001696,0.406117,0.002539,0.002539,0.000000,223804
31.100661,597113.185678,0.005000,rest,2,0.000000,0.000000,0.000000,-0.001697,-0.001697,0.467319,0.003049,0.003049,0.000000,223806
31.105662,597113.190807,0.005001,step_30,2,-0.030000,-0.030000,-0.030000,0.001282,0.001282,0.459586,0.002488,0.002488,0.595534,223808
31.110661,597113.195907,0.004998,step_30,2,-0.030000,-0.030000,-0.030000,0.000744,0.000744,0.411683,0.003085,0.003085,0.000000,223810
31.115662,597113.201018,0.005001,step_30,2,-0.030000,-0.030000,-0.030000,0.001451,0.001451,0.397792,0.002539,0.002539,0.141420,223812
31.120661,597113.206117,0.005000,step_30,2,-0.030000,-0.030000,-0.030000,0.001739,0.001739,0.388188,0.003125,0.003125,0.057556,223814
31.125663,597113.211215,0.005001,step_30,2,-0.030000,-0.030000,-0.030000,0.001285,0.001285,0.365146,0.003452,0.003452,0.000000,223816
31.130661,597113.216351,0.004998,step_30,2,-0.030000,-0.030000,-0.030000,0.000095,0.000095,0.367891,0.002699,0.002699,0.000000,223818
31.135661,597113.221450,0.005000,step_30,2,-0.030000,-0.030000,-0.030000,-0.000926,-0.000926,0.399134,0.003096,0.003096,0.000000,223820
31.140661,597113.226557,0.005001,step_30,2,-0.030000,-0.030000,-0.030000,0.000550,0.000550,0.397708,0.003382,0.003382,0.295024,223822
31.150661,597113.231663,0.009999,step_30,2,-0.030000,-0.030000,-0.030000,-0.010289,-0.010289,0.287630,0.003187,0.003187,0.000000,223826
31.155661,597113.236772,0.005000,step_30,2,-0.030000,-0.030000,-0.030000,-0.011555,-0.011555,0.066939,0.003415,0.003415,0.000000,223828
31.160661,597113.241933,0.005000,step_30,2,-0.030000,-0.030000,-0.030000,-0.020256,-0.020256,-0.138337,0.002749,0.002749,0.000000,223830
31.165661,597113.247036,0.005000,step_30,2,-0.030000,-0.030000,-0.030000,-0.026780,-0.026780,-0.164022,0.003267,0.003267,0.000000,223832
31.170661,597113.252147,0.005000,step_30,2,-0.030000,-0.030000,-0.030000,-0.034177,-0.034177,-0.170997,0.003459,0.003459,0.000000,223834
31.175661,597113.257246,0.005000,step_30,2,-0.030000,-0.030000,-0.030000,-0.031534,-0.031534,-0.275106,0.002851,0.002851,0.528453,223836
31.180662,597113.262342,0.005000,step_30,2,-0.030000,-0.030000,-0.030000,-0.031845,-0.031845,-0.229814,0.003319,0.003319,0.000000,223838
31.185661,597113.267450,0.004999,step_30,2,-0.030000,-0.030000,-0.030000,-0.036363,-0.036363,0.001006,0.002691,0.002691,0.000000,223840
31.190661,597113.272553,0.005000,step_30,2,-0.030000,-0.030000,-0.030000,-0.033080,-0.033080,0.254273,0.003258,0.003258,0.656498,223842
31.195661,597113.277715,0.005000,step_30,2,-0.030000,-0.030000,-0.030000,-0.031973,-0.031973,0.480465,0.002758,0.002758,0.221457,223844
31.200661,597113.282856,0.005000,step_30,2,-0.030000,-0.030000,-0.030000,-0.033294,-0.033294,0.511963,0.003282,0.003282,0.000000,223846
31.205661,597113.287992,0.005000,step_30,2,-0.030000,-0.030000,-0.030000,-0.034043,-0.034043,0.369553,0.002792,0.002792,0.000000,223848
31.210661,597113.293164,0.005000,step_30,2,-0.030000,-0.030000,-0.030000,-0.035456,-0.035456,0.431047,0.003433,0.003433,0.000000,223850
31.215662,597113.298276,0.005001,step_30,2,-0.030000,-0.030000,-0.030000,-0.033103,-0.033103,0.549339,0.003048,0.003048,0.470324,223852
31.220661,597113.303388,0.004999,step_30,2,-0.030000,-0.030000,-0.030000,-0.032374,-0.032374,0.561319,0.003580,0.003580,0.145923,223854
31.225661,597113.308501,0.005000,step_30,2,-0.030000,-0.030000,-0.030000,-0.033486,-0.033486,0.630990,0.003043,0.003043,0.000000,223856
31.230662,597113.313599,0.005001,step_30,2,-0.030000,-0.030000,-0.030000,-0.029942,-0.029942,0.721971,0.003581,0.003581,0.708673,223858
31.235661,597113.318719,0.004998,step_30,2,-0.030000,-0.030000,-0.030000,-0.030888,-0.030888,0.740261,0.003046,0.003046,0.000000,223860
31.240661,597113.323843,0.005000,step_30,2,-0.030000,-0.030000,-0.030000,-0.029190,-0.029190,0.721512,0.002427,0.002427,0.339437,223862
31.245661,597113.328973,0.005000,step_30,2,-0.030000,-0.030000,-0.030000,-0.030523,-0.030523,0.574761,0.002965,0.002965,0.000000,223864
31.250663,597113.334075,0.005001,step_30,2,-0.030000,-0.030000,-0.030000,-0.026894,-0.026894,0.393773,0.003409,0.003409,0.725599,223866
31.255663,597113.339186,0.005000,step_30,2,-0.030000,-0.030000,-0.030000,-0.031209,-0.031209,0.374508,0.002917,0.002917,0.000000,223868
31.260661,597113.344288,0.004999,step_30,2,-0.030000,-0.030000,-0.030000,-0.027903,-0.027903,0.338241,0.003396,0.003396,0.661270,223870
31.265662,597113.349399,0.005000,step_30,2,-0.030000,-0.030000,-0.030000,-0.028444,-0.028444,0.218687,0.002876,0.002876,0.000000,223872
31.270661,597113.354539,0.004999,step_30,2,-0.030000,-0.030000,-0.030000,-0.028444,-0.028444,0.203099,0.003433,0.003433,0.000045,223874
31.275663,597113.359696,0.005002,step_30,2,-0.030000,-0.030000,-0.030000,-0.028295,-0.028295,0.309483,0.002942,0.002942,0.029763,223876
31.280662,597113.364795,0.004999,step_30,2,-0.030000,-0.030000,-0.030000,-0.028295,-0.028295,0.432734,0.003507,0.003507,0.000027,223878
31.285661,597113.369904,0.005000,step_30,2,-0.030000,-0.030000,-0.030000,-0.026250,-0.026250,0.486030,0.002941,0.002941,0.408995,223880
31.290661,597113.375010,0.005000,step_30,2,-0.030000,-0.030000,-0.030000,-0.030687,-0.030687,0.492854,0.003489,0.003489,0.000000,223882
31.295661,597113.380119,0.005000,step_30,2,-0.030000,-0.030000,-0.030000,-0.030584,-0.030584,0.473775,0.002966,0.002966,0.020487,223884
31.300661,597113.385223,0.005000,step_30,2,-0.030000,-0.030000,-0.030000,-0.029684,-0.029684,0.433396,0.003502,0.003502,0.180043,223886
31.305661,597113.390318,0.005000,step_30,2,-0.030000,-0.030000,-0.030000,-0.030915,-0.030915,0.427522,0.002875,0.002875,0.000000,223888
31.310662,597113.395427,0.005001,step_30,2,-0.030000,-0.030000,-0.030000,-0.029918,-0.029918,0.396729,0.003415,0.003415,0.199207,223890
31.315662,597113.400587,0.005000,step_30,2,-0.030000,-0.030000,-0.030000,-0.029998,-0.029998,0.411706,0.002823,0.002823,0.000000,223892
31.320671,597113.405701,0.005009,step_30,2,-0.030000,-0.030000,-0.030000,-0.028974,-0.028974,0.518240,0.003399,0.003399,0.204352,223894
31.325661,597113.410921,0.004990,step_30,2,-0.030000,-0.030000,-0.030000,-0.027768,-0.027768,0.686829,0.002396,0.002396,0.241746,223896
31.330661,597113.416133,0.005000,step_30,2,-0.030000,-0.030000,-0.030000,-0.029013,-0.029013,0.813184,0.002832,0.002832,0.000000,223898
31.335661,597113.421281,0.005000,step_30,2,-0.030000,-0.030000,-0.030000,-0.024760,-0.024760,0.736425,0.003305,0.003305,0.850621,223900
31.340661,597113.426396,0.005000,step_30,2,-0.030000,-0.030000,-0.030000,-0.026923,-0.026923,0.532749,0.002407,0.002407,0.000000,223902
31.345661,597113.431509,0.005000,step_30,2,-0.030000,-0.030000,-0.030000,-0.027487,-0.027487,0.302651,0.002865,0.002865,0.000000,223904
31.355662,597113.436627,0.010000,step_30,2,-0.030000,-0.030000,-0.030000,-0.030038,-0.030038,0.129379,0.002593,0.002593,0.000000,223908
31.355662,597113.441753,0.000001,step_30,2,-0.030000,-0.030000,-0.030000,-0.030038,-0.030038,0.129379,0.002593,0.002593,0.000000,223908
31.365661,597113.446867,0.010000,step_30,2,-0.030000,-0.030000,-0.030000,-0.027099,-0.027099,0.338177,0.002442,0.002442,0.699348,223912
31.370661,597113.451977,0.005000,step_30,2,-0.030000,-0.030000,-0.030000,-0.033001,-0.033001,0.557206,0.002921,0.002921,0.000000,223914
31.375662,597113.457050,0.005001,step_30,2,-0.030000,-0.030000,-0.030000,-0.026993,-0.026993,0.587702,0.003487,0.003487,1.201240,223916
31.380662,597113.462172,0.005000,step_30,2,-0.030000,-0.030000,-0.030000,-0.025313,-0.025313,0.537754,0.003029,0.003029,0.336019,223918
31.385671,597113.467285,0.005010,step_30,2,-0.030000,-0.030000,-0.030000,-0.028456,-0.028456,0.613017,0.002498,0.002498,0.000000,223920
31.390661,597113.472384,0.004990,step_30,2,-0.030000,-0.030000,-0.030000,-0.030415,-0.030415,0.654599,0.002952,0.002952,0.000000,223922
31.395661,597113.477495,0.005000,step_30,2,-0.030000,-0.030000,-0.030000,-0.026684,-0.026684,0.532322,0.003482,0.003482,0.746227,223924
31.400662,597113.482612,0.005001,step_30,2,-0.030000,-0.030000,-0.030000,-0.030703,-0.030703,0.393892,0.003000,0.003000,0.000000,223926
31.405661,597113.487756,0.004999,step_30,2,-0.030000,-0.030000,-0.030000,-0.026708,-0.026708,0.371240,0.002562,0.002562,0.799027,223928
31.410662,597113.492907,0.005001,step_30,2,-0.030000,-0.030000,-0.030000,-0.028454,-0.028454,0.377905,0.003161,0.003161,0.000000,223930
31.415661,597113.498012,0.004999,step_30,2,-0.030000,-0.030000,-0.030000,-0.031753,-0.031753,0.374861,0.002624,0.002624,0.000000,223932
31.420661,597113.503136,0.004999,step_30,2,-0.030000,-0.030000,-0.030000,-0.031753,-0.031753,0.399141,0.003172,0.003172,0.000000,223934
31.425663,597113.508246,0.005003,step_30,2,-0.030000,-0.030000,-0.030000,-0.027008,-0.027008,0.439256,0.002727,0.002727,0.948578,223936
31.430661,597113.513347,0.004998,step_30,2,-0.030000,-0.030000,-0.030000,-0.027008,-0.027008,0.487404,0.003380,0.003380,0.000000,223938
31.435661,597113.518459,0.005000,step_30,2,-0.030000,-0.030000,-0.030000,-0.029725,-0.029725,0.497269,0.002896,0.002896,0.000000,223940
31.440662,597113.523604,0.005001,step_30,2,-0.030000,-0.030000,-0.030000,-0.027203,-0.027203,0.433493,0.003495,0.003495,0.504447,223942
31.445663,597113.528743,0.005001,step_30,2,-0.030000,-0.030000,-0.030000,-0.027150,-0.027150,0.349754,0.003062,0.003062,0.010475,223944
31.450661,597113.533886,0.004998,step_30,2,-0.030000,-0.030000,-0.030000,-0.028366,-0.028366,0.388932,0.002497,0.002497,0.000000,223946
31.455661,597113.538999,0.005000,step_30,2,-0.030000,-0.030000,-0.030000,-0.028104,-0.028104,0.430014,0.002993,0.002993,0.052286,223948
31.460662,597113.544124,0.005000,step_30,2,-0.030000,-0.030000,-0.030000,-0.029864,-0.029864,0.443010,0.002630,0.002630,0.000000,223950
31.465662,597113.549236,0.005001,step_30,2,-0.030000,-0.030000,-0.030000,-0.026877,-0.026877,0.470073,0.003076,0.003076,0.597299,223952
31.470662,597113.554342,0.004999,step_30,2,-0.030000,-0.030000,-0.030000,-0.027626,-0.027626,0.499346,0.002609,0.002609,0.000000,223954
31.475945,597113.559454,0.005283,step_30,2,-0.030000,-0.030000,-0.030000,-0.028558,-0.028558,0.526750,0.002358,0.002358,0.000000,223956
31.481625,597113.564563,0.005680,step_30,2,-0.030000,-0.030000,-0.030000,-0.029899,-0.029899,0.511701,0.002553,0.002553,0.000000,223958
31.487236,597113.569682,0.005612,step_30,2,-0.030000,-0.030000,-0.030000,-0.025956,-0.025956,0.511701,0.003748,0.003748,0.702602,223960
31.487236,597113.574822,0.000001,step_30,2,-0.030000,-0.030000,-0.030000,-0.025956,-0.025956,0.493153,0.003748,0.003748,0.702602,223960
31.492939,597113.579974,0.005703,step_30,2,-0.030000,-0.030000,-0.030000,-0.029505,-0.029505,0.477391,0.003962,0.003962,0.000000,223962
31.498762,597113.585068,0.005823,step_30,2,-0.030000,-0.030000,-0.030000,-0.029674,-0.029674,0.490421,0.005474,0.005474,0.000000,223964
31.504616,597113.590191,0.005854,step_30,2,-0.030000,-0.030000,-0.030000,-0.029428,-0.029428,0.496129,0.000994,0.000994,0.042050,223966
31.510293,597113.595309,0.005677,step_30,2,-0.030000,-0.030000,-0.030000,-0.029714,-0.029714,0.428365,0.002115,0.002115,0.000000,223968
31.515198,597113.600456,0.004905,step_30,2,-0.030000,-0.030000,-0.030000,-0.026119,-0.026119,0.370401,0.001534,0.001534,0.732829,223970
31.524095,597113.605608,0.008897,step_30,2,-0.030000,-0.030000,-0.030000,-0.027952,-0.027952,0.413103,0.000366,0.000366,0.672068,223974
31.524095,597113.610723,0.000001,step_30,2,-0.030000,-0.030000,-0.030000,-0.027952,-0.027952,0.413103,0.000366,0.000366,0.672068,223974
31.534200,597113.615834,0.010104,step_30,2,-0.030000,-0.030000,-0.030000,-0.030650,-0.030650,0.362266,0.000412,0.000412,0.000000,223978
31.538329,597113.620947,0.004130,step_30,2,-0.030000,-0.030000,-0.030000,-0.030650,-0.030650,0.368414,0.004445,0.004445,0.000000,223980
31.542565,597113.626051,0.004236,step_30,2,-0.030000,-0.030000,-0.030000,-0.029431,-0.029431,0.354059,0.004065,0.004065,0.287697,223982
31.546699,597113.631187,0.004134,step_30,2,-0.030000,-0.030000,-0.030000,-0.028463,-0.028463,0.416414,0.002748,0.002748,0.234214,223984
31.550861,597113.636300,0.004162,step_30,2,-0.030000,-0.030000,-0.030000,-0.030409,-0.030409,0.513692,0.002570,0.002570,0.000000,223986
31.555662,597113.641448,0.004801,step_30,2,-0.030000,-0.030000,-0.030000,-0.028224,-0.028224,0.524407,0.001955,0.001955,0.455093,223988
31.565662,597113.646563,0.010000,step_30,2,-0.030000,-0.030000,-0.030000,-0.030571,-0.030571,0.548964,0.002143,0.002143,0.000000,223992
31.570661,597113.651764,0.004998,step_30,2,-0.030000,-0.030000,-0.030000,-0.027364,-0.027364,0.565986,0.001681,0.001681,0.641445,223994
31.575661,597113.657007,0.005000,step_30,2,-0.030000,-0.030000,-0.030000,-0.028320,-0.028320,0.581772,0.002328,0.002328,0.000000,223996
31.580662,597113.662147,0.005001,step_30,2,-0.030000,-0.030000,-0.030000,-0.029496,-0.029496,0.547531,0.001929,0.001929,0.000000,223998
31.585662,597113.667262,0.005000,step_30,2,-0.030000,-0.030000,-0.030000,-0.029496,-0.029496,0.519878,0.001492,0.001492,0.000000,224000
31.590661,597113.672377,0.004999,step_30,2,-0.030000,-0.030000,-0.030000,-0.029432,-0.029432,0.492140,0.001859,0.001859,0.012875,224002
31.595661,597113.677490,0.005001,step_30,2,-0.030000,-0.030000,-0.030000,-0.029432,-0.029432,0.424127,0.002363,0.002363,0.000000,224004
31.600662,597113.682643,0.005001,step_30,2,-0.030000,-0.030000,-0.030000,-0.028457,-0.028457,0.398333,0.001885,0.001885,0.194854,224006
31.605661,597113.687793,0.004999,step_30,2,-0.030000,-0.030000,-0.030000,-0.028458,-0.028458,0.392173,0.002488,0.002488,0.000000,224008
31.610661,597113.692907,0.005000,step_30,2,-0.030000,-0.030000,-0.030000,-0.030143,-0.030143,0.416826,0.002099,0.002099,0.000000,224010
31.615663,597113.698032,0.005001,step_30,2,-0.030000,-0.030000,-0.030000,-0.029684,-0.029684,0.473033,0.001649,0.001649,0.091956,224012
31.620662,597113.703169,0.004999,step_30,2,-0.030000,-0.030000,-0.030000,-0.030163,-0.030163,0.474203,0.002298,0.002298,0.000000,224014
31.625662,597113.708336,0.005000,step_30,2,-0.030000,-0.030000,-0.030000,-0.028015,-0.028015,0.500045,0.001916,0.001916,0.429499,224016
31.630661,597113.713472,0.005000,step_30,2,-0.030000,-0.030000,-0.030000,-0.028888,-0.028888,0.532449,0.001495,0.001495,0.000000,224018
31.635661,597113.718643,0.005000,step_30,2,-0.030000,-0.030000,-0.030000,-0.028307,-0.028307,0.501780,0.002055,0.002055,0.116068,224020
31.640663,597113.723882,0.005001,step_30,2,-0.030000,-0.030000,-0.030000,-0.030576,-0.030576,0.487749,0.001561,0.001561,0.000000,224022
31.645662,597113.729095,0.004999,step_30,2,-0.030000,-0.030000,-0.030000,-0.029924,-0.029924,0.472362,0.002189,0.002189,0.130534,224024
31.650663,597113.734210,0.005001,step_30,2,-0.030000,-0.030000,-0.030000,-0.031886,-0.031886,0.456722,0.001723,0.001723,0.000000,224026
31.655661,597113.739327,0.004998,step_30,2,-0.030000,-0.030000,-0.030000,-0.030162,-0.030162,0.426047,0.002355,0.002355,0.344879,224028
31.660664,597113.744445,0.005003,step_30,2,-0.030000,-0.030000,-0.030000,-0.028860,-0.028860,0.454069,0.001889,0.001889,0.260422,224030
31.665663,597113.749558,0.005000,step_30,2,-0.030000,-0.030000,-0.030000,-0.032669,-0.032669,0.499625,0.002499,0.002499,0.000000,224032
31.670661,597113.754719,0.004997,step_30,2,-0.030000,-0.030000,-0.030000,-0.027689,-0.027689,0.476301,0.001804,0.001804,0.996498,224034
31.675954,597113.759872,0.005293,step_30,2,-0.030000,-0.030000,-0.030000,-0.027447,-0.027447,0.519978,0.002591,0.002591,0.045635,224036
31.680984,597113.765045,0.005030,step_30,2,-0.030000,-0.030000,-0.030000,-0.031533,-0.031533,0.584972,0.002152,0.002152,0.000000,224038
31.685661,597113.770169,0.004677,step_30,2,-0.030000,-0.030000,-0.030000,-0.025744,-0.025744,0.603717,0.002405,0.002405,1.237728,224040
31.690662,597113.775298,0.005001,step_30,2,-0.030000,-0.030000,-0.030000,-0.030299,-0.030299,0.621829,0.001870,0.001870,0.000000,224042
31.695663,597113.780458,0.005001,step_30,2,-0.030000,-0.030000,-0.030000,-0.029006,-0.029006,0.588822,0.002437,0.002437,0.258482,224044
31.700661,597113.785608,0.004998,step_30,2,-0.030000,-0.030000,-0.030000,-0.030154,-0.030154,0.435239,0.001834,0.001834,0.000000,224046
31.705661,597113.790723,0.004999,step_30,2,-0.030000,-0.030000,-0.030000,-0.027992,-0.027992,0.304426,0.002309,0.002309,0.432581,224048
31.710663,597113.795848,0.005002,step_30,2,-0.030000,-0.030000,-0.030000,-0.028852,-0.028852,0.365561,0.001818,0.001818,0.000000,224050
31.715663,597113.800960,0.005000,step_30,2,-0.030000,-0.030000,-0.030000,-0.031823,-0.031823,0.535585,0.002433,0.002433,0.000000,224052
31.720661,597113.806038,0.004998,step_30,2,-0.030000,-0.030000,-0.030000,-0.030978,-0.030978,0.666716,0.001972,0.001972,0.169180,224054
31.725661,597113.811176,0.005000,step_30,2,-0.030000,-0.030000,-0.030000,-0.026641,-0.026641,0.739255,0.001515,0.001515,0.867439,224056
31.730662,597113.816288,0.005001,step_30,2,-0.030000,-0.030000,-0.030000,-0.030154,-0.030154,0.753495,0.002051,0.002051,0.000000,224058
31.735664,597113.821388,0.005002,step_30,2,-0.030000,-0.030000,-0.030000,-0.030155,-0.030155,0.704575,0.001560,0.001560,0.000000,224060
31.740661,597113.826492,0.004997,step_30,2,-0.030000,-0.030000,-0.030000,-0.028686,-0.028686,0.546628,0.002033,0.002033,0.293951,224062
31.745661,597113.831602,0.005001,step_30,2,-0.030000,-0.030000,-0.030000,-0.029481,-0.029481,0.345778,0.001446,0.001446,0.000000,224064
31.755662,597113.836754,0.010000,step_30,2,-0.030000,-0.030000,-0.030000,-0.028848,-0.028848,0.367257,0.002444,0.002444,0.126695,224068
31.760661,597113.841886,0.004999,step_30,2,-0.030000,-0.030000,-0.030000,-0.028848,-0.028848,0.414599,0.001812,0.001812,0.000000,224070
31.765661,597113.846994,0.005000,step_30,2,-0.030000,-0.030000,-0.030000,-0.026475,-0.026475,0.515122,0.002370,0.002370,0.474538,224072
31.770661,597113.852231,0.005001,step_30,2,-0.030000,-0.030000,-0.030000,-0.030118,-0.030118,0.614606,0.001786,0.001786,0.000000,224074
31.775661,597113.857340,0.005000,step_30,2,-0.030000,-0.030000,-0.030000,-0.028319,-0.028319,0.620891,0.001256,0.001256,0.359828,224076
31.780672,597113.862461,0.005011,step_30,2,-0.030000,-0.030000,-0.030000,-0.028319,-0.028319,0.578144,0.001840,0.001840,0.000000,224078
31.785661,597113.867675,0.004989,step_30,2,-0.030000,-0.030000,-0.030000,-0.030056,-0.030056,0.480717,0.002307,0.002307,0.000000,224080
31.790661,597113.872777,0.005000,step_30,2,-0.030000,-0.030000,-0.030000,-0.030744,-0.030744,0.357594,0.001728,0.001728,0.000000,224082
31.795661,597113.877912,0.005000,step_30,2,-0.030000,-0.030000,-0.030000,-0.028547,-0.028547,0.285650,0.002236,0.002236,0.439454,224084
31.800661,597113.883124,0.005000,step_30,2,-0.030000,-0.030000,-0.030000,-0.029987,-0.029987,0.350698,0.001718,0.001718,0.000000,224086
31.805661,597113.888231,0.005000,step_30,2,-0.030000,-0.030000,-0.030000,-0.030040,-0.030040,0.490542,0.002246,0.002246,0.000000,224088
31.810662,597113.893359,0.005002,step_30,2,-0.030000,-0.030000,-0.030000,-0.032065,-0.032065,0.599187,0.001716,0.001716,0.000000,224090
31.815662,597113.898469,0.004999,step_30,2,-0.030000,-0.030000,-0.030000,-0.027181,-0.027181,0.617328,0.002224,0.002224,0.976920,224092
31.820661,597113.903590,0.004999,step_30,2,-0.030000,-0.030000,-0.030000,-0.029519,-0.029519,0.559115,0.001645,0.001645,0.000000,224094
31.825667,597113.908703,0.005006,step_30,2,-0.030000,-0.030000,-0.030000,-0.029969,-0.029969,0.475230,0.002135,0.002135,0.000000,224096
31.830662,597113.913918,0.004995,step_30,2,-0.030000,-0.030000,-0.030000,-0.027387,-0.027387,0.369850,0.001585,0.001585,0.516993,224098
31.835661,597113.919070,0.005000,step_30,2,-0.030000,-0.030000,-0.030000,-0.027985,-0.027985,0.400028,0.002006,0.002006,0.000000,224100
31.841404,597113.924179,0.005742,step_30,2,-0.030000,-0.030000,-0.030000,-0.029443,-0.029443,0.485926,0.002233,0.002233,0.000000,224102
31.846684,597113.929274,0.005281,step_30,2,-0.030000,-0.030000,-0.030000,-0.027143,-0.027143,0.538667,0.003005,0.003005,0.435596,224104
31.850920,597113.934381,0.004236,step_30,2,-0.030000,-0.030000,-0.030000,-0.027401,-0.027401,0.622049,0.002666,0.002666,0.000000,224106
31.855672,597113.939511,0.004752,step_30,2,-0.030000,-0.030000,-0.030000,-0.028998,-0.028998,0.632604,0.001964,0.001964,0.000000,224108
31.860661,597113.944611,0.004989,step_30,2,-0.030000,-0.030000,-0.030000,-0.032800,-0.032800,0.535767,0.002423,0.002423,0.000000,224110
31.865662,597113.949757,0.005001,step_30,2,-0.030000,-0.030000,-0.030000,-0.025351,-0.025351,0.375602,0.001868,0.001868,1.489450,224112
31.870662,597113.954904,0.005000,step_30,2,-0.030000,-0.030000,-0.030000,-0.029567,-0.029567,0.319674,0.002376,0.002376,0.000000,224114
31.875662,597113.960071,0.005000,step_30,2,-0.030000,-0.030000,-0.030000,-0.030885,-0.030885,0.411586,0.001845,0.001845,0.000000,224116
31.881637,597113.965220,0.005974,step_30,2,-0.030000,-0.030000,-0.030000,-0.028172,-0.028172,0.465098,0.003358,0.003358,0.454098,224118
31.886690,597113.970359,0.005053,step_30,2,-0.030000,-0.030000,-0.030000,-0.028833,-0.028833,0.533914,0.002809,0.002809,0.000000,224120
31.891386,597113.975530,0.004696,step_30,2,-0.030000,-0.030000,-0.030000,-0.026216,-0.026216,0.599445,0.003186,0.003186,0.557299,224122
31.896271,597113.980636,0.004885,step_30,2,-0.030000,-0.030000,-0.030000,-0.029853,-0.029853,0.603484,0.002487,0.002487,0.000000,224124
31.900858,597113.985749,0.004587,step_30,2,-0.030000,-0.030000,-0.030000,-0.029067,-0.029067,0.573877,0.002471,0.002471,0.171219,224126
31.905661,597113.990896,0.004803,step_30,2,-0.030000,-0.030000,-0.030000,-0.028365,-0.028365,0.518729,0.001670,0.001670,0.146276,224128
31.910661,597113.995991,0.005000,step_30,2,-0.030000,-0.030000,-0.030000,-0.028599,-0.028599,0.454384,0.002115,0.002115,0.000000,224130
31.915662,597114.001122,0.005001,step_30,2,-0.030000,-0.030000,-0.030000,-0.029039,-0.029039,0.385353,0.001597,0.001597,0.000000,224132
31.920661,597114.006219,0.005000,step_30,2,-0.030000,-0.030000,-0.030000,-0.033018,-0.033018,0.375630,0.002184,0.002184,0.000000,224134
31.925661,597114.011374,0.005000,step_30,2,-0.030000,-0.030000,-0.030000,-0.027800,-0.027800,0.396127,0.001757,0.001757,1.043705,224136
31.930661,597114.016492,0.005000,step_30,2,-0.030000,-0.030000,-0.030000,-0.028779,-0.028779,0.414886,0.002259,0.002259,0.000000,224138
31.940661,597114.021587,0.010000,step_30,2,-0.030000,-0.030000,-0.030000,-0.029608,-0.029608,0.555026,0.001831,0.001831,0.866681,224142
31.940661,597114.026716,0.000001,step_30,2,-0.030000,-0.030000,-0.030000,-0.029608,-0.029608,0.555026,0.001831,0.001831,0.866681,224142
31.945662,597114.031853,0.005001,step_30,2,-0.030000,-0.030000,-0.030000,-0.031491,-0.031491,0.476051,0.002422,0.002422,0.000000,224144
31.955661,597114.036983,0.009999,step_30,2,-0.030000,-0.030000,-0.030000,-0.030300,-0.030300,0.428775,0.001479,0.001479,0.000000,224148
31.960662,597114.042030,0.005001,step_30,2,-0.030000,-0.030000,-0.030000,-0.030300,-0.030300,0.486712,0.002035,0.002035,0.000000,224150
31.965663,597114.047190,0.005001,step_30,2,-0.030000,-0.030000,-0.030000,-0.028140,-0.028140,0.572886,0.001560,0.001560,0.431985,224152
31.970661,597114.052265,0.004998,step_30,2,-0.030000,-0.030000,-0.030000,-0.027303,-0.027303,0.635958,0.002148,0.002148,0.167330,224154
31.975661,597114.057388,0.005000,step_30,2,-0.030000,-0.030000,-0.030000,-0.030028,-0.030028,0.665282,0.001643,0.001643,0.000000,224156
31.980661,597114.062522,0.005001,step_30,2,-0.030000,-0.030000,-0.030000,-0.030028,-0.030028,0.609848,0.002283,0.002283,0.000000,224158
31.985661,597114.067635,0.005000,step_30,2,-0.030000,-0.030000,-0.030000,-0.029118,-0.029118,0.431072,0.001822,0.001822,0.182048,224160
31.990662,597114.072845,0.005000,step_30,2,-0.030000,-0.030000,-0.030000,-0.028382,-0.028382,0.344697,0.002293,0.002293,0.147250,224162
31.995661,597114.077955,0.005000,step_30,2,-0.030000,-0.030000,-0.030000,-0.029289,-0.029289,0.465590,0.001813,0.001813,0.000000,224164
32.001100,597114.083110,0.005439,step_30,2,-0.030000,-0.030000,-0.030000,-0.029461,-0.029461,0.536603,0.002841,0.002841,0.000000,224166
32.005661,597114.088277,0.004561,step_30,2,-0.030000,-0.030000,-0.030000,-0.029085,-0.029085,0.522259,0.001792,0.001792,0.082540,224168
32.005661,597114.093383,0.000001,step_30,2,-0.030000,-0.030000,-0.030000,-0.029085,-0.029085,0.522259,0.001792,0.001792,0.082540,224168
32.016897,597114.098521,0.011236,step_30,2,-0.030000,-0.030000,-0.030000,-0.032039,-0.032039,0.557576,0.003099,0.003099,0.000000,224172
32.021237,597114.103626,0.004340,step_30,2,-0.030000,-0.030000,-0.030000,-0.030625,-0.030625,0.427123,0.003054,0.003054,0.325798,224174
32.025661,597114.108766,0.004424,step_30,2,-0.030000,-0.030000,-0.030000,-0.028370,-0.028370,0.366124,0.002014,0.002014,0.509710,224176
32.030661,597114.113905,0.005000,step_30,2,-0.030000,-0.030000,-0.030000,-0.028500,-0.028500,0.394889,0.002579,0.002579,0.000000,224178
32.035661,597114.119105,0.005000,step_30,2,-0.030000,-0.030000,-0.030000,-0.029394,-0.029394,0.486239,0.002125,0.002125,0.000000,224180
32.040662,597114.124201,0.005001,step_30,2,-0.030000,-0.030000,-0.030000,-0.029811,-0.029811,0.617513,0.001621,0.001621,0.000000,224182
32.045682,597114.129285,0.005020,step_30,2,-0.030000,-0.030000,-0.030000,-0.029811,-0.029811,0.664876,0.002330,0.002330,0.000000,224184
32.050662,597114.134420,0.004980,step_30,2,-0.030000,-0.030000,-0.030000,-0.030046,-0.030046,0.664164,0.001745,0.001745,0.000000,224186
32.055661,597114.139562,0.005000,step_30,2,-0.030000,-0.030000,-0.030000,-0.030613,-0.030613,0.618674,0.002370,0.002370,0.000000,224188
32.060662,597114.144650,0.005001,step_30,2,-0.030000,-0.030000,-0.030000,-0.030948,-0.030948,0.570314,0.001874,0.001874,0.000000,224190
32.065662,597114.149781,0.005000,step_30,2,-0.030000,-0.030000,-0.030000,-0.027714,-0.027714,0.566211,0.002465,0.002465,0.646918,224192
32.070661,597114.154900,0.004999,step_30,2,-0.030000,-0.030000,-0.030000,-0.028398,-0.028398,0.514466,0.002024,0.002024,0.000000,224194
32.075662,597114.160047,0.005001,step_30,2,-0.030000,-0.030000,-0.030000,-0.031067,-0.031067,0.483152,0.001485,0.001485,0.000000,224196
32.080661,597114.165221,0.004999,step_30,2,-0.030000,-0.030000,-0.030000,-0.031067,-0.031067,0.534462,0.002052,0.002052,0.000000,224198
32.085661,597114.170342,0.005000,step_30,2,-0.030000,-0.030000,-0.030000,-0.031038,-0.031038,0.573582,0.002383,0.002383,0.005812,224200
32.090661,597114.175453,0.005000,step_30,2,-0.030000,-0.030000,-0.030000,-0.031038,-0.031038,0.523120,0.001609,0.001609,0.000000,224202
32.095661,597114.180604,0.005000,step_30,2,-0.030000,-0.030000,-0.030000,-0.031153,-0.031153,0.480587,0.002185,0.002185,0.000000,224204
32.100661,597114.185757,0.005000,step_30,2,-0.030000,-0.030000,-0.030000,-0.031153,-0.031153,0.500675,0.002432,0.002432,0.000000,224206
32.105661,597114.191000,0.005000,rest,2,0.000000,0.000000,0.000000,-0.027206,-0.027206,0.488403,0.001821,0.001821,0.789308,224208
32.110662,597114.196118,0.005000,rest,2,0.000000,0.000000,0.000000,-0.030656,-0.030656,0.500841,0.002537,0.002537,0.000000,224210
32.115661,597114.201220,0.005000,rest,2,0.000000,0.000000,0.000000,-0.027315,-0.027315,0.522287,0.001839,0.001839,0.668290,224212
32.120661,597114.206320,0.005000,rest,2,0.000000,0.000000,0.000000,-0.028500,-0.028500,0.584895,0.002320,0.002320,0.000000,224214
32.125661,597114.211470,0.005001,rest,2,0.000000,0.000000,0.000000,-0.030054,-0.030054,0.662529,0.001563,0.001563,0.000000,224216
32.135661,597114.216588,0.010000,rest,2,0.000000,0.000000,0.000000,-0.031364,-0.031364,0.477172,0.001540,0.001540,0.000000,224220
32.135661,597114.221748,0.000001,rest,2,0.000000,0.000000,0.000000,-0.031364,-0.031364,0.477172,0.001540,0.001540,0.000000,224220
32.145662,597114.226834,0.010001,rest,2,0.000000,0.000000,0.000000,-0.024639,-0.024639,0.454635,0.001652,0.001652,0.447527,224224
32.150662,597114.232032,0.005000,rest,2,0.000000,0.000000,0.000000,-0.019107,-0.019107,0.619349,0.002201,0.002201,1.106394,224226
32.155661,597114.237114,0.004999,rest,2,0.000000,0.000000,0.000000,-0.016516,-0.016516,0.852618,0.001667,0.001667,0.518351,224228
32.160661,597114.242205,0.005000,rest,2,0.000000,0.000000,0.000000,-0.006754,-0.006754,1.068789,0.002296,0.002296,1.952463,224230
32.165662,597114.247292,0.005002,rest,2,0.000000,0.000000,0.000000,-0.005959,-0.005959,1.242747,0.001863,0.001863,0.158888,224232
32.170661,597114.252421,0.004998,rest,2,0.000000,0.000000,0.000000,-0.003149,-0.003149,1.314703,0.002440,0.002440,0.562130,224234
32.175661,597114.257505,0.005001,rest,2,0.000000,0.000000,0.000000,-0.001041,-0.001041,1.195534,0.001969,0.001969,0.421594,224236
32.180661,597114.262631,0.004999,rest,2,0.000000,0.000000,0.000000,-0.000972,-0.000972,0.876756,0.002541,0.002541,0.013770,224238
32.185661,597114.267755,0.005001,rest,2,0.000000,0.000000,0.000000,0.000096,0.000096,0.513614,0.002064,0.002064,0.213564,224240
32.185661,597114.272853,0.000001,rest,2,0.000000,0.000000,0.000000,0.000096,0.000096,0.513614,0.002064,0.002064,0.213564,224240
32.190671,597114.278012,0.005010,rest,2,0.000000,0.000000,0.000000,-0.000689,-0.000689,0.390450,0.001649,0.001649,0.000000,224242
32.196317,597114.283154,0.005645,rest,2,0.000000,0.000000,0.000000,-0.002117,-0.002117,0.491454,0.002855,0.002855,0.000000,224244
32.201814,597114.288293,0.005498,rest,2,0.000000,0.000000,0.000000,0.001279,0.001279,0.600779,0.002766,0.002766,0.617606,224246
32.211940,597114.293431,0.010125,rest,2,0.000000,0.000000,0.000000,-0.000002,-0.000002,0.566806,0.002916,0.002916,0.000000,224250
32.216188,597114.298513,0.004248,rest,2,0.000000,0.000000,0.000000,-0.000003,-0.000003,0.495281,0.002606,0.002606,0.000000,224252
32.220660,597114.303664,0.004472,rest,2,0.000000,0.000000,0.000000,0.000423,0.000423,0.424069,0.002489,0.002489,0.095300,224254
32.225665,597114.308803,0.005004,rest,2,0.000000,0.000000,0.000000,0.000850,0.000850,0.398432,0.002036,0.002036,0.085173,224256
32.230661,597114.313925,0.004996,rest,2,0.000000,0.000000,0.000000,0.000423,0.000423,0.396017,0.002544,0.002544,0.000000,224258
32.235661,597114.319097,0.005000,rest,2,0.000000,0.000000,0.000000,-0.000004,-0.000004,0.463399,0.001954,0.001954,0.000000,224260
32.240662,597114.324191,0.005001,rest,2,0.000000,0.000000,0.000000,-0.000989,-0.000989,0.566344,0.002392,0.002392,0.000000,224262
32.245661,597114.329287,0.004999,rest,2,0.000000,0.000000,0.000000,-0.000004,-0.000004,0.600521,0.001819,0.001819,0.196966,224264
32.250660,597114.334343,0.005000,rest,2,0.000000,0.000000,0.000000,0.000849,0.000849,0.591646,0.002266,0.002266,0.170639,224266
32.255661,597114.339454,0.005000,rest,2,0.000000,0.000000,0.000000,-0.000136,-0.000136,0.585076,0.001612,0.001612,0.000000,224268
32.260665,597114.344575,0.005004,rest,2,0.000000,0.000000,0.000000,-0.000137,-0.000137,0.588167,0.002224,0.002224,0.000000,224270
32.265661,597114.349696,0.004996,rest,2,0.000000,0.000000,0.000000,-0.001548,-0.001548,0.587049,0.001546,0.001546,0.000000,224272
32.270661,597114.354830,0.005000,rest,2,0.000000,0.000000,0.000000,-0.001548,-0.001548,0.583153,0.002057,0.002057,0.000000,224274
32.275665,597114.359949,0.005004,rest,2,0.000000,0.000000,0.000000,-0.000629,-0.000629,0.570286,0.002678,0.002678,0.183687,224276
32.280661,597114.365095,0.004996,rest,2,0.000000,0.000000,0.000000,-0.001612,-0.001612,0.531402,0.002003,0.002003,0.000000,224278
32.285661,597114.370211,0.005000,rest,2,0.000000,0.000000,0.000000,-0.002106,-0.002106,0.474973,0.002425,0.002425,0.000000,224280
32.290671,597114.375344,0.005010,rest,2,0.000000,0.000000,0.000000,-0.002467,-0.002467,0.414912,0.001887,0.001887,0.000000,224282
32.295666,597114.380487,0.004995,rest,2,0.000000,0.000000,0.000000,-0.000694,-0.000694,0.398023,0.002550,0.002550,0.354913,224284
32.300666,597114.385634,0.005000,rest,2,0.000000,0.000000,0.000000,-0.003024,-0.003024,0.438467,0.001796,0.001796,0.000000,224286
32.305666,597114.390728,0.005000,rest,2,0.000000,0.000000,0.000000,-0.001614,-0.001614,0.457607,0.002385,0.002385,0.282056,224288
32.310662,597114.395851,0.004996,rest,2,0.000000,0.000000,0.000000,-0.001403,-0.001403,0.487576,0.001600,0.001600,0.042236,224290
32.315669,597114.400938,0.005007,rest,2,0.000000,0.000000,0.000000,-0.000057,-0.000057,0.551834,0.002237,0.002237,0.268850,224292
32.320673,597114.406087,0.005004,rest,2,0.000000,0.000000,0.000000,-0.000471,-0.000471,0.572030,0.002497,0.002497,0.000000,224294
32.325666,597114.411171,0.004993,rest,2,0.000000,0.000000,0.000000,0.001006,0.001006,0.541759,0.002009,0.002009,0.295824,224296
32.330661,597114.416251,0.004995,rest,2,0.000000,0.000000,0.000000,-0.000404,-0.000404,0.529581,0.002449,0.002449,0.000000,224298
32.335661,597114.421376,0.005000,rest,2,0.000000,0.000000,0.000000,-0.000404,-0.000404,0.553921,0.001915,0.001915,0.000000,224300
32.340661,597114.426499,0.005000,rest,2,0.000000,0.000000,0.000000,0.000660,0.000660,0.609849,0.002537,0.002537,0.212665,224302
32.345661,597114.431607,0.005000,rest,2,0.000000,0.000000,0.000000,-0.000469,-0.000469,0.666933,0.002031,0.002031,0.000000,224304
32.351516,597114.436732,0.005855,rest,2,0.000000,0.000000,0.000000,0.000248,0.000248,0.646285,0.002458,0.002458,0.122575,224306
32.357082,597114.441841,0.005566,rest,2,0.000000,0.000000,0.000000,0.000248,0.000248,0.593414,0.003455,0.003455,0.000000,224308
32.365661,597114.446992,0.008579,rest,2,0.000000,0.000000,0.000000,0.001738,0.001738,0.515524,0.002618,0.002618,0.805143,224312
32.370661,597114.452143,0.005000,rest,2,0.000000,0.000000,0.000000,-0.001322,-0.001322,0.484486,0.002098,0.002098,0.000000,224314
32.370661,597114.457243,0.000001,rest,2,0.000000,0.000000,0.000000,-0.001322,-0.001322,0.484486,0.002098,0.002098,0.000000,224314
32.380660,597114.462366,0.009999,rest,2,0.000000,0.000000,0.000000,0.000104,0.000104,0.477745,0.002018,0.002018,0.179595,224318
32.385661,597114.467468,0.005001,rest,2,0.000000,0.000000,0.000000,-0.001241,-0.001241,0.472282,0.002546,0.002546,0.000000,224320
32.385661,597114.472597,0.000001,rest,2,0.000000,0.000000,0.000000,-0.001241,-0.001241,0.472282,0.002546,0.002546,0.000000,224320
32.390661,597114.477729,0.005000,rest,2,0.000000,0.000000,0.000000,-0.000749,-0.000749,0.444301,0.002044,0.002044,0.098499,224322
32.396180,597114.482867,0.005519,rest,2,0.000000,0.000000,0.000000,-0.000749,-0.000749,0.418561,0.002865,0.002865,0.000022,224324
32.401099,597114.487976,0.004920,rest,2,0.000000,0.000000,0.000000,-0.000322,-0.000322,0.438347,0.002131,0.002131,0.086702,224326
32.411509,597114.493065,0.010410,rest,2,0.000000,0.000000,0.000000,-0.000748,-0.000748,0.536008,0.002525,0.002525,0.103456,224330
32.415710,597114.498215,0.004201,rest,2,0.000000,0.000000,0.000000,0.001169,0.001169,0.584446,0.002127,0.002127,0.456243,224332
32.420661,597114.503328,0.004950,rest,2,0.000000,0.000000,0.000000,0.000170,0.000170,0.630641,0.002388,0.002388,0.000000,224334
32.425661,597114.508483,0.005000,rest,2,0.000000,0.000000,0.000000,-0.002288,-0.002288,0.631734,0.001898,0.001898,0.000000,224336
32.430661,597114.513645,0.005000,rest,2,0.000000,0.000000,0.000000,0.000251,0.000251,0.585307,0.002423,0.002423,0.507827,224338
32.435661,597114.518868,0.005000,rest,2,0.000000,0.000000,0.000000,0.000968,0.000968,0.572764,0.001901,0.001901,0.143367,224340
32.440663,597114.524137,0.005002,rest,2,0.000000,0.000000,0.000000,-0.000630,-0.000630,0.560882,0.002480,0.002480,0.000000,224342
32.445661,597114.529295,0.004998,rest,2,0.000000,0.000000,0.000000,0.000007,0.000007,0.506410,0.002019,0.002019,0.127394,224344
32.450661,597114.534414,0.005000,rest,2,0.000000,0.000000,0.000000,0.000087,0.000087,0.500075,0.002547,0.002547,0.016084,224346
32.455662,597114.539522,0.005001,rest,2,0.000000,0.000000,0.000000,-0.000998,-0.000998,0.533260,0.002100,0.002100,0.000000,224348
32.460904,597114.544653,0.005243,rest,2,0.000000,0.000000,0.000000,0.001331,0.001331,0.530356,0.002030,0.002030,0.444201,224350
32.465722,597114.549788,0.004818,rest,2,0.000000,0.000000,0.000000,0.000415,0.000415,0.499629,0.002445,0.002445,0.000000,224352
32.470666,597114.554952,0.004944,rest,2,0.000000,0.000000,0.000000,0.000480,0.000480,0.472211,0.001851,0.001851,0.013085,224354
32.475661,597114.560110,0.004996,rest,2,0.000000,0.000000,0.000000,-0.000504,-0.000504,0.488560,0.002144,0.002144,0.000000,224356
32.480677,597114.565218,0.005016,rest,2,0.000000,0.000000,0.000000,0.000069,0.000069,0.514982,0.002531,0.002531,0.114197,224358
32.485661,597114.570305,0.004984,rest,2,0.000000,0.000000,0.000000,-0.002284,-0.002284,0.517954,0.001856,0.001856,0.000000,224360
32.490661,597114.575429,0.005000,rest,2,0.000000,0.000000,0.000000,-0.000661,-0.000661,0.519093,0.002312,0.002312,0.324513,224362
32.496261,597114.580508,0.005599,rest,2,0.000000,0.000000,0.000000,0.001465,0.001465,0.535561,0.002415,0.002415,0.379784,224364
32.501679,597114.585653,0.005418,rest,2,0.000000,0.000000,0.000000,-0.001496,-0.001496,0.550028,0.003440,0.003440,0.000000,224366
32.506930,597114.590753,0.005251,rest,2,0.000000,0.000000,0.000000,0.000483,0.000483,0.539000,0.003211,0.003211,0.376900,224368
32.511224,597114.595873,0.004295,rest,2,0.000000,0.000000,0.000000,-0.000646,-0.000646,0.557200,0.003114,0.003114,0.000000,224370
32.515661,597114.601005,0.004437,rest,2,0.000000,0.000000,0.000000,-0.000009,-0.000009,0.590293,0.002078,0.002078,0.143590,224372
32.520661,597114.606134,0.005000,rest,2,0.000000,0.000000,0.000000,-0.000430,-0.000430,0.598286,0.001624,0.001624,0.000000,224374
32.525668,597114.611257,0.005007,rest,2,0.000000,0.000000,0.000000,0.000339,0.000339,0.556001,0.002320,0.002320,0.153593,224376
32.530667,597114.616375,0.004999,rest,2,0.000000,0.000000,0.000000,-0.000348,-0.000348,0.513197,0.002584,0.002584,0.000000,224378
32.535661,597114.621463,0.004993,rest,2,0.000000,0.000000,0.000000,0.001058,0.001058,0.512877,0.001754,0.001754,0.281699,224380
32.540669,597114.626603,0.005008,rest,2,0.000000,0.000000,0.000000,0.001058,0.001058,0.512039,0.002372,0.002372,0.000000,224382
32.550661,597114.631755,0.009993,rest,2,0.000000,0.000000,0.000000,0.001713,0.001713,0.513213,0.002019,0.002019,0.000000,224386
32.555663,597114.636841,0.005001,rest,2,0.000000,0.000000,0.000000,0.000568,0.000568,0.505067,0.002516,0.002516,0.000000,224388
32.560661,597114.641945,0.004998,rest,2,0.000000,0.000000,0.000000,-0.000494,-0.000494,0.501087,0.002030,0.002030,0.000000,224390
32.565662,597114.647108,0.005001,rest,2,0.000000,0.000000,0.000000,0.000487,0.000487,0.506325,0.002678,0.002678,0.196292,224392
32.570661,597114.652231,0.004999,rest,2,0.000000,0.000000,0.000000,0.001061,0.001061,0.516692,0.002232,0.002232,0.114736,224394
32.575661,597114.657374,0.005000,rest,2,0.000000,0.000000,0.000000,0.000342,0.000342,0.532106,0.001661,0.001661,0.000000,224396
32.580661,597114.662517,0.005000,rest,2,0.000000,0.000000,0.000000,0.001471,0.001471,0.534604,0.002192,0.002192,0.225699,224398
32.585661,597114.667664,0.005000,rest,2,0.000000,0.000000,0.000000,0.000571,0.000571,0.513290,0.002430,0.002430,0.000000,224400
32.590662,597114.672884,0.005001,rest,2,0.000000,0.000000,0.000000,0.000980,0.000980,0.517319,0.001909,0.001909,0.081809,224402
32.595661,597114.678027,0.004999,rest,2,0.000000,0.000000,0.000000,-0.000490,-0.000490,0.549476,0.002415,0.002415,0.000000,224404
32.600661,597114.683127,0.005000,rest,2,0.000000,0.000000,0.000000,0.000490,0.000490,0.543821,0.001854,0.001854,0.196159,224406
32.605661,597114.688243,0.005000,rest,2,0.000000,0.000000,0.000000,-0.000164,-0.000164,0.502429,0.002439,0.002439,0.000000,224408
32.610661,597114.693384,0.005000,step_40,2,0.040000,0.040000,0.040000,-0.000490,-0.000490,0.475591,0.002005,0.002005,0.000000,224410
32.615661,597114.698557,0.005000,step_40,2,0.040000,0.040000,0.040000,0.000982,0.000982,0.483316,0.002376,0.002376,0.294443,224412
32.620661,597114.703765,0.005000,step_40,2,0.040000,0.040000,0.040000,0.000084,0.000084,0.512852,0.001649,0.001649,0.000000,224414
32.625662,597114.708987,0.005000,step_40,2,0.040000,0.040000,0.040000,0.000983,0.000983,0.529166,0.002212,0.002212,0.179745,224416
32.630661,597114.714169,0.004999,step_40,2,0.040000,0.040000,0.040000,-0.000486,-0.000486,0.510838,0.001520,0.001520,0.000000,224418
32.635661,597114.719276,0.005000,step_40,2,0.040000,0.040000,0.040000,-0.001633,-0.001633,0.466094,0.001995,0.001995,0.000000,224420
32.640662,597114.724388,0.005001,step_40,2,0.040000,0.040000,0.040000,-0.001143,-0.001143,0.447212,0.002561,0.002561,0.098114,224422
32.645661,597114.729638,0.004999,step_40,2,0.040000,0.040000,0.040000,0.000494,0.000494,0.466676,0.002043,0.002043,0.327407,224424
32.650661,597114.734837,0.005000,step_40,2,0.040000,0.040000,0.040000,0.004547,0.004547,0.488376,0.002496,0.002496,0.810636,224426
32.655661,597114.740099,0.005000,step_40,2,0.040000,0.040000,0.040000,0.011223,0.011223,0.661483,0.001863,0.001863,1.335313,224428
32.660661,597114.745207,0.005000,step_40,2,0.040000,0.040000,0.040000,0.014418,0.014418,0.911738,0.002436,0.002436,0.638904,224430
32.665661,597114.750336,0.005000,step_40,2,0.040000,0.040000,0.040000,0.019003,0.019003,1.000385,0.001867,0.001867,0.916967,224432
32.670661,597114.755557,0.005000,step_40,2,0.040000,0.040000,0.040000,0.025895,0.025895,1.006691,0.002332,0.002332,1.378503,224434
32.675661,597114.760771,0.005000,step_40,2,0.040000,0.040000,0.040000,0.034400,0.034400,1.047051,0.001822,0.001822,1.700871,224436
32.680661,597114.765987,0.005000,step_40,2,0.040000,0.040000,0.040000,0.033393,0.033393,1.169382,0.002305,0.002305,0.000000,224438
32.685661,597114.771172,0.005000,step_40,2,0.040000,0.040000,0.040000,0.036829,0.036829,1.343111,0.001772,0.001772,0.687223,224440
32.690666,597114.776327,0.005005,step_40,2,0.040000,0.040000,0.040000,0.042677,0.042677,1.368351,0.002485,0.002485,1.168338,224442
32.695661,597114.781486,0.004995,step_40,2,0.040000,0.040000,0.040000,0.040071,0.040071,1.199593,0.001775,0.001775,0.000000,224444
32.700661,597114.786680,0.005001,step_40,2,0.040000,0.040000,0.040000,0.040110,0.040110,0.832008,0.002258,0.002258,0.007811,224446
32.710660,597114.791802,0.009999,step_40,2,0.040000,0.040000,0.040000,0.039485,0.039485,0.354715,0.001859,0.001859,0.000097,224450
32.715662,597114.797016,0.005001,step_40,2,0.040000,0.040000,0.040000,0.037559,0.037559,0.437973,0.002319,0.002319,0.000000,224452
32.720662,597114.802143,0.005000,step_40,2,0.040000,0.040000,0.040000,0.037559,0.037559,0.487044,0.001870,0.001870,0.000062,224454
32.725661,597114.807260,0.004999,step_40,2,0.040000,0.040000,0.040000,0.038359,0.038359,0.470635,0.002364,0.002364,0.160090,224456
32.730661,597114.812463,0.005000,step_40,2,0.040000,0.040000,0.040000,0.041862,0.041862,0.500794,0.001756,0.001756,0.700478,224458
32.735661,597114.817605,0.005000,step_40,2,0.040000,0.040000,0.040000,0.042333,0.042333,0.607853,0.002252,0.002252,0.094316,224460
32.740662,597114.822757,0.005001,step_40,2,0.040000,0.040000,0.040000,0.043646,0.043646,0.545048,0.001767,0.001767,0.262402,224462
32.745661,597114.827882,0.004999,step_40,2,0.040000,0.040000,0.040000,0.046169,0.046169,0.403745,0.002213,0.002213,0.504719,224464
32.750666,597114.832997,0.005005,step_40,2,0.040000,0.040000,0.040000,0.037217,0.037217,0.419889,0.001771,0.001771,0.000000,224466
32.755660,597114.838123,0.004994,step_40,2,0.040000,0.040000,0.040000,0.047189,0.047189,0.429083,0.002343,0.002343,1.996751,224468
32.760660,597114.843225,0.005000,step_40,2,0.040000,0.040000,0.040000,0.037281,0.037281,0.478694,0.001841,0.001841,0.000000,224470
32.765662,597114.848332,0.005001,step_40,2,0.040000,0.040000,0.040000,0.039800,0.039800,0.526121,0.002360,0.002360,0.503731,224472
32.770672,597114.853494,0.005011,step_40,2,0.040000,0.040000,0.040000,0.039291,0.039291,0.626089,0.001936,0.001936,0.000000,224474
32.775661,597114.858636,0.004989,step_40,2,0.040000,0.040000,0.040000,0.041277,0.041277,0.832235,0.002313,0.002313,0.398018,224476
32.780661,597114.863776,0.005000,step_40,2,0.040000,0.040000,0.040000,0.041008,0.041008,0.854478,0.001728,0.001728,0.000000,224478
32.785661,597114.868887,0.005000,step_40,2,0.040000,0.040000,0.040000,0.041923,0.041923,0.698506,0.002249,0.002249,0.183033,224480
32.790662,597114.874039,0.005001,step_40,2,0.040000,0.040000,0.040000,0.040920,0.040920,0.562106,0.001778,0.001778,0.000000,224482
32.795661,597114.879145,0.004999,step_40,2,0.040000,0.040000,0.040000,0.039656,0.039656,0.462579,0.002341,0.002341,0.000000,224484
32.800661,597114.884250,0.005000,step_40,2,0.040000,0.040000,0.040000,0.038857,0.038857,0.462936,0.001750,0.001750,0.000000,224486
32.805662,597114.889358,0.005000,step_40,2,0.040000,0.040000,0.040000,0.042401,0.042401,0.539422,0.002293,0.002293,0.708737,224488
32.810662,597114.894499,0.005000,step_40,2,0.040000,0.040000,0.040000,0.038154,0.038154,0.539690,0.001867,0.001867,0.000000,224490
32.815662,597114.899642,0.005000,step_40,2,0.040000,0.040000,0.040000,0.039975,0.039975,0.501125,0.002376,0.002376,0.364257,224492
32.820662,597114.904855,0.005000,step_40,2,0.040000,0.040000,0.040000,0.037507,0.037507,0.464948,0.001849,0.001849,0.000000,224494
32.825662,597114.910064,0.005000,step_40,2,0.040000,0.040000,0.040000,0.040508,0.040508,0.439682,0.002446,0.002446,0.600051,224496
32.830661,597114.915167,0.004999,step_40,2,0.040000,0.040000,0.040000,0.036268,0.036268,0.451552,0.001914,0.001914,0.000000,224498
32.835661,597114.920274,0.004999,step_40,2,0.040000,0.040000,0.040000,0.038818,0.038818,0.515736,0.002431,0.002431,0.510198,224500
32.840661,597114.925382,0.005001,step_40,2,0.040000,0.040000,0.040000,0.039848,0.039848,0.483919,0.001894,0.001894,0.205882,224502
32.845662,597114.930521,0.005000,step_40,2,0.040000,0.040000,0.040000,0.040671,0.040671,0.339370,0.002460,0.002460,0.164648,224504
32.850661,597114.935751,0.005000,step_40,2,0.040000,0.040000,0.040000,0.040671,0.040671,0.284865,0.001924,0.001924,0.000000,224506
32.855662,597114.940950,0.005000,step_40,2,0.040000,0.040000,0.040000,0.040583,0.040583,0.344582,0.002465,0.002465,0.000000,224508
32.860661,597114.946083,0.005000,step_40,2,0.040000,0.040000,0.040000,0.036414,0.036414,0.549705,0.001888,0.001888,0.000000,224510
32.865661,597114.951205,0.005000,step_40,2,0.040000,0.040000,0.040000,0.037270,0.037270,0.715309,0.002452,0.002452,0.171208,224512
32.870661,597114.956352,0.005000,step_40,2,0.040000,0.040000,0.040000,0.035703,0.035703,0.706136,0.001900,0.001900,0.000000,224514
32.875661,597114.961519,0.005000,step_40,2,0.040000,0.040000,0.040000,0.037780,0.037780,0.584761,0.002359,0.002359,0.415342,224516
32.885661,597114.966680,0.010000,step_40,2,0.040000,0.040000,0.040000,0.037381,0.037381,0.522552,0.001888,0.001888,0.096441,224520
32.890661,597114.971903,0.005000,step_40,2,0.040000,0.040000,0.040000,0.040697,0.040697,0.583739,0.002320,0.002320,0.663284,224522
32.895661,597114.977132,0.005000,step_40,2,0.040000,0.040000,0.040000,0.039924,0.039924,0.583605,0.001622,0.001622,0.000000,224524
32.900661,597114.982238,0.005001,step_40,2,0.040000,0.040000,0.040000,0.039765,0.039765,0.491000,0.002143,0.002143,0.000000,224526
32.905662,597114.987388,0.005001,step_40,2,0.040000,0.040000,0.040000,0.039977,0.039977,0.402296,0.001668,0.001668,0.042344,224528
32.910662,597114.992507,0.005000,step_40,2,0.040000,0.040000,0.040000,0.039327,0.039327,0.394338,0.002325,0.002325,0.000000,224530
32.915661,597114.997629,0.005000,step_40,2,0.040000,0.040000,0.040000,0.038623,0.038623,0.427757,0.001907,0.001907,0.000000,224532
32.920661,597115.002775,0.005000,step_40,2,0.040000,0.040000,0.040000,0.038668,0.038668,0.377876,0.002381,0.002381,0.009173,224534
32.925662,597115.007920,0.005000,step_40,2,0.040000,0.040000,0.040000,0.038739,0.038739,0.341136,0.001915,0.001915,0.014153,224536
32.930663,597115.013158,0.005001,step_40,2,0.040000,0.040000,0.040000,0.040486,0.040486,0.373595,0.002520,0.002520,0.349342,224538
32.935662,597115.018268,0.004999,step_40,2,0.040000,0.040000,0.040000,0.036646,0.036646,0.445817,0.002005,0.002005,0.000000,224540
32.940668,597115.023374,0.005005,step_40,2,0.040000,0.040000,0.040000,0.038295,0.038295,0.555713,0.002547,0.002547,0.329560,224542
32.945662,597115.028520,0.004994,step_40,2,0.040000,0.040000,0.040000,0.039273,0.039273,0.614968,0.002082,0.002082,0.195838,224544
32.950661,597115.033731,0.004999,step_40,2,0.040000,0.040000,0.040000,0.036539,0.036539,0.651238,0.001601,0.001601,0.000000,224546
32.955661,597115.038962,0.005000,step_40,2,0.040000,0.040000,0.040000,0.039184,0.039184,0.675798,0.002189,0.002189,0.528886,224548
32.960665,597115.044201,0.005004,step_40,2,0.040000,0.040000,0.040000,0.039797,0.039797,0.548705,0.002670,0.002670,0.122616,224550
32.965661,597115.049352,0.004996,step_40,2,0.040000,0.040000,0.040000,0.039437,0.039437,0.431630,0.002131,0.002131,0.000000,224552
32.970661,597115.054550,0.005000,step_40,2,0.040000,0.040000,0.040000,0.041118,0.041118,0.465211,0.001584,0.001584,0.336183,224554
32.975666,597115.059752,0.005005,step_40,2,0.040000,0.040000,0.040000,0.040298,0.040298,0.500518,0.002215,0.002215,0.000000,224556
32.980661,597115.064966,0.004995,step_40,2,0.040000,0.040000,0.040000,0.037084,0.037084,0.568322,0.002608,0.002608,0.000000,224558
32.985661,597115.070167,0.005000,step_40,2,0.040000,0.040000,0.040000,0.037084,0.037084,0.629326,0.002110,0.002110,0.000003,224560
32.990671,597115.075282,0.005010,step_40,2,0.040000,0.040000,0.040000,0.041434,0.041434,0.617403,0.001793,0.001793,0.868339,224562
32.995661,597115.080385,0.004990,step_40,2,0.040000,0.040000,0.040000,0.042975,0.042975,0.486134,0.002245,0.002245,0.308828,224564
33.000661,597115.085539,0.005000,step_40,2,0.040000,0.040000,0.040000,0.042975,0.042975,0.371863,0.001630,0.001630,0.000000,224566
33.005662,597115.090742,0.005000,step_40,2,0.040000,0.040000,0.040000,0.039787,0.039787,0.358566,0.002231,0.002231,0.000000,224568
33.010661,597115.095962,0.004999,step_40,2,0.040000,0.040000,0.040000,0.038088,0.038088,0.406743,0.002671,0.002671,0.000000,224570
33.015662,597115.101185,0.005000,step_40,2,0.040000,0.040000,0.040000,0.040554,0.040554,0.451179,0.002126,0.002126,0.493330,224572
33.020661,597115.106292,0.004999,step_40,2,0.040000,0.040000,0.040000,0.038734,0.038734,0.359104,0.002611,0.002611,0.000000,224574
33.025661,597115.111397,0.005000,step_40,2,0.040000,0.040000,0.040000,0.040065,0.040065,0.342967,0.002046,0.002046,0.266327,224576
33.035661,597115.116544,0.010000,step_40,2,0.040000,0.040000,0.040000,0.042561,0.042561,0.469805,0.001982,0.001982,1.589201,224580
33.040660,597115.121751,0.005000,step_40,2,0.040000,0.040000,0.040000,0.036695,0.036695,0.508785,0.002461,0.002461,0.000000,224582
33.045661,597115.126882,0.005000,step_40,2,0.040000,0.040000,0.040000,0.041331,0.041331,0.431572,0.001431,0.001431,0.927232,224584
33.050661,597115.131985,0.005000,step_40,2,0.040000,0.040000,0.040000,0.039551,0.039551,0.375260,0.001684,0.001684,0.000000,224586
33.055660,597115.137160,0.005000,step_40,2,0.040000,0.040000,0.040000,0.036003,0.036003,0.418409,0.002250,0.002250,0.000000,224588
33.060665,597115.142267,0.005005,step_40,2,0.040000,0.040000,0.040000,0.038743,0.038743,0.430915,0.002665,0.002665,0.547395,224590
33.065661,597115.147504,0.004996,step_40,2,0.040000,0.040000,0.040000,0.040921,0.040921,0.460475,0.002171,0.002171,0.436032,224592
33.070661,597115.152709,0.005000,step_40,2,0.040000,0.040000,0.040000,0.039109,0.039109,0.559224,0.002320,0.002320,0.000000,224594
33.075664,597115.157846,0.005003,step_40,2,0.040000,0.040000,0.040000,0.039891,0.039891,0.520309,0.001902,0.001902,0.156324,224596
33.080661,597115.163095,0.004997,step_40,2,0.040000,0.040000,0.040000,0.040794,0.040794,0.381469,0.002328,0.002328,0.180646,224598
33.085661,597115.168207,0.005001,step_40,2,0.040000,0.040000,0.040000,0.040794,0.040794,0.269335,0.001779,0.001779,0.000001,224600
33.090662,597115.173318,0.005000,step_40,2,0.040000,0.040000,0.040000,0.038501,0.038501,0.190605,0.002296,0.002296,0.000000,224602
33.095661,597115.178426,0.005000,step_40,2,0.040000,0.040000,0.040000,0.036685,0.036685,0.313171,0.001723,0.001723,0.000000,224604
33.100661,597115.183564,0.005000,step_40,2,0.040000,0.040000,0.040000,0.036685,0.036685,0.475867,0.002227,0.002227,0.000000,224606
33.105661,597115.188766,0.005000,step_40,2,0.040000,0.040000,0.040000,0.040255,0.040255,0.494780,0.001677,0.001677,0.713823,224608
33.110662,597115.193879,0.005001,step_40,2,0.040000,0.040000,0.040000,0.040254,0.040254,0.441590,0.002234,0.002234,0.000000,224610
33.115662,597115.199084,0.005000,step_40,2,0.040000,0.040000,0.040000,0.041776,0.041776,0.401521,0.001741,0.001741,0.304208,224612
33.120661,597115.204309,0.004999,step_40,2,0.040000,0.040000,0.040000,0.038126,0.038126,0.464225,0.002232,0.002232,0.000000,224614
33.125663,597115.209432,0.005002,step_40,2,0.040000,0.040000,0.040000,0.039541,0.039541,0.538255,0.001754,0.001754,0.282829,224616
33.130662,597115.214573,0.004999,step_40,2,0.040000,0.040000,0.040000,0.036658,0.036658,0.592520,0.002274,0.002274,0.000000,224618
33.135672,597115.219733,0.005010,step_40,2,0.040000,0.040000,0.040000,0.040431,0.040431,0.574394,0.001768,0.001768,0.752947,224620
33.140663,597115.224857,0.004991,step_40,2,0.040000,0.040000,0.040000,0.039266,0.039266,0.449302,0.002250,0.002250,0.000000,224622
33.145661,597115.229980,0.004998,step_40,2,0.040000,0.040000,0.040000,0.037188,0.037188,0.378804,0.001723,0.001723,0.000000,224624
33.150661,597115.235101,0.005000,step_40,2,0.040000,0.040000,0.040000,0.039943,0.039943,0.436787,0.002228,0.002228,0.550952,224626
33.155661,597115.240197,0.005001,step_40,2,0.040000,0.040000,0.040000,0.036393,0.036393,0.546134,0.001775,0.001775,0.000000,224628
33.160661,597115.245309,0.005000,step_40,2,0.040000,0.040000,0.040000,0.043498,0.043498,0.552582,0.002427,0.002427,1.420982,224630
33.165662,597115.250431,0.005001,step_40,2,0.040000,0.040000,0.040000,0.038482,0.038482,0.490324,0.001895,0.001895,0.000000,224632
33.170661,597115.255533,0.004999,step_40,2,0.040000,0.040000,0.040000,0.042076,0.042076,0.340906,0.002478,0.002478,0.719133,224634
33.175661,597115.260649,0.005000,step_40,2,0.040000,0.040000,0.040000,0.036722,0.036722,0.228531,0.002069,0.002069,0.000000,224636
33.180661,597115.265763,0.005000,step_40,2,0.040000,0.040000,0.040000,0.039967,0.039967,0.263236,0.001502,0.001502,0.648945,224638
33.185661,597115.270857,0.005000,step_40,2,0.040000,0.040000,0.040000,0.040026,0.040026,0.365166,0.002051,0.002051,0.011867,224640
33.190662,597115.275973,0.005001,step_40,2,0.040000,0.040000,0.040000,0.039579,0.039579,0.528602,0.001562,0.001562,0.000000,224642
33.195660,597115.281050,0.004999,step_40,2,0.040000,0.040000,0.040000,0.042503,0.042503,0.672239,0.002039,0.002039,0.584816,224644
33.201258,597115.286149,0.005597,step_40,2,0.040000,0.040000,0.040000,0.040099,0.040099,0.691230,0.002115,0.002115,0.000000,224646
33.205661,597115.291250,0.004403,step_40,2,0.040000,0.040000,0.040000,0.039740,0.039740,0.493894,0.002093,0.002093,0.000000,224648
33.210661,597115.296358,0.005000,step_40,2,0.040000,0.040000,0.040000,0.037424,0.037424,0.307070,0.001584,0.001584,0.000000,224650
33.215662,597115.301474,0.005001,step_40,2,0.040000,0.040000,0.040000,0.041422,0.041422,0.185877,0.002041,0.002041,0.799354,224652
33.220661,597115.306571,0.004999,step_40,2,0.040000,0.040000,0.040000,0.037460,0.037460,0.160323,0.001449,0.001449,0.000000,224654
33.230661,597115.311683,0.010000,step_40,2,0.040000,0.040000,0.040000,0.042030,0.042030,0.335914,0.002475,0.002475,0.379001,224658
33.235661,597115.316806,0.005000,step_40,2,0.040000,0.040000,0.040000,0.040453,0.040453,0.408485,0.001953,0.001953,0.000000,224660
33.240661,597115.321907,0.005000,step_40,2,0.040000,0.040000,0.040000,0.038482,0.038482,0.496251,0.002550,0.002550,0.000000,224662
33.245662,597115.327033,0.005001,step_40,2,0.040000,0.040000,0.040000,0.036804,0.036804,0.629226,0.002030,0.002030,0.000000,224664
33.250661,597115.332148,0.004999,step_40,2,0.040000,0.040000,0.040000,0.039718,0.039718,0.603720,0.002510,0.002510,0.582997,224666
33.255661,597115.337241,0.005000,step_40,2,0.040000,0.040000,0.040000,0.037103,0.037103,0.387838,0.001957,0.001957,0.000000,224668
33.260662,597115.342358,0.005001,step_40,2,0.040000,0.040000,0.040000,0.037103,0.037103,0.159347,0.002366,0.002366,0.000000,224670
33.265662,597115.347470,0.005000,step_40,2,0.040000,0.040000,0.040000,0.039369,0.039369,0.080720,0.001891,0.001891,0.453092,224672
33.270662,597115.352565,0.005000,step_40,2,0.040000,0.040000,0.040000,0.038365,0.038365,0.226528,0.002482,0.002482,0.000000,224674
33.275662,597115.357657,0.005000,step_40,2,0.040000,0.040000,0.040000,0.039926,0.039926,0.510709,0.001962,0.001962,0.312272,224676
33.280661,597115.362772,0.004999,step_40,2,0.040000,0.040000,0.040000,0.039213,0.039213,0.668030,0.002477,0.002477,0.000000,224678
33.285661,597115.367868,0.005000,step_40,2,0.040000,0.040000,0.040000,0.038271,0.038271,0.646239,0.002078,0.002078,0.000000,224680
33.290661,597115.372976,0.005000,step_40,2,0.040000,0.040000,0.040000,0.037305,0.037305,0.482743,0.001554,0.001554,0.000000,224682
33.295661,597115.378052,0.005000,step_40,2,0.040000,0.040000,0.040000,0.039728,0.039728,0.182060,0.002182,0.002182,0.484631,224684
33.300661,597115.383200,0.005000,step_40,2,0.040000,0.040000,0.040000,0.036773,0.036773,0.119661,0.001553,0.001553,0.000000,224686
33.305661,597115.388324,0.005000,step_40,2,0.040000,0.040000,0.040000,0.040586,0.040586,0.330792,0.002075,0.002075,0.762501,224688
33.310661,597115.393442,0.005000,step_40,2,0.040000,0.040000,0.040000,0.035820,0.035820,0.628155,0.002477,0.002477,0.000000,224690
33.315663,597115.398563,0.005002,step_40,2,0.040000,0.040000,0.040000,0.039175,0.039175,0.803340,0.001966,0.001966,0.670838,224692
33.320661,597115.403692,0.004998,step_40,2,0.040000,0.040000,0.040000,0.042044,0.042044,0.674013,0.002541,0.002541,0.574052,224694
33.325662,597115.408838,0.005001,step_40,2,0.040000,0.040000,0.040000,0.037187,0.037187,0.358554,0.002077,0.002077,0.000000,224696
33.330661,597115.413984,0.005000,step_40,2,0.040000,0.040000,0.040000,0.041206,0.041206,0.083148,0.002486,0.002486,0.804039,224698
33.335661,597115.419055,0.004999,step_40,2,0.040000,0.040000,0.040000,0.035372,0.035372,0.037636,0.001961,0.001961,0.000000,224700
33.340663,597115.424171,0.005002,step_40,2,0.040000,0.040000,0.040000,0.039988,0.039988,0.146730,0.002502,0.002502,0.922655,224702
33.345663,597115.429318,0.005000,step_40,2,0.040000,0.040000,0.040000,0.034792,0.034792,0.369898,0.002035,0.002035,0.000000,224704
33.350661,597115.434429,0.004998,step_40,2,0.040000,0.040000,0.040000,0.040016,0.040016,0.583136,0.002534,0.002534,1.045202,224706
33.355662,597115.439546,0.005000,step_40,2,0.040000,0.040000,0.040000,0.039908,0.039908,0.669714,0.002007,0.002007,0.000000,224708
33.360663,597115.444685,0.005001,step_40,2,0.040000,0.040000,0.040000,0.037160,0.037160,0.620366,0.002465,0.002465,0.000000,224710
33.365664,597115.449793,0.005000,step_40,2,0.040000,0.040000,0.040000,0.042744,0.042744,0.476663,0.001937,0.001937,1.116772,224712
33.370662,597115.454928,0.004999,step_40,2,0.040000,0.040000,0.040000,0.036168,0.036168,0.420082,0.002465,0.002465,0.000000,224714
33.375664,597115.460062,0.005002,step_40,2,0.040000,0.040000,0.040000,0.045162,0.045162,0.350597,0.001856,0.001856,1.798125,224716
33.380663,597115.465184,0.004999,step_40,2,0.040000,0.040000,0.040000,0.040724,0.040724,0.257007,0.002421,0.002421,0.000000,224718
33.385661,597115.470314,0.004999,step_40,2,0.040000,0.040000,0.040000,0.042730,0.042730,0.238940,0.001830,0.001830,0.401386,224720
33.390664,597115.475442,0.005003,step_40,2,0.040000,0.040000,0.040000,0.037005,0.037005,0.369410,0.002373,0.002373,0.000000,224722
33.395662,597115.480637,0.004998,step_40,2,0.040000,0.040000,0.040000,0.037926,0.037926,0.575564,0.001835,0.001835,0.184290,224724
33.400661,597115.485755,0.004999,step_40,2,0.040000,0.040000,0.040000,0.040353,0.040353,0.616249,0.002366,0.002366,0.485438,224726
33.405662,597115.490873,0.005001,step_40,2,0.040000,0.040000,0.040000,0.039369,0.039369,0.572624,0.001815,0.001815,0.000000,224728
33.410663,597115.496008,0.005000,step_40,2,0.040000,0.040000,0.040000,0.042000,0.042000,0.566067,0.002367,0.002367,0.526098,224730
33.415661,597115.501128,0.004998,step_40,2,0.040000,0.040000,0.040000,0.041882,0.041882,0.484752,0.001752,0.001752,0.000000,224732
33.420661,597115.506246,0.005000,step_40,2,0.040000,0.040000,0.040000,0.040319,0.040319,0.372346,0.002280,0.002280,0.000000,224734
33.425662,597115.511388,0.005001,step_40,2,0.040000,0.040000,0.040000,0.040319,0.040319,0.344216,0.001779,0.001779,0.000000,224736
33.430661,597115.516499,0.004999,step_40,2,0.040000,0.040000,0.040000,0.035555,0.035555,0.341519,0.002352,0.002352,0.000000,224738
33.440661,597115.521617,0.010000,step_40,2,0.040000,0.040000,0.040000,0.039338,0.039338,0.247455,0.002276,0.002276,0.759062,224742
33.445663,597115.526730,0.005002,step_40,2,0.040000,0.040000,0.040000,0.040150,0.040150,0.247455,0.001774,0.001774,0.162227,224744
33.450662,597115.531886,0.004999,step_40,2,0.040000,0.040000,0.040000,0.036375,0.036375,0.191797,0.002260,0.002260,0.000000,224746
33.455661,597115.537004,0.004999,step_40,2,0.040000,0.040000,0.040000,0.036944,0.036944,0.303562,0.001687,0.001687,0.113921,224748
33.460661,597115.542117,0.004999,step_40,2,0.040000,0.040000,0.040000,0.038259,0.038259,0.536254,0.002164,0.002164,0.262950,224750
33.465661,597115.547216,0.005001,step_40,2,0.040000,0.040000,0.040000,0.039667,0.039667,0.661225,0.001531,0.001531,0.281650,224752
33.470661,597115.552327,0.005000,step_40,2,0.040000,0.040000,0.040000,0.040331,0.040331,0.689255,0.002053,0.002053,0.132802,224754
33.475661,597115.557483,0.005000,step_40,2,0.040000,0.040000,0.040000,0.040046,0.040046,0.576790,0.002396,0.002396,0.000000,224756
33.480661,597115.562603,0.005000,step_40,2,0.040000,0.040000,0.040000,0.035857,0.035857,0.428385,0.001875,0.001875,0.000000,224758
33.485661,597115.567757,0.005000,step_40,2,0.040000,0.040000,0.040000,0.036136,0.036136,0.389259,0.002319,0.002319,0.055809,224760
33.490665,597115.572883,0.005003,step_40,2,0.040000,0.040000,0.040000,0.039130,0.039130,0.375518,0.001763,0.001763,0.598352,224762
33.495661,597115.577995,0.004996,step_40,2,0.040000,0.040000,0.040000,0.037560,0.037560,0.442218,0.002280,0.002280,0.000000,224764
33.500662,597115.583107,0.005001,step_40,2,0.040000,0.040000,0.040000,0.039384,0.039384,0.433802,0.001594,0.001594,0.364836,224766
33.505662,597115.588223,0.005000,step_40,2,0.040000,0.040000,0.040000,0.038848,0.038848,0.385851,0.002101,0.002101,0.000000,224768
33.510663,597115.593339,0.005001,step_40,2,0.040000,0.040000,0.040000,0.038457,0.038457,0.387398,0.001537,0.001537,0.000000,224770
33.515662,597115.598437,0.004999,step_40,2,0.040000,0.040000,0.040000,0.039695,0.039695,0.385527,0.002059,0.002059,0.247545,224772
33.520660,597115.603551,0.004998,step_40,2,0.040000,0.040000,0.040000,0.039724,0.039724,0.435392,0.002427,0.002427,0.005869,224774
33.525664,597115.608681,0.005004,step_40,2,0.040000,0.040000,0.040000,0.039536,0.039536,0.513343,0.001912,0.001912,0.000000,224776
33.530661,597115.613824,0.004997,step_40,2,0.040000,0.040000,0.040000,0.042113,0.042113,0.446371,0.002451,0.002451,0.515694,224778
33.535661,597115.618978,0.005000,step_40,2,0.040000,0.040000,0.040000,0.035696,0.035696,0.305557,0.001841,0.001841,0.000000,224780
33.540661,597115.624132,0.005000,step_40,2,0.040000,0.040000,0.040000,0.044571,0.044571,0.282386,0.002400,0.002400,1.774915,224782
33.545661,597115.629248,0.005000,step_40,2,0.040000,0.040000,0.040000,0.038215,0.038215,0.345793,0.001841,0.001841,0.000000,224784
33.550662,597115.634370,0.005001,step_40,2,0.040000,0.040000,0.040000,0.041447,0.041447,0.493944,0.002422,0.002422,0.646318,224786
33.555663,597115.639489,0.005001,step_40,2,0.040000,0.040000,0.040000,0.041447,0.041447,0.573348,0.001912,0.001912,0.000000,224788
33.560661,597115.644592,0.004997,step_40,2,0.040000,0.040000,0.040000,0.040606,0.040606,0.529533,0.002428,0.002428,0.000000,224790
33.565661,597115.649703,0.005001,step_40,2,0.040000,0.040000,0.040000,0.038637,0.038637,0.476755,0.001854,0.001854,0.000000,224792
33.570661,597115.654827,0.005000,step_40,2,0.040000,0.040000,0.040000,0.038637,0.038637,0.399433,0.002411,0.002411,0.000000,224794
33.575662,597115.659935,0.005001,step_40,2,0.040000,0.040000,0.040000,0.041670,0.041670,0.391548,0.001853,0.001853,0.606430,224796
33.580661,597115.665081,0.004999,step_40,2,0.040000,0.040000,0.040000,0.041670,0.041670,0.345153,0.002434,0.002434,0.000000,224798
33.585661,597115.670223,0.005000,step_40,2,0.040000,0.040000,0.040000,0.039215,0.039215,0.339053,0.001785,0.001785,0.000000,224800
33.590662,597115.675344,0.005001,step_40,2,0.040000,0.040000,0.040000,0.039608,0.039608,0.423990,0.002376,0.002376,0.078597,224802
33.595661,597115.680477,0.004999,step_40,2,0.040000,0.040000,0.040000,0.039638,0.039638,0.383612,0.001866,0.001866,0.005949,224804
33.600661,597115.685598,0.005000,step_40,2,0.040000,0.040000,0.040000,0.039183,0.039183,0.407752,0.002371,0.002371,0.000000,224806
33.605664,597115.690740,0.005002,step_40,2,0.040000,0.040000,0.040000,0.038947,0.038947,0.523765,0.001906,0.001906,0.000000,224808
33.610661,597115.695881,0.004998,rest,2,0.000000,0.000000,0.000000,0.038306,0.038306,0.590832,0.002409,0.002409,0.000000,224810
33.615661,597115.701121,0.005000,rest,2,0.000000,0.000000,0.000000,0.037690,0.037690,0.575039,0.001907,0.001907,0.000000,224812
33.620661,597115.706247,0.005000,rest,2,0.000000,0.000000,0.000000,0.044207,0.044207,0.377821,0.002428,0.002428,1.303402,224814
33.625662,597115.711365,0.005002,rest,2,0.000000,0.000000,0.000000,0.038695,0.038695,0.258070,0.001929,0.001929,0.000000,224816
33.630661,597115.716517,0.004998,rest,2,0.000000,0.000000,0.000000,0.037652,0.037652,0.312987,0.002521,0.002521,0.000000,224818
33.635661,597115.721746,0.005000,rest,2,0.000000,0.000000,0.000000,0.041349,0.041349,0.441136,0.002000,0.002000,0.739411,224820
33.640662,597115.726949,0.005001,rest,2,0.000000,0.000000,0.000000,0.036071,0.036071,0.594229,0.002580,0.002580,0.000000,224822
33.650661,597115.732145,0.010000,rest,2,0.000000,0.000000,0.000000,0.028090,0.028090,0.387371,0.001535,0.001535,0.000000,224826
33.655661,597115.737260,0.005000,rest,2,0.000000,0.000000,0.000000,0.027461,0.027461,0.143261,0.002082,0.002082,0.000000,224828
33.660661,597115.742420,0.005000,rest,2,0.000000,0.000000,0.000000,0.015998,0.015998,-0.106898,0.001605,0.001605,0.000000,224830
33.665661,597115.747547,0.005000,rest,2,0.000000,0.000000,0.000000,0.016657,0.016657,-0.134846,0.002109,0.002109,0.131822,224832
33.670661,597115.752714,0.005000,rest,2,0.000000,0.000000,0.000000,0.011694,0.011694,-0.114823,0.001636,0.001636,0.000000,224834
33.675661,597115.757827,0.005000,rest,2,0.000000,0.000000,0.000000,0.003576,0.003576,-0.141042,0.002100,0.002100,0.000000,224836
33.680661,597115.762930,0.005000,rest,2,0.000000,0.000000,0.000000,0.002498,0.002498,-0.218355,0.001596,0.001596,0.000000,224838
33.685661,597115.768131,0.005000,rest,2,0.000000,0.000000,0.000000,0.001130,0.001130,-0.321700,0.002115,0.002115,0.000000,224840
33.690661,597115.773257,0.005000,rest,2,0.000000,0.000000,0.000000,0.001649,0.001649,-0.226123,0.001603,0.001603,0.103739,224842
33.695662,597115.778371,0.005001,rest,2,0.000000,0.000000,0.000000,-0.000937,-0.000937,-0.029188,0.002206,0.002206,0.000000,224844
33.700662,597115.783514,0.005000,rest,2,0.000000,0.000000,0.000000,-0.000112,-0.000112,0.229746,0.001732,0.001732,0.164999,224846
33.705662,597115.788638,0.005000,rest,2,0.000000,0.000000,0.000000,0.000088,0.000088,0.508817,0.002386,0.002386,0.039973,224848
33.710662,597115.793785,0.005000,rest,2,0.000000,0.000000,0.000000,0.000088,0.000088,0.595834,0.001923,0.001923,0.000119,224850
33.715662,597115.799036,0.005001,rest,2,0.000000,0.000000,0.000000,0.000089,0.000089,0.585204,0.002505,0.002505,0.000059,224852
33.720661,597115.804140,0.004998,rest,2,0.000000,0.000000,0.000000,0.000002,0.000002,0.533678,0.002003,0.002003,0.000000,224854
33.725662,597115.809236,0.005001,rest,2,0.000000,0.000000,0.000000,0.000003,0.000003,0.434549,0.002443,0.002443,0.000094,224856
33.730661,597115.814328,0.004999,rest,2,0.000000,0.000000,0.000000,0.000872,0.000872,0.428357,0.001964,0.001964,0.173925,224858
33.735661,597115.819436,0.005000,rest,2,0.000000,0.000000,0.000000,-0.000843,-0.000843,0.530176,0.002483,0.002483,0.000000,224860
33.740661,597115.824534,0.005000,rest,2,0.000000,0.000000,0.000000,0.001307,0.001307,0.544113,0.002061,0.002061,0.429834,224862
33.745661,597115.829635,0.005000,rest,2,0.000000,0.000000,0.000000,0.001742,0.001742,0.460517,0.001603,0.001603,0.087086,224864
33.750662,597115.834754,0.005001,rest,2,0.000000,0.000000,0.000000,0.002612,0.002612,0.339748,0.001989,0.001989,0.173857,224866
33.755663,597115.839873,0.005001,rest,2,0.000000,0.000000,0.000000,0.002612,0.002612,0.259848,0.002542,0.002542,0.000030,224868
33.760662,597115.845023,0.004999,rest,2,0.000000,0.000000,0.000000,0.003070,0.003070,0.323000,0.002035,0.002035,0.091744,224870
33.765678,597115.850134,0.005017,rest,2,0.000000,0.000000,0.000000,0.002648,0.002648,0.394462,0.002658,0.002658,0.000000,224872
33.771448,597115.855252,0.005770,rest,2,0.000000,0.000000,0.000000,0.003071,0.003071,0.389314,0.002796,0.002796,0.073418,224874
33.777347,597115.860355,0.005899,rest,2,0.000000,0.000000,0.000000,0.002294,0.002294,0.366141,0.003233,0.003233,0.000000,224876
33.782038,597115.865519,0.004691,rest,2,0.000000,0.000000,0.000000,0.004376,0.004376,0.339514,0.003286,0.003286,0.443785,224878
33.786330,597115.870637,0.004292,rest,2,0.000000,0.000000,0.000000,0.001689,0.001689,0.340378,0.001991,0.001991,0.000000,224880
33.790732,597115.875796,0.004402,rest,2,0.000000,0.000000,0.000000,0.000650,0.000650,0.362066,0.001916,0.001916,0.000000,224882
33.795662,597115.880934,0.004929,rest,2,0.000000,0.000000,0.000000,0.001967,0.001967,0.399121,0.002395,0.002395,0.267190,224884
33.800661,597115.886054,0.004999,rest,2,0.000000,0.000000,0.000000,0.000939,0.000939,0.478000,0.001782,0.001782,0.000000,224886
33.805662,597115.891164,0.005001,rest,2,0.000000,0.000000,0.000000,0.001363,0.001363,0.556085,0.002278,0.002278,0.084780,224888
33.810662,597115.896375,0.005000,rest,2,0.000000,0.000000,0.000000,0.002405,0.002405,0.571738,0.001745,0.001745,0.208413,224890
33.815661,597115.901515,0.004999,rest,2,0.000000,0.000000,0.000000,0.002487,0.002487,0.557551,0.002235,0.002235,0.016312,224892
33.825661,597115.906732,0.010000,rest,2,0.000000,0.000000,0.000000,0.002477,0.002477,0.408899,0.002156,0.002156,0.000000,224896
33.830661,597115.911883,0.005000,rest,2,0.000000,0.000000,0.000000,0.002477,0.002477,0.348410,0.001631,0.001631,0.000069,224898
33.835661,597115.917106,0.005000,rest,2,0.000000,0.000000,0.000000,0.002939,0.002939,0.288941,0.002074,0.002074,0.092337,224900
33.840661,597115.922220,0.005000,rest,2,0.000000,0.000000,0.000000,0.002939,0.002939,0.237716,0.001480,0.001480,0.000047,224902
33.845660,597115.927331,0.005000,rest,2,0.000000,0.000000,0.000000,0.000886,0.000886,0.238006,0.002016,0.002016,0.000000,224904
33.850661,597115.932490,0.005000,rest,2,0.000000,0.000000,0.000000,0.000885,0.000885,0.326628,0.002477,0.002477,0.000000,224906
33.855661,597115.937634,0.005001,rest,2,0.000000,0.000000,0.000000,0.000871,0.000871,0.406757,0.001954,0.001954,0.000000,224908
33.860661,597115.942763,0.005000,rest,2,0.000000,0.000000,0.000000,-0.000069,-0.000069,0.426338,0.002543,0.002543,0.000000,224910
33.865661,597115.947849,0.005000,rest,2,0.000000,0.000000,0.000000,0.001021,0.001021,0.382551,0.002014,0.002014,0.218085,224912
33.870661,597115.952961,0.005000,rest,2,0.000000,0.000000,0.000000,0.000613,0.000613,0.327185,0.001492,0.001492,0.000000,224914
33.875662,597115.958058,0.005001,rest,2,0.000000,0.000000,0.000000,-0.001813,-0.001813,0.363792,0.002046,0.002046,0.000000,224916
33.880662,597115.963234,0.005000,rest,2,0.000000,0.000000,0.000000,-0.000592,-0.000592,0.417268,0.002461,0.002461,0.244060,224918
33.885661,597115.968344,0.004999,rest,2,0.000000,0.000000,0.000000,0.001142,0.001142,0.440860,0.001736,0.001736,0.346861,224920
33.890662,597115.973428,0.005001,rest,2,0.000000,0.000000,0.000000,-0.000754,-0.000754,0.466517,0.002290,0.002290,0.000000,224922
33.895662,597115.978550,0.005000,rest,2,0.000000,0.000000,0.000000,-0.000388,-0.000388,0.493324,0.001802,0.001802,0.073199,224924
33.900661,597115.983688,0.004999,rest,2,0.000000,0.000000,0.000000,0.001543,0.001543,0.466182,0.002388,0.002388,0.386277,224926
33.905661,597115.988824,0.005001,rest,2,0.000000,0.000000,0.000000,0.001330,0.001330,0.395317,0.001846,0.001846,0.000000,224928
33.910661,597115.993934,0.005000,rest,2,0.000000,0.000000,0.000000,0.002712,0.002712,0.372910,0.002514,0.002514,0.276311,224930
33.915662,597115.999109,0.005000,rest,2,0.000000,0.000000,0.000000,0.002687,0.002687,0.377696,0.001950,0.001950,0.000000,224932
33.920661,597116.004210,0.004999,rest,2,0.000000,0.000000,0.000000,-0.000734,-0.000734,0.381444,0.002379,0.002379,0.000000,224934
33.925662,597116.009306,0.005001,rest,2,0.000000,0.000000,0.000000,0.002254,0.002254,0.369393,0.001806,0.001806,0.597328,224936
33.930661,597116.014454,0.004999,rest,2,0.000000,0.000000,0.000000,0.000809,0.000809,0.349382,0.002491,0.002491,0.000000,224938
33.935661,597116.019545,0.004999,rest,2,0.000000,0.000000,0.000000,0.000471,0.000471,0.340286,0.001905,0.001905,0.000000,224940
33.940662,597116.024635,0.005001,rest,2,0.000000,0.000000,0.000000,-0.000059,-0.000059,0.328582,0.002554,0.002554,0.000000,224942
33.945661,597116.029743,0.005000,rest,2,0.000000,0.000000,0.000000,-0.000128,-0.000128,0.321044,0.002159,0.002159,0.000000,224944
33.950661,597116.034833,0.005000,rest,2,0.000000,0.000000,0.000000,0.000143,0.000143,0.346282,0.001629,0.001629,0.054034,224946
33.955663,597116.039936,0.005002,rest,2,0.000000,0.000000,0.000000,0.000313,0.000313,0.388220,0.002257,0.002257,0.034138,224948
33.960662,597116.045058,0.004998,rest,2,0.000000,0.000000,0.000000,0.000917,0.000917,0.413598,0.001788,0.001788,0.120880,224950
33.965661,597116.050140,0.004999,rest,2,0.000000,0.000000,0.000000,0.000066,0.000066,0.461472,0.002346,0.002346,0.000000,224952
33.970661,597116.055242,0.005000,rest,2,0.000000,0.000000,0.000000,-0.000212,-0.000212,0.487657,0.001529,0.001529,0.000000,224954
33.975663,597116.060478,0.005002,rest,2,0.000000,0.000000,0.000000,0.002112,0.002112,0.442054,0.002102,0.002102,0.464592,224956
33.980661,597116.065581,0.004999,rest,2,0.000000,0.000000,0.000000,-0.002626,-0.002626,0.374926,0.001642,0.001642,0.000000,224958
33.985661,597116.070713,0.005000,rest,2,0.000000,0.000000,0.000000,-0.002626,-0.002626,0.311681,0.002141,0.002141,0.000000,224960
33.990661,597116.075825,0.005000,rest,2,0.000000,0.000000,0.000000,0.000643,0.000643,0.269480,0.001569,0.001569,0.653954,224962
33.995661,597116.080923,0.005000,rest,2,0.000000,0.000000,0.000000,0.000643,0.000643,0.273845,0.002120,0.002120,0.000000,224964
34.000662,597116.086053,0.005001,rest,2,0.000000,0.000000,0.000000,-0.002084,-0.002084,0.329743,0.001563,0.001563,0.000000,224966
34.005664,597116.091155,0.005002,rest,2,0.000000,0.000000,0.000000,-0.001578,-0.001578,0.397220,0.002129,0.002129,0.101046,224968
34.010662,597116.096289,0.004998,rest,2,0.000000,0.000000,0.000000,-0.000618,-0.000618,0.394964,0.001562,0.001562,0.192149,224970
34.015662,597116.101394,0.005000,rest,2,0.000000,0.000000,0.000000,0.000485,0.000485,0.358495,0.002021,0.002021,0.220585,224972
34.020661,597116.106514,0.005000,rest,2,0.000000,0.000000,0.000000,-0.001036,-0.001036,0.350785,0.002491,0.002491,0.000000,224974
34.025661,597116.111633,0.004999,rest,2,0.000000,0.000000,0.000000,-0.001579,-0.001579,0.354655,0.001964,0.001964,0.000000,224976
34.030663,597116.116806,0.005003,rest,2,0.000000,0.000000,0.000000,-0.001296,-0.001296,0.372603,0.002559,0.002559,0.056475,224978
34.035664,597116.122034,0.005000,rest,2,0.000000,0.000000,0.000000,-0.000080,-0.000080,0.414016,0.001964,0.001964,0.243162,224980
34.040662,597116.127227,0.004999,rest,2,0.000000,0.000000,0.000000,-0.001208,-0.001208,0.444789,0.002557,0.002557,0.000000,224982
34.047110,597116.132454,0.006448,rest,2,0.000000,0.000000,0.000000,0.000246,0.000246,0.466689,0.003237,0.003237,0.225587,224984
34.053678,597116.137583,0.006568,rest,2,0.000000,0.000000,0.000000,0.000609,0.000609,0.480113,0.000554,0.000554,0.055248,224986
34.059343,597116.142846,0.005665,rest,2,0.000000,0.000000,0.000000,0.001717,0.001717,0.470966,0.000547,0.000547,0.195629,224988
34.064598,597116.148175,0.005255,rest,2,0.000000,0.000000,0.000000,0.002320,0.002320,0.441980,0.000731,0.000731,0.114806,224990
34.069338,597116.153342,0.004741,rest,2,0.000000,0.000000,0.000000,0.000571,0.000571,0.397941,0.000879,0.000879,0.000000,224992
34.073639,597116.158517,0.004301,rest,2,0.000000,0.000000,0.000000,0.000571,0.000571,0.369613,0.005105,0.005105,0.000000,224994
34.081988,597116.163686,0.008349,rest,2,0.000000,0.000000,0.000000,0.000619,0.000619,0.302121,0.003420,0.003420,0.246163,224998
34.086304,597116.168980,0.004316,rest,2,0.000000,0.000000,0.000000,0.000772,0.000772,0.306112,0.002226,0.002226,0.035317,225000
34.090661,597116.174185,0.004357,rest,2,0.000000,0.000000,0.000000,-0.000434,-0.000434,0.361354,0.002103,0.002103,0.000000,225002
34.095661,597116.179350,0.005000,rest,2,0.000000,0.000000,0.000000,-0.000609,-0.000609,0.406298,0.002600,0.002600,0.000000,225004
34.100661,597116.184557,0.005000,rest,2,0.000000,0.000000,0.000000,-0.000883,-0.000883,0.417164,0.001983,0.001983,0.000000,225006
34.105661,597116.189799,0.005001,rest,2,0.000000,0.000000,0.000000,0.002064,0.002064,0.386653,0.001476,0.001476,0.589318,225008
34.110661,597116.195088,0.005000,rest,2,0.000000,0.000000,0.000000,-0.000099,-0.000099,0.373288,0.002033,0.002033,0.000000,225010
34.115661,597116.200278,0.004999,step_40,2,-0.040000,-0.040000,-0.040000,-0.002247,-0.002247,0.406372,0.001478,0.001478,0.000000,225012
34.120661,597116.205479,0.005000,step_40,2,-0.040000,-0.040000,-0.040000,-0.001105,-0.001105,0.408110,0.001868,0.001868,0.228355,225014
34.125661,597116.210675,0.005000,step_40,2,-0.040000,-0.040000,-0.040000,-0.000322,-0.000322,0.374250,0.002239,0.002239,0.156717,225016
34.130661,597116.215957,0.005000,step_40,2,-0.040000,-0.040000,-0.040000,-0.001198,-0.001198,0.337370,0.001582,0.001582,0.000000,225018
34.135662,597116.221248,0.005001,step_40,2,-0.040000,-0.040000,-0.040000,-0.001198,-0.001198,0.330231,0.002191,0.002191,0.000000,225020
34.140662,597116.226421,0.005000,step_40,2,-0.040000,-0.040000,-0.040000,-0.000315,-0.000315,0.324242,0.001710,0.001710,0.176655,225022
34.145661,597116.231697,0.005000,step_40,2,-0.040000,-0.040000,-0.040000,-0.000767,-0.000767,0.314572,0.002312,0.002312,0.000000,225024
34.155662,597116.237017,0.010000,step_40,2,-0.040000,-0.040000,-0.040000,-0.001889,-0.001889,0.421645,0.001404,0.001404,0.000000,225028
34.160662,597116.242262,0.005000,step_40,2,-0.040000,-0.040000,-0.040000,-0.011045,-0.011045,0.418714,0.001992,0.001992,0.000000,225030
34.165661,597116.247428,0.005000,step_40,2,-0.040000,-0.040000,-0.040000,-0.013708,-0.013708,0.255049,0.001553,0.001553,0.000000,225032
34.170661,597116.252748,0.004999,step_40,2,-0.040000,-0.040000,-0.040000,-0.022184,-0.022184,-0.039625,0.002077,0.002077,0.000000,225034
34.175661,597116.258025,0.005000,step_40,2,-0.040000,-0.040000,-0.040000,-0.022748,-0.022748,-0.319448,0.001388,0.001388,0.000000,225036
34.180661,597116.263249,0.005000,step_40,2,-0.040000,-0.040000,-0.040000,-0.031274,-0.031274,-0.383670,0.001814,0.001814,0.000000,225038
34.185662,597116.268414,0.005001,step_40,2,-0.040000,-0.040000,-0.040000,-0.040265,-0.040265,-0.303504,0.002344,0.002344,0.000000,225040
34.190661,597116.273576,0.004999,step_40,2,-0.040000,-0.040000,-0.040000,-0.039265,-0.039265,-0.248637,0.001628,0.001628,0.200129,225042
34.195667,597116.278792,0.005006,step_40,2,-0.040000,-0.040000,-0.040000,-0.040684,-0.040684,-0.189474,0.002398,0.002398,0.000000,225044
34.200663,597116.283991,0.004996,step_40,2,-0.040000,-0.040000,-0.040000,-0.045804,-0.045804,-0.116411,0.001321,0.001321,0.000000,225046
34.205661,597116.289191,0.004998,step_40,2,-0.040000,-0.040000,-0.040000,-0.045647,-0.045647,-0.072323,0.001778,0.001778,0.031322,225048
34.210667,597116.294312,0.005007,step_40,2,-0.040000,-0.040000,-0.040000,-0.047104,-0.047104,0.020367,0.002543,0.002543,0.000000,225050
34.215661,597116.299427,0.004994,step_40,2,-0.040000,-0.040000,-0.040000,-0.044846,-0.044846,0.148682,0.001982,0.001982,0.452038,225052
34.220661,597116.304600,0.004999,step_40,2,-0.040000,-0.040000,-0.040000,-0.045920,-0.045920,0.355196,0.001475,0.001475,0.000000,225054
34.225661,597116.309874,0.005000,step_40,2,-0.040000,-0.040000,-0.040000,-0.047679,-0.047679,0.630272,0.001941,0.001941,0.000000,225056
34.230661,597116.315222,0.005000,step_40,2,-0.040000,-0.040000,-0.040000,-0.046804,-0.046804,0.770800,0.001388,0.001388,0.174937,225058
34.235661,597116.320393,0.005000,step_40,2,-0.040000,-0.040000,-0.040000,-0.042214,-0.042214,0.681993,0.001786,0.001786,0.917959,225060
34.240661,597116.325602,0.005000,step_40,2,-0.040000,-0.040000,-0.040000,-0.041604,-0.041604,0.547970,0.002291,0.002291,0.121935,225062
34.245661,597116.330813,0.005000,step_40,2,-0.040000,-0.040000,-0.040000,-0.041456,-0.041456,0.515010,0.001782,0.001782,0.029741,225064
34.250661,597116.335930,0.005000,step_40,2,-0.040000,-0.040000,-0.040000,-0.042178,-0.042178,0.494539,0.002294,0.002294,0.000000,225066
34.255662,597116.341116,0.005001,step_40,2,-0.040000,-0.040000,-0.040000,-0.037600,-0.037600,0.538476,0.001706,0.001706,0.915395,225068
34.260663,597116.346275,0.005001,step_40,2,-0.040000,-0.040000,-0.040000,-0.041145,-0.041145,0.539905,0.002260,0.002260,0.000000,225070
34.265662,597116.351528,0.004999,step_40,2,-0.040000,-0.040000,-0.040000,-0.040622,-0.040622,0.465309,0.001638,0.001638,0.104592,225072
34.270661,597116.356729,0.004999,step_40,2,-0.040000,-0.040000,-0.040000,-0.042402,-0.042402,0.338141,0.002196,0.002196,0.000000,225074
34.275668,597116.362013,0.005007,step_40,2,-0.040000,-0.040000,-0.040000,-0.039529,-0.039529,0.132345,0.001561,0.001561,0.573798,225076
34.285661,597116.367180,0.009993,step_40,2,-0.040000,-0.040000,-0.040000,-0.034584,-0.034584,0.195487,0.002358,0.002358,0.998590,225080
34.290668,597116.372347,0.005007,step_40,2,-0.040000,-0.040000,-0.040000,-0.034583,-0.034583,0.385775,0.001933,0.001933,0.000026,225082
34.295665,597116.377512,0.004997,step_40,2,-0.040000,-0.040000,-0.040000,-0.040550,-0.040550,0.496850,0.002582,0.002582,0.000000,225084
34.300661,597116.382724,0.004996,step_40,2,-0.040000,-0.040000,-0.040000,-0.035800,-0.035800,0.566839,0.002003,0.002003,0.950966,225086
34.305661,597116.387975,0.005000,step_40,2,-0.040000,-0.040000,-0.040000,-0.037025,-0.037025,0.503869,0.002563,0.002563,0.000000,225088
34.310662,597116.393100,0.005000,step_40,2,-0.040000,-0.040000,-0.040000,-0.038810,-0.038810,0.424446,0.002029,0.002029,0.000000,225090
34.315661,597116.398275,0.005000,step_40,2,-0.040000,-0.040000,-0.040000,-0.039353,-0.039353,0.440268,0.002400,0.002400,0.000000,225092
34.320661,597116.403431,0.005000,step_40,2,-0.040000,-0.040000,-0.040000,-0.034979,-0.034979,0.496550,0.001772,0.001772,0.874900,225094
34.325661,597116.408552,0.005000,step_40,2,-0.040000,-0.040000,-0.040000,-0.038797,-0.038797,0.581077,0.002130,0.002130,0.000000,225096
34.330661,597116.413665,0.005000,step_40,2,-0.040000,-0.040000,-0.040000,-0.039717,-0.039717,0.567800,0.001486,0.001486,0.000000,225098
34.335661,597116.418781,0.005000,step_40,2,-0.040000,-0.040000,-0.040000,-0.038612,-0.038612,0.459555,0.001975,0.001975,0.220975,225100
34.340662,597116.423939,0.005001,step_40,2,-0.040000,-0.040000,-0.040000,-0.040340,-0.040340,0.461724,0.002342,0.002342,0.000000,225102
34.345662,597116.429096,0.005000,step_40,2,-0.040000,-0.040000,-0.040000,-0.041540,-0.041540,0.452977,0.001619,0.001619,0.000000,225104
34.350661,597116.434263,0.005000,step_40,2,-0.040000,-0.040000,-0.040000,-0.035005,-0.035005,0.340481,0.001941,0.001941,1.306995,225106
34.355661,597116.439429,0.004999,step_40,2,-0.040000,-0.040000,-0.040000,-0.041520,-0.041520,0.288857,0.002293,0.002293,0.000000,225108
34.360662,597116.444620,0.005001,step_40,2,-0.040000,-0.040000,-0.040000,-0.037466,-0.037466,0.287202,0.001699,0.001699,0.810473,225110
34.365662,597116.449921,0.005000,step_40,2,-0.040000,-0.040000,-0.040000,-0.040398,-0.040398,0.319908,0.002243,0.002243,0.000000,225112
34.370661,597116.455254,0.004999,step_40,2,-0.040000,-0.040000,-0.040000,-0.037813,-0.037813,0.357455,0.001797,0.001797,0.517041,225114
34.375662,597116.460423,0.005001,step_40,2,-0.040000,-0.040000,-0.040000,-0.038948,-0.038948,0.367753,0.002359,0.002359,0.000000,225116
34.380661,597116.465633,0.005000,step_40,2,-0.040000,-0.040000,-0.040000,-0.036803,-0.036803,0.371863,0.001881,0.001881,0.428998,225118
34.385661,597116.470907,0.005000,step_40,2,-0.040000,-0.040000,-0.040000,-0.040560,-0.040560,0.416163,0.002488,0.002488,0.000000,225120
34.390662,597116.476112,0.005001,step_40,2,-0.040000,-0.040000,-0.040000,-0.038890,-0.038890,0.483163,0.002047,0.002047,0.333910,225122
34.395661,597116.481307,0.004999,step_40,2,-0.040000,-0.040000,-0.040000,-0.039616,-0.039616,0.530334,0.002653,0.002653,0.000000,225124
34.400661,597116.486502,0.005000,step_40,2,-0.040000,-0.040000,-0.040000,-0.038452,-0.038452,0.541836,0.002130,0.002130,0.232967,225126
34.405661,597116.491699,0.004999,step_40,2,-0.040000,-0.040000,-0.040000,-0.041817,-0.041817,0.506238,0.001612,0.001612,0.000000,225128
34.415661,597116.497037,0.010001,step_40,2,-0.040000,-0.040000,-0.040000,-0.043075,-0.043075,0.494214,0.001815,0.001815,0.000000,225132
34.420661,597116.502175,0.005000,step_40,2,-0.040000,-0.040000,-0.040000,-0.035451,-0.035451,0.502013,0.002377,0.002377,1.524850,225134
34.425661,597116.507263,0.005000,step_40,2,-0.040000,-0.040000,-0.040000,-0.043166,-0.043166,0.507774,0.001869,0.001869,0.000000,225136
34.430661,597116.512411,0.005000,step_40,2,-0.040000,-0.040000,-0.040000,-0.042199,-0.042199,0.518585,0.002429,0.002429,0.193526,225138
34.435662,597116.517526,0.005001,step_40,2,-0.040000,-0.040000,-0.040000,-0.037679,-0.037679,0.509191,0.001971,0.001971,0.903654,225140
34.440661,597116.522659,0.004999,step_40,2,-0.040000,-0.040000,-0.040000,-0.037680,-0.037680,0.430566,0.002589,0.002589,0.000000,225142
34.445661,597116.527784,0.005000,step_40,2,-0.040000,-0.040000,-0.040000,-0.036778,-0.036778,0.344911,0.002192,0.002192,0.180270,225144
34.450661,597116.532927,0.005000,step_40,2,-0.040000,-0.040000,-0.040000,-0.036778,-0.036778,0.298855,0.001706,0.001706,0.000000,225146
34.455662,597116.538159,0.005001,step_40,2,-0.040000,-0.040000,-0.040000,-0.033334,-0.033334,0.331184,0.002328,0.002328,0.688694,225148
34.460661,597116.543261,0.004999,step_40,2,-0.040000,-0.040000,-0.040000,-0.037969,-0.037969,0.456341,0.001692,0.001692,0.000000,225150
34.465661,597116.548363,0.005000,step_40,2,-0.040000,-0.040000,-0.040000,-0.042334,-0.042334,0.591124,0.002249,0.002249,0.000000,225152
34.470661,597116.553489,0.005000,step_40,2,-0.040000,-0.040000,-0.040000,-0.037833,-0.037833,0.598789,0.001483,0.001483,0.900140,225154
34.475661,597116.558662,0.005000,step_40,2,-0.040000,-0.040000,-0.040000,-0.039718,-0.039718,0.506217,0.001946,0.001946,0.000000,225156
34.480661,597116.563818,0.005000,step_40,2,-0.040000,-0.040000,-0.040000,-0.036983,-0.036983,0.436380,0.002426,0.002426,0.546910,225158
34.485661,597116.568978,0.005000,step_40,2,-0.040000,-0.040000,-0.040000,-0.036239,-0.036239,0.364132,0.001954,0.001954,0.148717,225160
34.490663,597116.574052,0.005002,step_40,2,-0.040000,-0.040000,-0.040000,-0.033703,-0.033703,0.374654,0.002487,0.002487,0.507151,225162
34.495661,597116.579212,0.004998,step_40,2,-0.040000,-0.040000,-0.040000,-0.038460,-0.038460,0.510424,0.001854,0.001854,0.000000,225164
34.500662,597116.584319,0.005001,step_40,2,-0.040000,-0.040000,-0.040000,-0.036691,-0.036691,0.590439,0.002423,0.002423,0.353545,225166
34.505661,597116.589475,0.004999,step_40,2,-0.040000,-0.040000,-0.040000,-0.043212,-0.043212,0.541980,0.001907,0.001907,0.000000,225168
34.510661,597116.594549,0.005000,step_40,2,-0.040000,-0.040000,-0.040000,-0.038994,-0.038994,0.412024,0.002257,0.002257,0.843516,225170
34.515671,597116.599712,0.005010,step_40,2,-0.040000,-0.040000,-0.040000,-0.043182,-0.043182,0.354219,0.001818,0.001818,0.000000,225172
34.520662,597116.604898,0.004992,step_40,2,-0.040000,-0.040000,-0.040000,-0.041226,-0.041226,0.396843,0.002373,0.002373,0.391942,225174
34.525663,597116.610120,0.005001,step_40,2,-0.040000,-0.040000,-0.040000,-0.034715,-0.034715,0.500698,0.001965,0.001965,1.301993,225176
34.530661,597116.615236,0.004998,step_40,2,-0.040000,-0.040000,-0.040000,-0.039835,-0.039835,0.638692,0.002527,0.002527,0.000000,225178
34.535661,597116.620385,0.005000,step_40,2,-0.040000,-0.040000,-0.040000,-0.035393,-0.035393,0.628036,0.002082,0.002082,0.888375,225180
34.540663,597116.625514,0.005002,step_40,2,-0.040000,-0.040000,-0.040000,-0.040529,-0.040529,0.570587,0.001569,0.001569,0.000000,225182
34.545661,597116.630641,0.004998,step_40,2,-0.040000,-0.040000,-0.040000,-0.039909,-0.039909,0.570264,0.002048,0.002048,0.124097,225184
34.550661,597116.635755,0.005000,step_40,2,-0.040000,-0.040000,-0.040000,-0.041010,-0.041010,0.495511,0.002377,0.002377,0.000000,225186
34.555661,597116.640951,0.005000,step_40,2,-0.040000,-0.040000,-0.040000,-0.039244,-0.039244,0.382830,0.001749,0.001749,0.353185,225188
34.560661,597116.646090,0.005000,step_40,2,-0.040000,-0.040000,-0.040000,-0.040691,-0.040691,0.263591,0.002195,0.002195,0.000000,225190
34.565661,597116.651215,0.005000,step_40,2,-0.040000,-0.040000,-0.040000,-0.037366,-0.037366,0.213696,0.002572,0.002572,0.665035,225192
34.570661,597116.656342,0.005000,step_40,2,-0.040000,-0.040000,-0.040000,-0.036580,-0.036580,0.334721,0.002084,0.002084,0.157136,225194
34.580661,597116.661506,0.010000,step_40,2,-0.040000,-0.040000,-0.040000,-0.038354,-0.038354,0.718942,0.001716,0.001716,1.088221,225198
34.585661,597116.666668,0.005000,step_40,2,-0.040000,-0.040000,-0.040000,-0.043035,-0.043035,0.708474,0.002251,0.002251,0.000000,225200
34.590661,597116.671823,0.005000,step_40,2,-0.040000,-0.040000,-0.040000,-0.038706,-0.038706,0.512944,0.002501,0.002501,0.865740,225202
34.595662,597116.676967,0.005001,step_40,2,-0.040000,-0.040000,-0.040000,-0.040038,-0.040038,0.282224,0.002042,0.002042,0.000000,225204
34.600661,597116.682051,0.004999,step_40,2,-0.040000,-0.040000,-0.040000,-0.039856,-0.039856,0.186149,0.002391,0.002391,0.036484,225206
34.605662,597116.687146,0.005000,step_40,2,-0.040000,-0.040000,-0.040000,-0.039856,-0.039856,0.332591,0.001841,0.001841,0.000000,225208
34.610661,597116.692300,0.004999,step_40,2,-0.040000,-0.040000,-0.040000,-0.045362,-0.045362,0.587563,0.002396,0.002396,0.000000,225210
34.615661,597116.697483,0.005000,step_40,2,-0.040000,-0.040000,-0.040000,-0.039532,-0.039532,0.767986,0.001842,0.001842,1.165933,225212
34.620661,597116.702623,0.005000,step_40,2,-0.040000,-0.040000,-0.040000,-0.039532,-0.039532,0.779132,0.002450,0.002450,0.000000,225214
34.625661,597116.707839,0.005001,step_40,2,-0.040000,-0.040000,-0.040000,-0.040583,-0.040583,0.612118,0.002008,0.002008,0.000000,225216
34.630661,597116.713048,0.004999,step_40,2,-0.040000,-0.040000,-0.040000,-0.033846,-0.033846,0.334731,0.002548,0.002548,1.347630,225218
34.635662,597116.718150,0.005001,step_40,2,-0.040000,-0.040000,-0.040000,-0.040462,-0.040462,0.212501,0.002068,0.002068,0.000000,225220
34.640661,597116.723244,0.004999,step_40,2,-0.040000,-0.040000,-0.040000,-0.035649,-0.035649,0.301340,0.001640,0.001640,0.962796,225222
34.645661,597116.728343,0.005000,step_40,2,-0.040000,-0.040000,-0.040000,-0.041272,-0.041272,0.491383,0.002167,0.002167,0.000000,225224
34.650667,597116.733481,0.005006,step_40,2,-0.040000,-0.040000,-0.040000,-0.036648,-0.036648,0.616252,0.001822,0.001822,0.923824,225226
34.655667,597116.738580,0.005000,step_40,2,-0.040000,-0.040000,-0.040000,-0.037241,-0.037241,0.593686,0.002384,0.002384,0.000000,225228
34.660667,597116.743721,0.005000,step_40,2,-0.040000,-0.040000,-0.040000,-0.037369,-0.037369,0.444051,0.000854,0.000854,0.000000,225230
34.665666,597116.748841,0.004998,step_40,2,-0.040000,-0.040000,-0.040000,-0.035646,-0.035646,0.264686,0.000643,0.000643,0.344658,225232
34.670661,597116.753974,0.004995,step_40,2,-0.040000,-0.040000,-0.040000,-0.037817,-0.037817,0.264914,0.002083,0.002083,0.000000,225234
34.675662,597116.759114,0.005001,step_40,2,-0.040000,-0.040000,-0.040000,-0.034929,-0.034929,0.397766,0.001615,0.001615,0.577353,225236
34.680661,597116.764227,0.004999,step_40,2,-0.040000,-0.040000,-0.040000,-0.035339,-0.035339,0.567971,0.002162,0.002162,0.000000,225238
34.685662,597116.769349,0.005001,step_40,2,-0.040000,-0.040000,-0.040000,-0.041332,-0.041332,0.672758,0.001647,0.001647,0.000000,225240
34.690662,597116.774463,0.005000,step_40,2,-0.040000,-0.040000,-0.040000,-0.037638,-0.037638,0.532286,0.002254,0.002254,0.738772,225242
34.695662,597116.779620,0.005001,step_40,2,-0.040000,-0.040000,-0.040000,-0.039922,-0.039922,0.326266,0.001761,0.001761,0.000000,225244
34.700662,597116.784737,0.005000,step_40,2,-0.040000,-0.040000,-0.040000,-0.038504,-0.038504,0.190242,0.002324,0.002324,0.283550,225246
34.705662,597116.789851,0.005000,step_40,2,-0.040000,-0.040000,-0.040000,-0.041830,-0.041830,0.241640,0.001848,0.001848,0.000000,225248
34.710662,597116.794953,0.005000,step_40,2,-0.040000,-0.040000,-0.040000,-0.036204,-0.036204,0.428309,0.002430,0.002430,1.124948,225250
34.715662,597116.800060,0.005000,step_40,2,-0.040000,-0.040000,-0.040000,-0.046100,-0.046100,0.544737,0.002009,0.002009,0.000000,225252
34.720662,597116.805225,0.005000,step_40,2,-0.040000,-0.040000,-0.040000,-0.037773,-0.037773,0.693126,0.002567,0.002567,1.665367,225254
34.725662,597116.810341,0.005000,step_40,2,-0.040000,-0.040000,-0.040000,-0.035940,-0.035940,0.748034,0.002086,0.002086,0.366543,225256
34.730661,597116.815461,0.004999,step_40,2,-0.040000,-0.040000,-0.040000,-0.040473,-0.040473,0.616815,0.001549,0.001549,0.000000,225258
34.735661,597116.820591,0.005000,step_40,2,-0.040000,-0.040000,-0.040000,-0.037502,-0.037502,0.539333,0.002158,0.002158,0.594157,225260
34.740661,597116.825791,0.005000,step_40,2,-0.040000,-0.040000,-0.040000,-0.037502,-0.037502,0.485840,0.001701,0.001701,0.000000,225262
34.745662,597116.830892,0.005001,step_40,2,-0.040000,-0.040000,-0.040000,-0.040247,-0.040247,0.382633,0.002232,0.002232,0.000000,225264
34.750661,597116.836013,0.004999,step_40,2,-0.040000,-0.040000,-0.040000,-0.040247,-0.040247,0.337447,0.001802,0.001802,0.000000,225266
34.755661,597116.841128,0.005000,step_40,2,-0.040000,-0.040000,-0.040000,-0.035543,-0.035543,0.337318,0.002365,0.002365,0.940747,225268
34.760662,597116.846237,0.005001,step_40,2,-0.040000,-0.040000,-0.040000,-0.042492,-0.042492,0.430293,0.001963,0.001963,0.000000,225270
34.765667,597116.851346,0.005005,step_40,2,-0.040000,-0.040000,-0.040000,-0.037409,-0.037409,0.463642,0.002498,0.002498,1.015523,225272
34.770661,597116.856464,0.004993,step_40,2,-0.040000,-0.040000,-0.040000,-0.044420,-0.044420,0.531281,0.002028,0.002028,0.000000,225274
34.775661,597116.861636,0.005000,step_40,2,-0.040000,-0.040000,-0.040000,-0.038562,-0.038562,0.617110,0.001562,0.001562,1.171669,225276
34.785662,597116.866799,0.010001,step_40,2,-0.040000,-0.040000,-0.040000,-0.040845,-0.040845,0.508591,0.001743,0.001743,0.000000,225280
34.790662,597116.871966,0.005000,step_40,2,-0.040000,-0.040000,-0.040000,-0.044402,-0.044402,0.350331,0.002298,0.002298,0.000000,225282
34.795661,597116.877262,0.004999,step_40,2,-0.040000,-0.040000,-0.040000,-0.038665,-0.038665,0.368512,0.001822,0.001822,1.147707,225284
34.800661,597116.882383,0.005000,step_40,2,-0.040000,-0.040000,-0.040000,-0.039369,-0.039369,0.534678,0.002383,0.002383,0.000000,225286
34.805661,597116.887508,0.005000,step_40,2,-0.040000,-0.040000,-0.040000,-0.037130,-0.037130,0.575500,0.001864,0.001864,0.447851,225288
34.810663,597116.892723,0.005001,step_40,2,-0.040000,-0.040000,-0.040000,-0.037962,-0.037962,0.600083,0.002508,0.002508,0.000000,225290
34.815661,597116.897958,0.004998,step_40,2,-0.040000,-0.040000,-0.040000,-0.040134,-0.040134,0.598465,0.002045,0.002045,0.000000,225292
34.820661,597116.903063,0.005001,step_40,2,-0.040000,-0.040000,-0.040000,-0.040049,-0.040049,0.542498,0.001514,0.001514,0.016889,225294
34.825662,597116.908301,0.005001,step_40,2,-0.040000,-0.040000,-0.040000,-0.040069,-0.040069,0.418395,0.002106,0.002106,0.000000,225296
34.830662,597116.913453,0.005000,step_40,2,-0.040000,-0.040000,-0.040000,-0.037447,-0.037447,0.334248,0.001608,0.001608,0.524518,225298
34.835661,597116.918574,0.004999,step_40,2,-0.040000,-0.040000,-0.040000,-0.039925,-0.039925,0.377532,0.002179,0.002179,0.000000,225300
34.840662,597116.923727,0.005001,step_40,2,-0.040000,-0.040000,-0.040000,-0.035618,-0.035618,0.437657,0.001710,0.001710,0.861204,225302
34.845661,597116.928940,0.004999,step_40,2,-0.040000,-0.040000,-0.040000,-0.039786,-0.039786,0.545407,0.002286,0.002286,0.000000,225304
34.850661,597116.934061,0.005000,step_40,2,-0.040000,-0.040000,-0.040000,-0.037522,-0.037522,0.600313,0.001713,0.001713,0.452845,225306
34.855661,597116.939177,0.005000,step_40,2,-0.040000,-0.040000,-0.040000,-0.040412,-0.040412,0.582516,0.002243,0.002243,0.000000,225308
34.860662,597116.944279,0.005001,step_40,2,-0.040000,-0.040000,-0.040000,-0.036873,-0.036873,0.476785,0.001777,0.001777,0.707662,225310
34.865661,597116.949375,0.004999,step_40,2,-0.040000,-0.040000,-0.040000,-0.041655,-0.041655,0.299400,0.002352,0.002352,0.000000,225312
34.870661,597116.954513,0.005000,step_40,2,-0.040000,-0.040000,-0.040000,-0.037856,-0.037856,0.223190,0.001727,0.001727,0.759921,225314
34.875882,597116.959638,0.005221,step_40,2,-0.040000,-0.040000,-0.040000,-0.043333,-0.043333,0.218890,0.002592,0.002592,0.000000,225316
34.881444,597116.964758,0.005563,step_40,2,-0.040000,-0.040000,-0.040000,-0.041139,-0.041139,0.279567,0.002623,0.002623,0.394542,225318
34.885877,597116.969912,0.004433,step_40,2,-0.040000,-0.040000,-0.040000,-0.040319,-0.040319,0.373351,0.002435,0.002435,0.184876,225320
34.890811,597116.975042,0.004934,step_40,2,-0.040000,-0.040000,-0.040000,-0.039655,-0.039655,0.517965,0.001860,0.001860,0.134615,225322
34.896287,597116.980126,0.005476,step_40,2,-0.040000,-0.040000,-0.040000,-0.035084,-0.035084,0.688479,0.002892,0.002892,0.834722,225324
34.901065,597116.985232,0.004778,step_40,2,-0.040000,-0.040000,-0.040000,-0.038861,-0.038861,0.724106,0.002201,0.002201,0.000000,225326
34.905661,597116.990329,0.004597,step_40,2,-0.040000,-0.040000,-0.040000,-0.038231,-0.038231,0.718105,0.002384,0.002384,0.137237,225328
34.910662,597116.995473,0.005000,step_40,2,-0.040000,-0.040000,-0.040000,-0.038429,-0.038429,0.628726,0.001918,0.001918,0.000000,225330
34.915663,597117.000568,0.005001,step_40,2,-0.040000,-0.040000,-0.040000,-0.035374,-0.035374,0.483327,0.002505,0.002505,0.610889,225332
34.920661,597117.005696,0.004998,step_40,2,-0.040000,-0.040000,-0.040000,-0.041296,-0.041296,0.461803,0.002034,0.002034,0.000000,225334
34.925662,597117.010828,0.005001,step_40,2,-0.040000,-0.040000,-0.040000,-0.041297,-0.041297,0.440969,0.002541,0.002541,0.000000,225336
34.930662,597117.015954,0.005000,step_40,2,-0.040000,-0.040000,-0.040000,-0.040354,-0.040354,0.408737,0.001999,0.001999,0.188493,225338
34.935661,597117.021058,0.005000,step_40,2,-0.040000,-0.040000,-0.040000,-0.040354,-0.040354,0.450804,0.002451,0.002451,0.000000,225340
34.940663,597117.026200,0.005002,step_40,2,-0.040000,-0.040000,-0.040000,-0.036759,-0.036759,0.521695,0.001882,0.001882,0.718692,225342
34.946331,597117.031303,0.005668,step_40,2,-0.040000,-0.040000,-0.040000,-0.036759,-0.036759,0.617498,0.003048,0.003048,0.000000,225344
34.951804,597117.036428,0.005473,step_40,2,-0.040000,-0.040000,-0.040000,-0.041405,-0.041405,0.636744,0.002851,0.002851,0.000000,225346
34.957174,597117.041546,0.005370,step_40,2,-0.040000,-0.040000,-0.040000,-0.039420,-0.039420,0.527998,0.003738,0.003738,0.369584,225348
34.961857,597117.046778,0.004683,step_40,2,-0.040000,-0.040000,-0.040000,-0.037709,-0.037709,0.418957,0.002895,0.002895,0.365371,225350
34.970661,597117.051904,0.008803,step_40,2,-0.040000,-0.040000,-0.040000,-0.039837,-0.039837,0.318583,0.001648,0.001648,0.944798,225354
34.975662,597117.057026,0.005001,step_40,2,-0.040000,-0.040000,-0.040000,-0.037393,-0.037393,0.377408,0.002180,0.002180,0.488633,225356
34.980661,597117.062137,0.004999,step_40,2,-0.040000,-0.040000,-0.040000,-0.043826,-0.043826,0.506494,0.001599,0.001599,0.000000,225358
34.985661,597117.067256,0.005000,step_40,2,-0.040000,-0.040000,-0.040000,-0.036435,-0.036435,0.557901,0.002111,0.002111,1.478154,225360
34.990662,597117.072372,0.005001,step_40,2,-0.040000,-0.040000,-0.040000,-0.038269,-0.038269,0.585801,0.001462,0.001462,0.000000,225362
34.995663,597117.077484,0.005001,step_40,2,-0.040000,-0.040000,-0.040000,-0.041830,-0.041830,0.508932,0.001986,0.001986,0.000000,225364
35.000662,597117.082672,0.004999,step_40,2,-0.040000,-0.040000,-0.040000,-0.036447,-0.036447,0.372242,0.002390,0.002390,1.076801,225366
35.005661,597117.087840,0.004999,step_40,2,-0.040000,-0.040000,-0.040000,-0.040963,-0.040963,0.360130,0.001789,0.001789,0.000000,225368
35.010662,597117.093010,0.005001,step_40,2,-0.040000,-0.040000,-0.040000,-0.037714,-0.037714,0.434193,0.002273,0.002273,0.649660,225370
35.015662,597117.098162,0.005000,step_40,2,-0.040000,-0.040000,-0.040000,-0.037290,-0.037290,0.522075,0.001771,0.001771,0.084924,225372
35.020661,597117.103276,0.004999,step_40,2,-0.040000,-0.040000,-0.040000,-0.036387,-0.036387,0.608199,0.002425,0.002425,0.180652,225374
35.025663,597117.108385,0.005002,step_40,2,-0.040000,-0.040000,-0.040000,-0.037631,-0.037631,0.629963,0.002012,0.002012,0.000000,225376
35.030660,597117.113519,0.004998,step_40,2,-0.040000,-0.040000,-0.040000,-0.035826,-0.035826,0.608807,0.002563,0.002563,0.361153,225378
35.035661,597117.118633,0.005001,step_40,2,-0.040000,-0.040000,-0.040000,-0.040093,-0.040093,0.636955,0.002038,0.002038,0.000000,225380
35.040663,597117.123746,0.005002,step_40,2,-0.040000,-0.040000,-0.040000,-0.036617,-0.036617,0.552858,0.001506,0.001506,0.694978,225382
35.046321,597117.128846,0.005658,step_40,2,-0.040000,-0.040000,-0.040000,-0.038883,-0.038883,0.392557,0.002712,0.002712,0.000000,225384
35.051746,597117.133963,0.005425,step_40,2,-0.040000,-0.040000,-0.040000,-0.042199,-0.042199,0.294773,0.002655,0.002655,0.000000,225386
35.057169,597117.139072,0.005423,step_40,2,-0.040000,-0.040000,-0.040000,-0.040913,-0.040913,0.228844,0.003722,0.003722,0.237172,225388
35.061711,597117.144175,0.004543,step_40,2,-0.040000,-0.040000,-0.040000,-0.037861,-0.037861,0.204018,0.002727,0.002727,0.671796,225390
35.066205,597117.149311,0.004493,step_40,2,-0.040000,-0.040000,-0.040000,-0.045711,-0.045711,0.231931,0.002721,0.002721,0.000000,225392
35.070661,597117.154432,0.004456,step_40,2,-0.040000,-0.040000,-0.040000,-0.037441,-0.037441,0.421223,0.001670,0.001670,1.855672,225394
35.075662,597117.159552,0.005001,step_40,2,-0.040000,-0.040000,-0.040000,-0.038617,-0.038617,0.566970,0.002259,0.002259,0.000000,225396
35.080661,597117.164690,0.004999,step_40,2,-0.040000,-0.040000,-0.040000,-0.039248,-0.039248,0.655159,0.001628,0.001628,0.000000,225398
35.085661,597117.169822,0.005000,step_40,2,-0.040000,-0.040000,-0.040000,-0.039248,-0.039248,0.738197,0.002178,0.002178,0.000000,225400
35.090662,597117.174939,0.005001,step_40,2,-0.040000,-0.040000,-0.040000,-0.039518,-0.039518,0.593184,0.001700,0.001700,0.000000,225402
35.095662,597117.180107,0.005000,step_40,2,-0.040000,-0.040000,-0.040000,-0.039518,-0.039518,0.417010,0.002344,0.002344,0.000000,225404
35.100661,597117.185233,0.004999,step_40,2,-0.040000,-0.040000,-0.040000,-0.037366,-0.037366,0.373126,0.001681,0.001681,0.430540,225406
35.105661,597117.190351,0.005000,step_40,2,-0.040000,-0.040000,-0.040000,-0.041078,-0.041078,0.411452,0.002264,0.002264,0.000000,225408
35.110661,597117.195520,0.005000,step_40,2,-0.040000,-0.040000,-0.040000,-0.041843,-0.041843,0.477718,0.001702,0.001702,0.000000,225410
35.115661,597117.200732,0.005000,rest,2,0.000000,0.000000,0.000000,-0.038585,-0.038585,0.529060,0.002241,0.002241,0.651606,225412
35.120661,597117.205928,0.005000,rest,2,0.000000,0.000000,0.000000,-0.039721,-0.039721,0.575352,0.001734,0.001734,0.000000,225414
35.125663,597117.211056,0.005002,rest,2,0.000000,0.000000,0.000000,-0.033139,-0.033139,0.603756,0.002338,0.002338,1.315701,225416
35.130661,597117.216178,0.004998,rest,2,0.000000,0.000000,0.000000,-0.037401,-0.037401,0.646213,0.001835,0.001835,0.000000,225418
35.135661,597117.221310,0.005000,rest,2,0.000000,0.000000,0.000000,-0.039683,-0.039683,0.638735,0.002477,0.002477,0.000000,225420
35.140661,597117.226430,0.005000,rest,2,0.000000,0.000000,0.000000,-0.037301,-0.037301,0.551759,0.002006,0.002006,0.476370,225422
35.145662,597117.231540,0.005001,rest,2,0.000000,0.000000,0.000000,-0.044090,-0.044090,0.476327,0.002632,0.002632,0.000000,225424
35.155661,597117.236697,0.009999,rest,2,0.000000,0.000000,0.000000,-0.035350,-0.035350,0.434191,0.002550,0.002550,1.295084,225428
35.160663,597117.241846,0.005002,rest,2,0.000000,0.000000,0.000000,-0.030980,-0.030980,0.693960,0.001984,0.001984,0.873835,225430
35.165661,597117.246946,0.004998,rest,2,0.000000,0.000000,0.000000,-0.023377,-0.023377,0.931922,0.002438,0.002438,1.521155,225432
35.170661,597117.252067,0.005000,rest,2,0.000000,0.000000,0.000000,-0.019538,-0.019538,1.096617,0.001803,0.001803,0.767929,225434
35.175661,597117.257191,0.005000,rest,2,0.000000,0.000000,0.000000,-0.010536,-0.010536,1.220539,0.002331,0.002331,1.800402,225436
35.180661,597117.262311,0.005000,rest,2,0.000000,0.000000,0.000000,-0.008200,-0.008200,1.328718,0.001806,0.001806,0.467063,225438
35.185661,597117.267436,0.005000,rest,2,0.000000,0.000000,0.000000,-0.003960,-0.003960,1.376317,0.002346,0.002346,0.847940,225440
35.190662,597117.272554,0.005002,rest,2,0.000000,0.000000,0.000000,-0.002397,-0.002397,1.348012,0.001829,0.001829,0.312549,225442
35.195661,597117.277703,0.004998,rest,2,0.000000,0.000000,0.000000,-0.002645,-0.002645,1.159104,0.002352,0.002352,0.000000,225444
35.200661,597117.282816,0.005001,rest,2,0.000000,0.000000,0.000000,-0.000901,-0.000901,0.811840,0.001834,0.001834,0.348879,225446
35.205662,597117.287963,0.005001,rest,2,0.000000,0.000000,0.000000,-0.002221,-0.002221,0.558376,0.002378,0.002378,0.000000,225448
35.210661,597117.293110,0.004999,rest,2,0.000000,0.000000,0.000000,-0.004185,-0.004185,0.346750,0.001875,0.001875,0.000000,225450
35.215662,597117.298227,0.005001,rest,2,0.000000,0.000000,0.000000,-0.004186,-0.004186,0.257668,0.002285,0.002285,0.000000,225452
35.220661,597117.303372,0.004999,rest,2,0.000000,0.000000,0.000000,-0.003713,-0.003713,0.366790,0.001782,0.001782,0.094604,225454
35.225661,597117.308493,0.005000,rest,2,0.000000,0.000000,0.000000,-0.003713,-0.003713,0.466353,0.002405,0.002405,0.000000,225456
35.230661,597117.313644,0.005000,rest,2,0.000000,0.000000,0.000000,-0.002490,-0.002490,0.501642,0.001943,0.001943,0.244762,225458
35.235661,597117.318767,0.004999,rest,2,0.000000,0.000000,0.000000,-0.000024,-0.000024,0.501998,0.002485,0.002485,0.493208,225460
35.240661,597117.323889,0.005001,rest,2,0.000000,0.000000,0.000000,-0.000005,-0.000005,0.479009,0.001919,0.001919,0.003716,225462
35.245661,597117.328994,0.005000,rest,2,0.000000,0.000000,0.000000,-0.000138,-0.000138,0.436771,0.002558,0.002558,0.000000,225464
35.250661,597117.334149,0.004999,rest,2,0.000000,0.000000,0.000000,-0.000632,-0.000632,0.462965,0.002126,0.002126,0.000000,225466
35.255661,597117.339269,0.005000,rest,2,0.000000,0.000000,0.000000,-0.000632,-0.000632,0.561424,0.001641,0.001641,0.000000,225468
35.260661,597117.344396,0.005000,rest,2,0.000000,0.000000,0.000000,-0.000139,-0.000139,0.622167,0.002230,0.002230,0.098644,225470
35.265662,597117.349518,0.005001,rest,2,0.000000,0.000000,0.000000,-0.001145,-0.001145,0.656405,0.001742,0.001742,0.000000,225472
35.270661,597117.354642,0.005000,rest,2,0.000000,0.000000,0.000000,-0.000633,-0.000633,0.654241,0.002394,0.002394,0.102468,225474
35.275661,597117.359763,0.004999,rest,2,0.000000,0.000000,0.000000,-0.002540,-0.002540,0.636735,0.001933,0.001933,0.000000,225476
35.280661,597117.364865,0.005000,rest,2,0.000000,0.000000,0.000000,-0.001904,-0.001904,0.621424,0.002556,0.002556,0.127276,225478
35.285661,597117.369986,0.005000,rest,2,0.000000,0.000000,0.000000,-0.001400,-0.001400,0.569279,0.001976,0.001976,0.100665,225480
35.290661,597117.375116,0.005000,rest,2,0.000000,0.000000,0.000000,-0.001827,-0.001827,0.543488,0.002289,0.002289,0.000000,225482
35.295661,597117.380247,0.005000,rest,2,0.000000,0.000000,0.000000,-0.002813,-0.002813,0.504226,0.001793,0.001793,0.000000,225484
35.300661,597117.385372,0.005000,rest,2,0.000000,0.000000,0.000000,-0.001750,-0.001750,0.435083,0.002440,0.002440,0.212756,225486
35.305662,597117.390502,0.005001,rest,2,0.000000,0.000000,0.000000,-0.001160,-0.001160,0.413999,0.001998,0.001998,0.117909,225488
35.310661,597117.395627,0.005000,rest,2,0.000000,0.000000,0.000000,-0.001179,-0.001179,0.408127,0.002562,0.002562,0.000000,225490
35.315664,597117.400781,0.005002,rest,2,0.000000,0.000000,0.000000,-0.001672,-0.001672,0.441461,0.002140,0.002140,0.000000,225492
35.320661,597117.405890,0.004997,rest,2,0.000000,0.000000,0.000000,-0.001178,-0.001178,0.488090,0.001600,0.001600,0.098870,225494
35.325661,597117.410993,0.005000,rest,2,0.000000,0.000000,0.000000,-0.000115,-0.000115,0.497157,0.002165,0.002165,0.212651,225496
35.330662,597117.416112,0.005001,rest,2,0.000000,0.000000,0.000000,-0.000335,-0.000335,0.495830,0.001730,0.001730,0.000000,225498
35.335661,597117.421248,0.005000,rest,2,0.000000,0.000000,0.000000,-0.001255,-0.001255,0.514402,0.002293,0.002293,0.000000,225500
35.340661,597117.426388,0.005000,rest,2,0.000000,0.000000,0.000000,-0.000761,-0.000761,0.540096,0.001623,0.001623,0.098771,225502
35.345661,597117.431500,0.005000,rest,2,0.000000,0.000000,0.000000,-0.000608,-0.000608,0.544225,0.002138,0.002138,0.030727,225504
35.355662,597117.436618,0.010001,rest,2,0.000000,0.000000,0.000000,0.000534,0.000534,0.649265,0.001991,0.001991,0.129452,225508
35.355662,597117.441770,0.000001,rest,2,0.000000,0.000000,0.000000,0.000534,0.000534,0.649265,0.001991,0.001991,0.129452,225508
35.365662,597117.446917,0.010000,rest,2,0.000000,0.000000,0.000000,-0.000528,-0.000528,0.634590,0.001916,0.001916,0.000000,225512
35.370661,597117.452043,0.004999,rest,2,0.000000,0.000000,0.000000,0.001107,0.001107,0.592862,0.002401,0.002401,0.327029,225514
35.375662,597117.457147,0.005001,rest,2,0.000000,0.000000,0.000000,0.001107,0.001107,0.516384,0.001874,0.001874,0.000032,225516
35.380661,597117.462259,0.004999,rest,2,0.000000,0.000000,0.000000,0.001677,0.001677,0.458158,0.002369,0.002369,0.114123,225518
35.385661,597117.467377,0.005000,rest,2,0.000000,0.000000,0.000000,0.000200,0.000200,0.435211,0.001757,0.001757,0.000000,225520
35.390662,597117.472495,0.005001,rest,2,0.000000,0.000000,0.000000,0.001602,0.001602,0.465405,0.002215,0.002215,0.280431,225522
35.395661,597117.477637,0.005000,rest,2,0.000000,0.000000,0.000000,-0.000525,-0.000525,0.544257,0.001705,0.001705,0.000000,225524
35.400663,597117.482754,0.005002,rest,2,0.000000,0.000000,0.000000,-0.000031,-0.000031,0.539268,0.002214,0.002214,0.098645,225526
35.405662,597117.487878,0.004999,rest,2,0.000000,0.000000,0.000000,0.000539,0.000539,0.449714,0.001628,0.001628,0.114201,225528
35.410661,597117.493034,0.004999,rest,2,0.000000,0.000000,0.000000,0.002950,0.002950,0.430273,0.002121,0.002121,0.482206,225530
35.415662,597117.498154,0.005002,rest,2,0.000000,0.000000,0.000000,-0.000030,-0.000030,0.474214,0.002472,0.002472,0.000000,225532
35.420662,597117.503274,0.005000,rest,2,0.000000,0.000000,0.000000,0.000048,0.000048,0.515529,0.001919,0.001919,0.015733,225534
35.425664,597117.508444,0.005002,rest,2,0.000000,0.000000,0.000000,-0.000030,-0.000030,0.550885,0.002524,0.002524,0.000000,225536
35.430662,597117.513545,0.004998,rest,2,0.000000,0.000000,0.000000,0.000698,0.000698,0.572495,0.001906,0.001906,0.145561,225538
35.435661,597117.518663,0.004999,rest,2,0.000000,0.000000,0.000000,0.003318,0.003318,0.611690,0.002381,0.002381,0.524106,225540
35.440661,597117.523841,0.005000,rest,2,0.000000,0.000000,0.000000,-0.000857,-0.000857,0.679633,0.001796,0.001796,0.000000,225542
35.445661,597117.528982,0.005000,rest,2,0.000000,0.000000,0.000000,0.001685,0.001685,0.653885,0.002354,0.002354,0.508582,225544
35.450662,597117.534053,0.005001,rest,2,0.000000,0.000000,0.000000,0.001843,0.001843,0.583785,0.001803,0.001803,0.031412,225546
35.455663,597117.539172,0.005001,rest,2,0.000000,0.000000,0.000000,0.001274,0.001274,0.538459,0.002387,0.002387,0.000000,225548
35.460661,597117.544290,0.004999,rest,2,0.000000,0.000000,0.000000,0.001845,0.001845,0.495428,0.001882,0.001882,0.114326,225550
35.465662,597117.549400,0.005001,rest,2,0.000000,0.000000,0.000000,0.000704,0.000704,0.478160,0.002374,0.002374,0.000000,225552
35.470661,597117.554567,0.004999,rest,2,0.000000,0.000000,0.000000,0.001769,0.001769,0.449889,0.001784,0.001784,0.213141,225554
35.475662,597117.559719,0.005001,rest,2,0.000000,0.000000,0.000000,0.000706,0.000706,0.416680,0.002305,0.002305,0.000000,225556
35.480661,597117.564900,0.004998,rest,2,0.000000,0.000000,0.000000,0.000058,0.000058,0.387284,0.001821,0.001821,0.000000,225558
35.485661,597117.570061,0.005000,rest,2,0.000000,0.000000,0.000000,0.000215,0.000215,0.359831,0.002411,0.002411,0.031425,225560
35.490661,597117.575168,0.005000,rest,2,0.000000,0.000000,0.000000,0.000686,0.000686,0.400401,0.001871,0.001871,0.094076,225562
35.495661,597117.580308,0.005000,rest,2,0.000000,0.000000,0.000000,-0.000455,-0.000455,0.475630,0.002475,0.002475,0.000000,225564
35.500661,597117.585425,0.005000,rest,2,0.000000,0.000000,0.000000,-0.000434,-0.000434,0.523964,0.001995,0.001995,0.004212,225566
35.505661,597117.590545,0.005000,rest,2,0.000000,0.000000,0.000000,-0.000434,-0.000434,0.556989,0.002510,0.002510,0.000000,225568
35.510661,597117.595702,0.005001,rest,2,0.000000,0.000000,0.000000,0.000710,0.000710,0.575933,0.002053,0.002053,0.228731,225570
35.515662,597117.600826,0.005001,rest,2,0.000000,0.000000,0.000000,0.000710,0.000710,0.559436,0.001609,0.001609,0.000004,225572
35.520661,597117.605973,0.005000,rest,2,0.000000,0.000000,0.000000,-0.001494,-0.001494,0.556661,0.002160,0.002160,0.000000,225574
35.525662,597117.611035,0.005000,rest,2,0.000000,0.000000,0.000000,-0.001494,-0.001494,0.579119,0.001679,0.001679,0.000000,225576
35.530662,597117.616191,0.005000,rest,2,0.000000,0.000000,0.000000,-0.000429,-0.000429,0.549353,0.002274,0.002274,0.212916,225578
35.535661,597117.621311,0.004999,rest,2,0.000000,0.000000,0.000000,-0.000451,-0.000451,0.530556,0.002570,0.002570,0.000000,225580
35.540662,597117.626435,0.005001,rest,2,0.000000,0.000000,0.000000,-0.001000,-0.001000,0.556765,0.002012,0.002012,0.000000,225582
35.545662,597117.631610,0.005000,rest,2,0.000000,0.000000,0.000000,-0.000507,-0.000507,0.551930,0.002414,0.002414,0.098733,225584
35.555661,597117.636806,0.009999,rest,2,0.000000,0.000000,0.000000,-0.001432,-0.001432,0.496437,0.002338,0.002338,0.000068,225588
35.560661,597117.642011,0.005000,rest,2,0.000000,0.000000,0.000000,0.000537,0.000537,0.484055,0.001665,0.001665,0.393785,225590
35.565661,597117.647177,0.005000,rest,2,0.000000,0.000000,0.000000,-0.000939,-0.000939,0.503363,0.002246,0.002246,0.000000,225592
35.570661,597117.652270,0.005000,rest,2,0.000000,0.000000,0.000000,0.000560,0.000560,0.511368,0.001719,0.001719,0.299735,225594
35.570661,597117.657412,0.000001,rest,2,0.000000,0.000000,0.000000,0.000560,0.000560,0.511368,0.001719,0.001719,0.299735,225594
35.575661,597117.662546,0.005000,rest,2,0.000000,0.000000,0.000000,0.000103,0.000103,0.513936,0.002358,0.002358,0.000000,225596
35.581181,597117.667697,0.005520,rest,2,0.000000,0.000000,0.000000,0.000046,0.000046,0.518618,0.002405,0.002405,0.000000,225598
35.586717,597117.672831,0.005536,rest,2,0.000000,0.000000,0.000000,0.001029,0.001029,0.496223,0.003458,0.003458,0.177575,225600
35.592121,597117.677986,0.005404,rest,2,0.000000,0.000000,0.000000,0.000619,0.000619,0.513973,0.003346,0.003346,0.000000,225602
35.601385,597117.683194,0.009264,rest,2,0.000000,0.000000,0.000000,0.000049,0.000049,0.565226,0.002707,0.002707,0.000000,225606
35.605662,597117.688300,0.004277,rest,2,0.000000,0.000000,0.000000,0.000539,0.000539,0.583565,0.002489,0.002489,0.114736,225608
35.610661,597117.693406,0.004999,rest,2,0.000000,0.000000,0.000000,-0.000420,-0.000420,0.580171,0.001962,0.001962,0.000000,225610
35.615661,597117.698582,0.005000,rest,2,0.000000,0.000000,0.000000,0.001054,0.001054,0.568763,0.002139,0.002139,0.294800,225612
35.620661,597117.703742,0.005000,step_60,2,0.060000,0.060000,0.060000,0.000564,0.000564,0.584677,0.002410,0.002410,0.000000,225614
35.625661,597117.708876,0.005000,step_60,2,0.060000,0.060000,0.060000,0.002200,0.002200,0.623202,0.001912,0.001912,0.327164,225616
35.630661,597117.714018,0.005001,step_60,2,0.060000,0.060000,0.060000,0.002200,0.002200,0.604409,0.002484,0.002484,0.000033,225618
35.635662,597117.719141,0.005000,step_60,2,0.060000,0.060000,0.060000,0.001687,0.001687,0.529710,0.001938,0.001938,0.000000,225620
35.640662,597117.724294,0.005000,step_60,2,0.060000,0.060000,0.060000,0.000705,0.000705,0.476432,0.002448,0.002448,0.000000,225622
35.645661,597117.729426,0.004999,step_60,2,0.060000,0.060000,0.060000,0.000705,0.000705,0.453343,0.001909,0.001909,0.000000,225624
35.650662,597117.734556,0.005000,step_60,2,0.060000,0.060000,0.060000,0.001197,0.001197,0.450131,0.002337,0.002337,0.098329,225626
35.655661,597117.739661,0.005000,step_60,2,0.060000,0.060000,0.060000,0.000707,0.000707,0.505679,0.001805,0.001805,0.000000,225628
35.660661,597117.744809,0.005000,step_60,2,0.060000,0.060000,0.060000,0.004352,0.004352,0.568649,0.002423,0.002423,0.729024,225630
35.665663,597117.749952,0.005001,step_60,2,0.060000,0.060000,0.060000,0.010671,0.010671,0.641298,0.001898,0.001898,1.263669,225632
35.670662,597117.755115,0.004999,step_60,2,0.060000,0.060000,0.060000,0.014352,0.014352,0.807995,0.002474,0.002474,0.736166,225634
35.675661,597117.760199,0.004999,step_60,2,0.060000,0.060000,0.060000,0.021441,0.021441,1.026085,0.001892,0.001892,1.418134,225636
35.680661,597117.765281,0.005000,step_60,2,0.060000,0.060000,0.060000,0.024921,0.024921,1.146602,0.002307,0.002307,0.695937,225638
35.685661,597117.770395,0.005000,step_60,2,0.060000,0.060000,0.060000,0.033057,0.033057,1.164057,0.001712,0.001712,1.627109,225640
35.690661,597117.775536,0.005000,step_60,2,0.060000,0.060000,0.060000,0.035727,0.035727,1.192477,0.002234,0.002234,0.534006,225642
35.695663,597117.780627,0.005002,step_60,2,0.060000,0.060000,0.060000,0.041195,0.041195,1.166060,0.001828,0.001828,1.093208,225644
35.700662,597117.785760,0.004999,step_60,2,0.060000,0.060000,0.060000,0.042102,0.042102,1.093612,0.002473,0.002473,0.181328,225646
35.705662,597117.790921,0.005000,step_60,2,0.060000,0.060000,0.060000,0.051530,0.051530,1.097592,0.001941,0.001941,1.885533,225648
35.710661,597117.796090,0.004999,step_60,2,0.060000,0.060000,0.060000,0.047226,0.047226,1.081150,0.002551,0.002551,0.000000,225650
35.715662,597117.801219,0.005001,step_60,2,0.060000,0.060000,0.060000,0.053721,0.053721,0.875419,0.002148,0.002148,1.298793,225652
35.720661,597117.806345,0.005000,step_60,2,0.060000,0.060000,0.060000,0.050058,0.050058,0.639795,0.001680,0.001680,0.000000,225654
35.725661,597117.811463,0.005000,step_60,2,0.060000,0.060000,0.060000,0.050815,0.050815,0.545541,0.002342,0.002342,0.151477,225656
35.730661,597117.816628,0.005000,step_60,2,0.060000,0.060000,0.060000,0.057889,0.057889,0.587327,0.001854,0.001854,1.414756,225658
35.740661,597117.821749,0.010000,step_60,2,0.060000,0.060000,0.060000,0.059241,0.059241,0.454806,0.001886,0.001886,0.453741,225662
35.745661,597117.826897,0.005000,step_60,2,0.060000,0.060000,0.060000,0.055769,0.055769,0.265815,0.002468,0.002468,0.000000,225664
35.750661,597117.832014,0.005000,step_60,2,0.060000,0.060000,0.060000,0.057424,0.057424,0.356231,0.001885,0.001885,0.331009,225666
35.755663,597117.837129,0.005002,step_60,2,0.060000,0.060000,0.060000,0.059214,0.059214,0.580475,0.002505,0.002505,0.357832,225668
35.760661,597117.842210,0.004998,step_60,2,0.060000,0.060000,0.060000,0.057738,0.057738,0.616220,0.002082,0.002082,0.000000,225670
35.765661,597117.847307,0.005000,step_60,2,0.060000,0.060000,0.060000,0.061051,0.061051,0.555917,0.001585,0.001585,0.662537,225672
35.770661,597117.852407,0.005000,step_60,2,0.060000,0.060000,0.060000,0.059201,0.059201,0.488830,0.002130,0.002130,0.000000,225674
35.775661,597117.857541,0.005000,step_60,2,0.060000,0.060000,0.060000,0.056430,0.056430,0.610996,0.001656,0.001656,0.000000,225676
35.780661,597117.862731,0.005000,step_60,2,0.060000,0.060000,0.060000,0.062666,0.062666,0.891245,0.002243,0.002243,1.247326,225678
35.785661,597117.867876,0.005000,step_60,2,0.060000,0.060000,0.060000,0.062358,0.062358,0.828587,0.001721,0.001721,0.000000,225680
35.790661,597117.873112,0.005000,step_60,2,0.060000,0.060000,0.060000,0.058033,0.058033,0.528194,0.002282,0.002282,0.000000,225682
35.795661,597117.878214,0.005000,step_60,2,0.060000,0.060000,0.060000,0.057842,0.057842,0.524668,0.001817,0.001817,0.000000,225684
35.800661,597117.883317,0.005000,step_60,2,0.060000,0.060000,0.060000,0.053994,0.053994,0.841076,0.002450,0.002450,0.000000,225686
35.805661,597117.888421,0.005000,step_60,2,0.060000,0.060000,0.060000,0.053994,0.053994,1.099859,0.001966,0.001966,0.000017,225688
35.810661,597117.893567,0.005000,step_60,2,0.060000,0.060000,0.060000,0.059214,0.059214,0.908996,0.002518,0.002518,1.044052,225690
35.815661,597117.898714,0.005000,step_60,2,0.060000,0.060000,0.060000,0.059215,0.059215,0.530227,0.002068,0.002068,0.000053,225692
35.820661,597117.903861,0.005000,step_60,2,0.060000,0.060000,0.060000,0.062917,0.062917,0.270781,0.001654,0.001654,0.740466,225694
35.825661,597117.909058,0.005000,step_60,2,0.060000,0.060000,0.060000,0.062917,0.062917,0.112544,0.002136,0.002136,0.000034,225696
35.831009,597117.914243,0.005348,step_60,2,0.060000,0.060000,0.060000,0.058771,0.058771,0.077531,0.002927,0.002927,0.000000,225698
35.835660,597117.919365,0.004651,step_60,2,0.060000,0.060000,0.060000,0.056140,0.056140,0.138951,0.001798,0.001798,0.000000,225700
35.840661,597117.924519,0.005001,step_60,2,0.060000,0.060000,0.060000,0.059790,0.059790,0.308784,0.002237,0.002237,0.729836,225702
35.845661,597117.929669,0.005000,step_60,2,0.060000,0.060000,0.060000,0.054788,0.054788,0.447591,0.001437,0.001437,0.000000,225704
35.850661,597117.934793,0.005000,step_60,2,0.060000,0.060000,0.060000,0.053552,0.053552,0.536935,0.001941,0.001941,0.000000,225706
35.855662,597117.939957,0.005001,step_60,2,0.060000,0.060000,0.060000,0.056622,0.056622,0.597399,0.002471,0.002471,0.613732,225708
35.860661,597117.945169,0.004999,step_60,2,0.060000,0.060000,0.060000,0.056735,0.056735,0.538260,0.002065,0.002065,0.022726,225710
35.865662,597117.950293,0.005000,step_60,2,0.060000,0.060000,0.060000,0.057250,0.057250,0.319695,0.001615,0.001615,0.103011,225712
35.870661,597117.955421,0.004999,step_60,2,0.060000,0.060000,0.060000,0.063974,0.063974,0.246760,0.002206,0.002206,1.345055,225714
35.875662,597117.960582,0.005001,step_60,2,0.060000,0.060000,0.060000,0.051816,0.051816,0.518213,0.001762,0.001762,0.000000,225716
35.880661,597117.965765,0.004999,step_60,2,0.060000,0.060000,0.060000,0.058277,0.058277,0.708123,0.002391,0.002391,1.292385,225718
35.885662,597117.970912,0.005001,step_60,2,0.060000,0.060000,0.060000,0.062712,0.062712,0.570996,0.001888,0.001888,0.886931,225720
35.890661,597117.976048,0.004998,step_60,2,0.060000,0.060000,0.060000,0.055920,0.055920,0.448357,0.002486,0.002486,0.000000,225722
35.895661,597117.981164,0.005000,step_60,2,0.060000,0.060000,0.060000,0.060670,0.060670,0.481678,0.002065,0.002065,0.950102,225724
35.900661,597117.986286,0.005001,step_60,2,0.060000,0.060000,0.060000,0.065978,0.065978,0.569621,0.001540,0.001540,1.061464,225726
35.905662,597117.991452,0.005001,step_60,2,0.060000,0.060000,0.060000,0.054153,0.054153,0.561897,0.002027,0.002027,0.000000,225728
35.910674,597117.996598,0.005011,step_60,2,0.060000,0.060000,0.060000,0.062484,0.062484,0.563526,0.002711,0.002711,1.662554,225730
35.915661,597118.001724,0.004987,step_60,2,0.060000,0.060000,0.060000,0.059277,0.059277,0.655483,0.002147,0.002147,0.000000,225732
35.925661,597118.006846,0.010001,step_60,2,0.060000,0.060000,0.060000,0.051074,0.051074,0.500984,0.002348,0.002348,0.000000,225736
35.930661,597118.011986,0.004999,step_60,2,0.060000,0.060000,0.060000,0.067014,0.067014,0.442864,0.001769,0.001769,3.188701,225738
35.935661,597118.017104,0.005000,step_60,2,0.060000,0.060000,0.060000,0.058183,0.058183,0.409719,0.002234,0.002234,0.000000,225740
35.940661,597118.022273,0.005000,step_60,2,0.060000,0.060000,0.060000,0.063327,0.063327,0.258159,0.001603,0.001603,1.028749,225742
35.945661,597118.027398,0.005001,step_60,2,0.060000,0.060000,0.060000,0.062460,0.062460,0.066634,0.002111,0.002111,0.000000,225744
35.945661,597118.032530,0.000001,step_60,2,0.060000,0.060000,0.060000,0.062460,0.062460,0.066634,0.002111,0.002111,0.000000,225744
35.950700,597118.037647,0.005038,step_60,2,0.060000,0.060000,0.060000,0.050913,0.050913,0.097400,0.002715,0.002715,0.000000,225746
35.961070,597118.042769,0.010370,step_60,2,0.060000,0.060000,0.060000,0.056817,0.056817,0.568358,0.002839,0.002839,0.000000,225750
35.965661,597118.047891,0.004591,step_60,2,0.060000,0.060000,0.060000,0.054849,0.054849,0.470622,0.001906,0.001906,0.000000,225752
35.970661,597118.053027,0.005000,step_60,2,0.060000,0.060000,0.060000,0.054849,0.054849,0.391416,0.002435,0.002435,0.000000,225754
35.975662,597118.058107,0.005001,step_60,2,0.060000,0.060000,0.060000,0.057286,0.057286,0.516666,0.001952,0.001952,0.487297,225756
35.980661,597118.063179,0.004999,step_60,2,0.060000,0.060000,0.060000,0.062083,0.062083,0.552096,0.002483,0.002483,0.959457,225758
35.985661,597118.068285,0.005000,step_60,2,0.060000,0.060000,0.060000,0.054070,0.054070,0.358097,0.001881,0.001881,0.000000,225760
35.990661,597118.073423,0.005000,step_60,2,0.060000,0.060000,0.060000,0.062324,0.062324,0.309381,0.002401,0.002401,1.650617,225762
35.995661,597118.078519,0.005000,step_60,2,0.060000,0.060000,0.060000,0.056389,0.056389,0.489378,0.001859,0.001859,0.000000,225764
36.000661,597118.083684,0.005000,step_60,2,0.060000,0.060000,0.060000,0.054595,0.054595,0.585343,0.002465,0.002465,0.000000,225766
36.005663,597118.088816,0.005002,step_60,2,0.060000,0.060000,0.060000,0.058152,0.058152,0.484556,0.001980,0.001980,0.711222,225768
36.010662,597118.093920,0.004999,step_60,2,0.060000,0.060000,0.060000,0.059173,0.059173,0.437344,0.002630,0.002630,0.204185,225770
36.015662,597118.099032,0.005000,step_60,2,0.060000,0.060000,0.060000,0.055793,0.055793,0.543014,0.002137,0.002137,0.000000,225772
36.020661,597118.104157,0.004999,step_60,2,0.060000,0.060000,0.060000,0.069690,0.069690,0.554140,0.001597,0.001597,2.779834,225774
36.025662,597118.109266,0.005001,step_60,2,0.060000,0.060000,0.060000,0.060088,0.060088,0.379895,0.002107,0.002107,0.000000,225776
36.030661,597118.114393,0.004999,step_60,2,0.060000,0.060000,0.060000,0.058148,0.058148,0.261531,0.001563,0.001563,0.000000,225778
36.035661,597118.119542,0.005000,step_60,2,0.060000,0.060000,0.060000,0.062473,0.062473,0.324246,0.002054,0.002054,0.864991,225780
36.040661,597118.124683,0.005000,step_60,2,0.060000,0.060000,0.060000,0.053879,0.053879,0.418502,0.001575,0.001575,0.000000,225782
36.045661,597118.129814,0.005000,step_60,2,0.060000,0.060000,0.060000,0.053156,0.053156,0.497346,0.002066,0.002066,0.000000,225784
36.050661,597118.134924,0.005000,step_60,2,0.060000,0.060000,0.060000,0.060854,0.060854,0.566792,0.002561,0.002561,1.539574,225786
36.055661,597118.140046,0.005000,step_60,2,0.060000,0.060000,0.060000,0.058383,0.058383,0.520973,0.001955,0.001955,0.000000,225788
36.060662,597118.145174,0.005001,step_60,2,0.060000,0.060000,0.060000,0.061254,0.061254,0.453795,0.002517,0.002517,0.574046,225790
36.065664,597118.150277,0.005002,step_60,2,0.060000,0.060000,0.060000,0.061822,0.061822,0.303891,0.002035,0.002035,0.113598,225792
36.070661,597118.155386,0.004997,step_60,2,0.060000,0.060000,0.060000,0.061319,0.061319,0.111835,0.001499,0.001499,0.000000,225794
36.075661,597118.160533,0.005000,step_60,2,0.060000,0.060000,0.060000,0.052118,0.052118,0.169600,0.002100,0.002100,0.000000,225796
36.080661,597118.165684,0.005000,step_60,2,0.060000,0.060000,0.060000,0.063025,0.063025,0.393665,0.001638,0.001638,2.181264,225798
36.085662,597118.170804,0.005001,step_60,2,0.060000,0.060000,0.060000,0.063025,0.063025,0.455205,0.002233,0.002233,0.000000,225800
36.090661,597118.175929,0.004998,step_60,2,0.060000,0.060000,0.060000,0.058187,0.058187,0.427216,0.001756,0.001756,0.000000,225802
36.095661,597118.181090,0.005000,step_60,2,0.060000,0.060000,0.060000,0.063375,0.063375,0.419407,0.002379,0.002379,1.037384,225804
36.100661,597118.186194,0.005000,step_60,2,0.060000,0.060000,0.060000,0.063375,0.063375,0.377357,0.001939,0.001939,0.000000,225806
36.105661,597118.191273,0.005001,step_60,2,0.060000,0.060000,0.060000,0.055365,0.055365,0.345695,0.001500,0.001500,0.000000,225808
36.110661,597118.196414,0.005000,step_60,2,0.060000,0.060000,0.060000,0.052941,0.052941,0.351226,0.002128,0.002128,0.000000,225810
36.115662,597118.201554,0.005001,step_60,2,0.060000,0.060000,0.060000,0.060430,0.060430,0.427030,0.001653,0.001653,1.497377,225812
36.125662,597118.206668,0.009999,step_60,2,0.060000,0.060000,0.060000,0.057894,0.057894,0.580452,0.001904,0.001904,0.373661,225816
36.130663,597118.211789,0.005001,step_60,2,0.060000,0.060000,0.060000,0.057614,0.057614,0.579601,0.002501,0.002501,0.000000,225818
36.135664,597118.216910,0.005001,step_60,2,0.060000,0.060000,0.060000,0.056603,0.056603,0.603162,0.001880,0.001880,0.000000,225820
36.140665,597118.222042,0.005002,step_60,2,0.060000,0.060000,0.060000,0.061705,0.061705,0.464659,0.002447,0.002447,1.020020,225822
36.140665,597118.227167,0.000001,step_60,2,0.060000,0.060000,0.060000,0.061705,0.061705,0.464659,0.002447,0.002447,1.020020,225822
36.150915,597118.232306,0.010249,step_60,2,0.060000,0.060000,0.060000,0.059560,0.059560,0.318109,0.002681,0.002681,0.000000,225826
36.155661,597118.237415,0.004746,step_60,2,0.060000,0.060000,0.060000,0.057925,0.057925,0.592774,0.001896,0.001896,0.000000,225828
36.160661,597118.242553,0.005000,step_60,2,0.060000,0.060000,0.060000,0.061145,0.061145,0.751652,0.002312,0.002312,0.644082,225830
36.165661,597118.247699,0.005000,step_60,2,0.060000,0.060000,0.060000,0.061309,0.061309,0.620650,0.001519,0.001519,0.032775,225832
36.170661,597118.252832,0.005000,step_60,2,0.060000,0.060000,0.060000,0.061212,0.061212,0.456195,0.002055,0.002055,0.000000,225834
36.175661,597118.257925,0.005000,step_60,2,0.060000,0.060000,0.060000,0.060471,0.060471,0.454943,0.002407,0.002407,0.000000,225836
36.180661,597118.263016,0.005000,step_60,2,0.060000,0.060000,0.060000,0.056634,0.056634,0.400740,0.001707,0.001707,0.000000,225838
36.185661,597118.268121,0.005000,step_60,2,0.060000,0.060000,0.060000,0.056529,0.056529,0.159238,0.002249,0.002249,0.000000,225840
36.190661,597118.273216,0.005000,step_60,2,0.060000,0.060000,0.060000,0.062913,0.062913,-0.074907,0.002426,0.002426,1.276606,225842
36.195661,597118.278309,0.005000,step_60,2,0.060000,0.060000,0.060000,0.059280,0.059280,0.118521,0.001733,0.001733,0.000000,225844
36.200661,597118.283425,0.005000,step_60,2,0.060000,0.060000,0.060000,0.061618,0.061618,0.529808,0.002138,0.002138,0.467536,225846
36.205661,597118.288532,0.005001,step_60,2,0.060000,0.060000,0.060000,0.061420,0.061420,0.638596,0.001643,0.001643,0.000000,225848
36.210661,597118.293670,0.005000,step_60,2,0.060000,0.060000,0.060000,0.055172,0.055172,0.526513,0.002238,0.002238,0.000000,225850
36.215662,597118.298772,0.005002,step_60,2,0.060000,0.060000,0.060000,0.055172,0.055172,0.402667,0.001734,0.001734,0.000000,225852
36.220661,597118.303909,0.004999,step_60,2,0.060000,0.060000,0.060000,0.061114,0.061114,0.339564,0.002323,0.002323,1.188683,225854
36.225662,597118.309012,0.005001,step_60,2,0.060000,0.060000,0.060000,0.054969,0.054969,0.363441,0.001818,0.001818,0.000000,225856
36.230662,597118.314124,0.004999,step_60,2,0.060000,0.060000,0.060000,0.054969,0.054969,0.323221,0.002367,0.002367,0.000000,225858
36.235661,597118.319229,0.004999,step_60,2,0.060000,0.060000,0.060000,0.058368,0.058368,0.294136,0.001857,0.001857,0.679972,225860
36.240662,597118.324332,0.005001,step_60,2,0.060000,0.060000,0.060000,0.059224,0.059224,0.391561,0.002482,0.002482,0.171175,225862
36.245663,597118.329451,0.005001,step_60,2,0.060000,0.060000,0.060000,0.060971,0.060971,0.464108,0.002066,0.002066,0.349379,225864
36.250661,597118.334574,0.004998,step_60,2,0.060000,0.060000,0.060000,0.055924,0.055924,0.454443,0.002543,0.002543,0.000000,225866
36.255661,597118.339712,0.005000,step_60,2,0.060000,0.060000,0.060000,0.062205,0.062205,0.402314,0.002031,0.002031,1.256346,225868
36.260661,597118.344815,0.005000,step_60,2,0.060000,0.060000,0.060000,0.056134,0.056134,0.441096,0.002547,0.002547,0.000000,225870
36.265662,597118.349964,0.005001,step_60,2,0.060000,0.060000,0.060000,0.060087,0.060087,0.440641,0.002092,0.002092,0.790290,225872
36.270661,597118.355052,0.004999,step_60,2,0.060000,0.060000,0.060000,0.060044,0.060044,0.414935,0.001565,0.001565,0.000000,225874
36.275661,597118.360130,0.005000,step_60,2,0.060000,0.060000,0.060000,0.060543,0.060543,0.490003,0.002137,0.002137,0.099955,225876
36.280661,597118.365206,0.005000,step_60,2,0.060000,0.060000,0.060000,0.062052,0.062052,0.460245,0.001467,0.001467,0.301759,225878
36.285661,597118.370331,0.005000,step_60,2,0.060000,0.060000,0.060000,0.060537,0.060537,0.369829,0.002013,0.002013,0.000000,225880
36.290662,597118.375457,0.005001,step_60,2,0.060000,0.060000,0.060000,0.057227,0.057227,0.358048,0.002521,0.002521,0.000000,225882
36.295661,597118.380551,0.004999,step_60,2,0.060000,0.060000,0.060000,0.060930,0.060930,0.458395,0.002077,0.002077,0.740722,225884
36.300661,597118.385702,0.005000,step_60,2,0.060000,0.060000,0.060000,0.059646,0.059646,0.468522,0.002530,0.002530,0.000000,225886
36.305662,597118.390815,0.005001,step_60,2,0.060000,0.060000,0.060000,0.054745,0.054745,0.403456,0.002024,0.002024,0.000000,225888
36.310661,597118.395932,0.004999,step_60,2,0.060000,0.060000,0.060000,0.063366,0.063366,0.443887,0.001542,0.001542,1.724423,225890
36.315661,597118.401053,0.005000,step_60,2,0.060000,0.060000,0.060000,0.058342,0.058342,0.479504,0.002045,0.002045,0.000000,225892
36.320661,597118.406165,0.005000,step_60,2,0.060000,0.060000,0.060000,0.059082,0.059082,0.512669,0.001465,0.001465,0.148049,225894
36.325661,597118.411265,0.005000,step_60,2,0.060000,0.060000,0.060000,0.057815,0.057815,0.404104,0.002098,0.002098,0.000000,225896
36.330661,597118.416386,0.005000,step_60,2,0.060000,0.060000,0.060000,0.056583,0.056583,0.229640,0.001407,0.001407,0.000000,225898
36.335661,597118.421529,0.005000,step_60,2,0.060000,0.060000,0.060000,0.057076,0.057076,0.213767,0.001917,0.001917,0.098693,225900
36.340662,597118.426673,0.005001,step_60,2,0.060000,0.060000,0.060000,0.061869,0.061869,0.332407,0.002490,0.002490,0.958288,225902
36.345661,597118.431817,0.004999,step_60,2,0.060000,0.060000,0.060000,0.055331,0.055331,0.375496,0.002028,0.002028,0.000000,225904
36.355661,597118.436927,0.010000,step_60,2,0.060000,0.060000,0.060000,0.057895,0.057895,0.527105,0.001985,0.001985,0.000000,225908
36.360661,597118.442031,0.005000,step_60,2,0.060000,0.060000,0.060000,0.059862,0.059862,0.653327,0.001443,0.001443,0.393332,225910
36.365662,597118.447116,0.005001,step_60,2,0.060000,0.060000,0.060000,0.059861,0.059861,0.514139,0.001932,0.001932,0.000000,225912
36.370661,597118.452224,0.004999,step_60,2,0.060000,0.060000,0.060000,0.062996,0.062996,0.320290,0.002406,0.002406,0.627035,225914
36.375661,597118.457326,0.005000,step_60,2,0.060000,0.060000,0.060000,0.059240,0.059240,0.326790,0.001830,0.001830,0.000000,225916
36.380661,597118.462476,0.005000,step_60,2,0.060000,0.060000,0.060000,0.053941,0.053941,0.405503,0.002255,0.002255,0.000000,225918
36.385661,597118.467583,0.005000,step_60,2,0.060000,0.060000,0.060000,0.057780,0.057780,0.375484,0.001432,0.001432,0.768005,225920
36.390661,597118.472713,0.005001,step_60,2,0.060000,0.060000,0.060000,0.053088,0.053088,0.325664,0.001944,0.001944,0.000000,225922
36.395661,597118.477855,0.005000,step_60,2,0.060000,0.060000,0.060000,0.056708,0.056708,0.372748,0.002291,0.002291,0.724016,225924
36.400661,597118.482987,0.004999,step_60,2,0.060000,0.060000,0.060000,0.062580,0.062580,0.402997,0.001584,0.001584,1.174418,225926
36.405661,597118.488046,0.005000,step_60,2,0.060000,0.060000,0.060000,0.061380,0.061380,0.383493,0.002140,0.002140,0.000000,225928
36.410661,597118.493155,0.005000,step_60,2,0.060000,0.060000,0.060000,0.063977,0.063977,0.476770,0.001654,0.001654,0.519336,225930
36.415662,597118.498235,0.005001,step_60,2,0.060000,0.060000,0.060000,0.059934,0.059934,0.584836,0.002290,0.002290,0.000000,225932
36.420661,597118.503352,0.004999,step_60,2,0.060000,0.060000,0.060000,0.064368,0.064368,0.611132,0.001834,0.001834,0.887049,225934
36.425662,597118.508462,0.005001,step_60,2,0.060000,0.060000,0.060000,0.060234,0.060234,0.552524,0.002476,0.002476,0.000000,225936
36.430661,597118.513584,0.005000,step_60,2,0.060000,0.060000,0.060000,0.059994,0.059994,0.451970,0.001935,0.001935,0.000000,225938
36.435661,597118.518723,0.005000,step_60,2,0.060000,0.060000,0.060000,0.055354,0.055354,0.382909,0.002479,0.002479,0.000000,225940
36.440661,597118.523871,0.005000,step_60,2,0.060000,0.060000,0.060000,0.064494,0.064494,0.232179,0.001992,0.001992,1.827953,225942
36.445662,597118.529019,0.005001,step_60,2,0.060000,0.060000,0.060000,0.060351,0.060351,0.073551,0.001561,0.001561,0.000000,225944
36.450662,597118.534122,0.005000,step_60,2,0.060000,0.060000,0.060000,0.056127,0.056127,0.013918,0.002172,0.002172,0.000000,225946
36.455668,597118.539231,0.005006,step_60,2,0.060000,0.060000,0.060000,0.058648,0.058648,0.171887,0.001876,0.001876,0.503616,225948
36.460693,597118.544324,0.005025,step_60,2,0.060000,0.060000,0.060000,0.057104,0.057104,0.440727,0.002343,0.002343,0.000000,225950
36.465661,597118.549445,0.004968,step_60,2,0.060000,0.060000,0.060000,0.056200,0.056200,0.381431,0.002407,0.002407,0.000000,225952
36.470661,597118.554585,0.005000,step_60,2,0.060000,0.060000,0.060000,0.061219,0.061219,0.154940,0.001616,0.001616,1.003745,225954
36.475661,597118.559716,0.005001,step_60,2,0.060000,0.060000,0.060000,0.054339,0.054339,0.169332,0.002201,0.002201,0.000000,225956
36.480661,597118.564886,0.005000,step_60,2,0.060000,0.060000,0.060000,0.057370,0.057370,0.477295,0.002396,0.002396,0.606312,225958
36.485661,597118.569998,0.005000,step_60,2,0.060000,0.060000,0.060000,0.062020,0.062020,0.724400,0.001604,0.001604,0.929927,225960
36.490661,597118.575109,0.005000,step_60,2,0.060000,0.060000,0.060000,0.055750,0.055750,0.680946,0.002218,0.002218,0.000000,225962
36.495661,597118.580214,0.005000,step_60,2,0.060000,0.060000,0.060000,0.064764,0.064764,0.477380,0.001641,0.001641,1.802611,225964
36.500661,597118.585329,0.005000,step_60,2,0.060000,0.060000,0.060000,0.056530,0.056530,0.318915,0.002171,0.002171,0.000000,225966
36.505661,597118.590443,0.005000,step_60,2,0.060000,0.060000,0.060000,0.056530,0.056530,0.294803,0.001564,0.001564,0.000000,225968
36.510661,597118.595561,0.005000,step_60,2,0.060000,0.060000,0.060000,0.054941,0.054941,0.294020,0.002098,0.002098,0.000000,225970
36.516033,597118.600680,0.005372,step_60,2,0.060000,0.060000,0.060000,0.060172,0.060172,0.343350,0.002992,0.002992,0.973746,225972
36.520661,597118.605793,0.004628,step_60,2,0.060000,0.060000,0.060000,0.061070,0.061070,0.353414,0.002028,0.002028,0.194058,225974
36.525661,597118.610925,0.005001,step_60,2,0.060000,0.060000,0.060000,0.054757,0.054757,0.325052,0.001492,0.001492,0.000000,225976
36.530662,597118.616044,0.005001,step_60,2,0.060000,0.060000,0.060000,0.060848,0.060848,0.391209,0.001995,0.001995,1.217821,225978
36.535661,597118.621153,0.004998,step_60,2,0.060000,0.060000,0.060000,0.052411,0.052411,0.498100,0.001476,0.001476,0.000000,225980
36.540661,597118.626274,0.005000,step_60,2,0.060000,0.060000,0.060000,0.056477,0.056477,0.399994,0.001936,0.001936,0.813216,225982
36.545662,597118.631388,0.005001,step_60,2,0.060000,0.060000,0.060000,0.055529,0.055529,0.140690,0.001404,0.001404,0.000000,225984
36.550661,597118.636488,0.004999,step_60,2,0.060000,0.060000,0.060000,0.057525,0.057525,0.136836,0.001836,0.001836,0.399253,225986
36.555661,597118.641601,0.005000,step_60,2,0.060000,0.060000,0.060000,0.060881,0.060881,0.386244,0.002374,0.002374,0.671071,225988
36.560661,597118.646718,0.005000,step_60,2,0.060000,0.060000,0.060000,0.058807,0.058807,0.555483,0.001832,0.001832,0.000000,225990
36.565661,597118.651835,0.005000,step_60,2,0.060000,0.060000,0.060000,0.059006,0.059006,0.512534,0.002389,0.002389,0.039631,225992
36.575661,597118.656934,0.010000,step_60,2,0.060000,0.060000,0.060000,0.061242,0.061242,0.370915,0.002421,0.002421,0.309430,225996
36.580661,597118.662048,0.005000,step_60,2,0.060000,0.060000,0.060000,0.056163,0.056163,0.361653,0.001848,0.001848,0.000000,225998
36.585661,597118.667163,0.005001,step_60,2,0.060000,0.060000,0.060000,0.057459,0.057459,0.285027,0.002160,0.002160,0.259238,226000
36.590661,597118.672254,0.005000,step_60,2,0.060000,0.060000,0.060000,0.055119,0.055119,0.204291,0.001603,0.001603,0.000000,226002
36.595662,597118.677389,0.005001,step_60,2,0.060000,0.060000,0.060000,0.056762,0.056762,0.195093,0.002062,0.002062,0.328665,226004
36.600661,597118.682478,0.004999,step_60,2,0.060000,0.060000,0.060000,0.061839,0.061839,0.188199,0.001473,0.001473,1.015475,226006
36.605661,597118.687611,0.005000,step_60,2,0.060000,0.060000,0.060000,0.058906,0.058906,0.146976,0.001938,0.001938,0.000000,226008
36.610661,597118.692741,0.005000,step_60,2,0.060000,0.060000,0.060000,0.056253,0.056253,0.303346,0.002477,0.002477,0.000000,226010
36.615663,597118.697830,0.005001,step_60,2,0.060000,0.060000,0.060000,0.056990,0.056990,0.560394,0.001878,0.001878,0.147315,226012
36.620661,597118.702947,0.004998,step_60,2,0.060000,0.060000,0.060000,0.053819,0.053819,0.671894,0.001374,0.001374,0.000000,226014
36.625661,597118.708048,0.005000,rest,2,0.000000,0.000000,0.000000,0.063290,0.063290,0.583324,0.001823,0.001823,1.894334,226016
36.630663,597118.713133,0.005002,rest,2,0.000000,0.000000,0.000000,0.056897,0.056897,0.397300,0.002361,0.002361,0.000000,226018
36.635661,597118.718237,0.004998,rest,2,0.000000,0.000000,0.000000,0.056897,0.056897,0.386012,0.001846,0.001846,0.000002,226020
36.640661,597118.723377,0.005001,rest,2,0.000000,0.000000,0.000000,0.063722,0.063722,0.440960,0.002283,0.002283,1.364880,226022
36.645661,597118.728509,0.005000,rest,2,0.000000,0.000000,0.000000,0.063722,0.063722,0.423900,0.001453,0.001453,0.000000,226024
36.645661,597118.733637,0.000001,rest,2,0.000000,0.000000,0.000000,0.063722,0.063722,0.423900,0.001453,0.001453,0.000000,226024
36.651425,597118.738722,0.005764,rest,2,0.000000,0.000000,0.000000,0.062069,0.062069,0.374322,0.002760,0.002760,0.000000,226026
36.657077,597118.743834,0.005652,rest,2,0.000000,0.000000,0.000000,0.062069,0.062069,0.247177,0.002675,0.002675,0.000000,226028
36.667709,597118.748921,0.010632,rest,2,0.000000,0.000000,0.000000,0.052690,0.052690,0.184706,0.004192,0.004192,0.000000,226032
36.672070,597118.754037,0.004362,rest,2,0.000000,0.000000,0.000000,0.049635,0.049635,0.380192,0.003014,0.003014,0.000000,226034
36.676517,597118.759166,0.004447,rest,2,0.000000,0.000000,0.000000,0.040508,0.040508,0.350949,0.002962,0.002962,0.000000,226036
36.680926,597118.764240,0.004409,rest,2,0.000000,0.000000,0.000000,0.036717,0.036717,-0.037654,0.001830,0.001830,0.000000,226038
36.685661,597118.769359,0.004735,rest,2,0.000000,0.000000,0.000000,0.034299,0.034299,-0.346703,0.002105,0.002105,0.000000,226040
36.690662,597118.774472,0.005001,rest,2,0.000000,0.000000,0.000000,0.023453,0.023453,-0.450774,0.001604,0.001604,0.000000,226042
36.695661,597118.779599,0.005000,rest,2,0.000000,0.000000,0.000000,0.024315,0.024315,-0.565021,0.002210,0.002210,0.172339,226044
36.700661,597118.784742,0.005000,rest,2,0.000000,0.000000,0.000000,0.010547,0.010547,-0.626625,0.001615,0.001615,0.000000,226046
36.705661,597118.789874,0.005000,rest,2,0.000000,0.000000,0.000000,0.008523,0.008523,-0.390482,0.002155,0.002155,0.000000,226048
36.710661,597118.794999,0.005000,rest,2,0.000000,0.000000,0.000000,0.001046,0.001046,-0.088055,0.001471,0.001471,0.000000,226050
36.715661,597118.800118,0.005000,rest,2,0.000000,0.000000,0.000000,0.001186,0.001186,-0.227935,0.001988,0.001988,0.027963,226052
36.720661,597118.805230,0.004999,rest,2,0.000000,0.000000,0.000000,0.000163,0.000163,-0.498410,0.002430,0.002430,0.000000,226054
36.725662,597118.810360,0.005002,rest,2,0.000000,0.000000,0.000000,-0.000986,-0.000986,-0.183506,0.002019,0.002019,0.000000,226056
36.730661,597118.815491,0.004999,rest,2,0.000000,0.000000,0.000000,-0.000257,-0.000257,0.405445,0.002415,0.002415,0.145818,226058
36.735661,597118.820621,0.004999,rest,2,0.000000,0.000000,0.000000,-0.000750,-0.000750,0.615438,0.001878,0.001878,0.000000,226060
36.740661,597118.825756,0.005000,rest,2,0.000000,0.000000,0.000000,0.000472,0.000472,0.555595,0.001361,0.001361,0.244448,226062
36.745661,597118.830884,0.005000,rest,2,0.000000,0.000000,0.000000,0.000413,0.000413,0.471125,0.001881,0.001881,0.000000,226064
36.750661,597118.836016,0.005000,rest,2,0.000000,0.000000,0.000000,0.000316,0.000316,0.390939,0.002474,0.002474,0.000000,226066
36.755661,597118.841142,0.005000,rest,2,0.000000,0.000000,0.000000,0.000414,0.000414,0.338707,0.001961,0.001961,0.019600,226068
36.760661,597118.846254,0.005000,rest,2,0.000000,0.000000,0.000000,0.000414,0.000414,0.361911,0.001469,0.001469,0.000000,226070
36.765668,597118.851401,0.005007,rest,2,0.000000,0.000000,0.000000,-0.001698,-0.001698,0.423551,0.002065,0.002065,0.000000,226072
36.770661,597118.856536,0.004994,rest,2,0.000000,0.000000,0.000000,-0.001018,-0.001018,0.313758,0.001551,0.001551,0.136178,226074
36.775661,597118.861689,0.005000,rest,2,0.000000,0.000000,0.000000,-0.001493,-0.001493,0.116617,0.002135,0.002135,0.000000,226076
36.785661,597118.866794,0.009999,rest,2,0.000000,0.000000,0.000000,-0.001590,-0.001590,0.037306,0.002276,0.002276,0.044432,226080
36.790662,597118.871938,0.005001,rest,2,0.000000,0.000000,0.000000,0.000607,0.000607,0.323006,0.001845,0.001845,0.439260,226082
36.795662,597118.877031,0.005001,rest,2,0.000000,0.000000,0.000000,0.000608,0.000608,0.431666,0.002424,0.002424,0.000120,226084
36.800661,597118.882150,0.004999,rest,2,0.000000,0.000000,0.000000,-0.000890,-0.000890,0.410718,0.001934,0.001934,0.000000,226086
36.805661,597118.887279,0.005000,rest,2,0.000000,0.000000,0.000000,-0.000889,-0.000889,0.362693,0.001476,0.001476,0.000080,226088
36.810661,597118.892415,0.005000,rest,2,0.000000,0.000000,0.000000,-0.000504,-0.000504,0.313085,0.002025,0.002025,0.077054,226090
36.815661,597118.897550,0.005000,rest,2,0.000000,0.000000,0.000000,0.001832,0.001832,0.330290,0.001569,0.001569,0.467220,226092
36.820661,597118.902693,0.005000,rest,2,0.000000,0.000000,0.000000,-0.001215,-0.001215,0.378657,0.002220,0.002220,0.000000,226094
36.825661,597118.907791,0.005000,rest,2,0.000000,0.000000,0.000000,0.000597,0.000597,0.389217,0.001712,0.001712,0.362400,226096
36.830662,597118.912931,0.005001,rest,2,0.000000,0.000000,0.000000,0.000009,0.000009,0.442805,0.002339,0.002339,0.000000,226098
36.835668,597118.918087,0.005006,rest,2,0.000000,0.000000,0.000000,-0.000212,-0.000212,0.505262,0.001958,0.001958,0.000000,226100
36.840661,597118.923165,0.004993,rest,2,0.000000,0.000000,0.000000,0.000632,0.000632,0.436746,0.002407,0.002407,0.169132,226102
36.845661,597118.928248,0.005000,rest,2,0.000000,0.000000,0.000000,-0.001826,-0.001826,0.321598,0.001774,0.001774,0.000000,226104
36.850661,597118.933343,0.005000,rest,2,0.000000,0.000000,0.000000,-0.001193,-0.001193,0.228377,0.002302,0.002302,0.126629,226106
36.855661,597118.938483,0.005000,rest,2,0.000000,0.000000,0.000000,-0.001707,-0.001707,0.173320,0.001771,0.001771,0.000000,226108
36.860662,597118.943578,0.005002,rest,2,0.000000,0.000000,0.000000,-0.002086,-0.002086,0.198451,0.001406,0.001406,0.000000,226110
36.865662,597118.948682,0.004999,rest,2,0.000000,0.000000,0.000000,-0.002564,-0.002564,0.232366,0.001941,0.001941,0.000000,226112
36.870661,597118.953768,0.004999,rest,2,0.000000,0.000000,0.000000,-0.001779,-0.001779,0.285581,0.001441,0.001441,0.156923,226114
36.875662,597118.958977,0.005001,rest,2,0.000000,0.000000,0.000000,-0.003480,-0.003480,0.384638,0.002051,0.002051,0.000000,226116
36.880662,597118.964147,0.005000,rest,2,0.000000,0.000000,0.000000,-0.002917,-0.002917,0.434061,0.001603,0.001603,0.112586,226118
36.885661,597118.969268,0.005000,rest,2,0.000000,0.000000,0.000000,0.000166,0.000166,0.401745,0.002240,0.002240,0.616768,226120
36.890666,597118.974380,0.005005,rest,2,0.000000,0.000000,0.000000,-0.000051,-0.000051,0.376520,0.001778,0.001778,0.000000,226122
36.895666,597118.979602,0.004999,rest,2,0.000000,0.000000,0.000000,-0.000417,-0.000417,0.363424,0.002604,0.002604,0.000000,226124
36.900661,597118.984730,0.004995,rest,2,0.000000,0.000000,0.000000,-0.000444,-0.000444,0.315355,0.002074,0.002074,0.000000,226126
36.905661,597118.989898,0.005000,rest,2,0.000000,0.000000,0.000000,-0.000843,-0.000843,0.278388,0.001602,0.001602,0.000000,226128
36.910661,597118.995118,0.005000,rest,2,0.000000,0.000000,0.000000,-0.001456,-0.001456,0.359489,0.002265,0.002265,0.000000,226130
36.915661,597119.000246,0.005000,rest,2,0.000000,0.000000,0.000000,-0.000246,-0.000246,0.500749,0.001825,0.001825,0.241866,226132
36.920661,597119.005359,0.005000,rest,2,0.000000,0.000000,0.000000,-0.000149,-0.000149,0.542391,0.002475,0.002475,0.019485,226134
36.925661,597119.010498,0.005000,rest,2,0.000000,0.000000,0.000000,-0.000547,-0.000547,0.533274,0.002064,0.002064,0.000000,226136
36.930661,597119.015611,0.005000,rest,2,0.000000,0.000000,0.000000,-0.000735,-0.000735,0.447575,0.001600,0.001600,0.000000,226138
36.935661,597119.020727,0.005000,rest,2,0.000000,0.000000,0.000000,-0.000735,-0.000735,0.305776,0.002152,0.002152,0.000019,226140
36.940662,597119.025933,0.005001,rest,2,0.000000,0.000000,0.000000,-0.001132,-0.001132,0.239622,0.001729,0.001729,0.000000,226142
36.945661,597119.031039,0.004999,rest,2,0.000000,0.000000,0.000000,-0.001132,-0.001132,0.260245,0.002406,0.002406,0.000011,226144
36.950661,597119.036159,0.005000,rest,2,0.000000,0.000000,0.000000,-0.001030,-0.001030,0.328884,0.001878,0.001878,0.020519,226146
36.955661,597119.041356,0.005000,rest,2,0.000000,0.000000,0.000000,-0.001030,-0.001030,0.407180,0.002421,0.002421,0.000000,226148
36.960661,597119.046512,0.005000,rest,2,0.000000,0.000000,0.000000,-0.001646,-0.001646,0.426549,0.001953,0.001953,0.000000,226150
36.965661,597119.051620,0.005000,rest,2,0.000000,0.000000,0.000000,-0.001646,-0.001646,0.397511,0.001461,0.001461,0.000003,226152
36.970661,597119.056707,0.005000,rest,2,0.000000,0.000000,0.000000,-0.001589,-0.001589,0.358224,0.002030,0.002030,0.011507,226154
36.980661,597119.061853,0.010000,rest,2,0.000000,0.000000,0.000000,-0.001569,-0.001569,0.307063,0.001744,0.001744,0.008525,226158
36.985661,597119.066987,0.005000,rest,2,0.000000,0.000000,0.000000,-0.000009,-0.000009,0.406815,0.002328,0.002328,0.312177,226160
36.990661,597119.072024,0.005000,rest,2,0.000000,0.000000,0.000000,-0.001109,-0.001109,0.490692,0.001721,0.001721,0.000000,226162
36.995661,597119.077137,0.005000,rest,2,0.000000,0.000000,0.000000,-0.001751,-0.001751,0.470842,0.002205,0.002205,0.000000,226164
37.000662,597119.082259,0.005001,rest,2,0.000000,0.000000,0.000000,-0.000487,-0.000487,0.365760,0.001690,0.001690,0.252757,226166
37.005663,597119.087380,0.005001,rest,2,0.000000,0.000000,0.000000,-0.001073,-0.001073,0.240907,0.002263,0.002263,0.000000,226168
37.010663,597119.092511,0.005000,rest,2,0.000000,0.000000,0.000000,0.000516,0.000516,0.248904,0.001743,0.001743,0.317794,226170
37.015663,597119.097633,0.005000,rest,2,0.000000,0.000000,0.000000,-0.001622,-0.001622,0.377908,0.002429,0.002429,0.000000,226172
37.020661,597119.102750,0.004998,rest,2,0.000000,0.000000,0.000000,-0.000504,-0.000504,0.435545,0.001985,0.001985,0.223720,226174
37.025661,597119.107858,0.005000,rest,2,0.000000,0.000000,0.000000,0.000561,0.000561,0.410778,0.001552,0.001552,0.212956,226176
37.030662,597119.112978,0.005001,rest,2,0.000000,0.000000,0.000000,0.000513,0.000513,0.373782,0.002254,0.002254,0.000000,226178
37.035665,597119.118233,0.005003,rest,2,0.000000,0.000000,0.000000,0.000264,0.000264,0.366841,0.001786,0.001786,0.000000,226180
37.040662,597119.123374,0.004997,rest,2,0.000000,0.000000,0.000000,0.000453,0.000453,0.351769,0.002394,0.002394,0.037940,226182
37.045661,597119.128645,0.004999,rest,2,0.000000,0.000000,0.000000,0.000177,0.000177,0.322916,0.001934,0.001934,0.000000,226184
37.050661,597119.133917,0.005000,rest,2,0.000000,0.000000,0.000000,0.000201,0.000201,0.320167,0.002552,0.002552,0.004819,226186
37.055661,597119.139078,0.005000,rest,2,0.000000,0.000000,0.000000,-0.000695,-0.000695,0.325345,0.002114,0.002114,0.000000,226188
37.060662,597119.144241,0.005000,rest,2,0.000000,0.000000,0.000000,-0.001259,-0.001259,0.368963,0.001657,0.001657,0.000000,226190
37.065661,597119.149428,0.005000,rest,2,0.000000,0.000000,0.000000,-0.003116,-0.003116,0.432168,0.002299,0.002299,0.000000,226192
37.070661,597119.154623,0.005000,rest,2,0.000000,0.000000,0.000000,0.000322,0.000322,0.427033,0.001769,0.001769,0.687712,226194
37.075661,597119.159890,0.005000,rest,2,0.000000,0.000000,0.000000,0.000322,0.000322,0.354971,0.002402,0.002402,0.000000,226196
37.080661,597119.165171,0.005000,rest,2,0.000000,0.000000,0.000000,-0.000338,-0.000338,0.302213,0.001975,0.001975,0.000000,226198
37.085664,597119.170326,0.005002,rest,2,0.000000,0.000000,0.000000,-0.001759,-0.001759,0.332279,0.001587,0.001587,0.000000,226200
37.090661,597119.175608,0.004997,rest,2,0.000000,0.000000,0.000000,-0.001759,-0.001759,0.377645,0.002116,0.002116,0.000000,226202
37.095662,597119.180880,0.005001,rest,2,0.000000,0.000000,0.000000,-0.002118,-0.002118,0.365267,0.001657,0.001657,0.000000,226204
37.100661,597119.186167,0.004999,rest,2,0.000000,0.000000,0.000000,-0.002118,-0.002118,0.333162,0.002332,0.002332,0.000000,226206
37.105661,597119.191326,0.005000,rest,2,0.000000,0.000000,0.000000,-0.002100,-0.002100,0.320546,0.001693,0.001693,0.003609,226208
37.115661,597119.196634,0.010000,rest,2,0.000000,0.000000,0.000000,-0.000157,-0.000157,0.411520,0.001852,0.001852,0.000000,226212
37.120661,597119.201902,0.005000,rest,2,0.000000,0.000000,0.000000,0.000932,0.000932,0.506179,0.002268,0.002268,0.217883,226214
37.125661,597119.207213,0.005000,rest,2,0.000000,0.000000,0.000000,0.000271,0.000271,0.555607,0.001405,0.001405,0.000000,226216
37.130661,597119.212527,0.005000,step_60,2,-0.060000,-0.060000,-0.060000,0.000186,0.000186,0.490542,0.001882,0.001882,0.000000,226218
37.135661,597119.217818,0.004999,step_60,2,-0.060000,-0.060000,-0.060000,0.001565,0.001565,0.389998,0.002293,0.002293,0.275862,226220
37.140661,597119.223098,0.005001,step_60,2,-0.060000,-0.060000,-0.060000,0.001699,0.001699,0.379741,0.001685,0.001685,0.026884,226222
37.145662,597119.228294,0.005001,step_60,2,-0.060000,-0.060000,-0.060000,0.001065,0.001065,0.414572,0.002332,0.002332,0.000000,226224
37.150662,597119.233615,0.005000,step_60,2,-0.060000,-0.060000,-0.060000,0.000231,0.000231,0.422768,0.001875,0.001875,0.000000,226226
37.155661,597119.238781,0.005000,step_60,2,-0.060000,-0.060000,-0.060000,0.000653,0.000653,0.357508,0.002498,0.002498,0.084393,226228
37.160661,597119.243947,0.005000,step_60,2,-0.060000,-0.060000,-0.060000,-0.000609,-0.000609,0.282136,0.002073,0.002073,0.000000,226230
37.165661,597119.249111,0.005000,step_60,2,-0.060000,-0.060000,-0.060000,-0.007462,-0.007462,0.235442,0.001639,0.001639,0.000000,226232
37.170661,597119.254272,0.005000,step_60,2,-0.060000,-0.060000,-0.060000,-0.011323,-0.011323,0.115661,0.002132,0.002132,0.000000,226234
37.175662,597119.259573,0.005001,step_60,2,-0.060000,-0.060000,-0.060000,-0.018525,-0.018525,-0.027282,0.001663,0.001663,0.000000,226236
37.180661,597119.264900,0.004999,step_60,2,-0.060000,-0.060000,-0.060000,-0.021285,-0.021285,-0.104191,0.002269,0.002269,0.000000,226238
37.185661,597119.270235,0.005000,step_60,2,-0.060000,-0.060000,-0.060000,-0.027511,-0.027511,-0.147453,0.001792,0.001792,0.000000,226240
37.190662,597119.275437,0.005001,step_60,2,-0.060000,-0.060000,-0.060000,-0.034020,-0.034020,-0.119770,0.002366,0.002366,0.000000,226242
37.195662,597119.280721,0.005000,step_60,2,-0.060000,-0.060000,-0.060000,-0.037594,-0.037594,0.011402,0.001860,0.001860,0.000000,226244
37.200661,597119.286009,0.004999,step_60,2,-0.060000,-0.060000,-0.060000,-0.037014,-0.037014,0.124723,0.001375,0.001375,0.115942,226246
37.205661,597119.291286,0.005000,step_60,2,-0.060000,-0.060000,-0.060000,-0.047864,-0.047864,0.047875,0.001910,0.001910,0.000000,226248
37.210661,597119.296575,0.005000,step_60,2,-0.060000,-0.060000,-0.060000,-0.056930,-0.056930,-0.161059,0.001427,0.001427,0.000000,226250
37.215661,597119.301755,0.005000,step_60,2,-0.060000,-0.060000,-0.060000,-0.056929,-0.056929,-0.448490,0.002057,0.002057,0.000160,226252
37.225661,597119.306922,0.010000,step_60,2,-0.060000,-0.060000,-0.060000,-0.061980,-0.061980,-0.563557,0.002122,0.002122,0.000000,226256
37.230661,597119.312228,0.005000,step_60,2,-0.060000,-0.060000,-0.060000,-0.061979,-0.061979,-0.162761,0.001646,0.001646,0.000316,226258
37.235661,597119.317391,0.005000,step_60,2,-0.060000,-0.060000,-0.060000,-0.071335,-0.071335,0.353884,0.002312,0.002312,0.000000,226260
37.240662,597119.322686,0.005001,step_60,2,-0.060000,-0.060000,-0.060000,-0.060631,-0.060631,0.645432,0.001842,0.001842,2.140464,226262
37.245661,597119.327993,0.004999,step_60,2,-0.060000,-0.060000,-0.060000,-0.058202,-0.058202,0.648492,0.002449,0.002449,0.485904,226264
37.250661,597119.333354,0.005000,step_60,2,-0.060000,-0.060000,-0.060000,-0.061830,-0.061830,0.522244,0.002023,0.002023,0.000000,226266
37.255662,597119.338658,0.005001,step_60,2,-0.060000,-0.060000,-0.060000,-0.063526,-0.063526,0.434183,0.001520,0.001520,0.000000,226268
37.260662,597119.343934,0.005000,step_60,2,-0.060000,-0.060000,-0.060000,-0.056199,-0.056199,0.430653,0.002146,0.002146,1.465528,226270
37.265661,597119.349142,0.004999,step_60,2,-0.060000,-0.060000,-0.060000,-0.055287,-0.055287,0.491316,0.001642,0.001642,0.182288,226272
37.270661,597119.354423,0.005000,step_60,2,-0.060000,-0.060000,-0.060000,-0.062886,-0.062886,0.498655,0.002251,0.002251,0.000000,226274
37.275662,597119.359718,0.005001,step_60,2,-0.060000,-0.060000,-0.060000,-0.061521,-0.061521,0.548112,0.001788,0.001788,0.273037,226276
37.280663,597119.364998,0.005001,step_60,2,-0.060000,-0.060000,-0.060000,-0.065131,-0.065131,0.590795,0.002450,0.002450,0.000000,226278
37.285662,597119.370403,0.004999,step_60,2,-0.060000,-0.060000,-0.060000,-0.058451,-0.058451,0.468230,0.001994,0.001994,1.336258,226280
37.290661,597119.375563,0.004999,step_60,2,-0.060000,-0.060000,-0.060000,-0.059060,-0.059060,0.328447,0.001473,0.001473,0.000000,226282
37.295661,597119.380723,0.005000,step_60,2,-0.060000,-0.060000,-0.060000,-0.066254,-0.066254,0.313031,0.002066,0.002066,0.000000,226284
37.300661,597119.385870,0.005000,step_60,2,-0.060000,-0.060000,-0.060000,-0.062148,-0.062148,0.405783,0.001576,0.001576,0.821188,226286
37.305663,597119.390976,0.005001,step_60,2,-0.060000,-0.060000,-0.060000,-0.061301,-0.061301,0.465822,0.002162,0.002162,0.169298,226288
37.310661,597119.396091,0.004998,step_60,2,-0.060000,-0.060000,-0.060000,-0.058742,-0.058742,0.383003,0.001684,0.001684,0.511967,226290
37.315661,597119.401189,0.005000,step_60,2,-0.060000,-0.060000,-0.060000,-0.057761,-0.057761,0.299921,0.002325,0.002325,0.196104,226292
37.320661,597119.406286,0.005000,step_60,2,-0.060000,-0.060000,-0.060000,-0.061650,-0.061650,0.340349,0.001823,0.001823,0.000000,226294
37.325662,597119.411409,0.005001,step_60,2,-0.060000,-0.060000,-0.060000,-0.058605,-0.058605,0.307290,0.002467,0.002467,0.608910,226296
37.330661,597119.416528,0.004999,step_60,2,-0.060000,-0.060000,-0.060000,-0.061204,-0.061204,0.226556,0.002026,0.002026,0.000000,226298
37.335662,597119.421644,0.005001,step_60,2,-0.060000,-0.060000,-0.060000,-0.061204,-0.061204,0.262496,0.001542,0.001542,0.000000,226300
37.345661,597119.426754,0.009999,step_60,2,-0.060000,-0.060000,-0.060000,-0.062237,-0.062237,0.557189,0.001708,0.001708,0.000000,226304
37.350661,597119.431868,0.005000,step_60,2,-0.060000,-0.060000,-0.060000,-0.063511,-0.063511,0.679446,0.002349,0.002349,0.000000,226306
37.350661,597119.437012,0.000001,step_60,2,-0.060000,-0.060000,-0.060000,-0.063511,-0.063511,0.679446,0.002349,0.002349,0.000000,226306
37.355661,597119.442114,0.005000,step_60,2,-0.060000,-0.060000,-0.060000,-0.063459,-0.063459,0.640024,0.001882,0.001882,0.010418,226308
37.360675,597119.447246,0.005014,step_60,2,-0.060000,-0.060000,-0.060000,-0.063459,-0.063459,0.626095,0.001427,0.001427,0.000000,226310
37.366395,597119.452414,0.005719,step_60,2,-0.060000,-0.060000,-0.060000,-0.058240,-0.058240,0.544324,0.002730,0.002730,0.912532,226312
37.371993,597119.457565,0.005599,step_60,2,-0.060000,-0.060000,-0.060000,-0.058240,-0.058240,0.430222,0.002822,0.002822,0.000000,226314
37.377556,597119.462690,0.005562,step_60,2,-0.060000,-0.060000,-0.060000,-0.061599,-0.061599,0.298498,0.003984,0.003984,0.000000,226316
37.386167,597119.467790,0.008612,step_60,2,-0.060000,-0.060000,-0.060000,-0.061731,-0.061731,0.318763,0.002767,0.002767,0.896215,226320
37.390661,597119.472897,0.004493,step_60,2,-0.060000,-0.060000,-0.060000,-0.061674,-0.061674,0.380440,0.001820,0.001820,0.012786,226322
37.395663,597119.477983,0.005002,step_60,2,-0.060000,-0.060000,-0.060000,-0.060302,-0.060302,0.418409,0.001447,0.001447,0.274296,226324
37.400662,597119.483029,0.004999,step_60,2,-0.060000,-0.060000,-0.060000,-0.060203,-0.060203,0.557417,0.002053,0.002053,0.019846,226326
37.405667,597119.488129,0.005005,step_60,2,-0.060000,-0.060000,-0.060000,-0.057258,-0.057258,0.666860,0.001650,0.001650,0.588317,226328
37.410661,597119.493262,0.004994,step_60,2,-0.060000,-0.060000,-0.060000,-0.052222,-0.052222,0.636238,0.002148,0.002148,1.008462,226330
37.415661,597119.498345,0.005000,step_60,2,-0.060000,-0.060000,-0.060000,-0.052277,-0.052277,0.459991,0.002443,0.002443,0.000000,226332
37.420661,597119.503482,0.005000,step_60,2,-0.060000,-0.060000,-0.060000,-0.059837,-0.059837,0.311088,0.001681,0.001681,0.000000,226334
37.425662,597119.508621,0.005001,step_60,2,-0.060000,-0.060000,-0.060000,-0.056165,-0.056165,0.255343,0.002257,0.002257,0.734128,226336
37.430661,597119.513751,0.004999,step_60,2,-0.060000,-0.060000,-0.060000,-0.055993,-0.055993,0.104436,0.001648,0.001648,0.034356,226338
37.435661,597119.518865,0.005000,step_60,2,-0.060000,-0.060000,-0.060000,-0.059200,-0.059200,0.031896,0.002133,0.002133,0.000000,226340
37.440661,597119.524005,0.005000,step_60,2,-0.060000,-0.060000,-0.060000,-0.064730,-0.064730,0.213256,0.001528,0.001528,0.000000,226342
37.445661,597119.529102,0.005000,step_60,2,-0.060000,-0.060000,-0.060000,-0.061689,-0.061689,0.478557,0.002057,0.002057,0.608257,226344
37.450661,597119.534185,0.005000,step_60,2,-0.060000,-0.060000,-0.060000,-0.065449,-0.065449,0.608088,0.001533,0.001533,0.000000,226346
37.455662,597119.539286,0.005001,step_60,2,-0.060000,-0.060000,-0.060000,-0.053936,-0.053936,0.534364,0.002121,0.002121,2.302260,226348
37.460662,597119.544382,0.005000,step_60,2,-0.060000,-0.060000,-0.060000,-0.064297,-0.064297,0.503511,0.001649,0.001649,0.000000,226350
37.465663,597119.549514,0.005002,step_60,2,-0.060000,-0.060000,-0.060000,-0.058550,-0.058550,0.598921,0.002090,0.002090,1.149087,226352
37.470661,597119.554628,0.004998,step_60,2,-0.060000,-0.060000,-0.060000,-0.056611,-0.056611,0.575321,0.001546,0.001546,0.388004,226354
37.475662,597119.559854,0.005001,step_60,2,-0.060000,-0.060000,-0.060000,-0.050733,-0.050733,0.435840,0.002071,0.002071,1.175300,226356
37.480661,597119.565035,0.004999,step_60,2,-0.060000,-0.060000,-0.060000,-0.062863,-0.062863,0.300546,0.001457,0.001457,0.000000,226358
37.485661,597119.570143,0.004999,step_60,2,-0.060000,-0.060000,-0.060000,-0.054263,-0.054263,0.311244,0.001943,0.001943,1.720371,226360
37.490679,597119.575239,0.005019,step_60,2,-0.060000,-0.060000,-0.060000,-0.059681,-0.059681,0.396331,0.002629,0.002629,0.000000,226362
37.495661,597119.580380,0.004982,step_60,2,-0.060000,-0.060000,-0.060000,-0.056338,-0.056338,0.395406,0.001963,0.001963,0.670947,226364
37.500662,597119.585475,0.005001,step_60,2,-0.060000,-0.060000,-0.060000,-0.061220,-0.061220,0.350660,0.002474,0.002474,0.000000,226366
37.505664,597119.590561,0.005002,step_60,2,-0.060000,-0.060000,-0.060000,-0.061722,-0.061722,0.409693,0.001967,0.001967,0.000000,226368
37.510661,597119.595678,0.004997,step_60,2,-0.060000,-0.060000,-0.060000,-0.058219,-0.058219,0.554946,0.002487,0.002487,0.700983,226370
37.515662,597119.600813,0.005000,step_60,2,-0.060000,-0.060000,-0.060000,-0.056007,-0.056007,0.587543,0.001897,0.001897,0.442503,226372
37.520661,597119.605919,0.005000,step_60,2,-0.060000,-0.060000,-0.060000,-0.056007,-0.056007,0.438013,0.002415,0.002415,0.000000,226374
37.525692,597119.611069,0.005031,step_60,2,-0.060000,-0.060000,-0.060000,-0.052733,-0.052733,0.302622,0.001941,0.001941,0.650839,226376
37.530661,597119.616156,0.004969,step_60,2,-0.060000,-0.060000,-0.060000,-0.052733,-0.052733,0.412180,0.002409,0.002409,0.000000,226378
37.535661,597119.621257,0.005000,step_60,2,-0.060000,-0.060000,-0.060000,-0.056953,-0.056953,0.545391,0.001625,0.001625,0.000000,226380
37.540661,597119.626396,0.005000,step_60,2,-0.060000,-0.060000,-0.060000,-0.059430,-0.059430,0.474406,0.002235,0.002235,0.000000,226382
37.545662,597119.631487,0.005000,step_60,2,-0.060000,-0.060000,-0.060000,-0.059430,-0.059430,0.310604,0.001751,0.001751,0.000000,226384
37.550673,597119.636586,0.005011,step_60,2,-0.060000,-0.060000,-0.060000,-0.057967,-0.057967,0.290881,0.002271,0.002271,0.292104,226386
37.560661,597119.641719,0.009989,step_60,2,-0.060000,-0.060000,-0.060000,-0.063163,-0.063163,0.488703,0.002261,0.002261,0.000000,226390
37.565661,597119.646836,0.005000,step_60,2,-0.060000,-0.060000,-0.060000,-0.056699,-0.056699,0.529146,0.002419,0.002419,1.292870,226392
37.570674,597119.651927,0.005013,step_60,2,-0.060000,-0.060000,-0.060000,-0.059651,-0.059651,0.576028,0.002015,0.002015,0.000000,226394
37.575662,597119.657022,0.004988,step_60,2,-0.060000,-0.060000,-0.060000,-0.061430,-0.061430,0.640897,0.001511,0.001511,0.000000,226396
37.580661,597119.662114,0.004999,step_60,2,-0.060000,-0.060000,-0.060000,-0.063291,-0.063291,0.465726,0.002101,0.002101,0.000000,226398
37.585661,597119.667190,0.005001,step_60,2,-0.060000,-0.060000,-0.060000,-0.055809,-0.055809,0.258237,0.001649,0.001649,1.496221,226400
37.590661,597119.672275,0.004999,step_60,2,-0.060000,-0.060000,-0.060000,-0.065806,-0.065806,0.334521,0.002239,0.002239,0.000000,226402
37.595662,597119.677392,0.005001,step_60,2,-0.060000,-0.060000,-0.060000,-0.058499,-0.058499,0.549790,0.001820,0.001820,1.461054,226404
37.600663,597119.682485,0.005000,step_60,2,-0.060000,-0.060000,-0.060000,-0.065125,-0.065125,0.620952,0.002450,0.002450,0.000000,226406
37.600663,597119.687610,0.000001,step_60,2,-0.060000,-0.060000,-0.060000,-0.065125,-0.065125,0.620952,0.002450,0.002450,0.000000,226406
37.605663,597119.692735,0.005000,step_60,2,-0.060000,-0.060000,-0.060000,-0.055699,-0.055699,0.528539,0.001982,0.001982,1.885021,226408
37.611446,597119.697866,0.005782,step_60,2,-0.060000,-0.060000,-0.060000,-0.061638,-0.061638,0.477336,0.003347,0.003347,0.000000,226410
37.617108,597119.702991,0.005662,step_60,2,-0.060000,-0.060000,-0.060000,-0.055314,-0.055314,0.486972,0.003563,0.003563,1.116861,226412
37.626687,597119.708109,0.009579,step_60,2,-0.060000,-0.060000,-0.060000,-0.055639,-0.055639,0.310102,0.003339,0.003339,1.462329,226416
37.630978,597119.713196,0.004291,step_60,2,-0.060000,-0.060000,-0.060000,-0.059575,-0.059575,0.397343,0.002193,0.002193,0.000000,226418
37.635661,597119.718288,0.004683,step_60,2,-0.060000,-0.060000,-0.060000,-0.058321,-0.058321,0.572795,0.001479,0.001479,0.267785,226420
37.640663,597119.723429,0.005001,step_60,2,-0.060000,-0.060000,-0.060000,-0.061822,-0.061822,0.504398,0.002106,0.002106,0.000000,226422
37.645662,597119.728567,0.004999,step_60,2,-0.060000,-0.060000,-0.060000,-0.061982,-0.061982,0.415924,0.001654,0.001654,0.000000,226424
37.650662,597119.733646,0.005000,step_60,2,-0.060000,-0.060000,-0.060000,-0.058910,-0.058910,0.461133,0.002245,0.002245,0.614224,226426
37.655663,597119.738730,0.005001,step_60,2,-0.060000,-0.060000,-0.060000,-0.054542,-0.054542,0.551453,0.001804,0.001804,0.873598,226428
37.660664,597119.743819,0.005001,step_60,2,-0.060000,-0.060000,-0.060000,-0.058180,-0.058180,0.666367,0.002455,0.002455,0.000000,226430
37.665662,597119.748900,0.004998,step_60,2,-0.060000,-0.060000,-0.060000,-0.058180,-0.058180,0.638172,0.001983,0.001983,0.000000,226432
37.670661,597119.754015,0.005000,step_60,2,-0.060000,-0.060000,-0.060000,-0.058516,-0.058516,0.553901,0.001487,0.001487,0.000000,226434
37.675661,597119.759095,0.005000,step_60,2,-0.060000,-0.060000,-0.060000,-0.060633,-0.060633,0.487958,0.002036,0.002036,0.000000,226436
37.680661,597119.764171,0.005000,step_60,2,-0.060000,-0.060000,-0.060000,-0.060633,-0.060633,0.426789,0.006980,0.006980,0.000000,226438
37.685661,597119.769266,0.005000,step_60,2,-0.060000,-0.060000,-0.060000,-0.055044,-0.055044,0.361355,0.002479,0.002479,1.117870,226440
37.690662,597119.774352,0.005001,step_60,2,-0.060000,-0.060000,-0.060000,-0.063617,-0.063617,0.388364,0.002061,0.002061,0.000000,226442
37.695661,597119.779478,0.004999,step_60,2,-0.060000,-0.060000,-0.060000,-0.059504,-0.059504,0.438738,0.001576,0.001576,0.822729,226444
37.700661,597119.784556,0.005000,step_60,2,-0.060000,-0.060000,-0.060000,-0.058661,-0.058661,0.392929,0.002068,0.002068,0.168419,226446
37.705661,597119.789671,0.005000,step_60,2,-0.060000,-0.060000,-0.060000,-0.059195,-0.059195,0.207379,0.001541,0.001541,0.000000,226448
37.710690,597119.794810,0.005029,step_60,2,-0.060000,-0.060000,-0.060000,-0.065259,-0.065259,0.165305,0.002186,0.002186,0.000000,226450
37.715661,597119.799898,0.004971,step_60,2,-0.060000,-0.060000,-0.060000,-0.053158,-0.053158,0.462740,0.001683,0.001683,2.434297,226452
37.720661,597119.805041,0.005000,step_60,2,-0.060000,-0.060000,-0.060000,-0.061252,-0.061252,0.790129,0.002218,0.002218,0.000000,226454
37.725663,597119.810135,0.005002,step_60,2,-0.060000,-0.060000,-0.060000,-0.057136,-0.057136,0.792998,0.001741,0.001741,0.822899,226456
37.730661,597119.815241,0.004998,step_60,2,-0.060000,-0.060000,-0.060000,-0.062908,-0.062908,0.545139,0.002383,0.002383,0.000000,226458
37.735661,597119.820360,0.005000,step_60,2,-0.060000,-0.060000,-0.060000,-0.058718,-0.058718,0.478949,0.001875,0.001875,0.838130,226460
37.740663,597119.825473,0.005002,step_60,2,-0.060000,-0.060000,-0.060000,-0.055089,-0.055089,0.532529,0.002511,0.002511,0.725326,226462
37.745661,597119.830598,0.004998,step_60,2,-0.060000,-0.060000,-0.060000,-0.062648,-0.062648,0.561241,0.002065,0.002065,0.000000,226464
37.750662,597119.835728,0.005001,step_60,2,-0.060000,-0.060000,-0.060000,-0.066522,-0.066522,0.577277,0.002396,0.002396,0.000000,226466
37.755661,597119.840846,0.005000,step_60,2,-0.060000,-0.060000,-0.060000,-0.059101,-0.059101,0.600880,0.001946,0.001946,1.484238,226468
37.760662,597119.845958,0.005000,step_60,2,-0.060000,-0.060000,-0.060000,-0.058992,-0.058992,0.675322,0.001478,0.001478,0.021743,226470
37.765661,597119.851066,0.005000,step_60,2,-0.060000,-0.060000,-0.060000,-0.055779,-0.055779,0.591150,0.001914,0.001914,0.642608,226472
37.770661,597119.856172,0.005000,step_60,2,-0.060000,-0.060000,-0.060000,-0.060044,-0.060044,0.317081,0.001362,0.001362,0.000000,226474
37.775661,597119.861283,0.005000,step_60,2,-0.060000,-0.060000,-0.060000,-0.060044,-0.060044,0.189128,0.001832,0.001832,0.000000,226476
37.780662,597119.866393,0.005000,step_60,2,-0.060000,-0.060000,-0.060000,-0.061112,-0.061112,0.363737,0.002384,0.002384,0.000000,226478
37.785662,597119.871537,0.005000,step_60,2,-0.060000,-0.060000,-0.060000,-0.061112,-0.061112,0.549938,0.001865,0.001865,0.000000,226480
37.790662,597119.876666,0.005000,step_60,2,-0.060000,-0.060000,-0.060000,-0.061112,-0.061112,0.506430,0.002343,0.002343,0.000103,226482
37.800662,597119.881825,0.010000,step_60,2,-0.060000,-0.060000,-0.060000,-0.064303,-0.064303,0.534122,0.002321,0.002321,0.000000,226486
37.805663,597119.886924,0.005001,step_60,2,-0.060000,-0.060000,-0.060000,-0.056107,-0.056107,0.603895,0.001797,0.001797,1.638849,226488
37.810661,597119.892064,0.004999,step_60,2,-0.060000,-0.060000,-0.060000,-0.055165,-0.055165,0.518852,0.002352,0.002352,0.188447,226490
37.815661,597119.897143,0.005000,step_60,2,-0.060000,-0.060000,-0.060000,-0.062699,-0.062699,0.497410,0.001772,0.001772,0.000000,226492
37.820661,597119.902230,0.005000,step_60,2,-0.060000,-0.060000,-0.060000,-0.060431,-0.060431,0.610484,0.002325,0.002325,0.453469,226494
37.825662,597119.907320,0.005001,step_60,2,-0.060000,-0.060000,-0.060000,-0.064479,-0.064479,0.629542,0.001853,0.001853,0.000000,226496
37.830661,597119.912417,0.004999,step_60,2,-0.060000,-0.060000,-0.060000,-0.056068,-0.056068,0.474328,0.002378,0.002378,1.682667,226498
37.835661,597119.917544,0.005000,step_60,2,-0.060000,-0.060000,-0.060000,-0.051062,-0.051062,0.434867,0.001816,0.001816,1.001042,226500
37.840663,597119.922630,0.005002,step_60,2,-0.060000,-0.060000,-0.060000,-0.062959,-0.062959,0.415418,0.002356,0.002356,0.000000,226502
37.845666,597119.927712,0.005003,step_60,2,-0.060000,-0.060000,-0.060000,-0.050857,-0.050857,0.273350,0.001997,0.001997,2.418959,226504
37.850666,597119.932837,0.005000,step_60,2,-0.060000,-0.060000,-0.060000,-0.063127,-0.063127,0.163252,0.002451,0.002451,0.000000,226506
37.855661,597119.937924,0.004995,step_60,2,-0.060000,-0.060000,-0.060000,-0.059222,-0.059222,0.325721,0.001775,0.001775,0.781836,226508
37.860661,597119.943035,0.005001,step_60,2,-0.060000,-0.060000,-0.060000,-0.059755,-0.059755,0.531409,0.002271,0.002271,0.000000,226510
37.865662,597119.948141,0.005000,step_60,2,-0.060000,-0.060000,-0.060000,-0.060399,-0.060399,0.566435,0.001682,0.001682,0.000000,226512
37.870661,597119.953247,0.005000,step_60,2,-0.060000,-0.060000,-0.060000,-0.060856,-0.060856,0.538546,0.002262,0.002262,0.000000,226514
37.875661,597119.958407,0.005000,step_60,2,-0.060000,-0.060000,-0.060000,-0.058082,-0.058082,0.455639,0.001704,0.001704,0.554793,226516
37.880678,597119.963487,0.005016,step_60,2,-0.060000,-0.060000,-0.060000,-0.062315,-0.062315,0.351430,0.002244,0.002244,0.000000,226518
37.885661,597119.968595,0.004983,step_60,2,-0.060000,-0.060000,-0.060000,-0.060487,-0.060487,0.236366,0.001678,0.001678,0.366667,226520
37.890662,597119.973688,0.005000,step_60,2,-0.060000,-0.060000,-0.060000,-0.059988,-0.059988,0.150660,0.002147,0.002147,0.099898,226522
37.895662,597119.978827,0.005000,step_60,2,-0.060000,-0.060000,-0.060000,-0.059686,-0.059686,0.183467,0.001626,0.001626,0.060416,226524
37.900663,597119.983935,0.005001,step_60,2,-0.060000,-0.060000,-0.060000,-0.058124,-0.058124,0.393166,0.002148,0.002148,0.312240,226526
37.905661,597119.989091,0.004999,step_60,2,-0.060000,-0.060000,-0.060000,-0.058841,-0.058841,0.529738,0.001591,0.001591,0.000000,226528
37.910665,597119.994175,0.005004,step_60,2,-0.060000,-0.060000,-0.060000,-0.051823,-0.051823,0.562016,0.002149,0.002149,1.402597,226530
37.915661,597119.999301,0.004996,step_60,2,-0.060000,-0.060000,-0.060000,-0.051823,-0.051823,0.550134,0.001568,0.001568,0.000012,226532
37.920661,597120.004434,0.005000,step_60,2,-0.060000,-0.060000,-0.060000,-0.054551,-0.054551,0.599210,0.002065,0.002065,0.000000,226534
37.925804,597120.009543,0.005143,step_60,2,-0.060000,-0.060000,-0.060000,-0.054551,-0.054551,0.589085,0.002744,0.002744,0.000000,226536
37.930661,597120.014644,0.004857,step_60,2,-0.060000,-0.060000,-0.060000,-0.057559,-0.057559,0.413109,0.002101,0.002101,0.000000,226538
37.935662,597120.019751,0.005001,step_60,2,-0.060000,-0.060000,-0.060000,-0.058820,-0.058820,0.277787,0.001610,0.001610,0.000000,226540
37.940662,597120.024893,0.005000,step_60,2,-0.060000,-0.060000,-0.060000,-0.058782,-0.058782,0.352517,0.002117,0.002117,0.007510,226542
37.945662,597120.030027,0.005000,step_60,2,-0.060000,-0.060000,-0.060000,-0.057666,-0.057666,0.532361,0.001495,0.001495,0.223165,226544
37.950661,597120.035112,0.004999,step_60,2,-0.060000,-0.060000,-0.060000,-0.059364,-0.059364,0.561696,0.001938,0.001938,0.000000,226546
37.955661,597120.040204,0.005000,step_60,2,-0.060000,-0.060000,-0.060000,-0.061226,-0.061226,0.580785,0.002454,0.002454,0.000000,226548
37.960662,597120.045319,0.005000,step_60,2,-0.060000,-0.060000,-0.060000,-0.063586,-0.063586,0.624780,0.001914,0.001914,0.000000,226550
37.965662,597120.050446,0.005000,step_60,2,-0.060000,-0.060000,-0.060000,-0.061296,-0.061296,0.519875,0.002485,0.002485,0.457948,226552
37.970661,597120.055595,0.004999,step_60,2,-0.060000,-0.060000,-0.060000,-0.058089,-0.058089,0.359095,0.001861,0.001861,0.641466,226554
37.975662,597120.060806,0.005001,step_60,2,-0.060000,-0.060000,-0.060000,-0.053837,-0.053837,0.384359,0.002330,0.002330,0.850165,226556
37.980661,597120.065922,0.004999,step_60,2,-0.060000,-0.060000,-0.060000,-0.054188,-0.054188,0.655093,0.001820,0.001820,0.000000,226558
37.985661,597120.071043,0.005000,step_60,2,-0.060000,-0.060000,-0.060000,-0.060364,-0.060364,0.795115,0.002310,0.002310,0.000000,226560
37.990662,597120.076146,0.005001,step_60,2,-0.060000,-0.060000,-0.060000,-0.056070,-0.056070,0.601506,0.001772,0.001772,0.858689,226562
37.995661,597120.081247,0.004999,step_60,2,-0.060000,-0.060000,-0.060000,-0.054412,-0.054412,0.448058,0.002257,0.002257,0.331625,226564
38.000661,597120.086370,0.005000,step_60,2,-0.060000,-0.060000,-0.060000,-0.058670,-0.058670,0.446326,0.001676,0.001676,0.000000,226566
38.005662,597120.091532,0.005000,step_60,2,-0.060000,-0.060000,-0.060000,-0.061646,-0.061646,0.465897,0.002174,0.002174,0.000000,226568
38.015661,597120.096656,0.009999,step_60,2,-0.060000,-0.060000,-0.060000,-0.066011,-0.066011,0.497336,0.002131,0.002131,0.000000,226572
38.020661,597120.101766,0.005000,step_60,2,-0.060000,-0.060000,-0.060000,-0.057666,-0.057666,0.442398,0.001593,0.001593,1.669089,226574
38.025661,597120.106916,0.005001,step_60,2,-0.060000,-0.060000,-0.060000,-0.062607,-0.062607,0.351855,0.001856,0.001856,0.000000,226576
38.030661,597120.112014,0.005000,step_60,2,-0.060000,-0.060000,-0.060000,-0.056576,-0.056576,0.354711,0.002306,0.002306,1.206238,226578
38.035661,597120.117123,0.005000,step_60,2,-0.060000,-0.060000,-0.060000,-0.061538,-0.061538,0.402443,0.001779,0.001779,0.000000,226580
38.035661,597120.122244,0.000001,step_60,2,-0.060000,-0.060000,-0.060000,-0.061538,-0.061538,0.402443,0.001779,0.001779,0.000000,226580
38.040661,597120.127414,0.005000,step_60,2,-0.060000,-0.060000,-0.060000,-0.056020,-0.056020,0.464135,0.002380,0.002380,1.103765,226582
38.051069,597120.132522,0.010407,step_60,2,-0.060000,-0.060000,-0.060000,-0.053780,-0.053780,0.533706,0.001900,0.001900,0.487627,226586
38.055661,597120.137640,0.004592,step_60,2,-0.060000,-0.060000,-0.060000,-0.053780,-0.053780,0.647218,0.001937,0.001937,0.000000,226588
38.060661,597120.142849,0.005000,step_60,2,-0.060000,-0.060000,-0.060000,-0.058607,-0.058607,0.683999,0.001428,0.001428,0.000000,226590
38.065661,597120.147983,0.005000,step_60,2,-0.060000,-0.060000,-0.060000,-0.058607,-0.058607,0.511673,0.001984,0.001984,0.000000,226592
38.070661,597120.153108,0.005000,step_60,2,-0.060000,-0.060000,-0.060000,-0.057517,-0.057517,0.366233,0.001463,0.001463,0.218014,226594
38.075662,597120.158216,0.005000,step_60,2,-0.060000,-0.060000,-0.060000,-0.056322,-0.056322,0.438074,0.002039,0.002039,0.238984,226596
38.080661,597120.163323,0.004999,step_60,2,-0.060000,-0.060000,-0.060000,-0.062559,-0.062559,0.653335,0.001546,0.001546,0.000000,226598
38.085661,597120.168464,0.005000,step_60,2,-0.060000,-0.060000,-0.060000,-0.056564,-0.056564,0.651625,0.001968,0.001968,1.199010,226600
38.090661,597120.173574,0.005001,step_60,2,-0.060000,-0.060000,-0.060000,-0.061858,-0.061858,0.487129,0.002491,0.002491,0.000000,226602
38.095661,597120.178791,0.005000,step_60,2,-0.060000,-0.060000,-0.060000,-0.058215,-0.058215,0.415603,0.001965,0.001965,0.728641,226604
38.100663,597120.184000,0.005002,step_60,2,-0.060000,-0.060000,-0.060000,-0.056024,-0.056024,0.357366,0.001505,0.001505,0.438122,226606
38.105661,597120.189122,0.004998,step_60,2,-0.060000,-0.060000,-0.060000,-0.054392,-0.054392,0.319580,0.001920,0.001920,0.326502,226608
38.111426,597120.194226,0.005765,step_60,2,-0.060000,-0.060000,-0.060000,-0.058175,-0.058175,0.393620,0.003095,0.003095,0.000000,226610
38.116268,597120.199327,0.004842,step_60,2,-0.060000,-0.060000,-0.060000,-0.059129,-0.059129,0.603891,0.002082,0.002082,0.000000,226612
38.120661,597120.204459,0.004393,step_60,2,-0.060000,-0.060000,-0.060000,-0.058030,-0.058030,0.656851,0.001955,0.001955,0.250030,226614
38.125661,597120.209603,0.005000,step_60,2,-0.060000,-0.060000,-0.060000,-0.056157,-0.056157,0.556463,0.001405,0.001405,0.374716,226616
38.130661,597120.214718,0.005000,rest,2,0.000000,0.000000,0.000000,-0.057668,-0.057668,0.571993,0.001953,0.001953,0.000000,226618
38.135661,597120.219831,0.005000,rest,2,0.000000,0.000000,0.000000,-0.061624,-0.061624,0.686050,0.001416,0.001416,0.000000,226620
38.140660,597120.224931,0.005000,rest,2,0.000000,0.000000,0.000000,-0.059539,-0.059539,0.619932,0.001935,0.001935,0.416985,226622
38.145661,597120.230060,0.005000,rest,2,0.000000,0.000000,0.000000,-0.063391,-0.063391,0.531429,0.002360,0.002360,0.000000,226624
38.150661,597120.235175,0.005000,rest,2,0.000000,0.000000,0.000000,-0.057756,-0.057756,0.571617,0.001705,0.001705,1.126851,226626
38.155661,597120.240265,0.005000,rest,2,0.000000,0.000000,0.000000,-0.064790,-0.064790,0.575110,0.002223,0.002223,0.000000,226628
38.160661,597120.245373,0.005000,rest,2,0.000000,0.000000,0.000000,-0.056737,-0.056737,0.470182,0.001706,0.001706,1.610673,226630
38.165661,597120.250545,0.005000,rest,2,0.000000,0.000000,0.000000,-0.056980,-0.056980,0.342816,0.002263,0.002263,0.000000,226632
38.170661,597120.255677,0.005000,rest,2,0.000000,0.000000,0.000000,-0.049116,-0.049116,0.455256,0.001801,0.001801,1.572804,226634
38.175661,597120.260756,0.005000,rest,2,0.000000,0.000000,0.000000,-0.036038,-0.036038,0.689882,0.002345,0.002345,2.615423,226636
38.180662,597120.265874,0.005000,rest,2,0.000000,0.000000,0.000000,-0.035727,-0.035727,0.849946,0.001785,0.001785,0.062228,226638
38.185661,597120.270984,0.005000,rest,2,0.000000,0.000000,0.000000,-0.030724,-0.030724,1.020522,0.002231,0.002231,1.000612,226640
38.190661,597120.276168,0.005000,rest,2,0.000000,0.000000,0.000000,-0.023760,-0.023760,1.197733,0.001494,0.001494,1.393045,226642
38.195661,597120.281338,0.005000,rest,2,0.000000,0.000000,0.000000,-0.018590,-0.018590,1.351772,0.002028,0.002028,1.034074,226644
38.200661,597120.286481,0.005001,rest,2,0.000000,0.000000,0.000000,-0.016353,-0.016353,1.369319,0.001486,0.001486,0.447285,226646
38.205661,597120.291630,0.005000,rest,2,0.000000,0.000000,0.000000,-0.012887,-0.012887,1.258541,0.002075,0.002075,0.693091,226648
38.210662,597120.296712,0.005000,rest,2,0.000000,0.000000,0.000000,-0.012010,-0.012010,1.153619,0.001614,0.001614,0.175483,226650
38.220661,597120.301819,0.009999,rest,2,0.000000,0.000000,0.000000,-0.012092,-0.012092,0.966202,0.001690,0.001690,0.000000,226654
38.225662,597120.306932,0.005001,rest,2,0.000000,0.000000,0.000000,-0.012093,-0.012093,0.749086,0.002306,0.002306,0.000000,226656
38.230661,597120.312118,0.004999,rest,2,0.000000,0.000000,0.000000,-0.012972,-0.012972,0.450756,0.001810,0.001810,0.000000,226658
38.235661,597120.317209,0.005000,rest,2,0.000000,0.000000,0.000000,-0.012266,-0.012266,0.295290,0.002442,0.002442,0.141209,226660
38.240662,597120.322290,0.005001,rest,2,0.000000,0.000000,0.000000,-0.013495,-0.013495,0.316153,0.001981,0.001981,0.000000,226662
38.245662,597120.327413,0.005000,rest,2,0.000000,0.000000,0.000000,-0.010964,-0.010964,0.387027,0.001520,0.001520,0.506265,226664
38.250661,597120.332535,0.004999,rest,2,0.000000,0.000000,0.000000,-0.009718,-0.009718,0.470354,0.002113,0.002113,0.249240,226666
38.255661,597120.337651,0.005000,rest,2,0.000000,0.000000,0.000000,-0.010061,-0.010061,0.556806,0.001615,0.001615,0.000000,226668
38.260662,597120.342806,0.005001,rest,2,0.000000,0.000000,0.000000,-0.007076,-0.007076,0.586873,0.002215,0.002215,0.596955,226670
38.265663,597120.347919,0.005001,rest,2,0.000000,0.000000,0.000000,-0.007141,-0.007141,0.569362,0.001770,0.001770,0.000000,226672
38.270661,597120.353049,0.004998,rest,2,0.000000,0.000000,0.000000,-0.005413,-0.005413,0.555569,0.002362,0.002362,0.345587,226674
38.275661,597120.358134,0.005000,rest,2,0.000000,0.000000,0.000000,-0.005875,-0.005875,0.613922,0.001897,0.001897,0.000000,226676
38.280663,597120.363219,0.005001,rest,2,0.000000,0.000000,0.000000,-0.004264,-0.004264,0.752658,0.002547,0.002547,0.322158,226678
38.285661,597120.368316,0.004999,rest,2,0.000000,0.000000,0.000000,-0.002500,-0.002500,0.831835,0.002107,0.002107,0.352950,226680
38.290663,597120.373419,0.005001,rest,2,0.000000,0.000000,0.000000,-0.001957,-0.001957,0.848556,0.001660,0.001660,0.108597,226682
38.295662,597120.378535,0.004999,rest,2,0.000000,0.000000,0.000000,0.000250,0.000250,0.805184,0.002246,0.002246,0.441385,226684
38.300662,597120.383671,0.005000,rest,2,0.000000,0.000000,0.000000,0.000362,0.000362,0.735587,0.001801,0.001801,0.022422,226686
38.305663,597120.388799,0.005001,rest,2,0.000000,0.000000,0.000000,0.000475,0.000475,0.673974,0.002439,0.002439,0.022521,226688
38.310662,597120.393921,0.004999,rest,2,0.000000,0.000000,0.000000,0.001910,0.001910,0.626215,0.001989,0.001989,0.287062,226690
38.315662,597120.399039,0.005000,rest,2,0.000000,0.000000,0.000000,0.003290,0.003290,0.605512,0.001558,0.001558,0.276118,226692
38.320661,597120.404131,0.004999,rest,2,0.000000,0.000000,0.000000,0.002033,0.002033,0.588992,0.002131,0.002131,0.000000,226694
38.325661,597120.409235,0.005000,rest,2,0.000000,0.000000,0.000000,0.001546,0.001546,0.558345,0.001685,0.001685,0.000000,226696
38.330663,597120.414316,0.005002,rest,2,0.000000,0.000000,0.000000,0.003139,0.003139,0.446007,0.002315,0.002315,0.318592,226698
38.335662,597120.419477,0.004999,rest,2,0.000000,0.000000,0.000000,0.001965,0.001965,0.314274,0.001866,0.001866,0.000000,226700
38.340664,597120.424594,0.005003,rest,2,0.000000,0.000000,0.000000,0.001184,0.001184,0.274118,0.002457,0.002457,0.000000,226702
38.345663,597120.429729,0.004998,rest,2,0.000000,0.000000,0.000000,0.001144,0.001144,0.349333,0.001932,0.001932,0.000000,226704
38.350663,597120.434911,0.005000,rest,2,0.000000,0.000000,0.000000,-0.000489,-0.000489,0.437893,0.002551,0.002551,0.000000,226706
38.355662,597120.440052,0.004999,rest,2,0.000000,0.000000,0.000000,-0.000488,-0.000488,0.469739,0.002074,0.002074,0.000066,226708
38.360661,597120.445132,0.004999,rest,2,0.000000,0.000000,0.000000,0.000130,0.000130,0.531725,0.001621,0.001621,0.123686,226710
38.365663,597120.450232,0.005002,rest,2,0.000000,0.000000,0.000000,0.000197,0.000197,0.578106,0.002219,0.002219,0.013288,226712
38.370662,597120.455313,0.004999,rest,2,0.000000,0.000000,0.000000,-0.000471,-0.000471,0.607418,0.001766,0.001766,0.000000,226714
38.375662,597120.460430,0.004999,rest,2,0.000000,0.000000,0.000000,0.001111,0.001111,0.669222,0.002383,0.002383,0.316549,226716
38.380662,597120.465526,0.005001,rest,2,0.000000,0.000000,0.000000,0.001693,0.001693,0.696012,0.001876,0.001876,0.116407,226718
38.385661,597120.470675,0.004999,rest,2,0.000000,0.000000,0.000000,0.002123,0.002123,0.674453,0.001362,0.001362,0.086062,226720
38.390662,597120.475793,0.005001,rest,2,0.000000,0.000000,0.000000,0.000298,0.000298,0.666057,0.001958,0.001958,0.000000,226722
38.395663,597120.480906,0.005001,rest,2,0.000000,0.000000,0.000000,0.001246,0.001246,0.609617,0.002565,0.002565,0.189532,226724
38.400662,597120.486047,0.004999,rest,2,0.000000,0.000000,0.000000,0.002458,0.002458,0.524945,0.002114,0.002114,0.242494,226726
38.405663,597120.491174,0.005001,rest,2,0.000000,0.000000,0.000000,0.003138,0.003138,0.502192,0.001672,0.001672,0.136072,226728
38.410661,597120.496252,0.004999,rest,2,0.000000,0.000000,0.000000,0.002475,0.002475,0.511937,0.002279,0.002279,0.000000,226730
38.415663,597120.501351,0.005001,rest,2,0.000000,0.000000,0.000000,0.003364,0.003364,0.504010,0.001612,0.001612,0.177731,226732
38.420662,597120.506478,0.004999,rest,2,0.000000,0.000000,0.000000,0.003518,0.003518,0.488802,0.002204,0.002204,0.030824,226734
38.425663,597120.511591,0.005001,rest,2,0.000000,0.000000,0.000000,0.002247,0.002247,0.462212,0.001777,0.001777,0.000000,226736
38.435661,597120.516689,0.009999,rest,2,0.000000,0.000000,0.000000,0.003907,0.003907,0.449562,0.001917,0.001917,0.088214,226740
38.440662,597120.521808,0.005000,rest,2,0.000000,0.000000,0.000000,0.003380,0.003380,0.493337,0.001492,0.001492,0.000000,226742
38.440662,597120.526885,0.000001,rest,2,0.000000,0.000000,0.000000,0.003380,0.003380,0.493337,0.001492,0.001492,0.000000,226742
38.450661,597120.532022,0.009999,rest,2,0.000000,0.000000,0.000000,0.004983,0.004983,0.576865,0.001644,0.001644,0.433018,226746
38.455661,597120.537116,0.005000,rest,2,0.000000,0.000000,0.000000,0.002960,0.002960,0.624285,0.002167,0.002167,0.000000,226748
38.460661,597120.542188,0.005000,rest,2,0.000000,0.000000,0.000000,0.001189,0.001189,0.641275,0.002362,0.002362,0.000000,226750
38.465661,597120.547259,0.005000,rest,2,0.000000,0.000000,0.000000,0.003710,0.003710,0.642760,0.001715,0.001715,0.504239,226752
38.470661,597120.552351,0.005000,rest,2,0.000000,0.000000,0.000000,0.003531,0.003531,0.585455,0.002177,0.002177,0.000000,226754
38.475661,597120.557477,0.005000,rest,2,0.000000,0.000000,0.000000,0.002759,0.002759,0.541306,0.001363,0.001363,0.000000,226756
38.480661,597120.562603,0.005000,rest,2,0.000000,0.000000,0.000000,0.002609,0.002609,0.550903,0.001790,0.001790,0.000000,226758
38.485661,597120.567741,0.005000,rest,2,0.000000,0.000000,0.000000,0.002609,0.002609,0.531483,0.002404,0.002404,0.000000,226760
38.490661,597120.572864,0.005000,rest,2,0.000000,0.000000,0.000000,0.002301,0.002301,0.516473,0.001895,0.001895,0.000000,226762
38.495661,597120.577989,0.005000,rest,2,0.000000,0.000000,0.000000,0.002167,0.002167,0.491101,0.002455,0.002455,0.000000,226764
38.500663,597120.583099,0.005003,rest,2,0.000000,0.000000,0.000000,0.002167,0.002167,0.475701,0.002040,0.002040,0.000000,226766
38.505662,597120.588211,0.004999,rest,2,0.000000,0.000000,0.000000,0.000534,0.000534,0.453075,0.001552,0.001552,0.000000,226768
38.510663,597120.593332,0.005000,rest,2,0.000000,0.000000,0.000000,0.003138,0.003138,0.409362,0.002202,0.002202,0.520689,226770
38.515661,597120.598470,0.004999,rest,2,0.000000,0.000000,0.000000,0.000311,0.000311,0.419429,0.001719,0.001719,0.000000,226772
38.520662,597120.603596,0.005001,rest,2,0.000000,0.000000,0.000000,0.001660,0.001660,0.454467,0.002160,0.002160,0.269638,226774
38.525663,597120.608742,0.005001,rest,2,0.000000,0.000000,0.000000,0.000669,0.000669,0.477706,0.002571,0.002571,0.000000,226776
38.530661,597120.613917,0.004998,rest,2,0.000000,0.000000,0.000000,-0.001178,-0.001178,0.486043,0.001936,0.001936,0.000000,226778
38.535661,597120.619039,0.005000,rest,2,0.000000,0.000000,0.000000,-0.000245,-0.000245,0.511644,0.002421,0.002421,0.186637,226780
38.540663,597120.624191,0.005002,rest,2,0.000000,0.000000,0.000000,-0.000613,-0.000613,0.544920,0.001837,0.001837,0.000000,226782
38.545662,597120.629279,0.004999,rest,2,0.000000,0.000000,0.000000,0.000271,0.000271,0.557926,0.002372,0.002372,0.176944,226784
38.550662,597120.634365,0.005001,rest,2,0.000000,0.000000,0.000000,0.000857,0.000857,0.586365,0.001790,0.001790,0.117058,226786
38.555663,597120.639514,0.005000,rest,2,0.000000,0.000000,0.000000,0.000946,0.000946,0.604576,0.002296,0.002296,0.017897,226788
38.560662,597120.644633,0.004999,rest,2,0.000000,0.000000,0.000000,0.002347,0.002347,0.611156,0.002582,0.002582,0.280302,226790
38.565662,597120.649708,0.005000,rest,2,0.000000,0.000000,0.000000,0.000956,0.000956,0.597909,0.001981,0.001981,0.000000,226792
38.570661,597120.654811,0.004999,rest,2,0.000000,0.000000,0.000000,0.002580,0.002580,0.570809,0.002478,0.002478,0.324733,226794
38.575661,597120.659942,0.005000,rest,2,0.000000,0.000000,0.000000,0.003580,0.003580,0.563314,0.001976,0.001976,0.200066,226796
38.580661,597120.665019,0.005000,rest,2,0.000000,0.000000,0.000000,0.002636,0.002636,0.552955,0.002488,0.002488,0.000000,226798
38.585662,597120.670122,0.005001,rest,2,0.000000,0.000000,0.000000,0.002608,0.002608,0.511529,0.001892,0.001892,0.000000,226800
38.590663,597120.675231,0.005001,rest,2,0.000000,0.000000,0.000000,0.002006,0.002006,0.500338,0.002498,0.002498,0.000000,226802
38.595662,597120.680315,0.004999,rest,2,0.000000,0.000000,0.000000,0.001026,0.001026,0.548855,0.001927,0.001927,0.000000,226804
38.600661,597120.685421,0.004999,rest,2,0.000000,0.000000,0.000000,0.000708,0.000708,0.546910,0.002385,0.002385,0.000000,226806
38.605661,597120.690540,0.005000,rest,2,0.000000,0.000000,0.000000,0.001963,0.001963,0.497076,0.001851,0.001851,0.250971,226808
38.610662,597120.695678,0.005001,rest,2,0.000000,0.000000,0.000000,0.001864,0.001864,0.503734,0.002384,0.002384,0.000000,226810
38.615661,597120.700805,0.004999,rest,2,0.000000,0.000000,0.000000,0.000435,0.000435,0.532885,0.001830,0.001830,0.000000,226812
38.620661,597120.705928,0.005000,rest,2,0.000000,0.000000,0.000000,0.000362,0.000362,0.531109,0.002424,0.002424,0.000000,226814
38.625664,597120.711102,0.005004,rest,2,0.000000,0.000000,0.000000,0.001807,0.001807,0.511356,0.001912,0.001912,0.288765,226816
38.630661,597120.716235,0.004997,step_80,2,0.080000,0.080000,0.080000,-0.000597,-0.000597,0.468845,0.002430,0.002430,0.000000,226818
38.635661,597120.721345,0.005000,step_80,2,0.080000,0.080000,0.080000,0.000175,0.000175,0.471126,0.001850,0.001850,0.154448,226820
38.640663,597120.726454,0.005002,step_80,2,0.080000,0.080000,0.080000,-0.000850,-0.000850,0.533399,0.002438,0.002438,0.000000,226822
38.645661,597120.731555,0.004999,step_80,2,0.080000,0.080000,0.080000,0.000205,0.000205,0.593584,0.001929,0.001929,0.211024,226824
38.655661,597120.736649,0.010000,step_80,2,0.080000,0.080000,0.080000,-0.000424,-0.000424,0.522804,0.001973,0.001973,0.000000,226828
38.660662,597120.741735,0.005001,step_80,2,0.080000,0.080000,0.080000,-0.000424,-0.000424,0.495809,0.002487,0.002487,0.000002,226830
38.665661,597120.746825,0.004999,step_80,2,0.080000,0.080000,0.080000,-0.000778,-0.000778,0.507627,0.001882,0.001882,0.000000,226832
38.670661,597120.751907,0.005000,step_80,2,0.080000,0.080000,0.080000,0.005569,0.005569,0.508061,0.002345,0.002345,1.269490,226834
38.675663,597120.757067,0.005002,step_80,2,0.080000,0.080000,0.080000,0.008045,0.008045,0.543563,0.001646,0.001646,0.494859,226836
38.680666,597120.762171,0.005003,step_80,2,0.080000,0.080000,0.080000,0.013940,0.013940,0.711477,0.002204,0.002204,1.178317,226838
38.685666,597120.767316,0.005000,step_80,2,0.080000,0.080000,0.080000,0.012886,0.012886,0.970481,0.001542,0.001542,0.000000,226840
38.690666,597120.772442,0.005000,step_80,2,0.080000,0.080000,0.080000,0.023672,0.023672,1.127779,0.002001,0.002001,2.157246,226842
38.695667,597120.777574,0.005001,step_80,2,0.080000,0.080000,0.080000,0.029670,0.029670,1.097492,0.002533,0.002533,1.199363,226844
38.700666,597120.782659,0.004999,step_80,2,0.080000,0.080000,0.080000,0.038852,0.038852,1.112400,0.002097,0.002097,1.836704,226846
38.705668,597120.787772,0.005002,step_80,2,0.080000,0.080000,0.080000,0.037517,0.037517,1.236088,0.002582,0.002582,0.000000,226848
38.710661,597120.792891,0.004993,step_80,2,0.080000,0.080000,0.080000,0.045402,0.045402,1.291345,0.001877,0.001877,1.579102,226850
38.715661,597120.798010,0.005000,step_80,2,0.080000,0.080000,0.080000,0.051446,0.051446,1.238173,0.002431,0.002431,1.208847,226852
38.720661,597120.803133,0.005000,step_80,2,0.080000,0.080000,0.080000,0.055589,0.055589,1.228776,0.001602,0.001602,0.828701,226854
38.725666,597120.808245,0.005006,step_80,2,0.080000,0.080000,0.080000,0.062816,0.062816,1.234790,0.002313,0.002313,1.443770,226856
38.730661,597120.813378,0.004994,step_80,2,0.080000,0.080000,0.080000,0.063223,0.063223,1.155759,0.001665,0.001665,0.081410,226858
38.735661,597120.818475,0.005000,step_80,2,0.080000,0.080000,0.080000,0.065603,0.065603,1.018944,0.002219,0.002219,0.476077,226860
38.740661,597120.823618,0.005001,step_80,2,0.080000,0.080000,0.080000,0.070342,0.070342,0.839055,0.002371,0.002371,0.947556,226862
38.740661,597120.828775,0.000001,step_80,2,0.080000,0.080000,0.080000,0.070342,0.070342,0.839055,0.002371,0.002371,0.947556,226862
38.745662,597120.833937,0.005001,step_80,2,0.080000,0.080000,0.080000,0.071803,0.071803,0.682071,0.001910,0.001910,0.292235,226864
38.752112,597120.839086,0.006449,step_80,2,0.080000,0.080000,0.080000,0.071919,0.071919,0.648252,0.004050,0.004050,0.017877,226866
38.758806,597120.844315,0.006694,step_80,2,0.080000,0.080000,0.080000,0.077394,0.077394,0.584442,0.004980,0.004980,0.817868,226868
38.765244,597120.849474,0.006438,step_80,2,0.080000,0.080000,0.080000,0.078200,0.078200,0.415312,0.001249,0.001249,0.125230,226870
38.770325,597120.854652,0.005081,step_80,2,0.080000,0.080000,0.080000,0.077226,0.077226,0.286900,0.001674,0.001674,0.000000,226872
38.774989,597120.859787,0.004663,step_80,2,0.080000,0.080000,0.080000,0.075088,0.075088,0.356821,0.001569,0.001569,0.000000,226874
38.783442,597120.864893,0.008453,step_80,2,0.080000,0.080000,0.080000,0.075089,0.075089,0.643100,0.004028,0.004028,0.000311,226878
38.787564,597120.870015,0.004122,step_80,2,0.080000,0.080000,0.080000,0.071947,0.071947,0.635810,0.003637,0.003637,0.000000,226880
38.791725,597120.875122,0.004161,step_80,2,0.080000,0.080000,0.080000,0.071947,0.071947,0.680529,0.003343,0.003343,0.000128,226882
38.795808,597120.880195,0.004082,step_80,2,0.080000,0.080000,0.080000,0.079573,0.079573,0.870512,0.001849,0.001849,1.867873,226884
38.800661,597120.885267,0.004854,step_80,2,0.080000,0.080000,0.080000,0.079573,0.079573,0.935840,0.002193,0.002193,0.000085,226886
38.805660,597120.890340,0.004999,step_80,2,0.080000,0.080000,0.080000,0.079378,0.079378,0.808529,0.001623,0.001623,0.000000,226888
38.810662,597120.895450,0.005001,step_80,2,0.080000,0.080000,0.080000,0.083270,0.083270,0.760928,0.002123,0.002123,0.778133,226890
38.815661,597120.900596,0.005000,step_80,2,0.080000,0.080000,0.080000,0.075068,0.075068,0.758734,0.001469,0.001469,0.000000,226892
38.820661,597120.905711,0.005000,step_80,2,0.080000,0.080000,0.080000,0.078242,0.078242,0.693248,0.002030,0.002030,0.634773,226894
38.825661,597120.910849,0.005001,step_80,2,0.080000,0.080000,0.080000,0.080801,0.080801,0.609658,0.001563,0.001563,0.511751,226896
38.830662,597120.915960,0.005001,step_80,2,0.080000,0.080000,0.080000,0.079006,0.079006,0.467233,0.002044,0.002044,0.000000,226898
38.835661,597120.921089,0.004999,step_80,2,0.080000,0.080000,0.080000,0.082890,0.082890,0.341943,0.001577,0.001577,0.776983,226900
38.840661,597120.926197,0.005000,step_80,2,0.080000,0.080000,0.080000,0.088337,0.088337,0.349332,0.002073,0.002073,1.089384,226902
38.845661,597120.931335,0.005000,step_80,2,0.080000,0.080000,0.080000,0.081877,0.081877,0.428942,0.001525,0.001525,0.000000,226904
38.855661,597120.936489,0.010000,step_80,2,0.080000,0.080000,0.080000,0.079604,0.079604,0.463008,0.001466,0.001466,0.000000,226908
38.855661,597120.941609,0.000001,step_80,2,0.080000,0.080000,0.080000,0.079604,0.079604,0.463008,0.001466,0.001466,0.000000,226908
38.860661,597120.946726,0.005000,step_80,2,0.080000,0.080000,0.080000,0.082442,0.082442,0.421285,0.001987,0.001987,0.567457,226910
38.870661,597120.951828,0.010000,step_80,2,0.080000,0.080000,0.080000,0.084266,0.084266,0.192385,0.001773,0.001773,0.257641,226914
38.875661,597120.956945,0.005000,step_80,2,0.080000,0.080000,0.080000,0.077015,0.077015,0.072939,0.002394,0.002394,0.000000,226916
38.880662,597120.962126,0.005001,step_80,2,0.080000,0.080000,0.080000,0.080549,0.080549,0.253167,0.001906,0.001906,0.706562,226918
38.885662,597120.967237,0.005000,step_80,2,0.080000,0.080000,0.080000,0.085490,0.085490,0.474784,0.001479,0.001479,0.988185,226920
38.890661,597120.972354,0.004999,step_80,2,0.080000,0.080000,0.080000,0.076633,0.076633,0.653199,0.002029,0.002029,0.000000,226922
38.895664,597120.977472,0.005003,step_80,2,0.080000,0.080000,0.080000,0.080147,0.080147,0.920902,0.001565,0.001565,0.702220,226924
38.900662,597120.982595,0.004998,step_80,2,0.080000,0.080000,0.080000,0.079184,0.079184,0.980728,0.002060,0.002060,0.000000,226926
38.905661,597120.987699,0.004999,step_80,2,0.080000,0.080000,0.080000,0.083545,0.083545,0.747845,0.001577,0.001577,0.872523,226928
38.910660,597120.992830,0.004999,step_80,2,0.080000,0.080000,0.080000,0.077590,0.077590,0.375915,0.002152,0.002152,0.000000,226930
38.915661,597120.997962,0.005000,step_80,2,0.080000,0.080000,0.080000,0.082247,0.082247,0.230326,0.002342,0.002342,0.931395,226932
38.920661,597121.003100,0.005000,step_80,2,0.080000,0.080000,0.080000,0.082247,0.082247,0.148102,0.001561,0.001561,0.000000,226934
38.925661,597121.008230,0.005001,step_80,2,0.080000,0.080000,0.080000,0.078487,0.078487,0.027758,0.001943,0.001943,0.000000,226936
38.930662,597121.013352,0.005001,step_80,2,0.080000,0.080000,0.080000,0.078487,0.078487,0.105435,0.002253,0.002253,0.000000,226938
38.935661,597121.018469,0.004999,step_80,2,0.080000,0.080000,0.080000,0.078517,0.078517,0.269030,0.002397,0.002397,0.006062,226940
38.940661,597121.023607,0.005000,step_80,2,0.080000,0.080000,0.080000,0.078517,0.078517,0.397628,0.001590,0.001590,0.000009,226942
38.945661,597121.028721,0.005000,step_80,2,0.080000,0.080000,0.080000,0.083387,0.083387,0.427580,0.001939,0.001939,0.974001,226944
38.950661,597121.033893,0.005000,step_80,2,0.080000,0.080000,0.080000,0.078813,0.078813,0.436140,0.002352,0.002352,0.000000,226946
38.955662,597121.038994,0.005001,step_80,2,0.080000,0.080000,0.080000,0.072361,0.072361,0.481966,0.001680,0.001680,0.000000,226948
38.960661,597121.044108,0.004999,step_80,2,0.080000,0.080000,0.080000,0.084394,0.084394,0.481419,0.002165,0.002165,2.407374,226950
38.965662,597121.049251,0.005001,step_80,2,0.080000,0.080000,0.080000,0.082920,0.082920,0.396779,0.001691,0.001691,0.000000,226952
38.970861,597121.054336,0.005199,step_80,2,0.080000,0.080000,0.080000,0.076935,0.076935,0.314581,0.002458,0.002458,0.000000,226954
38.976387,597121.059413,0.005526,step_80,2,0.080000,0.080000,0.080000,0.077892,0.077892,0.296077,0.002546,0.002546,0.173317,226956
38.982011,597121.064485,0.005624,step_80,2,0.080000,0.080000,0.080000,0.074719,0.074719,0.345981,0.003720,0.003720,0.000000,226958
38.986731,597121.069608,0.004720,step_80,2,0.080000,0.080000,0.080000,0.083809,0.083809,0.399102,0.002992,0.002992,1.926037,226960
38.990948,597121.074721,0.004217,step_80,2,0.080000,0.080000,0.080000,0.077783,0.077783,0.493576,0.002642,0.002642,0.000000,226962
38.995661,597121.079829,0.004713,step_80,2,0.080000,0.080000,0.080000,0.086322,0.086322,0.620031,0.001804,0.001804,1.811630,226964
39.000661,597121.084934,0.004999,step_80,2,0.080000,0.080000,0.080000,0.079537,0.079537,0.600321,0.002240,0.002240,0.000000,226966
39.005661,597121.090042,0.005000,step_80,2,0.080000,0.080000,0.080000,0.081136,0.081136,0.509495,0.001484,0.001484,0.319710,226968
39.010661,597121.095137,0.005000,step_80,2,0.080000,0.080000,0.080000,0.078450,0.078450,0.374187,0.001996,0.001996,0.000000,226970
39.015661,597121.100236,0.005000,step_80,2,0.080000,0.080000,0.080000,0.082666,0.082666,0.301144,0.002534,0.002534,0.843204,226972
39.020661,597121.105345,0.005001,step_80,2,0.080000,0.080000,0.080000,0.079837,0.079837,0.247024,0.002012,0.002012,0.000000,226974
39.025661,597121.110501,0.005000,step_80,2,0.080000,0.080000,0.080000,0.081610,0.081610,0.121635,0.002442,0.002442,0.354779,226976
39.030661,597121.115591,0.005000,step_80,2,0.080000,0.080000,0.080000,0.076785,0.076785,0.168244,0.001849,0.001849,0.000000,226978
39.035661,597121.120694,0.005000,step_80,2,0.080000,0.080000,0.080000,0.075401,0.075401,0.460045,0.002363,0.002363,0.000000,226980
39.040662,597121.125803,0.005001,step_80,2,0.080000,0.080000,0.080000,0.082031,0.082031,0.726924,0.001791,0.001791,1.325853,226982
39.045661,597121.130909,0.004999,step_80,2,0.080000,0.080000,0.080000,0.079936,0.079936,0.745922,0.002377,0.002377,0.000000,226984
39.050661,597121.136017,0.005000,step_80,2,0.080000,0.080000,0.080000,0.078682,0.078682,0.618139,0.001815,0.001815,0.000000,226986
39.055661,597121.141132,0.005000,step_80,2,0.080000,0.080000,0.080000,0.086594,0.086594,0.342332,0.002353,0.002353,1.582320,226988
39.060661,597121.146247,0.005000,step_80,2,0.080000,0.080000,0.080000,0.081744,0.081744,0.031938,0.001832,0.001832,0.000000,226990
39.065662,597121.151346,0.005001,step_80,2,0.080000,0.080000,0.080000,0.079051,0.079051,0.098637,0.002442,0.002442,0.000000,226992
39.070661,597121.156488,0.004999,step_80,2,0.080000,0.080000,0.080000,0.075465,0.075465,0.357475,0.001899,0.001899,0.000000,226994
39.075662,597121.161618,0.005001,step_80,2,0.080000,0.080000,0.080000,0.083533,0.083533,0.530290,0.002301,0.002301,1.613278,226996
39.085660,597121.166715,0.009999,step_80,2,0.080000,0.080000,0.080000,0.079309,0.079309,0.821506,0.002287,0.002287,0.019123,227000
39.090661,597121.171825,0.005001,step_80,2,0.080000,0.080000,0.080000,0.082414,0.082414,0.718696,0.001502,0.001502,0.620913,227002
39.095691,597121.176981,0.005029,step_80,2,0.080000,0.080000,0.080000,0.081345,0.081345,0.501878,0.002151,0.002151,0.000000,227004
39.100661,597121.182099,0.004971,step_80,2,0.080000,0.080000,0.080000,0.078074,0.078074,0.440626,0.002388,0.002388,0.000000,227006
39.105661,597121.187209,0.005000,step_80,2,0.080000,0.080000,0.080000,0.076751,0.076751,0.462697,0.001694,0.001694,0.000000,227008
39.110661,597121.192320,0.004999,step_80,2,0.080000,0.080000,0.080000,0.076751,0.076751,0.301019,0.002224,0.002224,0.000000,227010
39.115661,597121.197410,0.005000,step_80,2,0.080000,0.080000,0.080000,0.083452,0.083452,0.030719,0.001468,0.001468,1.340296,227012
39.120661,597121.202572,0.005000,step_80,2,0.080000,0.080000,0.080000,0.080352,0.080352,-0.030691,0.001954,0.001954,0.000000,227014
39.125661,597121.207735,0.005001,step_80,2,0.080000,0.080000,0.080000,0.083947,0.083947,0.096246,0.002328,0.002328,0.719085,227016
39.130661,597121.212847,0.005000,step_80,2,0.080000,0.080000,0.080000,0.081625,0.081625,0.233193,0.001798,0.001798,0.000000,227018
39.135661,597121.217998,0.005000,step_80,2,0.080000,0.080000,0.080000,0.077824,0.077824,0.432228,0.002282,0.002282,0.000000,227020
39.140662,597121.223116,0.005001,step_80,2,0.080000,0.080000,0.080000,0.079230,0.079230,0.574728,0.001603,0.001603,0.281047,227022
39.145661,597121.228215,0.004999,step_80,2,0.080000,0.080000,0.080000,0.084065,0.084065,0.469223,0.002251,0.002251,0.967266,227024
39.150661,597121.233322,0.005000,step_80,2,0.080000,0.080000,0.080000,0.086611,0.086611,0.303207,0.001652,0.001652,0.509124,227026
39.155661,597121.238456,0.005000,step_80,2,0.080000,0.080000,0.080000,0.081530,0.081530,0.195961,0.002269,0.002269,0.000000,227028
39.160662,597121.243551,0.005000,step_80,2,0.080000,0.080000,0.080000,0.076918,0.076918,0.216272,0.001789,0.001789,0.000000,227030
39.165662,597121.248659,0.005000,step_80,2,0.080000,0.080000,0.080000,0.082622,0.082622,0.402670,0.002367,0.002367,1.140749,227032
39.170661,597121.253781,0.004999,step_80,2,0.080000,0.080000,0.080000,0.079224,0.079224,0.623515,0.001846,0.001846,0.000000,227034
39.175662,597121.258898,0.005001,step_80,2,0.080000,0.080000,0.080000,0.076066,0.076066,0.734192,0.002482,0.002482,0.000000,227036
39.180661,597121.264011,0.004999,step_80,2,0.080000,0.080000,0.080000,0.078894,0.078894,0.684936,0.002000,0.002000,0.565662,227038
39.185661,597121.269132,0.004999,step_80,2,0.080000,0.080000,0.080000,0.080844,0.080844,0.570113,0.002478,0.002478,0.390051,227040
39.190662,597121.274292,0.005001,step_80,2,0.080000,0.080000,0.080000,0.086009,0.086009,0.430335,0.001989,0.001989,1.032758,227042
39.195661,597121.279423,0.004999,step_80,2,0.080000,0.080000,0.080000,0.076273,0.076273,0.288889,0.001548,0.001548,0.000000,227044
39.200662,597121.284615,0.005001,step_80,2,0.080000,0.080000,0.080000,0.078444,0.078444,0.213062,0.002130,0.002130,0.434224,227046
39.205663,597121.289704,0.005001,step_80,2,0.080000,0.080000,0.080000,0.076663,0.076663,0.170668,0.001675,0.001675,0.000000,227048
39.210662,597121.294819,0.004999,step_80,2,0.080000,0.080000,0.080000,0.084365,0.084365,0.151894,0.002270,0.002270,1.540732,227050
39.215663,597121.299906,0.005002,step_80,2,0.080000,0.080000,0.080000,0.080767,0.080767,0.119795,0.001804,0.001804,0.000000,227052
39.220661,597121.305084,0.004997,step_80,2,0.080000,0.080000,0.080000,0.073161,0.073161,0.301595,0.002320,0.002320,0.000000,227054
39.225662,597121.310245,0.005002,step_80,2,0.080000,0.080000,0.080000,0.082797,0.082797,0.566433,0.001710,0.001710,1.926642,227056
39.230662,597121.315335,0.005000,step_80,2,0.080000,0.080000,0.080000,0.076980,0.076980,0.543770,0.002342,0.002342,0.000000,227058
39.235661,597121.320418,0.004999,step_80,2,0.080000,0.080000,0.080000,0.076557,0.076557,0.442106,0.001384,0.001384,0.000000,227060
39.240662,597121.325596,0.005000,step_80,2,0.080000,0.080000,0.080000,0.078769,0.078769,0.409472,0.001830,0.001830,0.442476,227062
39.245661,597121.330730,0.004999,step_80,2,0.080000,0.080000,0.080000,0.081941,0.081941,0.306559,0.002296,0.002296,0.634433,227064
39.250662,597121.335853,0.005001,step_80,2,0.080000,0.080000,0.080000,0.081941,0.081941,0.277348,0.002379,0.002379,0.000000,227066
39.255662,597121.341053,0.005000,step_80,2,0.080000,0.080000,0.080000,0.079870,0.079870,0.442214,0.001341,0.001341,0.000000,227068
39.260661,597121.346214,0.004999,step_80,2,0.080000,0.080000,0.080000,0.079870,0.079870,0.587892,0.001449,0.001449,0.000000,227070
39.265662,597121.351341,0.005001,step_80,2,0.080000,0.080000,0.080000,0.076210,0.076210,0.668981,0.001665,0.001665,0.000000,227072
39.270661,597121.356505,0.004999,step_80,2,0.080000,0.080000,0.080000,0.083404,0.083404,0.674547,0.002087,0.002087,1.439063,227074
39.280662,597121.361654,0.010001,step_80,2,0.080000,0.080000,0.080000,0.077799,0.077799,0.306532,0.002335,0.002335,0.218306,227078
39.285661,597121.366807,0.005000,step_80,2,0.080000,0.080000,0.080000,0.082015,0.082015,0.306532,0.002389,0.002389,0.843379,227080
39.290661,597121.371938,0.005000,step_80,2,0.080000,0.080000,0.080000,0.078698,0.078698,0.016840,0.001362,0.001362,0.000000,227082
39.295661,597121.377065,0.005000,step_80,2,0.080000,0.080000,0.080000,0.078416,0.078416,0.129917,0.001549,0.001549,0.000000,227084
39.300661,597121.382207,0.005000,step_80,2,0.080000,0.080000,0.080000,0.073308,0.073308,0.346903,0.001928,0.001928,0.000000,227086
39.305661,597121.387332,0.005000,step_80,2,0.080000,0.080000,0.080000,0.076529,0.076529,0.442119,0.002189,0.002189,0.644273,227088
39.310667,597121.392454,0.005006,step_80,2,0.080000,0.080000,0.080000,0.078747,0.078747,0.363933,0.002475,0.002475,0.443201,227090
39.315661,597121.397639,0.004995,step_80,2,0.080000,0.080000,0.080000,0.076942,0.076942,0.255857,0.001487,0.001487,0.000000,227092
39.320661,597121.402759,0.005000,step_80,2,0.080000,0.080000,0.080000,0.076634,0.076634,0.246233,0.001746,0.001746,0.000000,227094
39.325663,597121.407947,0.005002,step_80,2,0.080000,0.080000,0.080000,0.080945,0.080945,0.227273,0.002246,0.002246,0.861958,227096
39.330661,597121.413063,0.004998,step_80,2,0.080000,0.080000,0.080000,0.074254,0.074254,0.149802,0.001597,0.001597,0.000000,227098
39.335661,597121.418192,0.005000,step_80,2,0.080000,0.080000,0.080000,0.085766,0.085766,0.116322,0.002017,0.002017,2.302390,227100
39.340662,597121.423317,0.005001,step_80,2,0.080000,0.080000,0.080000,0.081596,0.081596,0.340767,0.002605,0.002605,0.000000,227102
39.345661,597121.428475,0.004999,step_80,2,0.080000,0.080000,0.080000,0.073503,0.073503,0.643389,0.002103,0.002103,0.000000,227104
39.350662,597121.433590,0.005001,step_80,2,0.080000,0.080000,0.080000,0.079787,0.079787,0.774305,0.001592,0.001592,1.256648,227106
39.355661,597121.438712,0.004999,step_80,2,0.080000,0.080000,0.080000,0.085430,0.085430,0.699497,0.002117,0.002117,1.128761,227108
39.360661,597121.443882,0.005000,step_80,2,0.080000,0.080000,0.080000,0.085430,0.085430,0.554442,0.001583,0.001583,0.000000,227110
39.365661,597121.449006,0.005000,step_80,2,0.080000,0.080000,0.080000,0.075752,0.075752,0.481237,0.002079,0.002079,0.000000,227112
39.370661,597121.454132,0.005000,step_80,2,0.080000,0.080000,0.080000,0.078485,0.078485,0.374238,0.001567,0.001567,0.546700,227114
39.375661,597121.459252,0.005000,step_80,2,0.080000,0.080000,0.080000,0.078782,0.078782,0.212092,0.002185,0.002185,0.059306,227116
39.380661,597121.464359,0.005000,step_80,2,0.080000,0.080000,0.080000,0.080241,0.080241,0.162238,0.001616,0.001616,0.291785,227118
39.385662,597121.469482,0.005001,step_80,2,0.080000,0.080000,0.080000,0.079297,0.079297,0.145958,0.002259,0.002259,0.000000,227120
39.390663,597121.474634,0.005001,step_80,2,0.080000,0.080000,0.080000,0.079196,0.079196,0.115887,0.001741,0.001741,0.000000,227122
39.395661,597121.479770,0.004998,step_80,2,0.080000,0.080000,0.080000,0.078500,0.078500,0.243017,0.002387,0.002387,0.000000,227124
39.400662,597121.484894,0.005001,step_80,2,0.080000,0.080000,0.080000,0.073078,0.073078,0.488365,0.001930,0.001930,0.000000,227126
39.405663,597121.490011,0.005001,step_80,2,0.080000,0.080000,0.080000,0.078818,0.078818,0.659801,0.001507,0.001507,1.147768,227128
39.410663,597121.495119,0.005000,step_80,2,0.080000,0.080000,0.080000,0.080820,0.080820,0.551986,0.002216,0.002216,0.400264,227130
39.415661,597121.500228,0.004998,step_80,2,0.080000,0.080000,0.080000,0.077945,0.077945,0.400558,0.001619,0.001619,0.000000,227132
39.420661,597121.505392,0.005000,step_80,2,0.080000,0.080000,0.080000,0.078028,0.078028,0.379155,0.002213,0.002213,0.016488,227134
39.425661,597121.510541,0.005000,step_80,2,0.080000,0.080000,0.080000,0.077014,0.077014,0.362089,0.001798,0.001798,0.000000,227136
39.430662,597121.515653,0.005000,step_80,2,0.080000,0.080000,0.080000,0.079690,0.079690,0.339392,0.002368,0.002368,0.535088,227138
39.435663,597121.520787,0.005001,step_80,2,0.080000,0.080000,0.080000,0.078943,0.078943,0.301580,0.001857,0.001857,0.000000,227140
39.440661,597121.525940,0.004999,step_80,2,0.080000,0.080000,0.080000,0.074441,0.074441,0.264742,0.002490,0.002490,0.000000,227142
39.445662,597121.531117,0.005001,step_80,2,0.080000,0.080000,0.080000,0.081782,0.081782,0.368037,0.002057,0.002057,1.468106,227144
39.450662,597121.536234,0.005000,step_80,2,0.080000,0.080000,0.080000,0.080478,0.080478,0.542734,0.001601,0.001601,0.000000,227146
39.455663,597121.541399,0.005000,step_80,2,0.080000,0.080000,0.080000,0.078010,0.078010,0.634023,0.002138,0.002138,0.000000,227148
39.460661,597121.546497,0.004999,step_80,2,0.080000,0.080000,0.080000,0.075730,0.075730,0.688195,0.001615,0.001615,0.000000,227150
39.465662,597121.551605,0.005001,step_80,2,0.080000,0.080000,0.080000,0.084425,0.084425,0.648461,0.002157,0.002157,1.738826,227152
39.475662,597121.556714,0.010000,step_80,2,0.080000,0.080000,0.080000,0.085841,0.085841,0.021839,0.002254,0.002254,0.000000,227156
39.480662,597121.561826,0.005000,step_80,2,0.080000,0.080000,0.080000,0.084222,0.084222,-0.180156,0.001756,0.001756,0.000000,227158
39.485661,597121.566935,0.005000,step_80,2,0.080000,0.080000,0.080000,0.077075,0.077075,-0.192134,0.002348,0.002348,0.000000,227160
39.490661,597121.572048,0.005000,step_80,2,0.080000,0.080000,0.080000,0.075591,0.075591,0.084188,0.001882,0.001882,0.000000,227162
39.495661,597121.577204,0.005000,step_80,2,0.080000,0.080000,0.080000,0.077895,0.077895,0.299216,0.002496,0.002496,0.460833,227164
39.500661,597121.582314,0.005000,step_80,2,0.080000,0.080000,0.080000,0.072399,0.072399,0.322439,0.002009,0.002009,0.000000,227166
39.505661,597121.587416,0.005000,step_80,2,0.080000,0.080000,0.080000,0.080575,0.080575,0.511257,0.001494,0.001494,1.635160,227168
39.510662,597121.592518,0.005001,step_80,2,0.080000,0.080000,0.080000,0.075068,0.075068,0.559019,0.002142,0.002142,0.000000,227170
39.515661,597121.597628,0.005000,step_80,2,0.080000,0.080000,0.080000,0.076754,0.076754,0.360625,0.001606,0.001606,0.337238,227172
39.520662,597121.602746,0.005000,step_80,2,0.080000,0.080000,0.080000,0.080657,0.080657,0.370491,0.002046,0.002046,0.780617,227174
39.525662,597121.607856,0.005000,step_80,2,0.080000,0.080000,0.080000,0.082731,0.082731,0.468349,0.001513,0.001513,0.414817,227176
39.530662,597121.613013,0.005000,step_80,2,0.080000,0.080000,0.080000,0.079016,0.079016,0.428838,0.001950,0.001950,0.000000,227178
39.535661,597121.618131,0.004999,step_80,2,0.080000,0.080000,0.080000,0.074730,0.074730,0.453004,0.002493,0.002493,0.000000,227180
39.540663,597121.623247,0.005003,step_80,2,0.080000,0.080000,0.080000,0.083629,0.083629,0.474456,0.001947,0.001947,1.778899,227182
39.545662,597121.628361,0.004999,step_80,2,0.080000,0.080000,0.080000,0.072840,0.072840,0.433228,0.002435,0.002435,0.000000,227184
39.550661,597121.633477,0.004999,step_80,2,0.080000,0.080000,0.080000,0.079049,0.079049,0.305679,0.001816,0.001816,1.242046,227186
39.555663,597121.638565,0.005002,step_80,2,0.080000,0.080000,0.080000,0.077018,0.077018,0.126395,0.002377,0.002377,0.000000,227188
39.560661,597121.643705,0.004998,step_80,2,0.080000,0.080000,0.080000,0.082383,0.082383,0.197004,0.001835,0.001835,1.073516,227190
39.565662,597121.648805,0.005001,step_80,2,0.080000,0.080000,0.080000,0.075221,0.075221,0.284263,0.002271,0.002271,0.000000,227192
39.570661,597121.653934,0.004999,step_80,2,0.080000,0.080000,0.080000,0.082018,0.082018,0.163555,0.001619,0.001619,1.359530,227194
39.575661,597121.659110,0.005000,step_80,2,0.080000,0.080000,0.080000,0.080030,0.080030,0.135376,0.002195,0.002195,0.000000,227196
39.580661,597121.664218,0.005001,step_80,2,0.080000,0.080000,0.080000,0.078462,0.078462,0.331165,0.002583,0.002583,0.000000,227198
39.585661,597121.669326,0.005000,step_80,2,0.080000,0.080000,0.080000,0.082176,0.082176,0.430273,0.002050,0.002050,0.742775,227200
39.590661,597121.674433,0.005000,step_80,2,0.080000,0.080000,0.080000,0.074757,0.074757,0.430502,0.001565,0.001565,0.000000,227202
39.595661,597121.679573,0.005000,step_80,2,0.080000,0.080000,0.080000,0.077502,0.077502,0.392847,0.002107,0.002107,0.549168,227204
39.600661,597121.684729,0.005001,step_80,2,0.080000,0.080000,0.080000,0.069883,0.069883,0.329807,0.002498,0.002498,0.000000,227206
39.605662,597121.689886,0.005001,step_80,2,0.080000,0.080000,0.080000,0.082012,0.082012,0.313475,0.001993,0.001993,2.425293,227208
39.610661,597121.695035,0.004999,step_80,2,0.080000,0.080000,0.080000,0.077846,0.077846,0.293561,0.002579,0.002579,0.000000,227210
39.615661,597121.700140,0.005000,step_80,2,0.080000,0.080000,0.080000,0.084157,0.084157,0.320148,0.002073,0.002073,1.262219,227212
39.620661,597121.705241,0.005000,step_80,2,0.080000,0.080000,0.080000,0.074463,0.074463,0.496364,0.001548,0.001548,0.000000,227214
39.625661,597121.710338,0.005000,step_80,2,0.080000,0.080000,0.080000,0.078511,0.078511,0.748823,0.002158,0.002158,0.809765,227216
39.630662,597121.715495,0.005001,step_80,2,0.080000,0.080000,0.080000,0.084064,0.084064,0.795182,0.001685,0.001685,1.110177,227218
39.635662,597121.720609,0.005000,rest,2,0.000000,0.000000,0.000000,0.080307,0.080307,0.736528,0.002291,0.002291,0.000000,227220
39.640663,597121.725725,0.005001,rest,2,0.000000,0.000000,0.000000,0.076173,0.076173,0.707865,0.001798,0.001798,0.000000,227222
39.645661,597121.730824,0.004998,rest,2,0.000000,0.000000,0.000000,0.079685,0.079685,0.496136,0.002304,0.002304,0.702633,227224
39.650661,597121.735934,0.005000,rest,2,0.000000,0.000000,0.000000,0.077791,0.077791,0.215110,0.001782,0.001782,0.000000,227226
39.655662,597121.741041,0.005001,rest,2,0.000000,0.000000,0.000000,0.077791,0.077791,0.084502,0.002296,0.002296,0.000000,227228
39.660662,597121.746141,0.005000,rest,2,0.000000,0.000000,0.000000,0.080557,0.080557,0.014995,0.001797,0.001797,0.553320,227230
39.665676,597121.751253,0.005015,rest,2,0.000000,0.000000,0.000000,0.080557,0.080557,0.006388,0.002434,0.002434,0.000000,227232
39.670661,597121.756353,0.004984,rest,2,0.000000,0.000000,0.000000,0.072189,0.072189,0.145290,0.001889,0.001889,0.000000,227234
39.675662,597121.761461,0.005002,rest,2,0.000000,0.000000,0.000000,0.072189,0.072189,0.325150,0.002490,0.002490,0.000000,227236
39.680661,597121.766570,0.004999,rest,2,0.000000,0.000000,0.000000,0.063076,0.063076,0.376089,0.002002,0.002002,0.000000,227238
39.685662,597121.771680,0.005001,rest,2,0.000000,0.000000,0.000000,0.057583,0.057583,0.237754,0.001469,0.001469,0.000000,227240
39.690662,597121.776823,0.004999,rest,2,0.000000,0.000000,0.000000,0.057914,0.057914,-0.147695,0.002109,0.002109,0.066094,227242
39.700661,597121.781986,0.009999,rest,2,0.000000,0.000000,0.000000,0.037734,0.037734,-0.563827,0.002188,0.002188,0.000000,227246
39.705661,597121.787055,0.005000,rest,2,0.000000,0.000000,0.000000,0.035329,0.035329,-0.442087,0.001709,0.001709,0.000000,227248
39.710661,597121.792174,0.005000,rest,2,0.000000,0.000000,0.000000,0.030224,0.030224,-0.393430,0.002377,0.002377,0.000000,227250
39.715662,597121.797288,0.005000,rest,2,0.000000,0.000000,0.000000,0.025273,0.025273,-0.332106,0.001811,0.001811,0.000000,227252
39.720661,597121.802406,0.005000,rest,2,0.000000,0.000000,0.000000,0.019408,0.019408,-0.305135,0.002396,0.002396,0.000000,227254
39.725661,597121.807509,0.005000,rest,2,0.000000,0.000000,0.000000,0.017408,0.017408,-0.338063,0.001828,0.001828,0.000000,227256
39.730661,597121.812661,0.004999,rest,2,0.000000,0.000000,0.000000,0.009832,0.009832,-0.311452,0.002374,0.002374,0.000000,227258
39.735661,597121.817774,0.005000,rest,2,0.000000,0.000000,0.000000,0.005328,0.005328,-0.188804,0.001890,0.001890,0.000000,227260
39.740667,597121.822889,0.005006,rest,2,0.000000,0.000000,0.000000,0.002588,0.002588,-0.176832,0.002675,0.002675,0.000000,227262
39.745665,597121.827998,0.004998,rest,2,0.000000,0.000000,0.000000,-0.000565,-0.000565,-0.276457,0.002000,0.002000,0.000000,227264
39.750661,597121.833111,0.004995,rest,2,0.000000,0.000000,0.000000,-0.001299,-0.001299,-0.222670,0.002314,0.002314,0.000000,227266
39.755661,597121.838229,0.005001,rest,2,0.000000,0.000000,0.000000,-0.002042,-0.002042,0.037130,0.001768,0.001768,0.000000,227268
39.760661,597121.843379,0.005000,rest,2,0.000000,0.000000,0.000000,-0.002077,-0.002077,0.408286,0.002291,0.002291,0.000000,227270
39.765661,597121.848489,0.005000,rest,2,0.000000,0.000000,0.000000,-0.001014,-0.001014,0.615659,0.001534,0.001534,0.212607,227272
39.770661,597121.853641,0.005000,rest,2,0.000000,0.000000,0.000000,-0.000773,-0.000773,0.652748,0.002100,0.002100,0.048227,227274
39.775661,597121.858762,0.005000,rest,2,0.000000,0.000000,0.000000,0.000514,0.000514,0.572284,0.001685,0.001685,0.257462,227276
39.780661,597121.863883,0.005000,rest,2,0.000000,0.000000,0.000000,0.000604,0.000604,0.358008,0.002228,0.002228,0.017858,227278
39.785661,597121.869041,0.005000,rest,2,0.000000,0.000000,0.000000,0.000160,0.000160,0.174914,0.001689,0.001689,0.000000,227280
39.790662,597121.874157,0.005001,rest,2,0.000000,0.000000,0.000000,0.000555,0.000555,0.173603,0.002259,0.002259,0.078961,227282
39.795661,597121.879270,0.004999,rest,2,0.000000,0.000000,0.000000,0.000454,0.000454,0.264915,0.001422,0.001422,0.000000,227284
39.800661,597121.884387,0.005000,rest,2,0.000000,0.000000,0.000000,0.000454,0.000454,0.310771,0.001875,0.001875,0.000005,227286
39.805661,597121.889502,0.005001,rest,2,0.000000,0.000000,0.000000,-0.000257,-0.000257,0.309345,0.002484,0.002484,0.000000,227288
39.810661,597121.894640,0.005000,rest,2,0.000000,0.000000,0.000000,-0.000257,-0.000257,0.278104,0.001897,0.001897,0.000008,227290
39.815662,597121.899767,0.005001,rest,2,0.000000,0.000000,0.000000,-0.001975,-0.001975,0.260579,0.002381,0.002381,0.000000,227292
39.820662,597121.904898,0.005000,rest,2,0.000000,0.000000,0.000000,-0.001974,-0.001974,0.263896,0.001829,0.001829,0.000003,227294
39.825661,597121.910035,0.004999,rest,2,0.000000,0.000000,0.000000,-0.001773,-0.001773,0.264209,0.002210,0.002210,0.040397,227296
39.830661,597121.915164,0.005000,rest,2,0.000000,0.000000,0.000000,-0.000091,-0.000091,0.257564,0.001657,0.001657,0.336278,227298
39.835662,597121.920285,0.005000,rest,2,0.000000,0.000000,0.000000,-0.001428,-0.001428,0.346645,0.002165,0.002165,0.000000,227300
39.840662,597121.925398,0.005000,rest,2,0.000000,0.000000,0.000000,-0.001753,-0.001753,0.438560,0.001662,0.001662,0.000000,227302
39.845665,597121.930513,0.005003,rest,2,0.000000,0.000000,0.000000,-0.000846,-0.000846,0.441997,0.002186,0.002186,0.181190,227304
39.850661,597121.935633,0.004996,rest,2,0.000000,0.000000,0.000000,-0.000394,-0.000394,0.431455,0.001707,0.001707,0.090524,227306
39.855661,597121.940797,0.005000,rest,2,0.000000,0.000000,0.000000,-0.000360,-0.000360,0.418849,0.002247,0.002247,0.006830,227308
39.860660,597121.945960,0.005000,rest,2,0.000000,0.000000,0.000000,-0.001152,-0.001152,0.384295,0.002415,0.002415,0.000000,227310
39.865661,597121.951112,0.005000,rest,2,0.000000,0.000000,0.000000,-0.001175,-0.001175,0.302580,0.001837,0.001837,0.000000,227312
39.870660,597121.956227,0.005000,rest,2,0.000000,0.000000,0.000000,-0.001044,-0.001044,0.240659,0.002406,0.002406,0.026049,227314
39.875662,597121.961371,0.005001,rest,2,0.000000,0.000000,0.000000,-0.002346,-0.002346,0.231345,0.001976,0.001976,0.000000,227316
39.880661,597121.966480,0.004999,rest,2,0.000000,0.000000,0.000000,-0.000900,-0.000900,0.237231,0.001494,0.001494,0.289233,227318
39.885661,597121.971594,0.005000,rest,2,0.000000,0.000000,0.000000,-0.000031,-0.000031,0.221456,0.002106,0.002106,0.173775,227320
39.890662,597121.976697,0.005001,rest,2,0.000000,0.000000,0.000000,-0.000734,-0.000734,0.196124,0.001651,0.001651,0.000000,227322
39.900662,597121.981806,0.010000,rest,2,0.000000,0.000000,0.000000,0.000006,0.000006,0.341787,0.001803,0.001803,0.336709,227326
39.905663,597121.986924,0.005000,rest,2,0.000000,0.000000,0.000000,0.000422,0.000422,0.351797,0.002281,0.002281,0.083279,227328
39.910661,597121.992042,0.004999,rest,2,0.000000,0.000000,0.000000,-0.000826,-0.000826,0.345657,0.001738,0.001738,0.000000,227330
39.915661,597121.997150,0.005000,rest,2,0.000000,0.000000,0.000000,-0.001821,-0.001821,0.385064,0.002228,0.002228,0.000000,227332
39.920661,597122.002303,0.004999,rest,2,0.000000,0.000000,0.000000,0.000603,0.000603,0.412547,0.001687,0.001687,0.484773,227334
39.925661,597122.007494,0.005000,rest,2,0.000000,0.000000,0.000000,-0.001774,-0.001774,0.376402,0.002152,0.002152,0.000000,227336
39.930662,597122.012673,0.005001,rest,2,0.000000,0.000000,0.000000,-0.001774,-0.001774,0.345822,0.001684,0.001684,0.000007,227338
39.935661,597122.017782,0.005000,rest,2,0.000000,0.000000,0.000000,-0.000488,-0.000488,0.369412,0.002259,0.002259,0.257205,227340
39.935661,597122.022891,0.000001,rest,2,0.000000,0.000000,0.000000,-0.000488,-0.000488,0.369412,0.002259,0.002259,0.257205,227340
39.946447,597122.028036,0.010786,rest,2,0.000000,0.000000,0.000000,-0.001213,-0.001213,0.336597,0.003110,0.003110,0.000000,227344
39.950935,597122.033160,0.004488,rest,2,0.000000,0.000000,0.000000,0.000716,0.000716,0.334739,0.002020,0.002020,0.429793,227346
39.955662,597122.038271,0.004727,rest,2,0.000000,0.000000,0.000000,0.000716,0.000716,0.350454,0.002310,0.002310,0.000022,227348
39.960661,597122.043382,0.004999,rest,2,0.000000,0.000000,0.000000,0.000373,0.000373,0.363117,0.001807,0.001807,0.000000,227350
39.965666,597122.048554,0.005005,rest,2,0.000000,0.000000,0.000000,0.000373,0.000373,0.345185,0.002553,0.002553,0.000081,227352
39.970714,597122.053717,0.005048,rest,2,0.000000,0.000000,0.000000,0.001595,0.001595,0.298392,0.001470,0.001470,0.242088,227354
39.975666,597122.058835,0.004952,rest,2,0.000000,0.000000,0.000000,0.000907,0.000907,0.262724,0.001751,0.001751,0.000000,227356
39.980666,597122.064038,0.004999,rest,2,0.000000,0.000000,0.000000,-0.000677,-0.000677,0.249166,0.002342,0.002342,0.000000,227358
39.985714,597122.069140,0.005048,rest,2,0.000000,0.000000,0.000000,-0.001343,-0.001343,0.278114,0.001909,0.001909,0.000000,227360
39.990661,597122.074256,0.004947,rest,2,0.000000,0.000000,0.000000,-0.000202,-0.000202,0.300381,0.002374,0.002374,0.230734,227362
39.995662,597122.079377,0.005001,rest,2,0.000000,0.000000,0.000000,0.000159,0.000159,0.308640,0.001905,0.001905,0.072092,227364
40.000665,597122.084490,0.005003,rest,2,0.000000,0.000000,0.000000,0.000303,0.000303,0.351819,0.001527,0.001527,0.028781,227366
40.005665,597122.089650,0.005000,rest,2,0.000000,0.000000,0.000000,-0.000928,-0.000928,0.425513,0.002085,0.002085,0.000000,227368
40.010662,597122.094768,0.004997,rest,2,0.000000,0.000000,0.000000,-0.000960,-0.000960,0.450796,0.001611,0.001611,0.000000,227370
40.015661,597122.099923,0.005000,rest,2,0.000000,0.000000,0.000000,-0.001321,-0.001321,0.404773,0.002266,0.002266,0.000000,227372
40.020661,597122.105043,0.004999,rest,2,0.000000,0.000000,0.000000,0.000852,0.000852,0.367705,0.001774,0.001774,0.434501,227374
40.025661,597122.110148,0.005000,rest,2,0.000000,0.000000,0.000000,0.000185,0.000185,0.359809,0.002436,0.002436,0.000000,227376
40.030661,597122.115247,0.005000,rest,2,0.000000,0.000000,0.000000,0.000819,0.000819,0.337490,0.001775,0.001775,0.126888,227378
40.035661,597122.120350,0.005000,rest,2,0.000000,0.000000,0.000000,-0.000375,-0.000375,0.322725,0.002272,0.002272,0.000000,227380
40.040661,597122.125493,0.005000,rest,2,0.000000,0.000000,0.000000,-0.001711,-0.001711,0.314185,0.001664,0.001664,0.000000,227382
40.045661,597122.130626,0.005000,rest,2,0.000000,0.000000,0.000000,-0.002495,-0.002495,0.293067,0.002200,0.002200,0.000000,227384
40.050661,597122.135778,0.005000,rest,2,0.000000,0.000000,0.000000,-0.001532,-0.001532,0.252671,0.001680,0.001680,0.192476,227386
40.055661,597122.140940,0.005000,rest,2,0.000000,0.000000,0.000000,-0.000546,-0.000546,0.229481,0.002230,0.002230,0.197274,227388
40.060661,597122.146033,0.005000,rest,2,0.000000,0.000000,0.000000,-0.000588,-0.000588,0.273676,0.001637,0.001637,0.000000,227390
40.065680,597122.151129,0.005019,rest,2,0.000000,0.000000,0.000000,-0.001252,-0.001252,0.311213,0.002262,0.002262,0.000000,227392
40.070661,597122.156238,0.004981,rest,2,0.000000,0.000000,0.000000,-0.000445,-0.000445,0.359679,0.001429,0.001429,0.162101,227394
40.075662,597122.161352,0.005001,rest,2,0.000000,0.000000,0.000000,-0.001909,-0.001909,0.425473,0.001953,0.001953,0.000000,227396
40.080661,597122.166452,0.004999,rest,2,0.000000,0.000000,0.000000,-0.001277,-0.001277,0.453498,0.002297,0.002297,0.126372,227398
40.085663,597122.171586,0.005002,rest,2,0.000000,0.000000,0.000000,0.000049,0.000049,0.416859,0.001448,0.001448,0.265122,227400
40.090661,597122.176681,0.004998,rest,2,0.000000,0.000000,0.000000,-0.001383,-0.001383,0.347271,0.001969,0.001969,0.000000,227402
40.100661,597122.181775,0.010000,rest,2,0.000000,0.000000,0.000000,-0.000573,-0.000573,0.331113,0.001561,0.001561,0.282635,227406
40.105662,597122.186873,0.005001,rest,2,0.000000,0.000000,0.000000,-0.000204,-0.000204,0.280275,0.002095,0.002095,0.073618,227408
40.110661,597122.191982,0.004999,rest,2,0.000000,0.000000,0.000000,0.000311,0.000311,0.270532,0.002421,0.002421,0.103020,227410
40.115661,597122.197037,0.005000,rest,2,0.000000,0.000000,0.000000,-0.001512,-0.001512,0.335705,0.001817,0.001817,0.000000,227412
40.120661,597122.202137,0.005000,rest,2,0.000000,0.000000,0.000000,-0.000108,-0.000108,0.403196,0.002418,0.002418,0.280660,227414
40.125668,597122.207236,0.005006,rest,2,0.000000,0.000000,0.000000,-0.001050,-0.001050,0.415113,0.001959,0.001959,0.000000,227416
40.130661,597122.212330,0.004993,rest,2,0.000000,0.000000,0.000000,-0.000484,-0.000484,0.402542,0.001498,0.001498,0.113391,227418
40.135661,597122.217465,0.005000,rest,2,0.000000,0.000000,0.000000,0.000039,0.000039,0.364903,0.002125,0.002125,0.104572,227420
40.140661,597122.222616,0.005000,step_80,2,-0.080000,-0.080000,-0.080000,0.000040,0.000040,0.339744,0.001691,0.001691,0.000049,227422
40.145661,597122.227768,0.005000,step_80,2,-0.080000,-0.080000,-0.080000,0.000110,0.000110,0.363795,0.002305,0.002305,0.014055,227424
40.150661,597122.232916,0.005000,step_80,2,-0.080000,-0.080000,-0.080000,0.000110,0.000110,0.397446,0.001448,0.001448,0.000000,227426
40.155661,597122.238033,0.005000,step_80,2,-0.080000,-0.080000,-0.080000,0.000145,0.000145,0.411172,0.001875,0.001875,0.007041,227428
40.160661,597122.243144,0.005000,step_80,2,-0.080000,-0.080000,-0.080000,0.000993,0.000993,0.384031,0.002290,0.002290,0.169591,227430
40.165661,597122.248254,0.005000,step_80,2,-0.080000,-0.080000,-0.080000,-0.000376,-0.000376,0.326477,0.001431,0.001431,0.000000,227432
40.170661,597122.253362,0.005000,step_80,2,-0.080000,-0.080000,-0.080000,-0.000236,-0.000236,0.293453,0.001878,0.001878,0.028011,227434
40.175661,597122.258462,0.005000,step_80,2,-0.080000,-0.080000,-0.080000,-0.005887,-0.005887,0.318450,0.002320,0.002320,0.000000,227436
40.180661,597122.263571,0.005000,step_80,2,-0.080000,-0.080000,-0.080000,-0.014319,-0.014319,0.320263,0.001480,0.001480,0.000000,227438
40.185661,597122.268673,0.005000,step_80,2,-0.080000,-0.080000,-0.080000,-0.015294,-0.015294,0.197013,0.002002,0.002002,0.000000,227440
40.190661,597122.273770,0.005000,step_80,2,-0.080000,-0.080000,-0.080000,-0.024287,-0.024287,-0.104846,0.002392,0.002392,0.000000,227442
40.195661,597122.278866,0.004999,step_80,2,-0.080000,-0.080000,-0.080000,-0.022219,-0.022219,-0.464202,0.001814,0.001814,0.413636,227444
40.200661,597122.283965,0.005001,step_80,2,-0.080000,-0.080000,-0.080000,-0.029628,-0.029628,-0.493036,0.002341,0.002341,0.000000,227446
40.205663,597122.289051,0.005001,step_80,2,-0.080000,-0.080000,-0.080000,-0.037814,-0.037814,-0.277093,0.001913,0.001913,0.000000,227448
40.210663,597122.294160,0.005000,step_80,2,-0.080000,-0.080000,-0.080000,-0.044339,-0.044339,-0.145099,0.001507,0.001507,0.000000,227450
40.215661,597122.299260,0.004998,step_80,2,-0.080000,-0.080000,-0.080000,-0.047863,-0.047863,-0.139245,0.002072,0.002072,0.000000,227452
40.220661,597122.304360,0.005000,step_80,2,-0.080000,-0.080000,-0.080000,-0.053239,-0.053239,-0.285720,0.001594,0.001594,0.000000,227454
40.225662,597122.309463,0.005001,step_80,2,-0.080000,-0.080000,-0.080000,-0.059515,-0.059515,-0.534113,0.002230,0.002230,0.000000,227456
40.230662,597122.314558,0.005000,step_80,2,-0.080000,-0.080000,-0.080000,-0.064182,-0.064182,-0.733129,0.001758,0.001758,0.000000,227458
40.235661,597122.319655,0.005000,step_80,2,-0.080000,-0.080000,-0.080000,-0.074765,-0.074765,-0.642632,0.002438,0.002438,0.000000,227460
40.240661,597122.324784,0.005000,step_80,2,-0.080000,-0.080000,-0.080000,-0.081362,-0.081362,-0.404625,0.001869,0.001869,0.000000,227462
40.245661,597122.329885,0.005000,step_80,2,-0.080000,-0.080000,-0.080000,-0.086079,-0.086079,-0.370230,0.002256,0.002256,0.000000,227464
40.250661,597122.334998,0.005000,step_80,2,-0.080000,-0.080000,-0.080000,-0.089281,-0.089281,-0.341907,0.001394,0.001394,0.000000,227466
40.255661,597122.340123,0.005000,step_80,2,-0.080000,-0.080000,-0.080000,-0.089281,-0.089281,-0.110195,0.001892,0.001892,0.000151,227468
40.260661,597122.345268,0.005000,step_80,2,-0.080000,-0.080000,-0.080000,-0.082679,-0.082679,0.315503,0.002115,0.002115,1.320287,227470
40.265662,597122.350388,0.005001,step_80,2,-0.080000,-0.080000,-0.080000,-0.088501,-0.088501,0.668138,0.001592,0.001592,0.000000,227472
40.270662,597122.355504,0.005000,step_80,2,-0.080000,-0.080000,-0.080000,-0.088499,-0.088499,0.790624,0.002213,0.002213,0.000290,227474
40.275661,597122.360622,0.005000,step_80,2,-0.080000,-0.080000,-0.080000,-0.083812,-0.083812,0.780766,0.001776,0.001776,0.937474,227476
40.280662,597122.365754,0.005001,step_80,2,-0.080000,-0.080000,-0.080000,-0.083809,-0.083809,0.540681,0.002370,0.002370,0.000518,227478
40.285663,597122.370904,0.005001,step_80,2,-0.080000,-0.080000,-0.080000,-0.085877,-0.085877,0.265438,0.001889,0.001889,0.000000,227480
40.290662,597122.376009,0.004999,step_80,2,-0.080000,-0.080000,-0.080000,-0.078659,-0.078659,0.250008,0.001437,0.001437,1.443860,227482
40.295662,597122.381116,0.005000,step_80,2,-0.080000,-0.080000,-0.080000,-0.078658,-0.078658,0.377472,0.002052,0.002052,0.000194,227484
40.300661,597122.386218,0.004999,step_80,2,-0.080000,-0.080000,-0.080000,-0.077887,-0.077887,0.493884,0.001556,0.001556,0.154297,227486
40.305661,597122.391332,0.005000,step_80,2,-0.080000,-0.080000,-0.080000,-0.080963,-0.080963,0.475306,0.002160,0.002160,0.000000,227488
40.310663,597122.396430,0.005002,step_80,2,-0.080000,-0.080000,-0.080000,-0.079379,-0.079379,0.374421,0.001739,0.001739,0.316674,227490
40.315661,597122.401524,0.004998,step_80,2,-0.080000,-0.080000,-0.080000,-0.073301,-0.073301,0.296404,0.002398,0.002398,1.216126,227492
40.320661,597122.406644,0.005000,step_80,2,-0.080000,-0.080000,-0.080000,-0.081353,-0.081353,0.333960,0.001939,0.001939,0.000000,227494
40.325662,597122.411793,0.005001,step_80,2,-0.080000,-0.080000,-0.080000,-0.083406,-0.083406,0.397264,0.001477,0.001477,0.000000,227496
40.330662,597122.416932,0.005000,step_80,2,-0.080000,-0.080000,-0.080000,-0.078876,-0.078876,0.425430,0.002074,0.002074,0.905876,227498
40.340662,597122.422090,0.010000,step_80,2,-0.080000,-0.080000,-0.080000,-0.080694,-0.080694,0.411767,0.002268,0.002268,0.609464,227502
40.345661,597122.427200,0.004998,step_80,2,-0.080000,-0.080000,-0.080000,-0.071556,-0.071556,0.338471,0.001779,0.001779,1.828182,227504
40.350661,597122.432313,0.005000,step_80,2,-0.080000,-0.080000,-0.080000,-0.082138,-0.082138,0.361309,0.002441,0.002441,0.000000,227506
40.355661,597122.437425,0.005000,step_80,2,-0.080000,-0.080000,-0.080000,-0.079905,-0.079905,0.195448,0.002004,0.002004,0.446589,227508
40.360661,597122.442592,0.005000,step_80,2,-0.080000,-0.080000,-0.080000,-0.075322,-0.075322,0.120856,0.001577,0.001577,0.916680,227510
40.365662,597122.447706,0.005001,step_80,2,-0.080000,-0.080000,-0.080000,-0.079885,-0.079885,0.303344,0.002210,0.002210,0.000000,227512
40.370661,597122.452820,0.004999,step_80,2,-0.080000,-0.080000,-0.080000,-0.080933,-0.080933,0.454541,0.001717,0.001717,0.000000,227514
40.375661,597122.457960,0.005000,step_80,2,-0.080000,-0.080000,-0.080000,-0.086615,-0.086615,0.521251,0.002311,0.002311,0.000000,227516
40.380661,597122.463099,0.005000,step_80,2,-0.080000,-0.080000,-0.080000,-0.078919,-0.078919,0.589401,0.001698,0.001698,1.539190,227518
40.385661,597122.468204,0.005000,step_80,2,-0.080000,-0.080000,-0.080000,-0.079925,-0.079925,0.333931,0.002158,0.002158,0.000000,227520
40.390661,597122.473302,0.005001,step_80,2,-0.080000,-0.080000,-0.080000,-0.079925,-0.079925,-0.086430,0.001621,0.001621,0.000184,227522
40.395661,597122.478411,0.005000,step_80,2,-0.080000,-0.080000,-0.080000,-0.075146,-0.075146,-0.255055,0.002111,0.002111,0.955741,227524
40.400661,597122.483530,0.004999,step_80,2,-0.080000,-0.080000,-0.080000,-0.074789,-0.074789,-0.085557,0.002329,0.002329,0.071356,227526
40.405661,597122.488674,0.005001,step_80,2,-0.080000,-0.080000,-0.080000,-0.082069,-0.082069,0.216030,0.001503,0.001503,0.000000,227528
40.410661,597122.493786,0.005000,step_80,2,-0.080000,-0.080000,-0.080000,-0.078086,-0.078086,0.426198,0.002054,0.002054,0.796800,227530
40.415661,597122.498938,0.005000,step_80,2,-0.080000,-0.080000,-0.080000,-0.083978,-0.083978,0.574609,0.002401,0.002401,0.000000,227532
40.420661,597122.504117,0.005000,step_80,2,-0.080000,-0.080000,-0.080000,-0.073234,-0.073234,0.651198,0.001820,0.001820,2.148958,227534
40.425662,597122.509226,0.005001,step_80,2,-0.080000,-0.080000,-0.080000,-0.078230,-0.078230,0.638386,0.002233,0.002233,0.000000,227536
40.431729,597122.514375,0.006068,step_80,2,-0.080000,-0.080000,-0.080000,-0.082838,-0.082838,0.496933,0.002828,0.002828,0.000000,227538
40.436299,597122.519512,0.004570,step_80,2,-0.080000,-0.080000,-0.080000,-0.078508,-0.078508,0.326630,0.003006,0.003006,0.947480,227540
40.440717,597122.524646,0.004418,step_80,2,-0.080000,-0.080000,-0.080000,-0.078097,-0.078097,0.334057,0.001845,0.001845,0.092949,227542
40.445662,597122.529785,0.004945,step_80,2,-0.080000,-0.080000,-0.080000,-0.084015,-0.084015,0.473238,0.002382,0.002382,0.000000,227544
40.450661,597122.534940,0.004999,step_80,2,-0.080000,-0.080000,-0.080000,-0.078865,-0.078865,0.425743,0.001834,0.001834,1.030162,227546
40.455663,597122.540052,0.005002,step_80,2,-0.080000,-0.080000,-0.080000,-0.082919,-0.082919,0.395463,0.002372,0.002372,0.000000,227548
40.460663,597122.545191,0.005000,step_80,2,-0.080000,-0.080000,-0.080000,-0.076520,-0.076520,0.492296,0.001897,0.001897,1.279710,227550
40.465662,597122.550300,0.005000,step_80,2,-0.080000,-0.080000,-0.080000,-0.080005,-0.080005,0.463791,0.002388,0.002388,0.000000,227552
40.470661,597122.555416,0.004999,step_80,2,-0.080000,-0.080000,-0.080000,-0.078184,-0.078184,0.380586,0.001780,0.001780,0.364256,227554
40.475662,597122.560534,0.005000,step_80,2,-0.080000,-0.080000,-0.080000,-0.082361,-0.082361,0.299978,0.002298,0.002298,0.000000,227556
40.480662,597122.565635,0.005000,step_80,2,-0.080000,-0.080000,-0.080000,-0.077731,-0.077731,0.278861,0.001639,0.001639,0.925995,227558
40.485662,597122.570795,0.005000,step_80,2,-0.080000,-0.080000,-0.080000,-0.074307,-0.074307,0.397251,0.002079,0.002079,0.684802,227560
40.490663,597122.575947,0.005001,step_80,2,-0.080000,-0.080000,-0.080000,-0.082478,-0.082478,0.520260,0.001553,0.001553,0.000000,227562
40.495661,597122.581047,0.004998,step_80,2,-0.080000,-0.080000,-0.080000,-0.080572,-0.080572,0.525507,0.002028,0.002028,0.381346,227564
40.500661,597122.586150,0.005000,step_80,2,-0.080000,-0.080000,-0.080000,-0.075198,-0.075198,0.485227,0.001478,0.001478,1.074783,227566
40.505661,597122.591259,0.005000,step_80,2,-0.080000,-0.080000,-0.080000,-0.077190,-0.077190,0.482064,0.001942,0.001942,0.000000,227568
40.510661,597122.596400,0.005000,step_80,2,-0.080000,-0.080000,-0.080000,-0.082902,-0.082902,0.342201,0.001406,0.001406,0.000000,227570
40.515662,597122.601544,0.005001,step_80,2,-0.080000,-0.080000,-0.080000,-0.071342,-0.071342,0.115323,0.001942,0.001942,2.311762,227572
40.520661,597122.606692,0.004999,step_80,2,-0.080000,-0.080000,-0.080000,-0.076745,-0.076745,0.180246,0.001425,0.001425,0.000000,227574
40.530661,597122.611833,0.010000,step_80,2,-0.080000,-0.080000,-0.080000,-0.080581,-0.080581,0.546027,0.001435,0.001435,0.427042,227578
40.535661,597122.616964,0.005000,step_80,2,-0.080000,-0.080000,-0.080000,-0.076445,-0.076445,0.578121,0.001955,0.001955,0.827296,227580
40.540661,597122.622131,0.005000,step_80,2,-0.080000,-0.080000,-0.080000,-0.078368,-0.078368,0.532907,0.001440,0.001440,0.000000,227582
40.545661,597122.627290,0.005000,step_80,2,-0.080000,-0.080000,-0.080000,-0.079971,-0.079971,0.416640,0.001908,0.001908,0.000000,227584
40.550662,597122.632459,0.005001,step_80,2,-0.080000,-0.080000,-0.080000,-0.079972,-0.079972,0.351590,0.002491,0.002491,0.000000,227586
40.555661,597122.637656,0.004999,step_80,2,-0.080000,-0.080000,-0.080000,-0.071654,-0.071654,0.357327,0.001889,0.001889,1.663880,227588
40.560662,597122.642935,0.005001,step_80,2,-0.080000,-0.080000,-0.080000,-0.082421,-0.082421,0.426248,0.002448,0.002448,0.000000,227590
40.565662,597122.648191,0.005000,step_80,2,-0.080000,-0.080000,-0.080000,-0.077513,-0.077513,0.477624,0.001899,0.001899,0.981629,227592
40.570661,597122.653357,0.004999,step_80,2,-0.080000,-0.080000,-0.080000,-0.078927,-0.078927,0.398342,0.001361,0.001361,0.000000,227594
40.575662,597122.658556,0.005001,step_80,2,-0.080000,-0.080000,-0.080000,-0.078611,-0.078611,0.381754,0.001883,0.001883,0.063233,227596
40.580661,597122.663836,0.005000,step_80,2,-0.080000,-0.080000,-0.080000,-0.079245,-0.079245,0.467794,0.002435,0.002435,0.000000,227598
40.585661,597122.669110,0.005000,step_80,2,-0.080000,-0.080000,-0.080000,-0.079062,-0.079062,0.507885,0.001851,0.001851,0.036516,227600
40.590662,597122.674339,0.005001,step_80,2,-0.080000,-0.080000,-0.080000,-0.078057,-0.078057,0.548588,0.002391,0.002391,0.201033,227602
40.595662,597122.679504,0.004999,step_80,2,-0.080000,-0.080000,-0.080000,-0.083075,-0.083075,0.631970,0.001889,0.001889,0.000000,227604
40.600661,597122.684639,0.005000,step_80,2,-0.080000,-0.080000,-0.080000,-0.080242,-0.080242,0.680771,0.002454,0.002454,0.566682,227606
40.605661,597122.689821,0.005000,step_80,2,-0.080000,-0.080000,-0.080000,-0.078168,-0.078168,0.623041,0.001838,0.001838,0.414865,227608
40.610662,597122.695101,0.005001,step_80,2,-0.080000,-0.080000,-0.080000,-0.084645,-0.084645,0.540772,0.002367,0.002367,0.000000,227610
40.615661,597122.700267,0.004998,step_80,2,-0.080000,-0.080000,-0.080000,-0.077898,-0.077898,0.500692,0.001715,0.001715,1.349755,227612
40.620661,597122.705433,0.005000,step_80,2,-0.080000,-0.080000,-0.080000,-0.072032,-0.072032,0.471376,0.002267,0.002267,1.173265,227614
40.625661,597122.710634,0.005000,step_80,2,-0.080000,-0.080000,-0.080000,-0.077294,-0.077294,0.446740,0.001591,0.001591,0.000000,227616
40.630661,597122.715896,0.005000,step_80,2,-0.080000,-0.080000,-0.080000,-0.080133,-0.080133,0.321930,0.002186,0.002186,0.000000,227618
40.635661,597122.721108,0.005001,step_80,2,-0.080000,-0.080000,-0.080000,-0.077072,-0.077072,0.199527,0.002405,0.002405,0.612277,227620
40.640661,597122.726274,0.005000,step_80,2,-0.080000,-0.080000,-0.080000,-0.080670,-0.080670,0.168580,0.001631,0.001631,0.000000,227622
40.645661,597122.731440,0.005000,step_80,2,-0.080000,-0.080000,-0.080000,-0.078795,-0.078795,0.239149,0.002220,0.002220,0.374986,227624
40.650661,597122.736605,0.005000,step_80,2,-0.080000,-0.080000,-0.080000,-0.086661,-0.086661,0.361445,0.002442,0.002442,0.000000,227626
40.655661,597122.741859,0.005000,step_80,2,-0.080000,-0.080000,-0.080000,-0.088091,-0.088091,0.516886,0.001823,0.001823,0.000000,227628
40.661376,597122.747077,0.005715,step_80,2,-0.080000,-0.080000,-0.080000,-0.076991,-0.076991,0.711204,0.002909,0.002909,1.942212,227630
40.667087,597122.752166,0.005711,step_80,2,-0.080000,-0.080000,-0.080000,-0.081458,-0.081458,0.643462,0.003114,0.003114,0.000000,227632
40.672668,597122.757318,0.005580,step_80,2,-0.080000,-0.080000,-0.080000,-0.077454,-0.077454,0.321524,0.003331,0.003331,0.717457,227634
40.678531,597122.762446,0.005864,step_80,2,-0.080000,-0.080000,-0.080000,-0.076476,-0.076476,0.089152,0.004817,0.004817,0.166943,227636
40.684277,597122.767590,0.005746,step_80,2,-0.080000,-0.080000,-0.080000,-0.082175,-0.082175,0.159628,0.000398,0.000398,0.000000,227638
40.689104,597122.772712,0.004827,step_80,2,-0.080000,-0.080000,-0.080000,-0.084346,-0.084346,0.473197,0.000815,0.000815,0.000000,227640
40.693533,597122.777837,0.004430,step_80,2,-0.080000,-0.080000,-0.080000,-0.084346,-0.084346,0.752092,0.005179,0.005179,0.000000,227642
40.697801,597122.782973,0.004267,step_80,2,-0.080000,-0.080000,-0.080000,-0.076231,-0.076231,0.812957,0.004062,0.004062,1.901630,227644
40.706593,597122.788206,0.008793,step_80,2,-0.080000,-0.080000,-0.080000,-0.076820,-0.076820,0.693321,0.001958,0.001958,1.959867,227648
40.711050,597122.793309,0.004457,step_80,2,-0.080000,-0.080000,-0.080000,-0.073401,-0.073401,0.493601,0.000972,0.000972,0.767091,227650
40.715675,597122.798486,0.004625,step_80,2,-0.080000,-0.080000,-0.080000,-0.072720,-0.072720,0.356899,0.001146,0.001146,0.147249,227652
40.720661,597122.803640,0.004985,step_80,2,-0.080000,-0.080000,-0.080000,-0.075447,-0.075447,0.281405,0.001403,0.001403,0.000000,227654
40.725661,597122.808768,0.005000,step_80,2,-0.080000,-0.080000,-0.080000,-0.075447,-0.075447,0.222082,0.006337,0.006337,0.000000,227656
40.730661,597122.813894,0.005000,step_80,2,-0.080000,-0.080000,-0.080000,-0.081416,-0.081416,0.217783,0.001160,0.001160,0.000000,227658
40.735661,597122.819028,0.005001,step_80,2,-0.080000,-0.080000,-0.080000,-0.079686,-0.079686,0.279783,0.001590,0.001590,0.345970,227660
40.740661,597122.824162,0.005000,step_80,2,-0.080000,-0.080000,-0.080000,-0.078255,-0.078255,0.325152,0.001031,0.001031,0.286161,227662
40.745661,597122.829277,0.005000,step_80,2,-0.080000,-0.080000,-0.080000,-0.082853,-0.082853,0.497084,0.001405,0.001405,0.000000,227664
40.750664,597122.834402,0.005003,step_80,2,-0.080000,-0.080000,-0.080000,-0.082853,-0.082853,0.757985,0.006371,0.006371,0.000000,227666
40.755662,597122.839564,0.004998,step_80,2,-0.080000,-0.080000,-0.080000,-0.070545,-0.070545,0.880657,0.004806,0.004806,2.462420,227668
40.760661,597122.844677,0.004999,step_80,2,-0.080000,-0.080000,-0.080000,-0.082323,-0.082323,0.735938,0.001185,0.001185,0.000000,227670
40.765661,597122.849901,0.005001,step_80,2,-0.080000,-0.080000,-0.080000,-0.082323,-0.082323,0.465240,0.006112,0.006112,0.000000,227672
40.770661,597122.855037,0.005000,step_80,2,-0.080000,-0.080000,-0.080000,-0.081388,-0.081388,0.383473,0.001200,0.001200,0.186981,227674
40.775662,597122.860133,0.005001,step_80,2,-0.080000,-0.080000,-0.080000,-0.081388,-0.081388,0.397972,0.006163,0.006163,0.000000,227676
40.780661,597122.865258,0.004999,step_80,2,-0.080000,-0.080000,-0.080000,-0.075093,-0.075093,0.523878,0.001367,0.001367,1.259201,227678
40.785662,597122.870383,0.005001,step_80,2,-0.080000,-0.080000,-0.080000,-0.075093,-0.075093,0.706550,0.006296,0.006296,0.000000,227680
40.790664,597122.875501,0.005002,step_80,2,-0.080000,-0.080000,-0.080000,-0.073949,-0.073949,0.839835,0.004857,0.004857,0.228664,227682
40.795661,597122.880649,0.004997,step_80,2,-0.080000,-0.080000,-0.080000,-0.081570,-0.081570,0.818462,0.001305,0.001305,0.000000,227684
40.800661,597122.885773,0.005000,step_80,2,-0.080000,-0.080000,-0.080000,-0.081570,-0.081570,0.678078,0.006218,0.006218,0.000000,227686
40.805662,597122.890889,0.005001,step_80,2,-0.080000,-0.080000,-0.080000,-0.074456,-0.074456,0.558117,0.001431,0.001431,1.422614,227688
40.810662,597122.896035,0.004999,step_80,2,-0.080000,-0.080000,-0.080000,-0.083474,-0.083474,0.431412,0.000860,0.000860,0.000000,227690
40.815662,597122.901184,0.005000,step_80,2,-0.080000,-0.080000,-0.080000,-0.080166,-0.080166,0.376712,0.001451,0.001451,0.661633,227692
40.820662,597122.906306,0.005000,step_80,2,-0.080000,-0.080000,-0.080000,-0.080166,-0.080166,0.375851,0.006372,0.006372,0.000000,227694
40.825661,597122.911473,0.005000,step_80,2,-0.080000,-0.080000,-0.080000,-0.077447,-0.077447,0.385549,0.001424,0.001424,0.543839,227696
40.835662,597122.916588,0.010001,step_80,2,-0.080000,-0.080000,-0.080000,-0.082470,-0.082470,0.468091,0.001229,0.001229,0.000000,227700
40.840663,597122.921797,0.005001,step_80,2,-0.080000,-0.080000,-0.080000,-0.082470,-0.082470,0.562247,0.006176,0.006176,0.000000,227702
40.845661,597122.926944,0.004998,step_80,2,-0.080000,-0.080000,-0.080000,-0.076628,-0.076628,0.629913,0.001429,0.001429,1.168618,227704
40.850661,597122.932067,0.005000,step_80,2,-0.080000,-0.080000,-0.080000,-0.076628,-0.076628,0.684083,0.006393,0.006393,0.000000,227706
40.850661,597122.937189,0.000001,step_80,2,-0.080000,-0.080000,-0.080000,-0.076628,-0.076628,0.684083,0.006393,0.006393,0.000000,227706
40.855661,597122.942313,0.005000,step_80,2,-0.080000,-0.080000,-0.080000,-0.080135,-0.080135,0.625820,0.001230,0.001230,0.000000,227708
40.861378,597122.947431,0.005716,step_80,2,-0.080000,-0.080000,-0.080000,-0.088546,-0.088546,0.408006,0.001596,0.001596,0.000000,227710
40.867493,597122.952589,0.006115,step_80,2,-0.080000,-0.080000,-0.080000,-0.079295,-0.079295,0.295626,0.001560,0.001560,1.512873,227712
40.876623,597122.957830,0.009130,step_80,2,-0.080000,-0.080000,-0.080000,-0.075305,-0.075305,0.481881,0.001628,0.001628,0.000000,227716
40.880941,597122.963079,0.004318,step_80,2,-0.080000,-0.080000,-0.080000,-0.082848,-0.082848,0.484767,0.001497,0.001497,0.000000,227718
40.885661,597122.968344,0.004721,step_80,2,-0.080000,-0.080000,-0.080000,-0.079741,-0.079741,0.396697,0.000748,0.000748,0.658205,227720
40.890661,597122.973509,0.005000,step_80,2,-0.080000,-0.080000,-0.080000,-0.078693,-0.078693,0.367292,0.001360,0.001360,0.209546,227722
40.895663,597122.978607,0.005002,step_80,2,-0.080000,-0.080000,-0.080000,-0.078693,-0.078693,0.415327,0.006318,0.006318,0.000000,227724
40.900661,597122.983791,0.004998,step_80,2,-0.080000,-0.080000,-0.080000,-0.080581,-0.080581,0.603692,0.001367,0.001367,0.000000,227726
40.905663,597122.988949,0.005003,step_80,2,-0.080000,-0.080000,-0.080000,-0.080581,-0.080581,0.863559,0.006307,0.006307,0.000000,227728
40.910662,597122.994145,0.004998,step_80,2,-0.080000,-0.080000,-0.080000,-0.078762,-0.078762,0.703918,0.001451,0.001451,0.363980,227730
40.915661,597122.999304,0.005000,step_80,2,-0.080000,-0.080000,-0.080000,-0.081294,-0.081294,0.331535,0.000952,0.000952,0.000000,227732
40.920661,597123.004429,0.005000,step_80,2,-0.080000,-0.080000,-0.080000,-0.081294,-0.081294,0.142806,0.005890,0.005890,0.000000,227734
40.925667,597123.009553,0.005006,step_80,2,-0.080000,-0.080000,-0.080000,-0.086774,-0.086774,0.261037,0.001687,0.001687,0.000000,227736
40.930661,597123.014706,0.004994,step_80,2,-0.080000,-0.080000,-0.080000,-0.084914,-0.084914,0.509779,0.000876,0.000876,0.372556,227738
40.935661,597123.019831,0.005000,step_80,2,-0.080000,-0.080000,-0.080000,-0.077871,-0.077871,0.586207,0.001353,0.001353,1.408529,227740
40.940663,597123.025008,0.005002,step_80,2,-0.080000,-0.080000,-0.080000,-0.077871,-0.077871,0.600727,0.006306,0.006306,0.000000,227742
40.945662,597123.030134,0.004999,step_80,2,-0.080000,-0.080000,-0.080000,-0.081022,-0.081022,0.631018,0.001405,0.001405,0.000000,227744
40.950663,597123.035252,0.005001,step_80,2,-0.080000,-0.080000,-0.080000,-0.081022,-0.081022,0.669345,0.006363,0.006363,0.000000,227746
40.955662,597123.040367,0.004999,step_80,2,-0.080000,-0.080000,-0.080000,-0.074637,-0.074637,0.695352,0.001476,0.001476,1.277197,227748
40.960662,597123.045487,0.005001,step_80,2,-0.080000,-0.080000,-0.080000,-0.074637,-0.074637,0.715083,0.006407,0.006407,0.000000,227750
40.965661,597123.050593,0.004999,step_80,2,-0.080000,-0.080000,-0.080000,-0.079531,-0.079531,0.595412,0.001338,0.001338,0.000000,227752
40.970661,597123.055727,0.005000,step_80,2,-0.080000,-0.080000,-0.080000,-0.079531,-0.079531,0.404710,0.006256,0.006256,0.000000,227754
40.975662,597123.060930,0.005001,step_80,2,-0.080000,-0.080000,-0.080000,-0.080055,-0.080055,0.400455,0.001436,0.001436,0.000000,227756
40.980662,597123.066095,0.005000,step_80,2,-0.080000,-0.080000,-0.080000,-0.080055,-0.080055,0.491198,0.006383,0.006383,0.000000,227758
40.985661,597123.071212,0.004999,step_80,2,-0.080000,-0.080000,-0.080000,-0.075907,-0.075907,0.547234,0.001291,0.001291,0.829851,227760
40.990662,597123.076332,0.005001,step_80,2,-0.080000,-0.080000,-0.080000,-0.075907,-0.075907,0.585586,0.006217,0.006217,0.000000,227762
40.995662,597123.081507,0.005000,step_80,2,-0.080000,-0.080000,-0.080000,-0.083112,-0.083112,0.697062,0.001414,0.001414,0.000000,227764
41.005664,597123.086710,0.010002,step_80,2,-0.080000,-0.080000,-0.080000,-0.085449,-0.085449,0.698233,0.001210,0.001210,0.000000,227768
41.010680,597123.091931,0.005016,step_80,2,-0.080000,-0.080000,-0.080000,-0.085449,-0.085449,0.399697,0.006168,0.006168,0.000000,227770
41.015661,597123.097113,0.004981,step_80,2,-0.080000,-0.080000,-0.080000,-0.077382,-0.077382,0.331799,0.001328,0.001328,1.619522,227772
41.020679,597123.102226,0.005018,step_80,2,-0.080000,-0.080000,-0.080000,-0.077382,-0.077382,0.381417,0.006341,0.006341,0.000000,227774
41.025661,597123.107348,0.004982,step_80,2,-0.080000,-0.080000,-0.080000,-0.083679,-0.083679,0.508810,0.001294,0.001294,0.000000,227776
41.030662,597123.112461,0.005001,step_80,2,-0.080000,-0.080000,-0.080000,-0.083679,-0.083679,0.675831,0.006237,0.006237,0.000000,227778
41.035661,597123.117632,0.004999,step_80,2,-0.080000,-0.080000,-0.080000,-0.077311,-0.077311,0.647753,0.004806,0.004806,1.273949,227780
41.040661,597123.122771,0.005001,step_80,2,-0.080000,-0.080000,-0.080000,-0.080178,-0.080178,0.592878,0.001168,0.001168,0.000000,227782
41.045661,597123.127924,0.005000,step_80,2,-0.080000,-0.080000,-0.080000,-0.080178,-0.080178,0.637531,0.006113,0.006113,0.000000,227784
41.050661,597123.133026,0.005000,step_80,2,-0.080000,-0.080000,-0.080000,-0.075291,-0.075291,0.499277,0.001448,0.001448,0.977573,227786
41.055661,597123.138134,0.005000,step_80,2,-0.080000,-0.080000,-0.080000,-0.079410,-0.079410,0.210256,0.001058,0.001058,0.000000,227788
41.060661,597123.143246,0.005000,step_80,2,-0.080000,-0.080000,-0.080000,-0.083073,-0.083073,0.158954,0.001465,0.001465,0.000000,227790
41.065661,597123.148343,0.005000,step_80,2,-0.080000,-0.080000,-0.080000,-0.076765,-0.076765,0.381351,0.000938,0.000938,1.261525,227792
41.070661,597123.153458,0.005000,step_80,2,-0.080000,-0.080000,-0.080000,-0.086278,-0.086278,0.620244,0.001429,0.001429,0.000000,227794
41.075661,597123.158572,0.005000,step_80,2,-0.080000,-0.080000,-0.080000,-0.079082,-0.079082,0.782635,0.000959,0.000959,1.439084,227796
41.080662,597123.163680,0.005001,step_80,2,-0.080000,-0.080000,-0.080000,-0.079082,-0.079082,0.875475,0.005912,0.005912,0.000000,227798
41.085661,597123.168801,0.004999,step_80,2,-0.080000,-0.080000,-0.080000,-0.071086,-0.071086,0.905137,0.001105,0.001105,1.599628,227800
41.090661,597123.173921,0.005000,step_80,2,-0.080000,-0.080000,-0.080000,-0.071086,-0.071086,0.902609,0.006025,0.006025,0.000000,227802
41.095661,597123.179110,0.005000,step_80,2,-0.080000,-0.080000,-0.080000,-0.071562,-0.071562,0.723045,0.001465,0.001465,0.000000,227804
41.100662,597123.184219,0.005001,step_80,2,-0.080000,-0.080000,-0.080000,-0.083191,-0.083191,0.472843,0.001009,0.001009,0.000000,227806
41.105662,597123.189325,0.005000,step_80,2,-0.080000,-0.080000,-0.080000,-0.083191,-0.083191,0.364927,0.005942,0.005942,0.000000,227808
41.110661,597123.194446,0.004999,step_80,2,-0.080000,-0.080000,-0.080000,-0.086539,-0.086539,0.277881,0.001466,0.001466,0.000000,227810
41.115664,597123.199563,0.005003,step_80,2,-0.080000,-0.080000,-0.080000,-0.077266,-0.077266,0.340115,0.001173,0.001173,1.853535,227812
41.120662,597123.204663,0.004998,step_80,2,-0.080000,-0.080000,-0.080000,-0.077266,-0.077266,0.510471,0.006116,0.006116,0.000000,227814
41.125661,597123.209772,0.004999,step_80,2,-0.080000,-0.080000,-0.080000,-0.080163,-0.080163,0.674113,0.001428,0.001428,0.000000,227816
41.130684,597123.214867,0.005024,step_80,2,-0.080000,-0.080000,-0.080000,-0.080163,-0.080163,0.834334,0.006400,0.006400,0.000000,227818
41.135661,597123.219994,0.004977,step_80,2,-0.080000,-0.080000,-0.080000,-0.071016,-0.071016,0.771139,0.001517,0.001517,1.838093,227820
41.140661,597123.225121,0.005000,rest,2,0.000000,0.000000,0.000000,-0.076158,-0.076158,0.598115,0.000957,0.000957,0.000000,227822
41.145662,597123.230277,0.005000,rest,2,0.000000,0.000000,0.000000,-0.076158,-0.076158,0.513965,0.005886,0.005886,0.000000,227824
41.150679,597123.235397,0.005018,rest,2,0.000000,0.000000,0.000000,-0.079945,-0.079945,0.471088,0.004908,0.004908,0.000000,227826
41.155662,597123.240514,0.004983,rest,2,0.000000,0.000000,0.000000,-0.086553,-0.086553,0.420800,0.001190,0.001190,0.000000,227828
41.160662,597123.245664,0.005000,rest,2,0.000000,0.000000,0.000000,-0.086553,-0.086553,0.366737,0.006146,0.006146,0.000000,227830
41.165661,597123.250788,0.004999,rest,2,0.000000,0.000000,0.000000,-0.082858,-0.082858,0.505766,0.001356,0.001356,0.739146,227832
41.170661,597123.255912,0.005000,rest,2,0.000000,0.000000,0.000000,-0.082858,-0.082858,0.743181,0.006277,0.006277,0.000000,227834
41.175662,597123.261061,0.005000,rest,2,0.000000,0.000000,0.000000,-0.079301,-0.079301,0.869862,0.001410,0.001410,0.711341,227836
41.180661,597123.266183,0.004999,rest,2,0.000000,0.000000,0.000000,-0.079301,-0.079301,0.940122,0.006334,0.006334,0.000000,227838
41.185661,597123.271312,0.005001,rest,2,0.000000,0.000000,0.000000,-0.070861,-0.070861,0.908354,0.001423,0.001423,1.687831,227840
41.190662,597123.276465,0.005000,rest,2,0.000000,0.000000,0.000000,-0.059913,-0.059913,0.863100,0.000912,0.000912,2.189462,227842
41.195661,597123.281641,0.004999,rest,2,0.000000,0.000000,0.000000,-0.057286,-0.057286,1.060010,0.001420,0.001420,0.525472,227844
41.205662,597123.286771,0.010001,rest,2,0.000000,0.000000,0.000000,-0.048436,-0.048436,1.435852,0.001423,0.001423,1.769660,227848
41.210661,597123.291896,0.004999,rest,2,0.000000,0.000000,0.000000,-0.048436,-0.048436,1.434234,0.006365,0.006365,0.000000,227850
41.215662,597123.297024,0.005000,rest,2,0.000000,0.000000,0.000000,-0.031843,-0.031843,1.568112,0.001364,0.001364,3.318306,227852
41.220661,597123.302152,0.005000,rest,2,0.000000,0.000000,0.000000,-0.031843,-0.031843,1.771030,0.006318,0.006318,0.000000,227854
41.225662,597123.307318,0.005000,rest,2,0.000000,0.000000,0.000000,-0.019833,-0.019833,1.587187,0.001360,0.001360,2.401793,227856
41.230661,597123.312470,0.005000,rest,2,0.000000,0.000000,0.000000,-0.019833,-0.019833,1.206282,0.006284,0.006284,0.000000,227858
41.235661,597123.317593,0.005000,rest,2,0.000000,0.000000,0.000000,-0.018596,-0.018596,1.011959,0.001391,0.001391,0.247406,227860
41.240662,597123.322710,0.005001,rest,2,0.000000,0.000000,0.000000,-0.014826,-0.014826,0.959523,0.000905,0.000905,0.753817,227862
41.245661,597123.327825,0.004999,rest,2,0.000000,0.000000,0.000000,-0.011845,-0.011845,0.903213,0.001411,0.001411,0.596403,227864
41.250661,597123.332943,0.005000,rest,2,0.000000,0.000000,0.000000,-0.011845,-0.011845,0.798112,0.006338,0.006338,0.000000,227866
41.255663,597123.338067,0.005002,rest,2,0.000000,0.000000,0.000000,-0.006468,-0.006468,0.726212,0.001430,0.001430,1.075018,227868
41.260662,597123.343170,0.004999,rest,2,0.000000,0.000000,0.000000,-0.004532,-0.004532,0.674300,0.000953,0.000953,0.387191,227870
41.265661,597123.348273,0.004999,rest,2,0.000000,0.000000,0.000000,-0.003051,-0.003051,0.617665,0.001451,0.001451,0.296327,227872
41.270661,597123.353429,0.005000,rest,2,0.000000,0.000000,0.000000,-0.003051,-0.003051,0.555552,0.006381,0.006381,0.000000,227874
41.275662,597123.358569,0.005001,rest,2,0.000000,0.000000,0.000000,-0.001081,-0.001081,0.537154,0.001138,0.001138,0.393979,227876
41.280662,597123.363651,0.005000,rest,2,0.000000,0.000000,0.000000,-0.001704,-0.001704,0.564402,0.001448,0.001448,0.000000,227878
41.285661,597123.368843,0.004999,rest,2,0.000000,0.000000,0.000000,-0.001704,-0.001704,0.601659,0.006385,0.006385,0.000000,227880
41.290661,597123.374019,0.005000,rest,2,0.000000,0.000000,0.000000,-0.000081,-0.000081,0.588212,0.001153,0.001153,0.324558,227882
41.295664,597123.379135,0.005002,rest,2,0.000000,0.000000,0.000000,-0.000081,-0.000081,0.548930,0.006106,0.006106,0.000000,227884
41.300661,597123.384249,0.004997,rest,2,0.000000,0.000000,0.000000,0.001752,0.001752,0.666422,0.001435,0.001435,0.366714,227886
41.305661,597123.389364,0.005000,rest,2,0.000000,0.000000,0.000000,0.001752,0.001752,0.863795,0.006349,0.006349,0.000000,227888
41.310661,597123.394492,0.005000,rest,2,0.000000,0.000000,0.000000,0.002283,0.002283,0.863969,0.001356,0.001356,0.106273,227890
41.315663,597123.399622,0.005002,rest,2,0.000000,0.000000,0.000000,0.002283,0.002283,0.763664,0.006313,0.006313,0.000000,227892
41.320661,597123.404747,0.004999,rest,2,0.000000,0.000000,0.000000,0.002953,0.002953,0.672758,0.001309,0.001309,0.134100,227894
41.325662,597123.409854,0.005000,rest,2,0.000000,0.000000,0.000000,0.002953,0.002953,0.586639,0.006237,0.006237,0.000000,227896
41.330661,597123.414966,0.005000,rest,2,0.000000,0.000000,0.000000,0.005271,0.005271,0.593359,0.001377,0.001377,0.463452,227898
41.335661,597123.420054,0.004999,rest,2,0.000000,0.000000,0.000000,0.005271,0.005271,0.647383,0.006273,0.006273,0.000000,227900
41.340662,597123.425185,0.005001,rest,2,0.000000,0.000000,0.000000,0.005457,0.005457,0.640513,0.001315,0.001315,0.037239,227902
41.345661,597123.430310,0.005000,rest,2,0.000000,0.000000,0.000000,0.005457,0.005457,0.602616,0.006245,0.006245,0.000000,227904
41.350661,597123.435468,0.005000,rest,2,0.000000,0.000000,0.000000,0.005823,0.005823,0.470184,0.001469,0.001469,0.073317,227906
41.355662,597123.440587,0.005000,rest,2,0.000000,0.000000,0.000000,0.005823,0.005823,0.289583,0.006412,0.006412,0.000000,227908
41.360661,597123.445704,0.005000,rest,2,0.000000,0.000000,0.000000,0.004204,0.004204,0.250801,0.001423,0.001423,0.000000,227910
41.365662,597123.450827,0.005000,rest,2,0.000000,0.000000,0.000000,0.002704,0.002704,0.347108,0.000822,0.000822,0.000000,227912
41.370661,597123.455951,0.004999,rest,2,0.000000,0.000000,0.000000,0.002727,0.002727,0.491995,0.001343,0.001343,0.004552,227914
41.375662,597123.461056,0.005001,rest,2,0.000000,0.000000,0.000000,0.002727,0.002727,0.598805,0.006271,0.006271,0.000000,227916
41.380663,597123.466181,0.005001,rest,2,0.000000,0.000000,0.000000,0.000083,0.000083,0.647370,0.001180,0.001180,0.000000,227918
41.385662,597123.471300,0.004999,rest,2,0.000000,0.000000,0.000000,0.000083,0.000083,0.666257,0.006097,0.006097,0.000000,227920
41.390661,597123.476408,0.004999,rest,2,0.000000,0.000000,0.000000,0.001291,0.001291,0.647158,0.001442,0.001442,0.241466,227922
41.395663,597123.481521,0.005001,rest,2,0.000000,0.000000,0.000000,0.001291,0.001291,0.608703,0.006373,0.006373,0.000000,227924
41.405664,597123.486637,0.010001,rest,2,0.000000,0.000000,0.000000,0.000811,0.000811,0.670451,0.006134,0.006134,0.000000,227928
41.410661,597123.491747,0.004997,rest,2,0.000000,0.000000,0.000000,0.000330,0.000330,0.656805,0.001240,0.001240,0.000000,227930
41.415661,597123.496855,0.005000,rest,2,0.000000,0.000000,0.000000,0.000330,0.000330,0.613303,0.006180,0.006180,0.000000,227932
41.420661,597123.501983,0.005000,rest,2,0.000000,0.000000,0.000000,0.000189,0.000189,0.555218,0.001220,0.001220,0.000000,227934
41.425661,597123.507044,0.005000,rest,2,0.000000,0.000000,0.000000,0.000189,0.000189,0.489703,0.006164,0.006164,0.000000,227936
41.430661,597123.512155,0.005000,rest,2,0.000000,0.000000,0.000000,0.001249,0.001249,0.451403,0.001235,0.001235,0.211826,227938
41.435661,597123.517273,0.004999,rest,2,0.000000,0.000000,0.000000,0.001249,0.001249,0.426970,0.006129,0.006129,0.000000,227940
41.440661,597123.522393,0.005000,rest,2,0.000000,0.000000,0.000000,0.000585,0.000585,0.426733,0.001430,0.001430,0.000000,227942
41.445661,597123.527514,0.005000,rest,2,0.000000,0.000000,0.000000,0.000585,0.000585,0.438823,0.006365,0.006365,0.000000,227944
41.450661,597123.532638,0.005000,rest,2,0.000000,0.000000,0.000000,0.000392,0.000392,0.434894,0.001433,0.001433,0.000000,227946
41.455663,597123.537755,0.005002,rest,2,0.000000,0.000000,0.000000,0.000392,0.000392,0.422803,0.006378,0.006378,0.000000,227948
41.460661,597123.542867,0.004998,rest,2,0.000000,0.000000,0.000000,0.000261,0.000261,0.442809,0.001419,0.001419,0.000000,227950
41.465662,597123.547978,0.005001,rest,2,0.000000,0.000000,0.000000,0.001420,0.001420,0.484013,0.000847,0.000847,0.231806,227952
41.470662,597123.553057,0.005000,rest,2,0.000000,0.000000,0.000000,0.001420,0.001420,0.509850,0.005764,0.005764,0.000000,227954
41.475661,597123.558168,0.004999,rest,2,0.000000,0.000000,0.000000,-0.000409,-0.000409,0.601849,0.001154,0.001154,0.000000,227956
41.480662,597123.563277,0.005001,rest,2,0.000000,0.000000,0.000000,-0.000409,-0.000409,0.727559,0.006100,0.006100,0.000000,227958
41.485661,597123.568388,0.004999,rest,2,0.000000,0.000000,0.000000,0.001444,0.001444,0.661535,0.001503,0.001503,0.370503,227960
41.490661,597123.573502,0.005000,rest,2,0.000000,0.000000,0.000000,0.001444,0.001444,0.497817,0.006361,0.006361,0.000000,227962
41.495668,597123.578628,0.005007,rest,2,0.000000,0.000000,0.000000,0.001908,0.001908,0.441719,0.001361,0.001361,0.092681,227964
41.500662,597123.583747,0.004994,rest,2,0.000000,0.000000,0.000000,0.001487,0.001487,0.466913,0.000683,0.000683,0.000000,227966
41.505661,597123.588895,0.005000,rest,2,0.000000,0.000000,0.000000,-0.000685,-0.000685,0.513793,0.001065,0.001065,0.000000,227968
41.511315,597123.594105,0.005653,rest,2,0.000000,0.000000,0.000000,-0.000344,-0.000344,0.500287,0.001012,0.001012,0.060317,227970
41.516017,597123.599222,0.004703,rest,2,0.000000,0.000000,0.000000,-0.000427,-0.000427,0.483144,0.001143,0.001143,0.000000,227972
41.520661,597123.604336,0.004643,rest,2,0.000000,0.000000,0.000000,-0.000545,-0.000545,0.486727,0.001377,0.001377,0.000000,227974
41.525662,597123.609455,0.005002,rest,2,0.000000,0.000000,0.000000,-0.000545,-0.000545,0.466152,0.006336,0.006336,0.000000,227976
41.530661,597123.614626,0.004999,rest,2,0.000000,0.000000,0.000000,0.000150,0.000150,0.417906,0.001430,0.001430,0.138987,227978
41.535662,597123.619749,0.005000,rest,2,0.000000,0.000000,0.000000,0.000150,0.000150,0.355561,0.006365,0.006365,0.000000,227980
41.540663,597123.624863,0.005001,rest,2,0.000000,0.000000,0.000000,-0.001048,-0.001048,0.373492,0.004850,0.004850,0.000000,227982
41.545661,597123.630007,0.004998,rest,2,0.000000,0.000000,0.000000,-0.002498,-0.002498,0.476688,0.001379,0.001379,0.000000,227984
41.550662,597123.635127,0.005001,rest,2,0.000000,0.000000,0.000000,-0.002498,-0.002498,0.573631,0.006310,0.006310,0.000000,227986
41.555662,597123.640242,0.005000,rest,2,0.000000,0.000000,0.000000,0.001511,0.001511,0.611008,0.001361,0.001361,0.801790,227988
41.560662,597123.645387,0.005001,rest,2,0.000000,0.000000,0.000000,0.001511,0.001511,0.618035,0.006298,0.006298,0.000000,227990
41.565662,597123.650506,0.004999,rest,2,0.000000,0.000000,0.000000,-0.000055,-0.000055,0.632139,0.004805,0.004805,0.000000,227992
41.570661,597123.655624,0.005000,rest,2,0.000000,0.000000,0.000000,-0.000590,-0.000590,0.649850,0.004770,0.004770,0.000000,227994
41.575662,597123.660732,0.005001,rest,2,0.000000,0.000000,0.000000,-0.000863,-0.000863,0.599489,0.004795,0.004795,0.000000,227996
41.580661,597123.665855,0.004999,rest,2,0.000000,0.000000,0.000000,-0.000835,-0.000835,0.553882,0.004736,0.004736,0.005576,227998
41.585661,597123.670987,0.005000,rest,2,0.000000,0.000000,0.000000,0.000528,0.000528,0.544285,0.004777,0.004777,0.272710,228000
41.590692,597123.676104,0.005030,rest,2,0.000000,0.000000,0.000000,0.000026,0.000026,0.540860,0.001521,0.001521,0.000000,228002
41.595661,597123.681223,0.004970,rest,2,0.000000,0.000000,0.000000,0.000026,0.000026,0.566379,0.006414,0.006414,0.000000,228004
41.600662,597123.686346,0.005001,rest,2,0.000000,0.000000,0.000000,0.000026,0.000026,0.566044,0.004840,0.004840,0.000000,228006
41.610662,597123.691460,0.010000,rest,2,0.000000,0.000000,0.000000,0.001017,0.001017,0.456714,0.006142,0.006142,0.000000,228010
41.615662,597123.696602,0.005001,rest,2,0.000000,0.000000,0.000000,-0.001126,-0.001126,0.422146,0.004787,0.004787,0.000000,228012
41.615662,597123.701723,0.000001,rest,2,0.000000,0.000000,0.000000,-0.001126,-0.001126,0.422146,0.004787,0.004787,0.000000,228012
41.620662,597123.706843,0.004999,rest,2,0.000000,0.000000,0.000000,-0.001104,-0.001104,0.409442,0.001303,0.001303,0.004309,228014
41.630661,597123.712054,0.010000,rest,2,0.000000,0.000000,0.000000,-0.002178,-0.002178,0.466859,0.000941,0.000941,0.000000,228018
41.635661,597123.717169,0.005000,rest,2,0.000000,0.000000,0.000000,-0.002178,-0.002178,0.549010,0.005845,0.005845,0.000000,228020
41.640663,597123.722272,0.005002,rest,2,0.000000,0.000000,0.000000,0.000364,0.000364,0.553973,0.001328,0.001328,0.508216,228022
41.645662,597123.727385,0.004998,done,2,0.000000,0.000000,0.000000,0.000364,0.000364,0.519606,0.006247,0.006247,0.000000,228024
