t_wall_s,t_mono_s,dt_actual_s,phase,axis,vel_ff,vel_ff_vz,v_cmd_z,v_ach,vz_achieved_tool,fz,feedback_age_s,sensor_age_s,a_tcp_z_plus,motion_seq
5.008061,596622.474399,0.005000,rest,2,0.000000,0.000000,0.000000,-0.000547,-0.000547,0.533156,0.002281,0.002281,0.000000,28934
5.013062,596622.479562,0.005001,rest,2,0.000000,0.000000,0.000000,0.000249,0.000249,0.525133,0.002919,0.002919,0.159162,28936
5.018474,596622.484724,0.005413,rest,2,0.000000,0.000000,0.000000,0.000249,0.000249,0.475952,0.002885,0.002885,0.000000,28938
5.023061,596622.489835,0.004587,rest,2,0.000000,0.000000,0.000000,-0.000780,-0.000780,0.431615,0.001943,0.001943,0.000000,28940
5.028061,596622.494982,0.005000,rest,2,0.000000,0.000000,0.000000,-0.000780,-0.000780,0.465330,0.002376,0.002376,0.000000,28942
5.033134,596622.500118,0.005072,rest,2,0.000000,0.000000,0.000000,-0.000088,-0.000088,0.517856,0.003016,0.003016,0.136318,28944
5.038477,596622.505247,0.005343,rest,2,0.000000,0.000000,0.000000,-0.000770,-0.000770,0.504377,0.002830,0.002830,0.000000,28946
5.043488,596622.510373,0.005011,rest,2,0.000000,0.000000,0.000000,-0.000154,-0.000154,0.469805,0.003454,0.003454,0.122891,28948
5.048061,596622.515556,0.004573,rest,2,0.000000,0.000000,0.000000,-0.000699,-0.000699,0.486527,0.002655,0.002655,0.000000,28950
5.053061,596622.520711,0.005000,rest,2,0.000000,0.000000,0.000000,0.000424,0.000424,0.481065,0.002198,0.002198,0.224571,28952
5.058061,596622.525836,0.005000,rest,2,0.000000,0.000000,0.000000,0.000353,0.000353,0.456200,0.002710,0.002710,0.000000,28954
5.068061,596622.530952,0.010000,rest,2,0.000000,0.000000,0.000000,0.000030,0.000030,0.530882,0.002595,0.002595,0.000000,28958
5.073061,596622.536051,0.005000,rest,2,0.000000,0.000000,0.000000,0.000082,0.000082,0.534873,0.001865,0.001865,0.010352,28960
5.078061,596622.541171,0.005000,rest,2,0.000000,0.000000,0.000000,0.000304,0.000304,0.519866,0.002317,0.002317,0.044431,28962
5.083062,596622.546285,0.005000,rest,2,0.000000,0.000000,0.000000,0.001085,0.001085,0.501855,0.002806,0.002806,0.156221,28964
5.088061,596622.551446,0.005000,rest,2,0.000000,0.000000,0.000000,0.000233,0.000233,0.511173,0.002302,0.002302,0.000000,28966
5.093062,596622.556591,0.005001,rest,2,0.000000,0.000000,0.000000,0.002170,0.002170,0.506469,0.002855,0.002855,0.387314,28968
5.093062,596622.561747,0.000001,rest,2,0.000000,0.000000,0.000000,0.002170,0.002170,0.506469,0.002855,0.002855,0.387314,28968
5.098061,596622.566861,0.004999,rest,2,0.000000,0.000000,0.000000,-0.000128,-0.000128,0.472726,0.002343,0.002343,0.000000,28970
5.103241,596622.572032,0.005180,rest,2,0.000000,0.000000,0.000000,0.002351,0.002351,0.457696,0.003106,0.003106,0.478513,28972
5.108380,596622.577149,0.005139,rest,2,0.000000,0.000000,0.000000,0.000233,0.000233,0.479232,0.002902,0.002902,0.000000,28974
5.118731,596622.582267,0.010351,rest,2,0.000000,0.000000,0.000000,0.000778,0.000778,0.437508,0.003269,0.003269,0.011023,28978
5.123062,596622.587419,0.004330,rest,2,0.000000,0.000000,0.000000,0.000114,0.000114,0.398923,0.002124,0.002124,0.000000,28980
5.128061,596622.592560,0.005000,rest,2,0.000000,0.000000,0.000000,-0.001350,-0.001350,0.395534,0.002778,0.002778,0.000000,28982
5.133061,596622.597661,0.005000,rest,2,0.000000,0.000000,0.000000,-0.000266,-0.000266,0.410078,0.002097,0.002097,0.216859,28984
5.138061,596622.602811,0.005000,rest,2,0.000000,0.000000,0.000000,-0.000530,-0.000530,0.420285,0.002574,0.002574,0.000000,28986
5.143061,596622.607997,0.005000,rest,2,0.000000,0.000000,0.000000,0.000048,0.000048,0.444888,0.002065,0.002065,0.115513,28988
5.148062,596622.613149,0.005001,rest,2,0.000000,0.000000,0.000000,-0.000275,-0.000275,0.482421,0.002684,0.002684,0.000000,28990
5.153684,596622.618264,0.005622,rest,2,0.000000,0.000000,0.000000,-0.000267,-0.000267,0.514768,0.002829,0.002829,0.001343,28992
5.158328,596622.623385,0.004644,rest,2,0.000000,0.000000,0.000000,-0.000104,-0.000104,0.541545,0.003149,0.003149,0.035248,28994
5.163061,596622.628542,0.004733,rest,2,0.000000,0.000000,0.000000,-0.000378,-0.000378,0.537924,0.002358,0.002358,0.000000,28996
5.168062,596622.633773,0.005001,rest,2,0.000000,0.000000,0.000000,0.000119,0.000119,0.514451,0.002927,0.002927,0.099393,28998
5.173061,596622.639006,0.005000,rest,2,0.000000,0.000000,0.000000,0.000119,0.000119,0.479886,0.002483,0.002483,0.000001,29000
5.178062,596622.644105,0.005000,rest,2,0.000000,0.000000,0.000000,-0.001414,-0.001414,0.482849,0.002016,0.002016,0.000000,29002
5.183062,596622.649267,0.005001,rest,2,0.000000,0.000000,0.000000,-0.000378,-0.000378,0.505155,0.002696,0.002696,0.207217,29004
5.188063,596622.654383,0.005000,rest,2,0.000000,0.000000,0.000000,-0.000064,-0.000064,0.496353,0.002234,0.002234,0.062799,29006
5.193061,596622.659506,0.004999,rest,2,0.000000,0.000000,0.000000,-0.000562,-0.000562,0.471650,0.002797,0.002797,0.000000,29008
5.198061,596622.664701,0.005000,rest,2,0.000000,0.000000,0.000000,-0.000530,-0.000530,0.440414,0.002188,0.002188,0.006407,29010
5.203061,596622.669916,0.005000,rest,2,0.000000,0.000000,0.000000,-0.000135,-0.000135,0.441950,0.002626,0.002626,0.078848,29012
5.208061,596622.675050,0.005000,rest,2,0.000000,0.000000,0.000000,-0.000378,-0.000378,0.485682,0.001988,0.001988,0.000000,29014
5.213061,596622.680169,0.005000,rest,2,0.000000,0.000000,0.000000,-0.001413,-0.001413,0.496437,0.002570,0.002570,0.000000,29016
5.218062,596622.685283,0.005000,rest,2,0.000000,0.000000,0.000000,-0.000498,-0.000498,0.454491,0.002964,0.002964,0.183105,29018
5.223061,596622.690432,0.005000,rest,2,0.000000,0.000000,0.000000,-0.001533,-0.001533,0.441121,0.002468,0.002468,0.000000,29020
5.228062,596622.695539,0.005000,rest,2,0.000000,0.000000,0.000000,-0.000337,-0.000337,0.447383,0.002865,0.002865,0.239108,29022
5.233062,596622.700688,0.005000,rest,2,0.000000,0.000000,0.000000,-0.001230,-0.001230,0.488099,0.002393,0.002393,0.000000,29024
5.238061,596622.705854,0.004999,rest,2,0.000000,0.000000,0.000000,-0.000804,-0.000804,0.497612,0.002936,0.002936,0.085183,29026
5.248061,596622.711004,0.010000,rest,2,0.000000,0.000000,0.000000,-0.001412,-0.001412,0.496199,0.002808,0.002808,0.000030,29030
5.253061,596622.716114,0.005000,rest,2,0.000000,0.000000,0.000000,-0.000113,-0.000113,0.507258,0.002281,0.002281,0.259801,29032
5.258061,596622.721186,0.005000,rest,2,0.000000,0.000000,0.000000,-0.000346,-0.000346,0.500339,0.002892,0.002892,0.000000,29034
5.263062,596622.726295,0.005001,rest,2,0.000000,0.000000,0.000000,-0.001341,-0.001341,0.497824,0.002378,0.002378,0.000000,29036
5.268061,596622.731446,0.004999,rest,2,0.000000,0.000000,0.000000,-0.000457,-0.000457,0.504397,0.002944,0.002944,0.176748,29038
5.273061,596622.736588,0.005000,rest,2,0.000000,0.000000,0.000000,-0.000804,-0.000804,0.498200,0.002508,0.002508,0.000000,29040
5.278062,596622.741747,0.005001,rest,2,0.000000,0.000000,0.000000,0.001235,0.001235,0.487612,0.001951,0.001951,0.407611,29042
5.278062,596622.746902,0.000001,rest,2,0.000000,0.000000,0.000000,0.001235,0.001235,0.487612,0.001951,0.001951,0.407611,29042
5.283062,596622.752017,0.005000,rest,2,0.000000,0.000000,0.000000,-0.000804,-0.000804,0.502703,0.002551,0.002551,0.000000,29044
5.293576,596622.757134,0.010514,rest,2,0.000000,0.000000,0.000000,-0.000876,-0.000876,0.511816,0.003068,0.003068,0.000000,29048
5.298061,596622.762256,0.004485,rest,2,0.000000,0.000000,0.000000,0.000048,0.000048,0.459782,0.002165,0.002165,0.206005,29050
5.298061,596622.767371,0.000001,rest,2,0.000000,0.000000,0.000000,0.000048,0.000048,0.459782,0.002165,0.002165,0.206005,29050
5.303503,596622.772482,0.005441,rest,2,0.000000,0.000000,0.000000,-0.001807,-0.001807,0.447176,0.003219,0.003219,0.000000,29052
5.314820,596622.777624,0.011317,rest,2,0.000000,0.000000,0.000000,-0.000925,-0.000925,0.438628,0.004318,0.004318,0.014579,29056
5.318840,596622.782739,0.004020,rest,2,0.000000,0.000000,0.000000,0.001546,0.001546,0.443881,0.002543,0.002543,0.614425,29058
5.323061,596622.787877,0.004221,rest,2,0.000000,0.000000,0.000000,-0.000564,-0.000564,0.464705,0.002314,0.002314,0.000000,29060
5.328063,596622.793030,0.005002,rest,2,0.000000,0.000000,0.000000,-0.001506,-0.001506,0.512019,0.002833,0.002833,0.000000,29062
5.333063,596622.798187,0.005000,rest,2,0.000000,0.000000,0.000000,-0.000187,-0.000187,0.545713,0.002294,0.002294,0.263795,29064
5.338063,596622.803303,0.005000,rest,2,0.000000,0.000000,0.000000,-0.000413,-0.000413,0.481808,0.002839,0.002839,0.000000,29066
5.343063,596622.808419,0.005000,rest,2,0.000000,0.000000,0.000000,-0.000991,-0.000991,0.441272,0.002275,0.002275,0.000000,29068
5.348061,596622.813583,0.004998,rest,2,0.000000,0.000000,0.000000,-0.000565,-0.000565,0.462544,0.002752,0.002752,0.085177,29070
5.353554,596622.818704,0.005493,rest,2,0.000000,0.000000,0.000000,-0.000565,-0.000565,0.467343,0.002689,0.002689,0.000000,29072
5.358061,596622.823875,0.004507,rest,2,0.000000,0.000000,0.000000,-0.001258,-0.001258,0.474842,0.002766,0.002766,0.000000,29074
5.363062,596622.828997,0.005001,rest,2,0.000000,0.000000,0.000000,-0.000993,-0.000993,0.502807,0.002164,0.002164,0.052951,29076
5.368061,596622.834118,0.004999,rest,2,0.000000,0.000000,0.000000,-0.000993,-0.000993,0.506267,0.002581,0.002581,0.000000,29078
5.373062,596622.839231,0.005000,rest,2,0.000000,0.000000,0.000000,0.000254,0.000254,0.499832,0.002055,0.002055,0.249399,29080
5.378062,596622.844346,0.005001,rest,2,0.000000,0.000000,0.000000,0.000254,0.000254,0.490415,0.002710,0.002710,0.000000,29082
5.383063,596622.849469,0.005001,rest,2,0.000000,0.000000,0.000000,-0.000495,-0.000495,0.479985,0.002213,0.002213,0.000000,29084
5.388063,596622.854605,0.004999,rest,2,0.000000,0.000000,0.000000,-0.000495,-0.000495,0.473420,0.002839,0.002839,0.000000,29086
5.393062,596622.859720,0.004999,rest,2,0.000000,0.000000,0.000000,-0.000349,-0.000349,0.473507,0.002355,0.002355,0.029285,29088
5.398062,596622.864875,0.005000,rest,2,0.000000,0.000000,0.000000,0.000155,0.000155,0.511659,0.001860,0.001860,0.100768,29090
5.403717,596622.870031,0.005654,rest,2,0.000000,0.000000,0.000000,0.000125,0.000125,0.523320,0.003054,0.003054,0.000000,29092
5.408412,596622.875174,0.004695,step_8,2,0.008000,0.008000,0.008000,0.000082,0.000082,0.536618,0.003320,0.003320,0.000000,29094
5.413061,596622.880290,0.004649,step_8,2,0.008000,0.008000,0.008000,0.000082,0.000082,0.533029,0.002479,0.002479,0.000000,29096
5.418062,596622.885410,0.005000,step_8,2,0.008000,0.008000,0.008000,-0.000169,-0.000169,0.488192,0.002017,0.002017,0.000000,29098
5.423061,596622.890527,0.005000,step_8,2,0.008000,0.008000,0.008000,0.000197,0.000197,0.452082,0.002617,0.002617,0.073184,29100
5.428774,596622.895682,0.005712,step_8,2,0.008000,0.008000,0.008000,-0.000054,-0.000054,0.462980,0.002874,0.002874,0.000000,29102
5.434364,596622.900792,0.005590,step_8,2,0.008000,0.008000,0.008000,0.000360,0.000360,0.493670,0.003955,0.003955,0.074129,29104
5.438892,596622.905951,0.004529,step_8,2,0.008000,0.008000,0.008000,-0.000248,-0.000248,0.482009,0.002947,0.002947,0.000000,29106
5.448062,596622.911111,0.009170,step_8,2,0.008000,0.008000,0.008000,0.000544,0.000544,0.475085,0.002157,0.002157,0.220374,29110
5.453061,596622.916221,0.005000,step_8,2,0.008000,0.008000,0.008000,0.004703,0.004703,0.475093,0.002783,0.002783,0.831713,29112
5.458062,596622.921342,0.005000,step_8,2,0.008000,0.008000,0.008000,0.005907,0.005907,0.552479,0.002311,0.002311,0.240879,29114
5.463062,596622.926507,0.005001,step_8,2,0.008000,0.008000,0.008000,0.005541,0.005541,0.714523,0.001881,0.001881,0.000000,29116
5.468062,596622.931669,0.004999,step_8,2,0.008000,0.008000,0.008000,0.005936,0.005936,0.794318,0.002350,0.002350,0.078999,29118
5.473061,596622.936820,0.005000,step_8,2,0.008000,0.008000,0.008000,0.007607,0.007607,0.791172,0.002761,0.002761,0.334142,29120
5.478061,596622.941961,0.005000,step_8,2,0.008000,0.008000,0.008000,0.007606,0.007606,0.672548,0.002147,0.002147,0.000000,29122
5.483061,596622.947046,0.005000,step_8,2,0.008000,0.008000,0.008000,0.006057,0.006057,0.495086,0.002774,0.002774,0.000000,29124
5.488061,596622.952157,0.005000,step_8,2,0.008000,0.008000,0.008000,0.006363,0.006363,0.409040,0.002268,0.002268,0.061167,29126
5.493062,596622.957256,0.005001,step_8,2,0.008000,0.008000,0.008000,0.006423,0.006423,0.368948,0.002843,0.002843,0.011974,29128
5.498062,596622.962428,0.005000,step_8,2,0.008000,0.008000,0.008000,0.006453,0.006453,0.375734,0.002360,0.002360,0.006075,29130
5.503064,596622.967582,0.005002,step_8,2,0.008000,0.008000,0.008000,0.006453,0.006453,0.428746,0.001887,0.001887,0.000000,29132
5.508061,596622.972750,0.004997,step_8,2,0.008000,0.008000,0.008000,0.006483,0.006483,0.512623,0.002355,0.002355,0.005838,29134
5.513061,596622.977902,0.005000,step_8,2,0.008000,0.008000,0.008000,0.006969,0.006969,0.561538,0.002779,0.002779,0.097243,29136
5.518063,596622.983024,0.005001,step_8,2,0.008000,0.008000,0.008000,0.008335,0.008335,0.543881,0.002198,0.002198,0.273073,29138
5.523062,596622.988142,0.004999,step_8,2,0.008000,0.008000,0.008000,0.009092,0.009092,0.513844,0.002636,0.002636,0.151561,29140
5.528061,596622.993256,0.004999,step_8,2,0.008000,0.008000,0.008000,0.008061,0.008061,0.485791,0.002026,0.002026,0.000000,29142
5.533061,596622.998374,0.005000,step_8,2,0.008000,0.008000,0.008000,0.006997,0.006997,0.464367,0.002597,0.002597,0.000000,29144
5.538063,596623.003543,0.005002,step_8,2,0.008000,0.008000,0.008000,0.008272,0.008272,0.417877,0.002056,0.002056,0.254934,29146
5.543063,596623.008663,0.005000,step_8,2,0.008000,0.008000,0.008000,0.006938,0.006938,0.360426,0.002613,0.002613,0.000000,29148
5.548062,596623.013872,0.004998,step_8,2,0.008000,0.008000,0.008000,0.007179,0.007179,0.402572,0.002040,0.002040,0.048236,29150
5.553061,596623.018988,0.005000,step_8,2,0.008000,0.008000,0.008000,0.008030,0.008030,0.495463,0.002576,0.002576,0.170306,29152
5.558061,596623.024111,0.005000,step_8,2,0.008000,0.008000,0.008000,0.008030,0.008030,0.528686,0.001970,0.001970,0.000000,29154
5.563062,596623.029232,0.005000,step_8,2,0.008000,0.008000,0.008000,0.006814,0.006814,0.523732,0.002519,0.002519,0.000000,29156
5.568062,596623.034347,0.005001,step_8,2,0.008000,0.008000,0.008000,0.007241,0.007241,0.508506,0.001956,0.001956,0.085442,29158
5.573062,596623.039494,0.005000,step_8,2,0.008000,0.008000,0.008000,0.007241,0.007241,0.470266,0.002400,0.002400,0.000000,29160
5.578063,596623.044614,0.005000,step_8,2,0.008000,0.008000,0.008000,0.006331,0.006331,0.451932,0.002788,0.002788,0.000000,29162
5.583080,596623.049759,0.005017,step_8,2,0.008000,0.008000,0.008000,0.006331,0.006331,0.464025,0.002077,0.002077,0.000000,29164
5.588061,596623.054905,0.004981,step_8,2,0.008000,0.008000,0.008000,0.005874,0.005874,0.472511,0.002428,0.002428,0.000000,29166
5.593061,596623.060027,0.005000,step_8,2,0.008000,0.008000,0.008000,0.007420,0.007420,0.475684,0.002773,0.002773,0.309086,29168
5.598071,596623.065138,0.005010,step_8,2,0.008000,0.008000,0.008000,0.005463,0.005463,0.478449,0.002074,0.002074,0.000000,29170
5.603061,596623.070250,0.004990,step_8,2,0.008000,0.008000,0.008000,0.007364,0.007364,0.504067,0.002390,0.002390,0.380988,29172
5.608061,596623.075350,0.005000,step_8,2,0.008000,0.008000,0.008000,0.007666,0.007666,0.521615,0.002631,0.002631,0.060484,29174
5.613061,596623.080449,0.005001,step_8,2,0.008000,0.008000,0.008000,0.009003,0.009003,0.500080,0.002809,0.002809,0.267238,29176
5.618061,596623.085557,0.005000,step_8,2,0.008000,0.008000,0.008000,0.009269,0.009269,0.479988,0.001961,0.001961,0.053393,29178
5.623062,596623.090653,0.005001,step_8,2,0.008000,0.008000,0.008000,0.008151,0.008151,0.480786,0.002423,0.002423,0.000000,29180
5.628061,596623.095761,0.004999,step_8,2,0.008000,0.008000,0.008000,0.007239,0.007239,0.487405,0.002903,0.002903,0.000000,29182
5.633061,596623.100868,0.005000,step_8,2,0.008000,0.008000,0.008000,0.009297,0.009297,0.492985,0.002191,0.002191,0.411574,29184
5.638061,596623.105976,0.005000,step_8,2,0.008000,0.008000,0.008000,0.008872,0.008872,0.443837,0.002586,0.002586,0.000000,29186
5.648061,596623.111046,0.010000,step_8,2,0.008000,0.008000,0.008000,0.007823,0.007823,0.503212,0.002172,0.002172,0.000000,29190
5.653061,596623.116162,0.005000,step_8,2,0.008000,0.008000,0.008000,0.008719,0.008719,0.524666,0.002765,0.002765,0.179178,29192
5.658061,596623.121313,0.005000,step_8,2,0.008000,0.008000,0.008000,0.007258,0.007258,0.498511,0.002306,0.002306,0.000000,29194
5.663061,596623.126471,0.005000,step_8,2,0.008000,0.008000,0.008000,0.008918,0.008918,0.476050,0.002919,0.002919,0.331943,29196
5.668061,596623.131612,0.005000,step_8,2,0.008000,0.008000,0.008000,0.008023,0.008023,0.460545,0.002290,0.002290,0.000000,29198
5.673061,596623.136722,0.005000,step_8,2,0.008000,0.008000,0.008000,0.005622,0.005622,0.430746,0.002841,0.002841,0.000000,29200
5.678061,596623.141835,0.005000,step_8,2,0.008000,0.008000,0.008000,0.008035,0.008035,0.425654,0.002329,0.002329,0.482460,29202
5.683063,596623.146946,0.005002,step_8,2,0.008000,0.008000,0.008000,0.006789,0.006789,0.433153,0.002915,0.002915,0.000000,29204
5.688062,596623.152052,0.005000,step_8,2,0.008000,0.008000,0.008000,0.007217,0.007217,0.438514,0.002430,0.002430,0.085622,29206
5.693061,596623.157167,0.004999,step_8,2,0.008000,0.008000,0.008000,0.007217,0.007217,0.449288,0.001883,0.001883,0.000000,29208
5.698063,596623.162278,0.005002,step_8,2,0.008000,0.008000,0.008000,0.007979,0.007979,0.449874,0.002486,0.002486,0.152342,29210
5.703061,596623.167388,0.004998,step_8,2,0.008000,0.008000,0.008000,0.007979,0.007979,0.436834,0.002050,0.002050,0.000000,29212
5.708061,596623.172539,0.005000,step_8,2,0.008000,0.008000,0.008000,0.008859,0.008859,0.454652,0.002623,0.002623,0.176051,29214
5.713061,596623.177646,0.005000,step_8,2,0.008000,0.008000,0.008000,0.008859,0.008859,0.474405,0.002119,0.002119,0.000000,29216
5.718061,596623.182756,0.005000,step_8,2,0.008000,0.008000,0.008000,0.004777,0.004777,0.496156,0.002734,0.002734,0.000000,29218
5.723062,596623.187873,0.005000,step_8,2,0.008000,0.008000,0.008000,0.009260,0.009260,0.486923,0.002254,0.002254,0.896548,29220
5.728063,596623.192992,0.005001,step_8,2,0.008000,0.008000,0.008000,0.008317,0.008317,0.434039,0.002895,0.002895,0.000000,29222
5.733063,596623.198124,0.005001,step_8,2,0.008000,0.008000,0.008000,0.007861,0.007861,0.447307,0.002445,0.002445,0.000000,29224
5.738061,596623.203223,0.004998,step_8,2,0.008000,0.008000,0.008000,0.006586,0.006586,0.488097,0.001947,0.001947,0.000000,29226
5.743062,596623.208347,0.005001,step_8,2,0.008000,0.008000,0.008000,0.008833,0.008833,0.492571,0.002441,0.002441,0.449255,29228
5.748061,596623.213472,0.004999,step_8,2,0.008000,0.008000,0.008000,0.005554,0.005554,0.494108,0.001824,0.001824,0.000000,29230
5.753061,596623.218602,0.005000,step_8,2,0.008000,0.008000,0.008000,0.006586,0.006586,0.512836,0.002339,0.002339,0.206485,29232
5.758062,596623.223759,0.005000,step_8,2,0.008000,0.008000,0.008000,0.008084,0.008084,0.530538,0.002926,0.002926,0.299464,29234
5.763061,596623.228861,0.004999,step_8,2,0.008000,0.008000,0.008000,0.008347,0.008347,0.518067,0.002447,0.002447,0.052699,29236
5.768061,596623.234069,0.005000,step_8,2,0.008000,0.008000,0.008000,0.006037,0.006037,0.509652,0.001916,0.001916,0.000000,29238
5.773061,596623.239184,0.005000,step_8,2,0.008000,0.008000,0.008000,0.007361,0.007361,0.486505,0.002342,0.002342,0.264771,29240
5.778061,596623.244390,0.005000,step_8,2,0.008000,0.008000,0.008000,0.007339,0.007339,0.440462,0.002828,0.002828,0.000000,29242
5.783062,596623.249560,0.005001,step_8,2,0.008000,0.008000,0.008000,0.007389,0.007389,0.437591,0.002320,0.002320,0.010022,29244
5.788062,596623.254733,0.005000,step_8,2,0.008000,0.008000,0.008000,0.006589,0.006589,0.437254,0.002905,0.002905,0.000000,29246
5.793061,596623.259851,0.004999,step_8,2,0.008000,0.008000,0.008000,0.007173,0.007173,0.433459,0.002343,0.002343,0.116841,29248
5.798061,596623.264968,0.005000,step_8,2,0.008000,0.008000,0.008000,0.007917,0.007917,0.388508,0.001881,0.001881,0.148718,29250
5.803062,596623.270052,0.005000,step_8,2,0.008000,0.008000,0.008000,0.007233,0.007233,0.309927,0.002471,0.002471,0.000000,29252
5.808061,596623.275153,0.005000,step_8,2,0.008000,0.008000,0.008000,0.006987,0.006987,0.346486,0.001956,0.001956,0.000000,29254
5.813062,596623.280263,0.005000,step_8,2,0.008000,0.008000,0.008000,0.007157,0.007157,0.441340,0.002603,0.002603,0.033881,29256
5.818062,596623.285374,0.005000,step_8,2,0.008000,0.008000,0.008000,0.009736,0.009736,0.489300,0.002056,0.002056,0.515956,29258
5.823062,596623.290482,0.005000,step_8,2,0.008000,0.008000,0.008000,0.008225,0.008225,0.490249,0.002648,0.002648,0.000000,29260
5.828063,596623.295592,0.005000,step_8,2,0.008000,0.008000,0.008000,0.006817,0.006817,0.481982,0.002048,0.002048,0.000000,29262
5.833064,596623.300690,0.005001,step_8,2,0.008000,0.008000,0.008000,0.007665,0.007665,0.476394,0.002557,0.002557,0.169441,29264
5.843062,596623.305793,0.009998,step_8,2,0.008000,0.008000,0.008000,0.007799,0.007799,0.450570,0.002512,0.002512,0.000000,29268
5.848061,596623.310904,0.005000,step_8,2,0.008000,0.008000,0.008000,0.007649,0.007649,0.436669,0.001901,0.001901,0.000000,29270
5.853062,596623.316017,0.005000,step_8,2,0.008000,0.008000,0.008000,0.007063,0.007063,0.475045,0.002425,0.002425,0.000000,29272
5.858062,596623.321127,0.005000,step_8,2,0.008000,0.008000,0.008000,0.007063,0.007063,0.481743,0.002894,0.002894,0.000000,29274
5.863062,596623.326281,0.005001,step_8,2,0.008000,0.008000,0.008000,0.006621,0.006621,0.447781,0.002400,0.002400,0.000000,29276
5.868061,596623.331432,0.004999,step_8,2,0.008000,0.008000,0.008000,0.006621,0.006621,0.436905,0.002807,0.002807,0.000000,29278
5.873061,596623.336540,0.005000,step_8,2,0.008000,0.008000,0.008000,0.007484,0.007484,0.438710,0.002200,0.002200,0.172554,29280
5.878061,596623.341677,0.005000,step_8,2,0.008000,0.008000,0.008000,0.007484,0.007484,0.430433,0.002661,0.002661,0.000000,29282
5.883062,596623.346791,0.005000,step_8,2,0.008000,0.008000,0.008000,0.006212,0.006212,0.435818,0.002195,0.002195,0.000000,29284
5.888061,596623.351897,0.005000,step_8,2,0.008000,0.008000,0.008000,0.005862,0.005862,0.453537,0.002789,0.002789,0.000000,29286
5.893063,596623.357010,0.005001,step_8,2,0.008000,0.008000,0.008000,0.006112,0.006112,0.457030,0.002266,0.002266,0.050006,29288
5.898061,596623.362140,0.004999,step_8,2,0.008000,0.008000,0.008000,0.006232,0.006232,0.443367,0.002774,0.002774,0.023985,29290
5.903063,596623.367251,0.005002,step_8,2,0.008000,0.008000,0.008000,0.007390,0.007390,0.432262,0.002266,0.002266,0.231614,29292
5.908061,596623.372354,0.004998,step_8,2,0.008000,0.008000,0.008000,0.006233,0.006233,0.413450,0.002762,0.002762,0.000000,29294
5.913062,596623.377498,0.005001,step_8,2,0.008000,0.008000,0.008000,0.007247,0.007247,0.393094,0.002206,0.002206,0.202841,29296
5.918061,596623.382637,0.005000,step_8,2,0.008000,0.008000,0.008000,0.006114,0.006114,0.410383,0.002749,0.002749,0.000000,29298
5.923062,596623.387789,0.005000,step_8,2,0.008000,0.008000,0.008000,0.007201,0.007201,0.452788,0.002175,0.002175,0.217241,29300
5.928063,596623.392936,0.005002,step_8,2,0.008000,0.008000,0.008000,0.007041,0.007041,0.479251,0.002869,0.002869,0.000000,29302
5.933062,596623.398041,0.004999,step_8,2,0.008000,0.008000,0.008000,0.005988,0.005988,0.471071,0.002364,0.002364,0.000000,29304
5.938063,596623.403152,0.005001,step_8,2,0.008000,0.008000,0.008000,0.008889,0.008889,0.475020,0.002881,0.002881,0.580248,29306
5.943063,596623.408252,0.005001,step_8,2,0.008000,0.008000,0.008000,0.006880,0.006880,0.491942,0.002421,0.002421,0.000000,29308
5.948061,596623.413359,0.004998,step_8,2,0.008000,0.008000,0.008000,0.007552,0.007552,0.510903,0.001960,0.001960,0.134578,29310
5.953062,596623.418474,0.005001,step_8,2,0.008000,0.008000,0.008000,0.007606,0.007606,0.503117,0.002478,0.002478,0.010812,29312
5.958061,596623.423590,0.004999,step_8,2,0.008000,0.008000,0.008000,0.007897,0.007897,0.437556,0.001943,0.001943,0.058177,29314
5.963062,596623.428716,0.005001,step_8,2,0.008000,0.008000,0.008000,0.008262,0.008262,0.390739,0.002564,0.002564,0.072990,29316
5.968061,596623.433841,0.004999,step_8,2,0.008000,0.008000,0.008000,0.008206,0.008206,0.427591,0.001894,0.001894,0.000000,29318
5.973061,596623.438964,0.005000,step_8,2,0.008000,0.008000,0.008000,0.007138,0.007138,0.489129,0.002409,0.002409,0.000000,29320
5.978062,596623.444111,0.005001,step_8,2,0.008000,0.008000,0.008000,0.008360,0.008360,0.486957,0.003060,0.003060,0.244520,29322
5.983809,596623.449209,0.005747,step_8,2,0.008000,0.008000,0.008000,0.009601,0.009601,0.452323,0.003327,0.003327,0.215883,29324
5.983809,596623.454321,0.000001,step_8,2,0.008000,0.008000,0.008000,0.009601,0.009601,0.452323,0.003327,0.003327,0.215883,29324
5.989795,596623.459449,0.005986,step_8,2,0.008000,0.008000,0.008000,0.008361,0.008361,0.439435,0.003997,0.003997,0.000000,29326
5.995657,596623.464574,0.005862,step_8,2,0.008000,0.008000,0.008000,0.007632,0.007632,0.445360,0.004278,0.004278,0.000000,29328
6.001251,596623.469686,0.005594,step_8,2,0.008000,0.008000,0.008000,0.006349,0.006349,0.422132,0.001035,0.001035,0.000000,29330
6.011369,596623.474794,0.010118,step_8,2,0.008000,0.008000,0.008000,0.006597,0.006597,0.396902,0.001145,0.001145,0.000000,29334
6.015594,596623.479925,0.004226,step_8,2,0.008000,0.008000,0.008000,0.006597,0.006597,0.439695,0.005307,0.005307,0.000000,29336
6.019772,596623.485038,0.004178,step_8,2,0.008000,0.008000,0.008000,0.006597,0.006597,0.442363,0.004009,0.004009,0.000000,29338
6.024137,596623.490155,0.004365,step_8,2,0.008000,0.008000,0.008000,0.007154,0.007154,0.435279,0.003900,0.003900,0.127543,29340
6.028531,596623.495263,0.004394,step_8,2,0.008000,0.008000,0.008000,0.007154,0.007154,0.455977,0.002844,0.002844,0.000000,29342
6.033062,596623.500441,0.004531,step_8,2,0.008000,0.008000,0.008000,0.006371,0.006371,0.485842,0.002944,0.002944,0.000000,29344
6.038061,596623.505587,0.004999,step_8,2,0.008000,0.008000,0.008000,0.005975,0.005975,0.474474,0.002459,0.002459,0.000000,29346
6.043063,596623.510728,0.005002,step_8,2,0.008000,0.008000,0.008000,0.007272,0.007272,0.424256,0.003022,0.003022,0.259182,29348
6.053062,596623.515925,0.009998,step_8,2,0.008000,0.008000,0.008000,0.005346,0.005346,0.456176,0.001953,0.001953,0.000000,29352
6.058061,596623.521075,0.004999,step_8,2,0.008000,0.008000,0.008000,0.005513,0.005513,0.451033,0.002490,0.002490,0.033443,29354
6.063062,596623.526192,0.005001,step_8,2,0.008000,0.008000,0.008000,0.006301,0.006301,0.469111,0.003075,0.003075,0.157655,29356
6.068061,596623.531295,0.004999,step_8,2,0.008000,0.008000,0.008000,0.006809,0.006809,0.515499,0.002579,0.002579,0.101537,29358
6.073062,596623.536367,0.005000,step_8,2,0.008000,0.008000,0.008000,0.006803,0.006803,0.537701,0.002126,0.002126,0.000000,29360
6.078062,596623.541486,0.005000,step_8,2,0.008000,0.008000,0.008000,0.007229,0.007229,0.506092,0.002724,0.002724,0.085204,29362
6.083062,596623.546584,0.005000,step_8,2,0.008000,0.008000,0.008000,0.008214,0.008214,0.472411,0.002296,0.002296,0.197023,29364
6.083062,596623.551741,0.000001,step_8,2,0.008000,0.008000,0.008000,0.008214,0.008214,0.472411,0.002296,0.002296,0.197023,29364
6.088062,596623.556873,0.005000,step_8,2,0.008000,0.008000,0.008000,0.008340,0.008340,0.450100,0.002934,0.002934,0.025236,29366
6.093742,596623.561954,0.005680,step_8,2,0.008000,0.008000,0.008000,0.008134,0.008134,0.423384,0.003065,0.003065,0.000000,29368
6.103354,596623.567039,0.009613,step_8,2,0.008000,0.008000,0.008000,0.006702,0.006702,0.443863,0.002847,0.002847,0.000000,29372
6.108062,596623.572129,0.004708,step_8,2,0.008000,0.008000,0.008000,0.008558,0.008558,0.454680,0.002049,0.002049,0.394306,29374
6.108062,596623.577264,0.000001,step_8,2,0.008000,0.008000,0.008000,0.008558,0.008558,0.454680,0.002049,0.002049,0.394306,29374
6.113061,596623.582387,0.004999,step_8,2,0.008000,0.008000,0.008000,0.008950,0.008950,0.450310,0.002586,0.002586,0.078318,29376
6.118668,596623.587520,0.005607,step_8,2,0.008000,0.008000,0.008000,0.005892,0.005892,0.471821,0.002667,0.002667,0.000000,29378
6.124433,596623.592660,0.005764,step_8,2,0.008000,0.008000,0.008000,0.008618,0.008618,0.506521,0.004123,0.004123,0.472943,29380
6.130142,596623.597777,0.005710,step_8,2,0.008000,0.008000,0.008000,0.007653,0.007653,0.488828,0.004276,0.004276,0.000000,29382
6.139217,596623.602931,0.009075,step_8,2,0.008000,0.008000,0.008000,0.007226,0.007226,0.391642,0.003398,0.003398,0.277260,29386
6.143383,596623.608047,0.004166,step_8,2,0.008000,0.008000,0.008000,0.006537,0.006537,0.383589,0.003140,0.003140,0.000000,29388
6.148062,596623.613166,0.004678,step_8,2,0.008000,0.008000,0.008000,0.005000,0.005000,0.412736,0.002363,0.002363,0.000000,29390
6.153062,596623.618319,0.005000,step_8,2,0.008000,0.008000,0.008000,0.007270,0.007270,0.464080,0.002965,0.002965,0.454058,29392
6.158061,596623.623472,0.004999,step_8,2,0.008000,0.008000,0.008000,0.007270,0.007270,0.466530,0.002537,0.002537,0.000000,29394
6.163062,596623.628577,0.005001,step_8,2,0.008000,0.008000,0.008000,0.004981,0.004981,0.473100,0.002110,0.002110,0.000000,29396
6.168061,596623.633676,0.004999,step_8,2,0.008000,0.008000,0.008000,0.007752,0.007752,0.494995,0.002705,0.002705,0.554272,29398
6.173062,596623.638787,0.005001,step_8,2,0.008000,0.008000,0.008000,0.007656,0.007656,0.480322,0.002290,0.002290,0.000000,29400
6.178062,596623.643966,0.005000,step_8,2,0.008000,0.008000,0.008000,0.007656,0.007656,0.472971,0.002813,0.002813,0.000000,29402
6.183118,596623.649104,0.005056,step_8,2,0.008000,0.008000,0.008000,0.008230,0.008230,0.466374,0.002284,0.002284,0.113520,29404
6.188064,596623.654226,0.004946,step_8,2,0.008000,0.008000,0.008000,0.006666,0.006666,0.444722,0.002791,0.002791,0.000000,29406
6.193063,596623.659351,0.004999,step_8,2,0.008000,0.008000,0.008000,0.004832,0.004832,0.421347,0.002159,0.002159,0.000000,29408
6.198061,596623.664465,0.004998,step_8,2,0.008000,0.008000,0.008000,0.005529,0.005529,0.397759,0.002718,0.002718,0.139338,29410
6.203061,596623.669580,0.005000,step_8,2,0.008000,0.008000,0.008000,0.008502,0.008502,0.439526,0.002133,0.002133,0.594722,29412
6.208062,596623.674692,0.005000,step_8,2,0.008000,0.008000,0.008000,0.006141,0.006141,0.488197,0.002643,0.002643,0.000000,29414
6.213063,596623.679831,0.005001,step_8,2,0.008000,0.008000,0.008000,0.008342,0.008342,0.481655,0.002133,0.002133,0.440108,29416
6.218062,596623.684950,0.004999,step_8,2,0.008000,0.008000,0.008000,0.007226,0.007226,0.472382,0.002604,0.002604,0.000000,29418
6.223062,596623.690044,0.005001,step_8,2,0.008000,0.008000,0.008000,0.006470,0.006470,0.469575,0.002022,0.002022,0.000000,29420
6.228063,596623.695200,0.005001,step_8,2,0.008000,0.008000,0.008000,0.008151,0.008151,0.447732,0.002554,0.002554,0.336198,29422
6.233062,596623.700302,0.004999,step_8,2,0.008000,0.008000,0.008000,0.006060,0.006060,0.427272,0.002112,0.002112,0.000000,29424
6.238061,596623.705410,0.004999,step_8,2,0.008000,0.008000,0.008000,0.007124,0.007124,0.434639,0.002555,0.002555,0.212785,29426
6.243063,596623.710521,0.005002,step_8,2,0.008000,0.008000,0.008000,0.007605,0.007605,0.441974,0.001965,0.001965,0.096055,29428
6.248062,596623.715619,0.004999,step_8,2,0.008000,0.008000,0.008000,0.006489,0.006489,0.458029,0.002466,0.002466,0.000000,29430
6.253061,596623.720736,0.004999,step_8,2,0.008000,0.008000,0.008000,0.007613,0.007613,0.462347,0.001885,0.001885,0.224826,29432
6.258061,596623.725854,0.005000,step_8,2,0.008000,0.008000,0.008000,0.009902,0.009902,0.433682,0.002397,0.002397,0.457876,29434
6.268062,596623.730966,0.010001,step_8,2,0.008000,0.008000,0.008000,0.007625,0.007625,0.368644,0.002309,0.002309,0.217933,29438
6.273062,596623.736051,0.005000,step_8,2,0.008000,0.008000,0.008000,0.008150,0.008150,0.332015,0.002817,0.002817,0.104945,29440
6.278063,596623.741158,0.005001,step_8,2,0.008000,0.008000,0.008000,0.007647,0.007647,0.338823,0.002312,0.002312,0.000000,29442
6.283064,596623.746291,0.005001,step_8,2,0.008000,0.008000,0.008000,0.008599,0.008599,0.383250,0.002782,0.002782,0.190435,29444
6.288062,596623.751436,0.004999,step_8,2,0.008000,0.008000,0.008000,0.007740,0.007740,0.441981,0.002283,0.002283,0.000000,29446
6.293062,596623.756552,0.005000,step_8,2,0.008000,0.008000,0.008000,0.008448,0.008448,0.517031,0.002827,0.002827,0.141658,29448
6.298063,596623.761664,0.005000,step_8,2,0.008000,0.008000,0.008000,0.008448,0.008448,0.519469,0.002336,0.002336,0.000000,29450
6.303062,596623.766772,0.004999,step_8,2,0.008000,0.008000,0.008000,0.007361,0.007361,0.435078,0.002837,0.002837,0.000000,29452
6.308061,596623.771928,0.004999,step_8,2,0.008000,0.008000,0.008000,0.008870,0.008870,0.382369,0.002296,0.002296,0.301825,29454
6.313062,596623.777017,0.005001,step_8,2,0.008000,0.008000,0.008000,0.006429,0.006429,0.404332,0.001837,0.001837,0.000000,29456
6.318064,596623.782140,0.005002,step_8,2,0.008000,0.008000,0.008000,0.006484,0.006484,0.405130,0.002301,0.002301,0.011081,29458
6.323062,596623.787304,0.004998,step_8,2,0.008000,0.008000,0.008000,0.007058,0.007058,0.364030,0.002829,0.002829,0.114714,29460
6.328062,596623.792415,0.005000,step_8,2,0.008000,0.008000,0.008000,0.005476,0.005476,0.392967,0.002222,0.002222,0.000000,29462
6.333061,596623.797528,0.004999,step_8,2,0.008000,0.008000,0.008000,0.007015,0.007015,0.435314,0.002830,0.002830,0.307793,29464
6.338063,596623.802645,0.005002,step_8,2,0.008000,0.008000,0.008000,0.007739,0.007739,0.425682,0.002285,0.002285,0.144802,29466
6.343063,596623.807798,0.004999,step_8,2,0.008000,0.008000,0.008000,0.005052,0.005052,0.460998,0.002819,0.002819,0.000000,29468
6.348063,596623.812951,0.005000,step_8,2,0.008000,0.008000,0.008000,0.006558,0.006558,0.485543,0.002228,0.002228,0.301146,29470
6.353063,596623.818060,0.005000,step_8,2,0.008000,0.008000,0.008000,0.007914,0.007914,0.445133,0.002795,0.002795,0.271130,29472
6.358063,596623.823167,0.005000,step_8,2,0.008000,0.008000,0.008000,0.004650,0.004650,0.427761,0.002239,0.002239,0.000000,29474
6.363072,596623.828307,0.005009,step_8,2,0.008000,0.008000,0.008000,0.006113,0.006113,0.432884,0.002679,0.002679,0.292038,29476
6.368061,596623.833404,0.004989,step_8,2,0.008000,0.008000,0.008000,0.008212,0.008212,0.440969,0.001882,0.001882,0.420826,29478
6.373061,596623.838512,0.005000,step_8,2,0.008000,0.008000,0.008000,0.006297,0.006297,0.447627,0.002467,0.002467,0.000000,29480
6.378061,596623.843615,0.005000,step_8,2,0.008000,0.008000,0.008000,0.007043,0.007043,0.450406,0.002743,0.002743,0.149089,29482
6.383061,596623.848712,0.005000,step_8,2,0.008000,0.008000,0.008000,0.009097,0.009097,0.444097,0.001970,0.001970,0.410791,29484
6.388061,596623.853869,0.005000,step_8,2,0.008000,0.008000,0.008000,0.007389,0.007389,0.457685,0.002576,0.002576,0.000000,29486
6.393061,596623.858982,0.005000,step_8,2,0.008000,0.008000,0.008000,0.006939,0.006939,0.452008,0.002069,0.002069,0.000000,29488
6.398062,596623.864127,0.005001,step_8,2,0.008000,0.008000,0.008000,0.008929,0.008929,0.404248,0.002699,0.002699,0.397851,29490
6.403061,596623.869237,0.004999,step_8,2,0.008000,0.008000,0.008000,0.004827,0.004827,0.424752,0.002208,0.002208,0.000000,29492
6.408061,596623.874389,0.005000,step_8,2,0.008000,0.008000,0.008000,0.006402,0.006402,0.479188,0.002772,0.002772,0.314974,29494
6.413062,596623.879507,0.005001,rest,2,0.000000,0.000000,0.000000,0.006428,0.006428,0.498105,0.002332,0.002332,0.005280,29496
6.418061,596623.884673,0.004999,rest,2,0.000000,0.000000,0.000000,0.005530,0.005530,0.470698,0.001777,0.001777,0.000000,29498
6.423061,596623.889784,0.005000,rest,2,0.000000,0.000000,0.000000,0.007326,0.007326,0.419688,0.002296,0.002296,0.359216,29500
6.428061,596623.894881,0.005000,rest,2,0.000000,0.000000,0.000000,0.006579,0.006579,0.440760,0.002846,0.002846,0.000000,29502
6.433061,596623.899974,0.005000,rest,2,0.000000,0.000000,0.000000,0.007256,0.007256,0.498559,0.002360,0.002360,0.135391,29504
6.438062,596623.905047,0.005000,rest,2,0.000000,0.000000,0.000000,0.004486,0.004486,0.544694,0.001915,0.001915,0.000000,29506
6.443061,596623.910160,0.005000,rest,2,0.000000,0.000000,0.000000,0.005968,0.005968,0.531200,0.002543,0.002543,0.296259,29508
6.448062,596623.915282,0.005000,rest,2,0.000000,0.000000,0.000000,0.005686,0.005686,0.477810,0.002053,0.002053,0.000000,29510
6.453548,596623.920413,0.005486,rest,2,0.000000,0.000000,0.000000,0.000482,0.000482,0.397051,0.003134,0.003134,0.000000,29512
6.458062,596623.925536,0.004514,rest,2,0.000000,0.000000,0.000000,0.000000,0.000000,0.343387,0.002187,0.002187,0.000000,29514
6.463062,596623.930661,0.005000,rest,2,0.000000,0.000000,0.000000,0.001746,0.001746,0.263528,0.002836,0.002836,0.349257,29516
6.468061,596623.935759,0.005000,rest,2,0.000000,0.000000,0.000000,0.001746,0.001746,0.123253,0.002386,0.002386,0.000000,29518
6.473063,596623.940848,0.005001,rest,2,0.000000,0.000000,0.000000,-0.000850,-0.000850,0.162688,0.002941,0.002941,0.000000,29520
6.478062,596623.945950,0.004999,rest,2,0.000000,0.000000,0.000000,-0.000850,-0.000850,0.347966,0.002457,0.002457,0.000000,29522
6.483062,596623.951045,0.005000,rest,2,0.000000,0.000000,0.000000,0.000000,0.000000,0.481483,0.001930,0.001930,0.169994,29524
6.488800,596623.956145,0.005738,rest,2,0.000000,0.000000,0.000000,-0.000268,-0.000268,0.507762,0.003212,0.003212,0.000000,29526
6.498061,596623.961244,0.009261,rest,2,0.000000,0.000000,0.000000,0.000582,0.000582,0.405743,0.002477,0.002477,0.000000,29530
6.503062,596623.966335,0.005000,rest,2,0.000000,0.000000,0.000000,-0.000850,-0.000850,0.371679,0.002974,0.002974,0.000000,29532
6.508068,596623.971456,0.005006,rest,2,0.000000,0.000000,0.000000,-0.001275,-0.001275,0.400221,0.002436,0.002436,0.000000,29534
6.513061,596623.976545,0.004994,rest,2,0.000000,0.000000,0.000000,-0.000850,-0.000850,0.453523,0.002854,0.002854,0.085092,29536
6.518070,596623.981691,0.005008,rest,2,0.000000,0.000000,0.000000,0.000582,0.000582,0.466784,0.002532,0.002532,0.285983,29538
6.523061,596623.986823,0.004992,rest,2,0.000000,0.000000,0.000000,-0.000110,-0.000110,0.465014,0.001965,0.001965,0.000000,29540
6.528062,596623.991956,0.005001,rest,2,0.000000,0.000000,0.000000,0.000580,0.000580,0.456920,0.002583,0.002583,0.137919,29542
6.533063,596623.997037,0.005001,rest,2,0.000000,0.000000,0.000000,-0.000001,-0.000001,0.418049,0.002109,0.002109,0.000000,29544
6.538064,596624.002126,0.005001,rest,2,0.000000,0.000000,0.000000,0.000000,0.000000,0.399916,0.002772,0.002772,0.000175,29546
6.538064,596624.007209,0.000001,rest,2,0.000000,0.000000,0.000000,0.000000,0.000000,0.399916,0.002772,0.002772,0.000175,29546
6.543065,596624.012307,0.005001,rest,2,0.000000,0.000000,0.000000,-0.000268,-0.000268,0.397850,0.002262,0.002262,0.000000,29548
6.548755,596624.017459,0.005690,rest,2,0.000000,0.000000,0.000000,-0.000001,-0.000001,0.381982,0.003526,0.003526,0.046992,29550
6.559375,596624.022580,0.010620,rest,2,0.000000,0.000000,0.000000,-0.000850,-0.000850,0.343341,0.004244,0.004244,0.000000,29554
6.563679,596624.027680,0.004304,rest,2,0.000000,0.000000,0.000000,0.000958,0.000958,0.349649,0.002991,0.002991,0.419990,29556
6.568651,596624.032816,0.004972,rest,2,0.000000,0.000000,0.000000,-0.001301,-0.001301,0.354355,0.003563,0.003563,0.000000,29558
6.574059,596624.037947,0.005408,rest,2,0.000000,0.000000,0.000000,-0.000078,-0.000078,0.378480,0.003491,0.003491,0.226157,29560
6.579142,596624.043037,0.005083,rest,2,0.000000,0.000000,0.000000,0.000960,0.000960,0.412499,0.003100,0.003100,0.204212,29562
6.583629,596624.048145,0.004487,rest,2,0.000000,0.000000,0.000000,-0.000369,-0.000369,0.450139,0.003208,0.003208,0.000000,29564
6.588061,596624.053227,0.004433,rest,2,0.000000,0.000000,0.000000,-0.000027,-0.000027,0.475868,0.002152,0.002152,0.077243,29566
6.593061,596624.058311,0.005000,rest,2,0.000000,0.000000,0.000000,-0.000340,-0.000340,0.478874,0.002733,0.002733,0.000000,29568
6.598061,596624.063436,0.005000,rest,2,0.000000,0.000000,0.000000,0.001339,0.001339,0.476398,0.002244,0.002244,0.335645,29570
6.603062,596624.068550,0.005000,rest,2,0.000000,0.000000,0.000000,0.001339,0.001339,0.471654,0.002831,0.002831,0.000008,29572
6.608061,596624.073646,0.005000,rest,2,0.000000,0.000000,0.000000,0.001896,0.001896,0.479182,0.002344,0.002344,0.111561,29574
6.613062,596624.078784,0.005000,rest,2,0.000000,0.000000,0.000000,0.000936,0.000936,0.472955,0.002940,0.002940,0.000000,29576
6.618062,596624.083910,0.005000,rest,2,0.000000,0.000000,0.000000,0.000936,0.000936,0.451430,0.002402,0.002402,0.000005,29578
6.623061,596624.089041,0.005000,rest,2,0.000000,0.000000,0.000000,0.000383,0.000383,0.437878,0.002898,0.002898,0.000000,29580
6.628062,596624.094117,0.005000,rest,2,0.000000,0.000000,0.000000,0.000383,0.000383,0.421835,0.002355,0.002355,0.000009,29582
6.633061,596624.099233,0.004999,rest,2,0.000000,0.000000,0.000000,0.000141,0.000141,0.417837,0.002901,0.002901,0.000000,29584
6.638062,596624.104354,0.005001,rest,2,0.000000,0.000000,0.000000,0.000992,0.000992,0.424419,0.002338,0.002338,0.169974,29586
6.643063,596624.109474,0.005001,rest,2,0.000000,0.000000,0.000000,-0.000089,-0.000089,0.430260,0.002923,0.002923,0.000000,29588
6.648062,596624.114586,0.005000,rest,2,0.000000,0.000000,0.000000,-0.000390,-0.000390,0.444180,0.002393,0.002393,0.000000,29590
6.653061,596624.119671,0.004999,rest,2,0.000000,0.000000,0.000000,0.001417,0.001417,0.415589,0.002828,0.002828,0.361655,29592
6.658061,596624.124789,0.005000,rest,2,0.000000,0.000000,0.000000,0.000991,0.000991,0.390223,0.002180,0.002180,0.000000,29594
6.663061,596624.129903,0.005000,rest,2,0.000000,0.000000,0.000000,0.000705,0.000705,0.410104,0.002667,0.002667,0.000000,29596
6.668061,596624.135029,0.005000,rest,2,0.000000,0.000000,0.000000,0.000142,0.000142,0.428431,0.003007,0.003007,0.000000,29598
6.673061,596624.140173,0.005000,rest,2,0.000000,0.000000,0.000000,0.001417,0.001417,0.426526,0.002487,0.002487,0.254879,29600
6.678062,596624.145257,0.005000,rest,2,0.000000,0.000000,0.000000,-0.000369,-0.000369,0.438549,0.002750,0.002750,0.000000,29602
6.683062,596624.150333,0.005000,rest,2,0.000000,0.000000,0.000000,0.000835,0.000835,0.462768,0.002150,0.002150,0.240796,29604
6.688062,596624.155501,0.005000,rest,2,0.000000,0.000000,0.000000,0.001018,0.001018,0.454628,0.002725,0.002725,0.036509,29606
6.693061,596624.160630,0.005000,rest,2,0.000000,0.000000,0.000000,0.001443,0.001443,0.440243,0.002219,0.002219,0.085022,29608
6.698062,596624.165767,0.005001,rest,2,0.000000,0.000000,0.000000,0.000963,0.000963,0.452711,0.002820,0.002820,0.000000,29610
6.703062,596624.170890,0.005000,rest,2,0.000000,0.000000,0.000000,0.000732,0.000732,0.461713,0.002318,0.002318,0.000000,29612
6.708061,596624.176032,0.004999,rest,2,0.000000,0.000000,0.000000,0.001264,0.001264,0.435837,0.002865,0.002865,0.106394,29614
6.718061,596624.181116,0.010000,rest,2,0.000000,0.000000,0.000000,-0.000257,-0.000257,0.418907,0.002937,0.002937,0.038286,29618
6.723062,596624.186207,0.005000,rest,2,0.000000,0.000000,0.000000,0.001104,0.001104,0.410087,0.002511,0.002511,0.272255,29620
6.728062,596624.191308,0.005001,rest,2,0.000000,0.000000,0.000000,0.000594,0.000594,0.389743,0.002024,0.002024,0.000000,29622
6.733062,596624.196426,0.004999,rest,2,0.000000,0.000000,0.000000,0.001342,0.001342,0.440841,0.002585,0.002585,0.149587,29624
6.738062,596624.201552,0.005000,rest,2,0.000000,0.000000,0.000000,0.001444,0.001444,0.445754,0.002066,0.002066,0.020395,29626
6.743061,596624.206687,0.004999,rest,2,0.000000,0.000000,0.000000,0.001367,0.001367,0.406094,0.002711,0.002711,0.000000,29628
6.748061,596624.211813,0.005000,rest,2,0.000000,0.000000,0.000000,0.000785,0.000785,0.410940,0.002218,0.002218,0.000000,29630
6.753062,596624.216933,0.005000,rest,2,0.000000,0.000000,0.000000,0.000785,0.000785,0.433610,0.002857,0.002857,0.000021,29632
6.758062,596624.222025,0.005000,rest,2,0.000000,0.000000,0.000000,0.001443,0.001443,0.456581,0.002395,0.002395,0.131757,29634
6.763061,596624.227189,0.005000,rest,2,0.000000,0.000000,0.000000,0.001444,0.001444,0.472039,0.002959,0.002959,0.000054,29636
6.768063,596624.232266,0.005002,rest,2,0.000000,0.000000,0.000000,0.001444,0.001444,0.474676,0.002503,0.002503,0.000021,29638
6.773062,596624.237354,0.004999,rest,2,0.000000,0.000000,0.000000,0.001925,0.001925,0.441329,0.001977,0.001977,0.096212,29640
6.778062,596624.242516,0.005001,rest,2,0.000000,0.000000,0.000000,0.001420,0.001420,0.400020,0.002645,0.002645,0.000000,29642
6.783062,596624.247604,0.005000,rest,2,0.000000,0.000000,0.000000,0.001444,0.001444,0.389542,0.002176,0.002176,0.004905,29644
6.788062,596624.252691,0.005001,rest,2,0.000000,0.000000,0.000000,0.001500,0.001500,0.415250,0.002784,0.002784,0.011079,29646
6.793062,596624.257792,0.004999,rest,2,0.000000,0.000000,0.000000,0.001343,0.001343,0.433855,0.002327,0.002327,0.000000,29648
6.798062,596624.262910,0.005000,rest,2,0.000000,0.000000,0.000000,0.000862,0.000862,0.413393,0.002907,0.002907,0.000000,29650
6.803062,596624.268051,0.005000,rest,2,0.000000,0.000000,0.000000,0.001165,0.001165,0.399900,0.002439,0.002439,0.060438,29652
6.808062,596624.273151,0.005000,rest,2,0.000000,0.000000,0.000000,-0.000302,-0.000302,0.407948,0.002998,0.002998,0.000000,29654
6.813062,596624.278232,0.005000,rest,2,0.000000,0.000000,0.000000,0.000203,0.000203,0.401772,0.002481,0.002481,0.100974,29656
6.818062,596624.283376,0.005000,step_8,2,-0.008000,-0.008000,-0.008000,-0.000224,-0.000224,0.410221,0.001882,0.001882,0.000000,29658
6.823061,596624.288510,0.005000,step_8,2,-0.008000,-0.008000,-0.008000,0.000281,0.000281,0.432107,0.002380,0.002380,0.101083,29660
6.828061,596624.293654,0.005000,step_8,2,-0.008000,-0.008000,-0.008000,-0.000479,-0.000479,0.462552,0.002791,0.002791,0.000000,29662
6.833061,596624.298788,0.005000,step_8,2,-0.008000,-0.008000,-0.008000,-0.000827,-0.000827,0.480393,0.002055,0.002055,0.000000,29664
6.838061,596624.303923,0.005000,step_8,2,-0.008000,-0.008000,-0.008000,0.000257,0.000257,0.444730,0.002619,0.002619,0.216839,29666
6.843061,596624.309069,0.005000,step_8,2,-0.008000,-0.008000,-0.008000,0.001243,0.001243,0.422881,0.001946,0.001946,0.197173,29668
6.848062,596624.314152,0.005001,step_8,2,-0.008000,-0.008000,-0.008000,0.000787,0.000787,0.464226,0.002509,0.002509,0.000000,29670
6.853061,596624.319241,0.004999,step_8,2,-0.008000,-0.008000,-0.008000,-0.000324,-0.000324,0.471354,0.003040,0.003040,0.000000,29672
6.858062,596624.324362,0.005001,step_8,2,-0.008000,-0.008000,-0.008000,-0.003614,-0.003614,0.404462,0.002484,0.002484,0.000000,29674
6.863061,596624.329490,0.004999,step_8,2,-0.008000,-0.008000,-0.008000,-0.004599,-0.004599,0.347616,0.002899,0.002899,0.000000,29676
6.868061,596624.334605,0.005000,step_8,2,-0.008000,-0.008000,-0.008000,-0.007028,-0.007028,0.260723,0.002336,0.002336,0.000000,29678
6.873061,596624.339728,0.005000,step_8,2,-0.008000,-0.008000,-0.008000,-0.006161,-0.006161,0.158519,0.002810,0.002810,0.173336,29680
6.878061,596624.344893,0.005000,step_8,2,-0.008000,-0.008000,-0.008000,-0.007348,-0.007348,0.192909,0.002151,0.002151,0.000000,29682
6.883061,596624.350021,0.005000,step_8,2,-0.008000,-0.008000,-0.008000,-0.006236,-0.006236,0.296897,0.002619,0.002619,0.222359,29684
6.888061,596624.355162,0.005000,step_8,2,-0.008000,-0.008000,-0.008000,-0.007298,-0.007298,0.380225,0.002028,0.002028,0.000000,29686
6.893061,596624.360275,0.005000,step_8,2,-0.008000,-0.008000,-0.008000,-0.007779,-0.007779,0.453027,0.002141,0.002141,0.000000,29688
6.898061,596624.365383,0.005000,step_8,2,-0.008000,-0.008000,-0.008000,-0.008389,-0.008389,0.461704,0.002531,0.002531,0.000000,29690
6.903061,596624.370523,0.005000,step_8,2,-0.008000,-0.008000,-0.008000,-0.007119,-0.007119,0.409749,0.002736,0.002736,0.253952,29692
6.908062,596624.375720,0.005000,step_8,2,-0.008000,-0.008000,-0.008000,-0.007195,-0.007195,0.372748,0.003006,0.003006,0.000000,29694
6.918062,596624.380946,0.010000,step_8,2,-0.008000,-0.008000,-0.008000,-0.008204,-0.008204,0.453266,0.002750,0.002750,0.000059,29698
6.923061,596624.386213,0.004999,step_8,2,-0.008000,-0.008000,-0.008000,-0.008609,-0.008609,0.464175,0.001917,0.001917,0.000000,29700
6.928061,596624.391319,0.005000,step_8,2,-0.008000,-0.008000,-0.008000,-0.008609,-0.008609,0.444839,0.002457,0.002457,0.000000,29702
6.933062,596624.396426,0.005001,step_8,2,-0.008000,-0.008000,-0.008000,-0.008584,-0.008584,0.436326,0.003041,0.003041,0.004935,29704
6.938062,596624.401598,0.005000,step_8,2,-0.008000,-0.008000,-0.008000,-0.008514,-0.008514,0.430038,0.002546,0.002546,0.014125,29706
6.943061,596624.406753,0.005000,step_8,2,-0.008000,-0.008000,-0.008000,-0.008995,-0.008995,0.407744,0.003008,0.003008,0.000000,29708
6.948061,596624.411975,0.005000,step_8,2,-0.008000,-0.008000,-0.008000,-0.010540,-0.010540,0.407696,0.002495,0.002495,0.000000,29710
6.953062,596624.417143,0.005000,step_8,2,-0.008000,-0.008000,-0.008000,-0.008466,-0.008466,0.406548,0.002041,0.002041,0.414704,29712
6.958061,596624.422245,0.004999,step_8,2,-0.008000,-0.008000,-0.008000,-0.009028,-0.009028,0.364953,0.002646,0.002646,0.000000,29714
6.963061,596624.427355,0.005000,step_8,2,-0.008000,-0.008000,-0.008000,-0.011199,-0.011199,0.376624,0.002124,0.002124,0.000000,29716
6.968063,596624.432480,0.005002,step_8,2,-0.008000,-0.008000,-0.008000,-0.009606,-0.009606,0.407457,0.002668,0.002668,0.318405,29718
6.973061,596624.437625,0.004998,step_8,2,-0.008000,-0.008000,-0.008000,-0.009884,-0.009884,0.402382,0.002130,0.002130,0.000000,29720
6.978062,596624.442864,0.005000,step_8,2,-0.008000,-0.008000,-0.008000,-0.008923,-0.008923,0.403392,0.002667,0.002667,0.192089,29722
6.983067,596624.448101,0.005005,step_8,2,-0.008000,-0.008000,-0.008000,-0.008462,-0.008462,0.403686,0.002251,0.002251,0.092193,29724
6.988061,596624.453202,0.004994,step_8,2,-0.008000,-0.008000,-0.008000,-0.009190,-0.009190,0.411480,0.002608,0.002608,0.000000,29726
6.993061,596624.458310,0.005000,step_8,2,-0.008000,-0.008000,-0.008000,-0.009595,-0.009595,0.437441,0.002093,0.002093,0.000000,29728
6.998062,596624.463418,0.005001,step_8,2,-0.008000,-0.008000,-0.008000,-0.009927,-0.009927,0.445483,0.002796,0.002796,0.000000,29730
7.003061,596624.468568,0.005000,step_8,2,-0.008000,-0.008000,-0.008000,-0.009815,-0.009815,0.430269,0.002356,0.002356,0.022420,29732
7.008061,596624.473739,0.004999,step_8,2,-0.008000,-0.008000,-0.008000,-0.011113,-0.011113,0.456247,0.002906,0.002906,0.000000,29734
7.013061,596624.478850,0.005001,step_8,2,-0.008000,-0.008000,-0.008000,-0.008831,-0.008831,0.503213,0.002470,0.002470,0.456185,29736
7.018063,596624.483976,0.005001,step_8,2,-0.008000,-0.008000,-0.008000,-0.010772,-0.010772,0.526636,0.002027,0.002027,0.000000,29738
7.023062,596624.489120,0.004999,step_8,2,-0.008000,-0.008000,-0.008000,-0.007626,-0.007626,0.538065,0.002555,0.002555,0.629386,29740
7.028063,596624.494210,0.005001,step_8,2,-0.008000,-0.008000,-0.008000,-0.008551,-0.008551,0.541105,0.002076,0.002076,0.000000,29742
7.033061,596624.499291,0.004998,step_8,2,-0.008000,-0.008000,-0.008000,-0.007695,-0.007695,0.553696,0.002725,0.002725,0.171237,29744
7.038062,596624.504383,0.005001,step_8,2,-0.008000,-0.008000,-0.008000,-0.005195,-0.005195,0.555555,0.002260,0.002260,0.499781,29746
7.043065,596624.509529,0.005003,step_8,2,-0.008000,-0.008000,-0.008000,-0.006863,-0.006863,0.474500,0.002918,0.002918,0.000000,29748
7.048061,596624.514666,0.004996,step_8,2,-0.008000,-0.008000,-0.008000,-0.006863,-0.006863,0.396770,0.002462,0.002462,0.000000,29750
7.053061,596624.519786,0.005000,step_8,2,-0.008000,-0.008000,-0.008000,-0.008955,-0.008955,0.379477,0.001964,0.001964,0.000000,29752
7.058062,596624.524921,0.005001,step_8,2,-0.008000,-0.008000,-0.008000,-0.008955,-0.008955,0.327603,0.002646,0.002646,0.000000,29754
7.063062,596624.530043,0.005000,step_8,2,-0.008000,-0.008000,-0.008000,-0.007927,-0.007927,0.296957,0.002179,0.002179,0.205654,29756
7.068061,596624.535139,0.005000,step_8,2,-0.008000,-0.008000,-0.008000,-0.010068,-0.010068,0.352232,0.002712,0.002712,0.000000,29758
7.073061,596624.540241,0.005000,step_8,2,-0.008000,-0.008000,-0.008000,-0.010574,-0.010574,0.409150,0.002098,0.002098,0.000000,29760
7.078061,596624.545408,0.005000,step_8,2,-0.008000,-0.008000,-0.008000,-0.009651,-0.009651,0.411126,0.002721,0.002721,0.184488,29762
7.083061,596624.550492,0.005000,step_8,2,-0.008000,-0.008000,-0.008000,-0.006849,-0.006849,0.425177,0.002183,0.002183,0.560410,29764
7.088061,596624.555576,0.005000,step_8,2,-0.008000,-0.008000,-0.008000,-0.007973,-0.007973,0.511782,0.002702,0.002702,0.000000,29766
7.093061,596624.560712,0.005000,step_8,2,-0.008000,-0.008000,-0.008000,-0.008028,-0.008028,0.593794,0.002092,0.002092,0.000000,29768
7.098061,596624.565832,0.005000,step_8,2,-0.008000,-0.008000,-0.008000,-0.006130,-0.006130,0.566443,0.002654,0.002654,0.379642,29770
7.108061,596624.570966,0.010000,step_8,2,-0.008000,-0.008000,-0.008000,-0.007831,-0.007831,0.476511,0.002635,0.002635,0.000000,29774
7.113061,596624.576092,0.005000,step_8,2,-0.008000,-0.008000,-0.008000,-0.007679,-0.007679,0.475397,0.002106,0.002106,0.030481,29776
7.118062,596624.581240,0.005001,step_8,2,-0.008000,-0.008000,-0.008000,-0.007638,-0.007638,0.464622,0.002779,0.002779,0.008251,29778
7.123061,596624.586323,0.005000,step_8,2,-0.008000,-0.008000,-0.008000,-0.007797,-0.007797,0.443813,0.002378,0.002378,0.000000,29780
7.128061,596624.591471,0.005000,step_8,2,-0.008000,-0.008000,-0.008000,-0.007966,-0.007966,0.417840,0.002941,0.002941,0.000000,29782
7.133061,596624.596569,0.005000,step_8,2,-0.008000,-0.008000,-0.008000,-0.008284,-0.008284,0.359061,0.002323,0.002323,0.000000,29784
7.138062,596624.601703,0.005001,step_8,2,-0.008000,-0.008000,-0.008000,-0.007623,-0.007623,0.302199,0.002914,0.002914,0.132073,29786
7.143062,596624.606803,0.005000,step_8,2,-0.008000,-0.008000,-0.008000,-0.008474,-0.008474,0.312283,0.002361,0.002361,0.000000,29788
7.143062,596624.611901,0.000001,step_8,2,-0.008000,-0.008000,-0.008000,-0.008474,-0.008474,0.312283,0.002361,0.002361,0.000000,29788
7.153790,596624.617074,0.010729,step_8,2,-0.008000,-0.008000,-0.008000,-0.006635,-0.006635,0.459711,0.003237,0.003237,0.339250,29792
7.158061,596624.622165,0.004271,step_8,2,-0.008000,-0.008000,-0.008000,-0.007700,-0.007700,0.485958,0.001962,0.001962,0.000000,29794
7.163062,596624.627264,0.005001,step_8,2,-0.008000,-0.008000,-0.008000,-0.004965,-0.004965,0.489366,0.002625,0.002625,0.546808,29796
7.168061,596624.632402,0.005000,step_8,2,-0.008000,-0.008000,-0.008000,-0.009679,-0.009679,0.516777,0.002049,0.002049,0.000000,29798
7.173061,596624.637595,0.004999,step_8,2,-0.008000,-0.008000,-0.008000,-0.007659,-0.007659,0.556418,0.002655,0.002655,0.404100,29800
7.178063,596624.642830,0.005002,step_8,2,-0.008000,-0.008000,-0.008000,-0.007616,-0.007616,0.504388,0.002179,0.002179,0.008601,29802
7.183062,596624.647938,0.004999,step_8,2,-0.008000,-0.008000,-0.008000,-0.009517,-0.009517,0.402156,0.002700,0.002700,0.000000,29804
7.188061,596624.653042,0.005000,step_8,2,-0.008000,-0.008000,-0.008000,-0.009362,-0.009362,0.375740,0.002155,0.002155,0.031033,29806
7.193080,596624.658152,0.005018,step_8,2,-0.008000,-0.008000,-0.008000,-0.008851,-0.008851,0.438367,0.002785,0.002785,0.101793,29808
7.198061,596624.663259,0.004982,step_8,2,-0.008000,-0.008000,-0.008000,-0.008772,-0.008772,0.495025,0.002059,0.002059,0.015974,29810
7.203062,596624.668364,0.005000,step_8,2,-0.008000,-0.008000,-0.008000,-0.008772,-0.008772,0.494898,0.002579,0.002579,0.000000,29812
7.208062,596624.673578,0.005000,step_8,2,-0.008000,-0.008000,-0.008000,-0.007055,-0.007055,0.484944,0.001972,0.001972,0.343384,29814
7.213061,596624.678732,0.004999,step_8,2,-0.008000,-0.008000,-0.008000,-0.007502,-0.007502,0.503496,0.002374,0.002374,0.000000,29816
7.218062,596624.683974,0.005000,step_8,2,-0.008000,-0.008000,-0.008000,-0.007502,-0.007502,0.496175,0.002944,0.002944,0.000000,29818
7.223061,596624.689170,0.005000,step_8,2,-0.008000,-0.008000,-0.008000,-0.007057,-0.007057,0.447627,0.002449,0.002449,0.089035,29820
7.228062,596624.694280,0.005000,step_8,2,-0.008000,-0.008000,-0.008000,-0.007057,-0.007057,0.406618,0.001958,0.001958,0.000000,29822
7.233062,596624.699493,0.005000,step_8,2,-0.008000,-0.008000,-0.008000,-0.006584,-0.006584,0.404257,0.002546,0.002546,0.094605,29824
7.238061,596624.704633,0.005000,step_8,2,-0.008000,-0.008000,-0.008000,-0.007075,-0.007075,0.419927,0.002107,0.002107,0.000000,29826
7.243061,596624.709886,0.005000,step_8,2,-0.008000,-0.008000,-0.008000,-0.006827,-0.006827,0.375729,0.002715,0.002715,0.049515,29828
7.248061,596624.715107,0.005000,step_8,2,-0.008000,-0.008000,-0.008000,-0.007373,-0.007373,0.367515,0.002122,0.002122,0.000000,29830
7.253061,596624.720214,0.005000,step_8,2,-0.008000,-0.008000,-0.008000,-0.007482,-0.007482,0.437826,0.002583,0.002583,0.000000,29832
7.258061,596624.725351,0.005000,step_8,2,-0.008000,-0.008000,-0.008000,-0.007199,-0.007199,0.504168,0.003005,0.003005,0.056571,29834
7.263061,596624.730493,0.005000,step_8,2,-0.008000,-0.008000,-0.008000,-0.006166,-0.006166,0.536293,0.002473,0.002473,0.206542,29836
7.268061,596624.735635,0.005000,step_8,2,-0.008000,-0.008000,-0.008000,-0.005555,-0.005555,0.526931,0.002039,0.002039,0.122190,29838
7.273073,596624.740747,0.005012,step_8,2,-0.008000,-0.008000,-0.008000,-0.005940,-0.005940,0.487925,0.002697,0.002697,0.000000,29840
7.283061,596624.745997,0.009988,step_8,2,-0.008000,-0.008000,-0.008000,-0.005965,-0.005965,0.469617,0.002553,0.002553,0.000000,29844
7.288062,596624.751256,0.005001,step_8,2,-0.008000,-0.008000,-0.008000,-0.006075,-0.006075,0.468044,0.001996,0.001996,0.000000,29846
7.293061,596624.756363,0.004999,step_8,2,-0.008000,-0.008000,-0.008000,-0.007951,-0.007951,0.447987,0.002562,0.002562,0.000000,29848
7.298061,596624.761515,0.005000,step_8,2,-0.008000,-0.008000,-0.008000,-0.005966,-0.005966,0.421834,0.002083,0.002083,0.397031,29850
7.303061,596624.766751,0.005000,step_8,2,-0.008000,-0.008000,-0.008000,-0.008004,-0.008004,0.388318,0.002732,0.002732,0.000000,29852
7.308061,596624.771951,0.005000,step_8,2,-0.008000,-0.008000,-0.008000,-0.009919,-0.009919,0.377724,0.002207,0.002207,0.000000,29854
7.313061,596624.777054,0.005000,step_8,2,-0.008000,-0.008000,-0.008000,-0.007685,-0.007685,0.378808,0.002844,0.002844,0.446802,29856
7.318061,596624.782357,0.005000,step_8,2,-0.008000,-0.008000,-0.008000,-0.007474,-0.007474,0.380098,0.002381,0.002381,0.042301,29858
7.323061,596624.787499,0.005000,step_8,2,-0.008000,-0.008000,-0.008000,-0.007852,-0.007852,0.439143,0.002928,0.002928,0.000000,29860
7.328061,596624.792712,0.005000,step_8,2,-0.008000,-0.008000,-0.008000,-0.007366,-0.007366,0.507963,0.002463,0.002463,0.097202,29862
7.333064,596624.797941,0.005003,step_8,2,-0.008000,-0.008000,-0.008000,-0.007663,-0.007663,0.506531,0.002915,0.002915,0.000000,29864
7.338061,596624.803195,0.004997,step_8,2,-0.008000,-0.008000,-0.008000,-0.006546,-0.006546,0.458675,0.002363,0.002363,0.223688,29866
7.343062,596624.808303,0.005001,step_8,2,-0.008000,-0.008000,-0.008000,-0.006932,-0.006932,0.423697,0.002918,0.002918,0.000000,29868
7.348068,596624.813446,0.005006,step_8,2,-0.008000,-0.008000,-0.008000,-0.006932,-0.006932,0.398433,0.002566,0.002566,0.000000,29870
7.353061,596624.818561,0.004993,step_8,2,-0.008000,-0.008000,-0.008000,-0.008637,-0.008637,0.419043,0.002043,0.002043,0.000000,29872
7.358061,596624.823680,0.005000,step_8,2,-0.008000,-0.008000,-0.008000,-0.008637,-0.008637,0.465548,0.002606,0.002606,0.000000,29874
7.363062,596624.828886,0.005001,step_8,2,-0.008000,-0.008000,-0.008000,-0.007186,-0.007186,0.478463,0.002163,0.002163,0.290161,29876
7.368062,596624.834096,0.004999,step_8,2,-0.008000,-0.008000,-0.008000,-0.007862,-0.007862,0.498665,0.002801,0.002801,0.000000,29878
7.373061,596624.839203,0.005000,step_8,2,-0.008000,-0.008000,-0.008000,-0.008343,-0.008343,0.512733,0.002239,0.002239,0.000000,29880
7.378061,596624.844339,0.005000,step_8,2,-0.008000,-0.008000,-0.008000,-0.007591,-0.007591,0.517004,0.002859,0.002859,0.150372,29882
7.383062,596624.849448,0.005001,step_8,2,-0.008000,-0.008000,-0.008000,-0.006339,-0.006339,0.488775,0.002416,0.002416,0.250308,29884
7.388062,596624.854614,0.005000,step_8,2,-0.008000,-0.008000,-0.008000,-0.005431,-0.005431,0.463763,0.003043,0.003043,0.181689,29886
7.393061,596624.859822,0.005000,step_8,2,-0.008000,-0.008000,-0.008000,-0.006401,-0.006401,0.465467,0.002597,0.002597,0.000000,29888
7.398073,596624.864931,0.005012,step_8,2,-0.008000,-0.008000,-0.008000,-0.007300,-0.007300,0.473885,0.002166,0.002166,0.000000,29890
7.403061,596624.870166,0.004988,step_8,2,-0.008000,-0.008000,-0.008000,-0.005823,-0.005823,0.436453,0.002733,0.002733,0.296123,29892
7.408062,596624.875273,0.005001,step_8,2,-0.008000,-0.008000,-0.008000,-0.007534,-0.007534,0.423491,0.002306,0.002306,0.000000,29894
7.413061,596624.880381,0.005000,step_8,2,-0.008000,-0.008000,-0.008000,-0.008380,-0.008380,0.488859,0.002837,0.002837,0.000000,29896
7.418061,596624.885533,0.005000,step_8,2,-0.008000,-0.008000,-0.008000,-0.005456,-0.005456,0.506072,0.002388,0.002388,0.584833,29898
7.423061,596624.890743,0.005000,step_8,2,-0.008000,-0.008000,-0.008000,-0.007630,-0.007630,0.510930,0.002757,0.002757,0.000000,29900
7.428061,596624.895961,0.005000,step_8,2,-0.008000,-0.008000,-0.008000,-0.006384,-0.006384,0.522873,0.002114,0.002114,0.249124,29902
7.438061,596624.901315,0.010000,step_8,2,-0.008000,-0.008000,-0.008000,-0.005844,-0.005844,0.447131,0.002189,0.002189,0.111096,29906
7.443061,596624.906419,0.005000,step_8,2,-0.008000,-0.008000,-0.008000,-0.006421,-0.006421,0.427930,0.002836,0.002836,0.000000,29908
7.448068,596624.911520,0.005007,step_8,2,-0.008000,-0.008000,-0.008000,-0.005538,-0.005538,0.455628,0.002427,0.002427,0.176318,29910
7.453061,596624.916732,0.004993,step_8,2,-0.008000,-0.008000,-0.008000,-0.007787,-0.007787,0.460846,0.003000,0.003000,0.000000,29912
7.458061,596624.921858,0.005000,step_8,2,-0.008000,-0.008000,-0.008000,-0.005154,-0.005154,0.440051,0.002332,0.002332,0.526512,29914
7.463068,596624.926997,0.005007,step_8,2,-0.008000,-0.008000,-0.008000,-0.006175,-0.006175,0.422568,0.002845,0.002845,0.000000,29916
7.468061,596624.932106,0.004993,step_8,2,-0.008000,-0.008000,-0.008000,-0.007068,-0.007068,0.434229,0.001970,0.001970,0.000000,29918
7.473062,596624.937207,0.005001,step_8,2,-0.008000,-0.008000,-0.008000,-0.006469,-0.006469,0.446517,0.002474,0.002474,0.119806,29920
7.478062,596624.942341,0.005000,step_8,2,-0.008000,-0.008000,-0.008000,-0.007711,-0.007711,0.433517,0.002817,0.002817,0.000000,29922
7.483063,596624.947479,0.005001,step_8,2,-0.008000,-0.008000,-0.008000,-0.006753,-0.006753,0.428792,0.002322,0.002322,0.191536,29924
7.488063,596624.952604,0.005000,step_8,2,-0.008000,-0.008000,-0.008000,-0.007008,-0.007008,0.472040,0.002912,0.002912,0.000000,29926
7.493061,596624.957810,0.004998,step_8,2,-0.008000,-0.008000,-0.008000,-0.006754,-0.006754,0.486722,0.002387,0.002387,0.050780,29928
7.498062,596624.963042,0.005001,step_8,2,-0.008000,-0.008000,-0.008000,-0.006754,-0.006754,0.461228,0.002936,0.002936,0.000000,29930
7.503062,596624.968188,0.004999,step_8,2,-0.008000,-0.008000,-0.008000,-0.006879,-0.006879,0.474143,0.002465,0.002465,0.000000,29932
7.508061,596624.973293,0.005000,step_8,2,-0.008000,-0.008000,-0.008000,-0.008388,-0.008388,0.501153,0.001972,0.001972,0.000000,29934
7.513061,596624.978408,0.005000,step_8,2,-0.008000,-0.008000,-0.008000,-0.007714,-0.007714,0.509843,0.002582,0.002582,0.134687,29936
7.518063,596624.983514,0.005002,step_8,2,-0.008000,-0.008000,-0.008000,-0.007715,-0.007715,0.488596,0.002010,0.002010,0.000000,29938
7.523062,596624.988720,0.004999,step_8,2,-0.008000,-0.008000,-0.008000,-0.007182,-0.007182,0.462430,0.002559,0.002559,0.106518,29940
7.528061,596624.993865,0.005000,step_8,2,-0.008000,-0.008000,-0.008000,-0.006636,-0.006636,0.477156,0.001877,0.001877,0.109153,29942
7.533061,596624.999207,0.005000,step_8,2,-0.008000,-0.008000,-0.008000,-0.005889,-0.005889,0.512850,0.002386,0.002386,0.149502,29944
7.538061,596625.004410,0.005000,step_8,2,-0.008000,-0.008000,-0.008000,-0.005460,-0.005460,0.529160,0.002729,0.002729,0.085728,29946
7.543065,596625.009613,0.005004,step_8,2,-0.008000,-0.008000,-0.008000,-0.005962,-0.005962,0.513670,0.002149,0.002149,0.000000,29948
7.548403,596625.014945,0.005338,step_8,2,-0.008000,-0.008000,-0.008000,-0.003722,-0.003722,0.491401,0.002454,0.002454,0.419750,29950
7.553062,596625.020166,0.004659,step_8,2,-0.008000,-0.008000,-0.008000,-0.005122,-0.005122,0.488904,0.002473,0.002473,0.000000,29952
7.558072,596625.025292,0.005010,step_8,2,-0.008000,-0.008000,-0.008000,-0.005323,-0.005323,0.475846,0.002816,0.002816,0.000000,29954
7.563062,596625.030477,0.004991,step_8,2,-0.008000,-0.008000,-0.008000,-0.004271,-0.004271,0.443605,0.002153,0.002153,0.210719,29956
7.568065,596625.035612,0.005003,step_8,2,-0.008000,-0.008000,-0.008000,-0.007741,-0.007741,0.395247,0.002679,0.002679,0.000000,29958
7.573312,596625.040792,0.005246,step_8,2,-0.008000,-0.008000,-0.008000,-0.005998,-0.005998,0.370037,0.002195,0.002195,0.332319,29960
7.578066,596625.045957,0.004755,step_8,2,-0.008000,-0.008000,-0.008000,-0.006421,-0.006421,0.387998,0.002335,0.002335,0.000000,29962
7.588062,596625.051114,0.009996,step_8,2,-0.008000,-0.008000,-0.008000,-0.008738,-0.008738,0.440917,0.001924,0.001924,0.000000,29966
7.593062,596625.056225,0.005000,step_8,2,-0.008000,-0.008000,-0.008000,-0.008175,-0.008175,0.473708,0.002459,0.002459,0.112584,29968
7.598061,596625.061336,0.005000,step_8,2,-0.008000,-0.008000,-0.008000,-0.007075,-0.007075,0.511837,0.002749,0.002749,0.220063,29970
7.603061,596625.066478,0.005000,step_8,2,-0.008000,-0.008000,-0.008000,-0.007075,-0.007075,0.539094,0.002059,0.002059,0.000000,29972
7.608061,596625.071590,0.005000,step_8,2,-0.008000,-0.008000,-0.008000,-0.007512,-0.007512,0.537533,0.002623,0.002623,0.000000,29974
7.613061,596625.076747,0.005000,step_8,2,-0.008000,-0.008000,-0.008000,-0.007512,-0.007512,0.521780,0.001950,0.001950,0.000000,29976
7.618061,596625.081854,0.005000,step_8,2,-0.008000,-0.008000,-0.008000,-0.007905,-0.007905,0.454987,0.002448,0.002448,0.000000,29978
7.623061,596625.086956,0.005000,step_8,2,-0.008000,-0.008000,-0.008000,-0.008542,-0.008542,0.395108,0.002897,0.002897,0.000000,29980
7.628062,596625.092085,0.005000,step_8,2,-0.008000,-0.008000,-0.008000,-0.008718,-0.008718,0.380781,0.002316,0.002316,0.000000,29982
7.633062,596625.097250,0.005000,step_8,2,-0.008000,-0.008000,-0.008000,-0.009750,-0.009750,0.410086,0.002812,0.002812,0.000000,29984
7.638062,596625.102419,0.005000,step_8,2,-0.008000,-0.008000,-0.008000,-0.008371,-0.008371,0.427503,0.002333,0.002333,0.275808,29986
7.643062,596625.107571,0.004999,step_8,2,-0.008000,-0.008000,-0.008000,-0.009362,-0.009362,0.451755,0.001881,0.001881,0.000000,29988
7.648062,596625.112713,0.005000,step_8,2,-0.008000,-0.008000,-0.008000,-0.008384,-0.008384,0.530805,0.002369,0.002369,0.195733,29990
7.653061,596625.117879,0.004999,step_8,2,-0.008000,-0.008000,-0.008000,-0.006584,-0.006584,0.588746,0.002898,0.002898,0.360021,29992
7.658063,596625.122998,0.005002,step_8,2,-0.008000,-0.008000,-0.008000,-0.008525,-0.008525,0.579986,0.002507,0.002507,0.000000,29994
7.663061,596625.128123,0.004999,step_8,2,-0.008000,-0.008000,-0.008000,-0.006415,-0.006415,0.535296,0.002007,0.002007,0.422143,29996
7.668062,596625.133237,0.005000,step_8,2,-0.008000,-0.008000,-0.008000,-0.005765,-0.005765,0.523006,0.002423,0.002423,0.129960,29998
7.673062,596625.138390,0.005000,step_8,2,-0.008000,-0.008000,-0.008000,-0.006383,-0.006383,0.478622,0.002726,0.002726,0.000000,30000
7.678062,596625.143530,0.005000,step_8,2,-0.008000,-0.008000,-0.008000,-0.006067,-0.006067,0.433495,0.002027,0.002027,0.063252,30002
7.683062,596625.148678,0.005000,step_8,2,-0.008000,-0.008000,-0.008000,-0.006831,-0.006831,0.449342,0.002615,0.002615,0.000000,30004
7.688062,596625.153817,0.005000,step_8,2,-0.008000,-0.008000,-0.008000,-0.005523,-0.005523,0.486071,0.002111,0.002111,0.261618,30006
7.693062,596625.159008,0.005000,step_8,2,-0.008000,-0.008000,-0.008000,-0.008278,-0.008278,0.507581,0.002732,0.002732,0.000000,30008
7.698063,596625.164116,0.005001,step_8,2,-0.008000,-0.008000,-0.008000,-0.006717,-0.006717,0.518962,0.002288,0.002288,0.312190,30010
7.703061,596625.169222,0.004999,step_8,2,-0.008000,-0.008000,-0.008000,-0.006354,-0.006354,0.520076,0.002831,0.002831,0.072613,30012
7.708061,596625.174378,0.005000,step_8,2,-0.008000,-0.008000,-0.008000,-0.007683,-0.007683,0.501679,0.002397,0.002397,0.000000,30014
7.713063,596625.179531,0.005001,step_8,2,-0.008000,-0.008000,-0.008000,-0.006407,-0.006407,0.458400,0.002995,0.002995,0.255168,30016
7.718062,596625.184696,0.004999,step_8,2,-0.008000,-0.008000,-0.008000,-0.005214,-0.005214,0.443851,0.002461,0.002461,0.238685,30018
7.723062,596625.189839,0.005000,step_8,2,-0.008000,-0.008000,-0.008000,-0.006088,-0.006088,0.459316,0.001942,0.001942,0.000000,30020
7.728061,596625.194974,0.005000,step_8,2,-0.008000,-0.008000,-0.008000,-0.007067,-0.007067,0.474117,0.002465,0.002465,0.000000,30022
7.733062,596625.200060,0.005001,step_8,2,-0.008000,-0.008000,-0.008000,-0.006451,-0.006451,0.504202,0.002961,0.002961,0.123288,30024
7.738061,596625.205155,0.004999,step_8,2,-0.008000,-0.008000,-0.008000,-0.007655,-0.007655,0.496506,0.002331,0.002331,0.000000,30026
7.743061,596625.210239,0.005000,step_8,2,-0.008000,-0.008000,-0.008000,-0.006705,-0.006705,0.484063,0.002698,0.002698,0.189897,30028
7.748061,596625.215368,0.005000,step_8,2,-0.008000,-0.008000,-0.008000,-0.006365,-0.006365,0.484606,0.001992,0.001992,0.068036,30030
7.753061,596625.220493,0.005000,step_8,2,-0.008000,-0.008000,-0.008000,-0.006773,-0.006773,0.477294,0.002497,0.002497,0.000000,30032
7.758062,596625.225654,0.005000,step_8,2,-0.008000,-0.008000,-0.008000,-0.008116,-0.008116,0.499917,0.001966,0.001966,0.000000,30034
7.763062,596625.230789,0.005001,step_8,2,-0.008000,-0.008000,-0.008000,-0.008116,-0.008116,0.515153,0.002607,0.002607,0.000000,30036
7.773061,596625.235953,0.009999,step_8,2,-0.008000,-0.008000,-0.008000,-0.007788,-0.007788,0.432783,0.002651,0.002651,0.000000,30040
7.778062,596625.241151,0.005000,step_8,2,-0.008000,-0.008000,-0.008000,-0.008851,-0.008851,0.439959,0.002774,0.002774,0.000000,30042
7.778062,596625.246256,0.000001,step_8,2,-0.008000,-0.008000,-0.008000,-0.008851,-0.008851,0.439959,0.002774,0.002774,0.000000,30042
7.788061,596625.251433,0.010000,step_8,2,-0.008000,-0.008000,-0.008000,-0.007362,-0.007362,0.431590,0.002596,0.002596,0.000000,30046
7.793061,596625.256574,0.005000,step_8,2,-0.008000,-0.008000,-0.008000,-0.008360,-0.008360,0.478547,0.002884,0.002884,0.000000,30048
7.798061,596625.261715,0.005000,step_8,2,-0.008000,-0.008000,-0.008000,-0.007353,-0.007353,0.499389,0.002416,0.002416,0.201383,30050
7.803061,596625.266818,0.005000,step_8,2,-0.008000,-0.008000,-0.008000,-0.008361,-0.008361,0.515538,0.002968,0.002968,0.000000,30052
7.808062,596625.271956,0.005001,step_8,2,-0.008000,-0.008000,-0.008000,-0.007202,-0.007202,0.521033,0.002490,0.002490,0.231913,30054
7.813062,596625.277140,0.005000,step_8,2,-0.008000,-0.008000,-0.008000,-0.006169,-0.006169,0.501169,0.003040,0.003040,0.206620,30056
7.818062,596625.282226,0.005000,step_8,2,-0.008000,-0.008000,-0.008000,-0.008574,-0.008574,0.466198,0.002621,0.002621,0.000000,30058
7.823061,596625.287345,0.005000,rest,2,0.000000,0.000000,0.000000,-0.005927,-0.005927,0.457733,0.002086,0.002086,0.529537,30060
7.828063,596625.292484,0.005002,rest,2,0.000000,0.000000,0.000000,-0.007319,-0.007319,0.507843,0.002737,0.002737,0.000000,30062
7.833062,596625.297610,0.004999,rest,2,0.000000,0.000000,0.000000,-0.006009,-0.006009,0.507666,0.002238,0.002238,0.262094,30064
7.838063,596625.302757,0.005002,rest,2,0.000000,0.000000,0.000000,-0.007306,-0.007306,0.508956,0.002924,0.002924,0.000000,30066
7.843061,596625.307901,0.004998,rest,2,0.000000,0.000000,0.000000,-0.006935,-0.006935,0.571601,0.002371,0.002371,0.074258,30068
7.848688,596625.312987,0.005626,rest,2,0.000000,0.000000,0.000000,-0.006521,-0.006521,0.549608,0.002527,0.002527,0.073613,30070
7.848688,596625.318094,0.000001,rest,2,0.000000,0.000000,0.000000,-0.006521,-0.006521,0.549608,0.002527,0.002527,0.073613,30070
7.854252,596625.323228,0.005564,rest,2,0.000000,0.000000,0.000000,-0.007650,-0.007650,0.482314,0.003652,0.003652,0.000000,30072
7.859816,596625.328361,0.005564,rest,2,0.000000,0.000000,0.000000,-0.007770,-0.007770,0.450469,0.003733,0.003733,0.000000,30074
7.865374,596625.333487,0.005558,rest,2,0.000000,0.000000,0.000000,-0.005175,-0.005175,0.464462,0.003851,0.003851,0.466725,30076
7.870886,596625.338656,0.005512,rest,2,0.000000,0.000000,0.000000,-0.000130,-0.000130,0.540724,0.003846,0.003846,0.915392,30078
7.876368,596625.343782,0.005482,rest,2,0.000000,0.000000,0.000000,-0.001722,-0.001722,0.620937,0.004931,0.004931,0.000000,30080
7.885106,596625.348939,0.008738,rest,2,0.000000,0.000000,0.000000,0.000129,0.000129,0.741568,0.003783,0.003783,0.029793,30084
7.889297,596625.354133,0.004191,rest,2,0.000000,0.000000,0.000000,0.000023,0.000023,0.633469,0.002429,0.002429,0.000000,30086
7.893639,596625.359265,0.004342,rest,2,0.000000,0.000000,0.000000,0.000023,0.000023,0.439909,0.002290,0.002290,0.000000,30088
7.898062,596625.364406,0.004423,rest,2,0.000000,0.000000,0.000000,-0.000722,-0.000722,0.389817,0.001121,0.001121,0.000000,30090
7.903064,596625.369584,0.005003,rest,2,0.000000,0.000000,0.000000,-0.000723,-0.000723,0.442155,0.001616,0.001616,0.000000,30092
7.908061,596625.374729,0.004997,rest,2,0.000000,0.000000,0.000000,0.000277,0.000277,0.540250,0.001826,0.001826,0.200045,30094
7.913062,596625.379883,0.005000,rest,2,0.000000,0.000000,0.000000,0.000277,0.000277,0.608110,0.001014,0.001014,0.000000,30096
7.918062,596625.385020,0.005001,rest,2,0.000000,0.000000,0.000000,0.001276,0.001276,0.564550,0.001505,0.001505,0.199894,30098
7.923064,596625.390133,0.005002,rest,2,0.000000,0.000000,0.000000,0.000425,0.000425,0.494160,0.001048,0.001048,0.000000,30100
7.928062,596625.395248,0.004998,rest,2,0.000000,0.000000,0.000000,0.000425,0.000425,0.451457,0.001531,0.001531,0.000000,30102
7.933063,596625.400357,0.005001,rest,2,0.000000,0.000000,0.000000,0.000850,0.000850,0.435422,0.000901,0.000901,0.085075,30104
7.938062,596625.405497,0.004999,rest,2,0.000000,0.000000,0.000000,-0.000001,-0.000001,0.460138,0.001452,0.001452,0.000000,30106
7.943061,596625.410613,0.005000,rest,2,0.000000,0.000000,0.000000,0.000850,0.000850,0.500534,0.002023,0.002023,0.170248,30108
7.948061,596625.415746,0.005000,rest,2,0.000000,0.000000,0.000000,0.000128,0.000128,0.515194,0.001561,0.001561,0.000000,30110
7.953062,596625.420858,0.005000,rest,2,0.000000,0.000000,0.000000,0.000850,0.000850,0.490864,0.001048,0.001048,0.144445,30112
7.963061,596625.425965,0.010000,rest,2,0.000000,0.000000,0.000000,0.000072,0.000072,0.487470,0.001135,0.001135,0.000000,30116
7.963061,596625.431036,0.000001,rest,2,0.000000,0.000000,0.000000,0.000072,0.000072,0.487470,0.001135,0.001135,0.000000,30116
7.973063,596625.436172,0.010002,rest,2,0.000000,0.000000,0.000000,-0.000002,-0.000002,0.523556,0.001077,0.001077,0.000000,30120
7.978063,596625.441279,0.005000,rest,2,0.000000,0.000000,0.000000,-0.001067,-0.001067,0.525386,0.001751,0.001751,0.000000,30122
7.983061,596625.446394,0.004998,rest,2,0.000000,0.000000,0.000000,0.000521,0.000521,0.499153,0.001046,0.001046,0.317608,30124
7.988061,596625.451510,0.005000,rest,2,0.000000,0.000000,0.000000,0.000872,0.000872,0.481645,0.001586,0.001586,0.070333,30126
7.993062,596625.456715,0.005000,rest,2,0.000000,0.000000,0.000000,0.001275,0.001275,0.501043,0.001065,0.001065,0.080649,30128
7.998062,596625.461859,0.005000,rest,2,0.000000,0.000000,0.000000,0.000021,0.000021,0.501183,0.001668,0.001668,0.000000,30130
8.003062,596625.467065,0.005000,rest,2,0.000000,0.000000,0.000000,0.000997,0.000997,0.485378,0.001201,0.001201,0.195154,30132
8.008061,596625.472182,0.004999,rest,2,0.000000,0.000000,0.000000,0.000873,0.000873,0.487555,0.001720,0.001720,0.000000,30134
8.013061,596625.477329,0.005000,rest,2,0.000000,0.000000,0.000000,-0.000088,-0.000088,0.498010,0.001106,0.001106,0.000000,30136
8.018072,596625.482444,0.005010,rest,2,0.000000,0.000000,0.000000,-0.000110,-0.000110,0.481394,0.001728,0.001728,0.000000,30138
8.023061,596625.487607,0.004989,rest,2,0.000000,0.000000,0.000000,0.001445,0.001445,0.450984,0.001209,0.001209,0.311740,30140
8.028061,596625.492742,0.005001,rest,2,0.000000,0.000000,0.000000,0.000382,0.000382,0.468543,0.001823,0.001823,0.000000,30142
8.033061,596625.497886,0.004999,rest,2,0.000000,0.000000,0.000000,-0.000002,-0.000002,0.512597,0.001317,0.001317,0.000000,30144
8.038063,596625.503023,0.005002,rest,2,0.000000,0.000000,0.000000,-0.000432,-0.000432,0.513111,0.001909,0.001909,0.000000,30146
8.043062,596625.508141,0.004999,rest,2,0.000000,0.000000,0.000000,-0.000601,-0.000601,0.505379,0.001100,0.001100,0.000000,30148
8.048062,596625.513241,0.005000,rest,2,0.000000,0.000000,0.000000,-0.000814,-0.000814,0.516421,0.001618,0.001618,0.000000,30150
8.053061,596625.518344,0.004999,rest,2,0.000000,0.000000,0.000000,-0.000814,-0.000814,0.521038,0.006544,0.006544,0.000000,30152
8.058062,596625.523531,0.005001,rest,2,0.000000,0.000000,0.000000,-0.000175,-0.000175,0.513161,0.001138,0.001138,0.127635,30154
8.063061,596625.528650,0.004999,rest,2,0.000000,0.000000,0.000000,-0.000403,-0.000403,0.487920,0.001682,0.001682,0.000000,30156
8.068063,596625.533806,0.005002,rest,2,0.000000,0.000000,0.000000,0.000404,0.000404,0.496289,0.000973,0.000973,0.161383,30158
8.073062,596625.538959,0.004999,rest,2,0.000000,0.000000,0.000000,0.001422,0.001422,0.538101,0.001451,0.001451,0.203628,30160
8.078062,596625.544058,0.005000,rest,2,0.000000,0.000000,0.000000,0.001422,0.001422,0.564726,0.006390,0.006390,0.000000,30162
8.083064,596625.549176,0.005002,rest,2,0.000000,0.000000,0.000000,0.000954,0.000954,0.521839,0.001423,0.001423,0.000000,30164
8.088062,596625.554318,0.004998,rest,2,0.000000,0.000000,0.000000,0.000954,0.000954,0.443534,0.006347,0.006347,0.000000,30166
8.093066,596625.559474,0.005004,rest,2,0.000000,0.000000,0.000000,0.001276,0.001276,0.429539,0.001332,0.001332,0.064190,30168
8.098061,596625.564616,0.004995,rest,2,0.000000,0.000000,0.000000,-0.000379,-0.000379,0.445830,0.001706,0.001706,0.000000,30170
8.103062,596625.569777,0.005001,rest,2,0.000000,0.000000,0.000000,-0.000577,-0.000577,0.449022,0.001124,0.001124,0.000000,30172
8.108061,596625.574918,0.004999,rest,2,0.000000,0.000000,0.000000,-0.000549,-0.000549,0.469488,0.001629,0.001629,0.005581,30174
8.113062,596625.580031,0.005000,rest,2,0.000000,0.000000,0.000000,-0.000549,-0.000549,0.501385,0.006561,0.006561,0.000000,30176
8.118063,596625.585146,0.005002,rest,2,0.000000,0.000000,0.000000,0.000399,0.000399,0.497293,0.001172,0.001172,0.189478,30178
8.123063,596625.590316,0.005000,rest,2,0.000000,0.000000,0.000000,-0.000622,-0.000622,0.495681,0.001668,0.001668,0.000000,30180
8.128063,596625.595426,0.005000,rest,2,0.000000,0.000000,0.000000,-0.000813,-0.000813,0.519747,0.001833,0.001833,0.000000,30182
8.133063,596625.600564,0.005000,rest,2,0.000000,0.000000,0.000000,-0.000058,-0.000058,0.536078,0.001114,0.001114,0.150915,30184
8.138062,596625.605698,0.004999,rest,2,0.000000,0.000000,0.000000,-0.001377,-0.001377,0.510750,0.001604,0.001604,0.000000,30186
8.148062,596625.610884,0.010000,rest,2,0.000000,0.000000,0.000000,0.000169,0.000169,0.473637,0.001303,0.001303,0.309124,30190
8.153061,596625.616079,0.004999,rest,2,0.000000,0.000000,0.000000,0.000170,0.000170,0.488598,0.001715,0.001715,0.000202,30192
8.158061,596625.621193,0.005000,rest,2,0.000000,0.000000,0.000000,0.000170,0.000170,0.473214,0.006661,0.006661,0.000000,30194
8.163061,596625.626354,0.005000,rest,2,0.000000,0.000000,0.000000,-0.000321,-0.000321,0.467528,0.001153,0.001153,0.000000,30196
8.168061,596625.631551,0.005000,rest,2,0.000000,0.000000,0.000000,0.001094,0.001094,0.474100,0.001604,0.001604,0.283036,30198
8.173062,596625.636754,0.005001,rest,2,0.000000,0.000000,0.000000,0.001094,0.001094,0.484764,0.006542,0.006542,0.000000,30200
8.178062,596625.641871,0.005000,rest,2,0.000000,0.000000,0.000000,-0.000475,-0.000475,0.479333,0.001444,0.001444,0.000000,30202
8.183062,596625.647043,0.005001,rest,2,0.000000,0.000000,0.000000,0.000594,0.000594,0.493826,0.000822,0.000822,0.213867,30204
8.188061,596625.652279,0.004999,rest,2,0.000000,0.000000,0.000000,-0.000622,-0.000622,0.514489,0.001415,0.001415,0.000000,30206
8.193061,596625.657447,0.005000,rest,2,0.000000,0.000000,0.000000,-0.000622,-0.000622,0.510172,0.006308,0.006308,0.000000,30208
8.198062,596625.662660,0.005000,rest,2,0.000000,0.000000,0.000000,-0.000460,-0.000460,0.497694,0.001501,0.001501,0.032356,30210
8.203061,596625.667939,0.005000,rest,2,0.000000,0.000000,0.000000,-0.000908,-0.000908,0.513368,0.000996,0.000996,0.000000,30212
8.208062,596625.673149,0.005000,rest,2,0.000000,0.000000,0.000000,-0.000812,-0.000812,0.539420,0.001625,0.001625,0.019310,30214
8.213062,596625.678316,0.005001,rest,2,0.000000,0.000000,0.000000,-0.000958,-0.000958,0.518545,0.001003,0.001003,0.000000,30216
8.218061,596625.683439,0.004999,rest,2,0.000000,0.000000,0.000000,-0.000826,-0.000826,0.505416,0.001625,0.001625,0.026439,30218
8.223062,596625.688619,0.005001,step_15,2,0.015000,0.015000,0.015000,0.000319,0.000319,0.516139,0.001070,0.001070,0.229069,30220
8.228061,596625.693740,0.004999,step_15,2,0.015000,0.015000,0.015000,0.001470,0.001470,0.515790,0.001733,0.001733,0.230119,30222
8.233062,596625.698836,0.005000,step_15,2,0.015000,0.015000,0.015000,0.001470,0.001470,0.509323,0.001278,0.001278,0.000000,30224
8.238062,596625.703948,0.005001,step_15,2,0.015000,0.015000,0.015000,0.000040,0.000040,0.505292,0.001870,0.001870,0.000000,30226
8.243062,596625.709048,0.005000,step_15,2,0.015000,0.015000,0.015000,0.000040,0.000040,0.496387,0.001493,0.001493,0.000000,30228
8.248067,596625.714146,0.005005,step_15,2,0.015000,0.015000,0.015000,-0.001326,-0.001326,0.489614,0.000822,0.000822,0.000000,30230
8.253061,596625.719193,0.004995,step_15,2,0.015000,0.015000,0.015000,-0.000491,-0.000491,0.483125,0.001210,0.001210,0.167008,30232
8.258061,596625.724305,0.005000,step_15,2,0.015000,0.015000,0.015000,-0.001816,-0.001816,0.475445,0.001843,0.001843,0.000000,30234
8.263061,596625.729433,0.005000,step_15,2,0.015000,0.015000,0.015000,0.000388,0.000388,0.481562,0.001413,0.001413,0.440806,30236
8.268061,596625.734558,0.005001,step_15,2,0.015000,0.015000,0.015000,0.000388,0.000388,0.491688,0.006364,0.006364,0.000000,30238
8.273061,596625.739686,0.005000,step_15,2,0.015000,0.015000,0.015000,0.007318,0.007318,0.566600,0.001134,0.001134,1.386076,30240
8.278061,596625.744805,0.005000,step_15,2,0.015000,0.015000,0.015000,0.009610,0.009610,0.731175,0.001564,0.001564,0.458493,30242
8.283061,596625.749952,0.005000,step_15,2,0.015000,0.015000,0.015000,0.010953,0.010953,0.869456,0.001784,0.001784,0.268510,30244
8.288061,596625.755107,0.005000,step_15,2,0.015000,0.015000,0.015000,0.015546,0.015546,0.900179,0.001085,0.001085,0.918581,30246
8.293061,596625.760221,0.005000,step_15,2,0.015000,0.015000,0.015000,0.014342,0.014342,0.806384,0.001575,0.001575,0.000000,30248
8.298061,596625.765366,0.005000,step_15,2,0.015000,0.015000,0.015000,0.015369,0.015369,0.712303,0.001750,0.001750,0.205267,30250
8.303061,596625.770480,0.005000,step_15,2,0.015000,0.015000,0.015000,0.017591,0.017591,0.689658,0.001007,0.001007,0.444470,30252
8.308061,596625.775593,0.005000,step_15,2,0.015000,0.015000,0.015000,0.018684,0.018684,0.653793,0.001563,0.001563,0.218520,30254
8.313061,596625.780708,0.005000,step_15,2,0.015000,0.015000,0.015000,0.019870,0.019870,0.571762,0.001790,0.001790,0.237322,30256
8.318061,596625.785822,0.005000,step_15,2,0.015000,0.015000,0.015000,0.017931,0.017931,0.499717,0.000995,0.000995,0.000000,30258
8.323061,596625.790934,0.005000,step_15,2,0.015000,0.015000,0.015000,0.018871,0.018871,0.422917,0.001569,0.001569,0.188079,30260
8.333061,596625.796054,0.010000,step_15,2,0.015000,0.015000,0.015000,0.016790,0.016790,0.334151,0.001210,0.001210,0.000000,30264
8.338061,596625.801161,0.005000,step_15,2,0.015000,0.015000,0.015000,0.016470,0.016470,0.373159,0.001712,0.001712,0.000000,30266
8.343062,596625.806261,0.005000,step_15,2,0.015000,0.015000,0.015000,0.016942,0.016942,0.416175,0.001304,0.001304,0.094417,30268
8.348061,596625.811367,0.004999,step_15,2,0.015000,0.015000,0.015000,0.016942,0.016942,0.459970,0.006239,0.006239,0.000000,30270
8.353061,596625.816516,0.005000,step_15,2,0.015000,0.015000,0.015000,0.016715,0.016715,0.459448,0.001504,0.001504,0.000000,30272
8.358061,596625.821676,0.005000,step_15,2,0.015000,0.015000,0.015000,0.016715,0.016715,0.436347,0.006427,0.006427,0.000000,30274
8.363061,596625.826791,0.005000,step_15,2,0.015000,0.015000,0.015000,0.017738,0.017738,0.470259,0.001570,0.001570,0.204613,30276
8.368063,596625.831971,0.005002,step_15,2,0.015000,0.015000,0.015000,0.016561,0.016561,0.534604,0.001100,0.001100,0.000000,30278
8.373061,596625.837121,0.004999,step_15,2,0.015000,0.015000,0.015000,0.016465,0.016465,0.523752,0.001710,0.001710,0.000000,30280
8.378064,596625.842237,0.005002,step_15,2,0.015000,0.015000,0.015000,0.016709,0.016709,0.467257,0.001159,0.001159,0.048809,30282
8.383064,596625.847353,0.005000,step_15,2,0.015000,0.015000,0.015000,0.015711,0.015711,0.458212,0.001801,0.001801,0.000000,30284
8.388063,596625.852514,0.004999,step_15,2,0.015000,0.015000,0.015000,0.015313,0.015313,0.536877,0.001302,0.001302,0.000000,30286
8.393062,596625.857665,0.004999,step_15,2,0.015000,0.015000,0.015000,0.015753,0.015753,0.615254,0.001934,0.001934,0.088153,30288
8.398062,596625.862786,0.005000,step_15,2,0.015000,0.015000,0.015000,0.015463,0.015463,0.565207,0.001499,0.001499,0.000000,30290
8.403063,596625.867903,0.005001,step_15,2,0.015000,0.015000,0.015000,0.018657,0.018657,0.440557,0.001004,0.001004,0.638833,30292
8.408062,596625.873059,0.005000,step_15,2,0.015000,0.015000,0.015000,0.015204,0.015204,0.401369,0.001653,0.001653,0.000000,30294
8.413061,596625.878173,0.004999,step_15,2,0.015000,0.015000,0.015000,0.015109,0.015109,0.442572,0.001194,0.001194,0.000000,30296
8.418063,596625.883322,0.005001,step_15,2,0.015000,0.015000,0.015000,0.014062,0.014062,0.427119,0.001834,0.001834,0.000000,30298
8.423062,596625.888436,0.005000,step_15,2,0.015000,0.015000,0.015000,0.013447,0.013447,0.350926,0.001402,0.001402,0.000000,30300
8.428063,596625.893538,0.005000,step_15,2,0.015000,0.015000,0.015000,0.012809,0.012809,0.323092,0.000859,0.000859,0.000000,30302
8.433062,596625.898637,0.005000,step_15,2,0.015000,0.015000,0.015000,0.012934,0.012934,0.370177,0.001457,0.001457,0.024886,30304
8.438062,596625.903759,0.005000,step_15,2,0.015000,0.015000,0.015000,0.013538,0.013538,0.432704,0.001009,0.001009,0.120808,30306
8.443066,596625.908893,0.005004,step_15,2,0.015000,0.015000,0.015000,0.011777,0.011777,0.476304,0.001715,0.001715,0.000000,30308
8.448064,596625.914061,0.004998,step_15,2,0.015000,0.015000,0.015000,0.012753,0.012753,0.510677,0.001258,0.001258,0.195229,30310
8.453061,596625.919176,0.004998,step_15,2,0.015000,0.015000,0.015000,0.013320,0.013320,0.532062,0.001764,0.001764,0.113471,30312
8.458062,596625.924298,0.005001,step_15,2,0.015000,0.015000,0.015000,0.013320,0.013320,0.583501,0.001334,0.001334,0.000004,30314
8.463061,596625.929427,0.004999,step_15,2,0.015000,0.015000,0.015000,0.016350,0.016350,0.649861,0.001640,0.001640,0.606219,30316
8.468061,596625.934586,0.005000,step_15,2,0.015000,0.015000,0.015000,0.016350,0.016350,0.653335,0.001855,0.001855,0.000000,30318
8.473061,596625.939700,0.005000,step_15,2,0.015000,0.015000,0.015000,0.017825,0.017825,0.637679,0.001080,0.001080,0.294897,30320
8.478061,596625.944827,0.005000,step_15,2,0.015000,0.015000,0.015000,0.016402,0.016402,0.613717,0.001622,0.001622,0.000000,30322
8.483062,596625.949957,0.005001,step_15,2,0.015000,0.015000,0.015000,0.016402,0.016402,0.517231,0.000965,0.000965,0.000000,30324
8.488061,596625.955164,0.004999,step_15,2,0.015000,0.015000,0.015000,0.016853,0.016853,0.421078,0.001533,0.001533,0.090250,30326
8.493062,596625.960284,0.005001,step_15,2,0.015000,0.015000,0.015000,0.014638,0.014638,0.396947,0.001001,0.001001,0.000000,30328
8.498063,596625.965431,0.005001,step_15,2,0.015000,0.015000,0.015000,0.015970,0.015970,0.433129,0.001641,0.001641,0.266382,30330
8.503062,596625.970556,0.004999,step_15,2,0.015000,0.015000,0.015000,0.013824,0.013824,0.457179,0.001026,0.001026,0.000000,30332
8.508062,596625.975674,0.005000,step_15,2,0.015000,0.015000,0.015000,0.013945,0.013945,0.428356,0.001620,0.001620,0.024225,30334
8.513062,596625.980827,0.005000,step_15,2,0.015000,0.015000,0.015000,0.014295,0.014295,0.417662,0.000993,0.000993,0.069980,30336
8.518063,596625.985984,0.005001,step_15,2,0.015000,0.015000,0.015000,0.013240,0.013240,0.443119,0.001647,0.001647,0.000000,30338
8.528062,596625.991045,0.009999,step_15,2,0.015000,0.015000,0.015000,0.012632,0.012632,0.439592,0.001668,0.001668,0.000000,30342
8.533062,596625.996163,0.005001,step_15,2,0.015000,0.015000,0.015000,0.012463,0.012463,0.395885,0.001966,0.001966,0.000000,30344
8.538061,596626.001344,0.004999,step_15,2,0.015000,0.015000,0.015000,0.013018,0.013018,0.387665,0.001417,0.001417,0.111045,30346
8.543061,596626.006449,0.005000,step_15,2,0.015000,0.015000,0.015000,0.014171,0.014171,0.403156,0.001884,0.001884,0.230634,30348
8.548062,596626.011592,0.005000,step_15,2,0.015000,0.015000,0.015000,0.013948,0.013948,0.471271,0.001338,0.001338,0.000000,30350
8.553062,596626.016702,0.005000,step_15,2,0.015000,0.015000,0.015000,0.015358,0.015358,0.566199,0.001877,0.001877,0.281903,30352
8.558074,596626.021879,0.005012,step_15,2,0.015000,0.015000,0.015000,0.015296,0.015296,0.628610,0.001499,0.001499,0.000000,30354
8.563062,596626.026998,0.004988,step_15,2,0.015000,0.015000,0.015000,0.015407,0.015407,0.658039,0.000896,0.000896,0.022189,30356
8.568062,596626.032111,0.005000,step_15,2,0.015000,0.015000,0.015000,0.015407,0.015407,0.642559,0.001402,0.001402,0.000000,30358
8.573061,596626.037220,0.005000,step_15,2,0.015000,0.015000,0.015000,0.016681,0.016681,0.536893,0.001747,0.001747,0.254990,30360
8.578062,596626.042317,0.005000,step_15,2,0.015000,0.015000,0.015000,0.017750,0.017750,0.408790,0.001151,0.001151,0.213649,30362
8.583061,596626.047430,0.005000,step_15,2,0.015000,0.015000,0.015000,0.017230,0.017230,0.404422,0.001644,0.001644,0.000000,30364
8.588063,596626.052550,0.005002,step_15,2,0.015000,0.015000,0.015000,0.017812,0.017812,0.500434,0.001145,0.001145,0.116343,30366
8.593063,596626.057668,0.005000,step_15,2,0.015000,0.015000,0.015000,0.017080,0.017080,0.544061,0.001736,0.001736,0.000000,30368
8.598062,596626.062853,0.004999,step_15,2,0.015000,0.015000,0.015000,0.014412,0.014412,0.464335,0.001325,0.001325,0.000000,30370
8.603061,596626.068094,0.004999,step_15,2,0.015000,0.015000,0.015000,0.014863,0.014863,0.381668,0.001901,0.001901,0.090231,30372
8.608061,596626.073207,0.005000,step_15,2,0.015000,0.015000,0.015000,0.015765,0.015765,0.376222,0.001183,0.001183,0.180421,30374
8.613061,596626.078319,0.005000,step_15,2,0.015000,0.015000,0.015000,0.013284,0.013284,0.404285,0.001644,0.001644,0.000000,30376
8.618061,596626.083456,0.005000,step_15,2,0.015000,0.015000,0.015000,0.013284,0.013284,0.420575,0.006574,0.006574,0.000000,30378
8.623061,596626.088642,0.005000,step_15,2,0.015000,0.015000,0.015000,0.013856,0.013856,0.388471,0.001265,0.001265,0.114330,30380
8.628062,596626.093838,0.005001,step_15,2,0.015000,0.015000,0.015000,0.011825,0.011825,0.359197,0.001776,0.001776,0.000000,30382
8.633062,596626.099085,0.005000,step_15,2,0.015000,0.015000,0.015000,0.010852,0.010852,0.365677,0.001103,0.001103,0.000000,30384
8.638061,596626.104200,0.004999,step_15,2,0.015000,0.015000,0.015000,0.012153,0.012153,0.362887,0.001582,0.001582,0.260321,30386
8.643062,596626.109317,0.005000,step_15,2,0.015000,0.015000,0.015000,0.011327,0.011327,0.372183,0.001922,0.001922,0.000000,30388
8.648061,596626.114434,0.005000,step_15,2,0.015000,0.015000,0.015000,0.011497,0.011497,0.429390,0.001395,0.001395,0.033983,30390
8.653061,596626.119547,0.005000,step_15,2,0.015000,0.015000,0.015000,0.011350,0.011350,0.500290,0.001779,0.001779,0.000000,30392
8.658740,596626.124674,0.005679,step_15,2,0.015000,0.015000,0.015000,0.013522,0.013522,0.515426,0.001932,0.001932,0.382569,30394
8.663942,596626.129802,0.005202,step_15,2,0.015000,0.015000,0.015000,0.013440,0.013440,0.497594,0.002652,0.002652,0.000000,30396
8.668131,596626.134921,0.004189,step_15,2,0.015000,0.015000,0.015000,0.015575,0.015575,0.493265,0.001388,0.001388,0.509649,30398
8.673061,596626.140048,0.004931,step_15,2,0.015000,0.015000,0.015000,0.015575,0.015575,0.521381,0.001887,0.001887,0.000000,30400
8.678062,596626.145167,0.005000,step_15,2,0.015000,0.015000,0.015000,0.013284,0.013284,0.564047,0.001448,0.001448,0.000000,30402
8.683062,596626.150267,0.005001,step_15,2,0.015000,0.015000,0.015000,0.014990,0.014990,0.564578,0.001011,0.001011,0.341176,30404
8.688062,596626.155364,0.005000,step_15,2,0.015000,0.015000,0.015000,0.014990,0.014990,0.487832,0.001706,0.001706,0.000000,30406
8.693062,596626.160532,0.005000,step_15,2,0.015000,0.015000,0.015000,0.015744,0.015744,0.409054,0.001110,0.001110,0.150840,30408
8.698062,596626.165646,0.005001,step_15,2,0.015000,0.015000,0.015000,0.013294,0.013294,0.447203,0.001788,0.001788,0.000000,30410
8.703062,596626.170758,0.005000,step_15,2,0.015000,0.015000,0.015000,0.012910,0.012910,0.491715,0.001343,0.001343,0.000000,30412
8.708062,596626.175871,0.005000,step_15,2,0.015000,0.015000,0.015000,0.014819,0.014819,0.443742,0.001954,0.001954,0.381847,30414
8.713062,596626.181020,0.005001,step_15,2,0.015000,0.015000,0.015000,0.012804,0.012804,0.404875,0.001499,0.001499,0.000000,30416
8.723061,596626.186135,0.009999,step_15,2,0.015000,0.015000,0.015000,0.015323,0.015323,0.385329,0.001444,0.001444,0.376341,30420
8.728062,596626.191247,0.005001,step_15,2,0.015000,0.015000,0.015000,0.015323,0.015323,0.428904,0.006393,0.006393,0.000000,30422
8.733063,596626.196365,0.005001,step_15,2,0.015000,0.015000,0.015000,0.014513,0.014513,0.445762,0.001529,0.001529,0.000000,30424
8.738063,596626.201514,0.005000,step_15,2,0.015000,0.015000,0.015000,0.014117,0.014117,0.426736,0.001039,0.001039,0.000000,30426
8.743062,596626.206688,0.004999,step_15,2,0.015000,0.015000,0.015000,0.012543,0.012543,0.422366,0.001674,0.001674,0.000000,30428
8.748062,596626.211799,0.005000,step_15,2,0.015000,0.015000,0.015000,0.012269,0.012269,0.425741,0.001208,0.001208,0.000000,30430
8.753062,596626.216957,0.005000,step_15,2,0.015000,0.015000,0.015000,0.012836,0.012836,0.421936,0.001837,0.001837,0.113295,30432
8.758063,596626.222137,0.005001,step_15,2,0.015000,0.015000,0.015000,0.013293,0.013293,0.442326,0.001392,0.001392,0.091431,30434
8.763061,596626.227261,0.004999,step_15,2,0.015000,0.015000,0.015000,0.012442,0.012442,0.493826,0.001958,0.001958,0.000000,30436
8.768063,596626.232386,0.005002,step_15,2,0.015000,0.015000,0.015000,0.015917,0.015917,0.569851,0.001526,0.001526,0.694838,30438
8.773061,596626.237518,0.004999,step_15,2,0.015000,0.015000,0.015000,0.013825,0.013825,0.602429,0.001073,0.001073,0.000000,30440
8.778062,596626.242661,0.005000,step_15,2,0.015000,0.015000,0.015000,0.015543,0.015543,0.476264,0.001676,0.001676,0.343505,30442
8.783062,596626.247785,0.005000,step_15,2,0.015000,0.015000,0.015000,0.015171,0.015171,0.313011,0.001227,0.001227,0.000000,30444
8.788062,596626.252943,0.005000,step_15,2,0.015000,0.015000,0.015000,0.014356,0.014356,0.252931,0.001834,0.001834,0.000000,30446
8.793063,596626.258127,0.005000,step_15,2,0.015000,0.015000,0.015000,0.011740,0.011740,0.339024,0.001406,0.001406,0.000000,30448
8.798062,596626.263243,0.004999,step_15,2,0.015000,0.015000,0.015000,0.011740,0.011740,0.499596,0.006327,0.006327,0.000000,30450
8.803062,596626.268358,0.005000,step_15,2,0.015000,0.015000,0.015000,0.015775,0.015775,0.620773,0.001501,0.001501,0.806901,30452
8.808062,596626.273486,0.005000,step_15,2,0.015000,0.015000,0.015000,0.015724,0.015724,0.677082,0.001030,0.001030,0.000000,30454
8.813062,596626.278617,0.005000,step_15,2,0.015000,0.015000,0.015000,0.016098,0.016098,0.649986,0.001683,0.001683,0.074855,30456
8.818063,596626.283732,0.005001,step_15,2,0.015000,0.015000,0.015000,0.016098,0.016098,0.611550,0.000996,0.000996,0.000001,30458
8.823062,596626.288843,0.004999,step_15,2,0.015000,0.015000,0.015000,0.015385,0.015385,0.512595,0.001639,0.001639,0.000000,30460
8.828062,596626.293960,0.005000,step_15,2,0.015000,0.015000,0.015000,0.015385,0.015385,0.363414,0.001042,0.001042,0.000000,30462
8.833061,596626.299054,0.004999,step_15,2,0.015000,0.015000,0.015000,0.014258,0.014258,0.314203,0.001664,0.001664,0.000000,30464
8.838062,596626.304193,0.005000,step_15,2,0.015000,0.015000,0.015000,0.014258,0.014258,0.389302,0.001087,0.001087,0.000000,30466
8.843062,596626.309341,0.005000,step_15,2,0.015000,0.015000,0.015000,0.016300,0.016300,0.471198,0.001782,0.001782,0.408242,30468
8.848062,596626.314481,0.005000,step_15,2,0.015000,0.015000,0.015000,0.014900,0.014900,0.489969,0.001335,0.001335,0.000000,30470
8.853062,596626.319597,0.005000,step_15,2,0.015000,0.015000,0.015000,0.014900,0.014900,0.430044,0.001889,0.001889,0.000000,30472
8.858062,596626.324766,0.005000,step_15,2,0.015000,0.015000,0.015000,0.014407,0.014407,0.380683,0.001357,0.001357,0.000000,30474
8.863062,596626.329875,0.004999,step_15,2,0.015000,0.015000,0.015000,0.013372,0.013372,0.373901,0.001929,0.001929,0.000000,30476
8.868063,596626.334989,0.005001,step_15,2,0.015000,0.015000,0.015000,0.012402,0.012402,0.356191,0.001400,0.001400,0.000000,30478
8.873063,596626.340100,0.005000,step_15,2,0.015000,0.015000,0.015000,0.012043,0.012043,0.348790,0.001935,0.001935,0.000000,30480
8.878061,596626.345215,0.004998,step_15,2,0.015000,0.015000,0.015000,0.013450,0.013450,0.387907,0.001404,0.001404,0.281371,30482
8.883067,596626.350321,0.005005,step_15,2,0.015000,0.015000,0.015000,0.011527,0.011527,0.480059,0.002120,0.002120,0.000000,30484
8.888067,596626.355448,0.005000,step_15,2,0.015000,0.015000,0.015000,0.012158,0.012158,0.556351,0.001566,0.001566,0.126204,30486
8.893061,596626.360596,0.004995,step_15,2,0.015000,0.015000,0.015000,0.012400,0.012400,0.528449,0.000637,0.000637,0.048426,30488
8.898062,596626.365736,0.005001,step_15,2,0.015000,0.015000,0.015000,0.012400,0.012400,0.457284,0.005614,0.005614,0.000000,30490
8.903061,596626.370848,0.004999,step_15,2,0.015000,0.015000,0.015000,0.011498,0.011498,0.440858,0.001397,0.001397,0.000000,30492
8.908061,596626.375959,0.005000,step_15,2,0.015000,0.015000,0.015000,0.012699,0.012699,0.482906,0.001988,0.001988,0.240198,30494
8.918064,596626.381133,0.010003,step_15,2,0.015000,0.015000,0.015000,0.015932,0.015932,0.606844,0.001107,0.001107,0.198908,30498
8.918064,596626.386246,0.000001,step_15,2,0.015000,0.015000,0.015000,0.015932,0.015932,0.606844,0.001107,0.001107,0.198908,30498
8.928061,596626.391367,0.009997,step_15,2,0.015000,0.015000,0.015000,0.017481,0.017481,0.518035,0.000894,0.000894,0.210126,30502
8.933061,596626.396487,0.005000,step_15,2,0.015000,0.015000,0.015000,0.018333,0.018333,0.504658,0.001456,0.001456,0.170409,30504
8.938062,596626.401607,0.005000,step_15,2,0.015000,0.015000,0.015000,0.016869,0.016869,0.465759,0.001920,0.001920,0.000000,30506
8.943061,596626.406756,0.005000,step_15,2,0.015000,0.015000,0.015000,0.014934,0.014934,0.413858,0.001377,0.001377,0.000000,30508
8.948061,596626.411865,0.005000,step_15,2,0.015000,0.015000,0.015000,0.015096,0.015096,0.379928,0.001916,0.001916,0.032551,30510
8.953062,596626.417013,0.005001,step_15,2,0.015000,0.015000,0.015000,0.014356,0.014356,0.340958,0.001362,0.001362,0.000000,30512
8.958079,596626.422119,0.005017,step_15,2,0.015000,0.015000,0.015000,0.013677,0.013677,0.329181,0.001923,0.001923,0.000000,30514
8.963061,596626.427226,0.004982,step_15,2,0.015000,0.015000,0.015000,0.013677,0.013677,0.377176,0.000891,0.000891,0.000001,30516
8.968061,596626.432309,0.005000,step_15,2,0.015000,0.015000,0.015000,0.011758,0.011758,0.423377,0.001441,0.001441,0.000000,30518
8.973061,596626.437493,0.005000,step_15,2,0.015000,0.015000,0.015000,0.011758,0.011758,0.435119,0.001969,0.001969,0.000001,30520
8.978061,596626.442602,0.005000,step_15,2,0.015000,0.015000,0.015000,0.012444,0.012444,0.384892,0.001473,0.001473,0.137222,30522
8.983062,596626.447750,0.005001,step_15,2,0.015000,0.015000,0.015000,0.012444,0.012444,0.304918,0.006409,0.006409,0.000000,30524
8.988061,596626.452884,0.005000,step_15,2,0.015000,0.015000,0.015000,0.011780,0.011780,0.329698,0.001424,0.001424,0.000000,30526
8.993062,596626.457994,0.005000,step_15,2,0.015000,0.015000,0.015000,0.012110,0.012110,0.424616,0.001912,0.001912,0.066075,30528
8.998062,596626.463112,0.005000,step_15,2,0.015000,0.015000,0.015000,0.013062,0.013062,0.456345,0.001221,0.001221,0.190491,30530
9.003902,596626.468232,0.005840,step_15,2,0.015000,0.015000,0.015000,0.013621,0.013621,0.444555,0.002591,0.002591,0.095599,30532
9.003902,596626.473352,0.000001,step_15,2,0.015000,0.015000,0.015000,0.013621,0.013621,0.444555,0.002591,0.002591,0.095599,30532
9.009377,596626.478464,0.005475,step_15,2,0.015000,0.015000,0.015000,0.013182,0.013182,0.460276,0.002518,0.002518,0.000000,30534
9.020325,596626.483575,0.010948,step_15,2,0.015000,0.015000,0.015000,0.014457,0.014457,0.453459,0.003513,0.003513,0.078019,30538
9.024788,596626.488695,0.004463,step_15,2,0.015000,0.015000,0.015000,0.015333,0.015333,0.384266,0.003497,0.003497,0.196323,30540
9.028984,596626.493819,0.004196,step_15,2,0.015000,0.015000,0.015000,0.014708,0.014708,0.361146,0.002166,0.002166,0.000000,30542
9.033206,596626.498939,0.004222,step_15,2,0.015000,0.015000,0.015000,0.013589,0.013589,0.418625,0.001971,0.001971,0.000000,30544
9.038061,596626.504131,0.004855,step_15,2,0.015000,0.015000,0.015000,0.016181,0.016181,0.455435,0.001260,0.001260,0.533911,30546
9.043062,596626.509247,0.005001,step_15,2,0.015000,0.015000,0.015000,0.015783,0.015783,0.488636,0.001851,0.001851,0.000000,30548
9.048061,596626.514358,0.004999,step_15,2,0.015000,0.015000,0.015000,0.015018,0.015018,0.510212,0.001290,0.001290,0.000000,30550
9.053061,596626.519468,0.005000,step_15,2,0.015000,0.015000,0.015000,0.014233,0.014233,0.499564,0.001900,0.001900,0.000000,30552
9.058062,596626.524578,0.005000,step_15,2,0.015000,0.015000,0.015000,0.015122,0.015122,0.466489,0.001352,0.001352,0.177890,30554
9.063062,596626.529726,0.005000,step_15,2,0.015000,0.015000,0.015000,0.015656,0.015656,0.418891,0.001950,0.001950,0.106756,30556
9.068063,596626.534844,0.005001,step_15,2,0.015000,0.015000,0.015000,0.014435,0.014435,0.397845,0.001393,0.001393,0.000000,30558
9.073063,596626.539988,0.005000,step_15,2,0.015000,0.015000,0.015000,0.015728,0.015728,0.392283,0.001909,0.001909,0.258481,30560
9.078062,596626.545109,0.004999,step_15,2,0.015000,0.015000,0.015000,0.015728,0.015728,0.389449,0.001327,0.001327,0.000000,30562
9.083063,596626.550221,0.005002,step_15,2,0.015000,0.015000,0.015000,0.012898,0.012898,0.366359,0.001818,0.001818,0.000000,30564
9.088927,596626.555321,0.005863,step_15,2,0.015000,0.015000,0.015000,0.015028,0.015028,0.368627,0.002193,0.002193,0.363257,30566
9.094557,596626.560444,0.005630,step_15,2,0.015000,0.015000,0.015000,0.015008,0.015008,0.418486,0.003330,0.003330,0.000000,30568
9.100118,596626.565566,0.005561,step_15,2,0.015000,0.015000,0.015000,0.014678,0.014678,0.456145,0.003368,0.003368,0.000000,30570
9.105886,596626.570676,0.005768,step_15,2,0.015000,0.015000,0.015000,0.015058,0.015058,0.412717,0.003648,0.003648,0.065956,30572
9.110244,596626.575843,0.004358,step_15,2,0.015000,0.015000,0.015000,0.014008,0.014008,0.345268,0.003556,0.003556,0.000000,30574
9.114570,596626.581040,0.004325,step_15,2,0.015000,0.015000,0.015000,0.014343,0.014343,0.330838,0.002324,0.002324,0.077355,30576
9.123061,596626.586150,0.008491,step_15,2,0.015000,0.015000,0.015000,0.012414,0.012414,0.417779,0.000808,0.000808,0.000000,30580
9.128061,596626.591251,0.005000,step_15,2,0.015000,0.015000,0.015000,0.012414,0.012414,0.522869,0.005766,0.005766,0.000000,30582
9.133062,596626.596361,0.005001,step_15,2,0.015000,0.015000,0.015000,0.012201,0.012201,0.516153,0.004830,0.004830,0.000000,30584
9.138063,596626.601472,0.005000,step_15,2,0.015000,0.015000,0.015000,0.013455,0.013455,0.452820,0.004734,0.004734,0.250937,30586
9.143062,596626.606569,0.005000,step_15,2,0.015000,0.015000,0.015000,0.012235,0.012235,0.420445,0.004746,0.004746,0.000000,30588
9.148062,596626.611723,0.005000,step_15,2,0.015000,0.015000,0.015000,0.014532,0.014532,0.402617,0.004762,0.004762,0.459379,30590
9.153061,596626.616844,0.005000,step_15,2,0.015000,0.015000,0.015000,0.014715,0.014715,0.392659,0.004768,0.004768,0.036604,30592
9.158062,596626.621956,0.005000,step_15,2,0.015000,0.015000,0.015000,0.013021,0.013021,0.429663,0.004801,0.004801,0.000000,30594
9.163061,596626.627049,0.004999,step_15,2,0.015000,0.015000,0.015000,0.014451,0.014451,0.447539,0.004705,0.004705,0.285941,30596
9.168062,596626.632208,0.005001,step_15,2,0.015000,0.015000,0.015000,0.015538,0.015538,0.405207,0.004786,0.004786,0.217517,30598
9.173062,596626.637309,0.004999,step_15,2,0.015000,0.015000,0.015000,0.015586,0.015586,0.408281,0.004591,0.004591,0.009532,30600
9.178064,596626.642455,0.005002,step_15,2,0.015000,0.015000,0.015000,0.015663,0.015663,0.442872,0.004756,0.004756,0.015456,30602
9.183063,596626.647551,0.005000,step_15,2,0.015000,0.015000,0.015000,0.015697,0.015697,0.452101,0.004762,0.004762,0.006771,30604
9.188062,596626.652694,0.004998,step_15,2,0.015000,0.015000,0.015000,0.014970,0.014970,0.389840,0.004738,0.004738,0.000000,30606
9.193062,596626.657797,0.005000,step_15,2,0.015000,0.015000,0.015000,0.014860,0.014860,0.299548,0.004765,0.004765,0.000000,30608
9.198062,596626.662921,0.005000,step_15,2,0.015000,0.015000,0.015000,0.013112,0.013112,0.263525,0.004751,0.004751,0.000000,30610
9.203063,596626.668134,0.005001,step_15,2,0.015000,0.015000,0.015000,0.012410,0.012410,0.280133,0.004785,0.004785,0.000000,30612
9.208067,596626.673226,0.005004,step_15,2,0.015000,0.015000,0.015000,0.011957,0.011957,0.362971,0.004773,0.004773,0.000000,30614
9.213061,596626.678299,0.004994,step_15,2,0.015000,0.015000,0.015000,0.013796,0.013796,0.453435,0.004661,0.004661,0.368091,30616
9.218061,596626.683430,0.005000,step_15,2,0.015000,0.015000,0.015000,0.014964,0.014964,0.461170,0.004751,0.004751,0.233589,30618
9.223061,596626.688593,0.005000,step_15,2,0.015000,0.015000,0.015000,0.014964,0.014964,0.396835,0.004767,0.004767,0.000000,30620
9.228062,596626.693709,0.005001,rest,2,0.000000,0.000000,0.000000,0.011875,0.011875,0.320308,0.004775,0.004775,0.000000,30622
9.233062,596626.698852,0.005000,rest,2,0.000000,0.000000,0.000000,0.013289,0.013289,0.309292,0.004223,0.004223,0.282751,30624
9.238062,596626.703985,0.005000,rest,2,0.000000,0.000000,0.000000,0.012250,0.012250,0.317232,0.003706,0.003706,0.000000,30626
9.243063,596626.709098,0.005001,rest,2,0.000000,0.000000,0.000000,0.012505,0.012505,0.351757,0.002088,0.002088,0.050914,30628
9.248062,596626.714186,0.004999,rest,2,0.000000,0.000000,0.000000,0.014579,0.014579,0.480960,0.002491,0.002491,0.414949,30630
9.253061,596626.719275,0.005000,rest,2,0.000000,0.000000,0.000000,0.013758,0.013758,0.573757,0.001955,0.001955,0.000000,30632
9.258062,596626.724397,0.005001,rest,2,0.000000,0.000000,0.000000,0.013979,0.013979,0.525555,0.002490,0.002490,0.044089,30634
9.263061,596626.729518,0.004999,rest,2,0.000000,0.000000,0.000000,0.014918,0.014918,0.413096,0.001971,0.001971,0.187822,30636
9.268061,596626.734646,0.005000,rest,2,0.000000,0.000000,0.000000,0.010111,0.010111,0.382693,0.002490,0.002490,0.000000,30638
9.273062,596626.739739,0.005001,rest,2,0.000000,0.000000,0.000000,0.003345,0.003345,0.413576,0.001935,0.001935,0.000000,30640
9.278063,596626.744873,0.005001,rest,2,0.000000,0.000000,0.000000,0.002778,0.002778,0.271989,0.002503,0.002503,0.000000,30642
9.283061,596626.749953,0.004998,rest,2,0.000000,0.000000,0.000000,0.000588,0.000588,0.042524,0.002956,0.002956,0.000000,30644
9.288062,596626.755110,0.005001,rest,2,0.000000,0.000000,0.000000,0.000587,0.000587,-0.181129,0.002394,0.002394,0.000000,30646
9.293062,596626.760258,0.005000,rest,2,0.000000,0.000000,0.000000,-0.000425,-0.000425,-0.298440,0.002865,0.002865,0.000000,30648
9.298061,596626.765355,0.004999,rest,2,0.000000,0.000000,0.000000,0.001175,0.001175,-0.009724,0.002226,0.002226,0.320010,30650
9.303061,596626.770504,0.005000,rest,2,0.000000,0.000000,0.000000,0.001175,0.001175,0.413209,0.002702,0.002702,0.000000,30652
9.308062,596626.775636,0.005001,rest,2,0.000000,0.000000,0.000000,0.001175,0.001175,0.607157,0.002116,0.002116,0.000012,30654
9.313061,596626.780776,0.004999,rest,2,0.000000,0.000000,0.000000,0.001175,0.001175,0.498207,0.002634,0.002634,0.000008,30656
9.318063,596626.785909,0.005002,rest,2,0.000000,0.000000,0.000000,0.000588,0.000588,0.287257,0.002124,0.002124,0.000000,30658
9.328061,596626.791064,0.009998,rest,2,0.000000,0.000000,0.000000,-0.000849,-0.000849,0.257730,0.002189,0.002189,0.000000,30662
9.333061,596626.796160,0.005000,rest,2,0.000000,0.000000,0.000000,0.000000,0.000000,0.517827,0.002850,0.002850,0.169883,30664
9.338063,596626.801286,0.005001,rest,2,0.000000,0.000000,0.000000,0.000000,0.000000,0.525672,0.002311,0.002311,0.000019,30666
9.343063,596626.806375,0.005000,rest,2,0.000000,0.000000,0.000000,0.000000,0.000000,0.457701,0.002900,0.002900,0.000015,30668
9.343063,596626.811520,0.000001,rest,2,0.000000,0.000000,0.000000,0.000000,0.000000,0.457701,0.002900,0.002900,0.000015,30668
9.348061,596626.816656,0.004999,rest,2,0.000000,0.000000,0.000000,-0.000000,-0.000000,0.390362,0.002425,0.002425,0.000000,30670
9.353576,596626.821798,0.005515,rest,2,0.000000,0.000000,0.000000,0.000000,0.000000,0.370300,0.002339,0.002339,0.000160,30672
9.359067,596626.826945,0.005491,rest,2,0.000000,0.000000,0.000000,-0.000000,-0.000000,0.392934,0.003385,0.003385,0.000000,30674
9.364572,596626.832122,0.005505,rest,2,0.000000,0.000000,0.000000,-0.000000,-0.000000,0.414253,0.004248,0.004248,0.000031,30676
9.374241,596626.837214,0.009670,rest,2,0.000000,0.000000,0.000000,0.000000,0.000000,0.377237,0.003915,0.003915,0.000000,30680
9.378501,596626.842366,0.004260,rest,2,0.000000,0.000000,0.000000,-0.000424,-0.000424,0.345001,0.002617,0.002617,0.000000,30682
9.383061,596626.847454,0.004560,rest,2,0.000000,0.000000,0.000000,0.000000,0.000000,0.335281,0.002700,0.002700,0.093050,30684
9.388061,596626.852558,0.005000,rest,2,0.000000,0.000000,0.000000,-0.000426,-0.000426,0.367808,0.002160,0.002160,0.000000,30686
9.393061,596626.857696,0.005000,rest,2,0.000000,0.000000,0.000000,-0.000001,-0.000001,0.411983,0.002716,0.002716,0.084883,30688
9.398061,596626.862824,0.005000,rest,2,0.000000,0.000000,0.000000,0.001415,0.001415,0.437796,0.002185,0.002185,0.283256,30690
9.403062,596626.867906,0.005000,rest,2,0.000000,0.000000,0.000000,-0.000377,-0.000377,0.454466,0.002683,0.002683,0.000000,30692
9.408062,596626.873058,0.005000,rest,2,0.000000,0.000000,0.000000,-0.000378,-0.000378,0.465747,0.002170,0.002170,0.000000,30694
9.413062,596626.878147,0.005000,rest,2,0.000000,0.000000,0.000000,0.000518,0.000518,0.478473,0.002764,0.002764,0.179251,30696
9.418061,596626.883236,0.005000,rest,2,0.000000,0.000000,0.000000,-0.000356,-0.000356,0.470714,0.002273,0.002273,0.000000,30698
9.423061,596626.888355,0.005000,rest,2,0.000000,0.000000,0.000000,0.001415,0.001415,0.451660,0.002768,0.002768,0.354155,30700
9.428062,596626.893502,0.005000,rest,2,0.000000,0.000000,0.000000,0.001416,0.001416,0.430811,0.002170,0.002170,0.000248,30702
9.433062,596626.898628,0.005001,rest,2,0.000000,0.000000,0.000000,0.001888,0.001888,0.403760,0.002731,0.002731,0.094338,30704
9.438061,596626.903750,0.004999,rest,2,0.000000,0.000000,0.000000,0.002003,0.002003,0.386714,0.002196,0.002196,0.022932,30706
9.443062,596626.908870,0.005001,rest,2,0.000000,0.000000,0.000000,0.000944,0.000944,0.374766,0.002716,0.002716,0.000000,30708
9.448062,596626.913991,0.005000,rest,2,0.000000,0.000000,0.000000,0.001391,0.001391,0.371582,0.002127,0.002127,0.089351,30710
9.453062,596626.919083,0.005000,rest,2,0.000000,0.000000,0.000000,0.001390,0.001390,0.365768,0.002660,0.002660,0.000000,30712
9.458062,596626.924172,0.005000,rest,2,0.000000,0.000000,0.000000,0.001274,0.001274,0.355487,0.002041,0.002041,0.000000,30714
9.463061,596626.929259,0.004999,rest,2,0.000000,0.000000,0.000000,0.001274,0.001274,0.371803,0.002451,0.002451,0.000026,30716
9.468062,596626.934338,0.005001,rest,2,0.000000,0.000000,0.000000,-0.000137,-0.000137,0.409538,0.002927,0.002927,0.000000,30718
9.473062,596626.939493,0.005000,rest,2,0.000000,0.000000,0.000000,-0.000137,-0.000137,0.435049,0.002336,0.002336,0.000000,30720
9.478068,596626.944575,0.005006,rest,2,0.000000,0.000000,0.000000,0.001348,0.001348,0.423463,0.002895,0.002895,0.296539,30722
9.483063,596626.949693,0.004994,rest,2,0.000000,0.000000,0.000000,0.001348,0.001348,0.398379,0.002296,0.002296,0.000023,30724
9.488062,596626.954823,0.005000,rest,2,0.000000,0.000000,0.000000,-0.000299,-0.000299,0.388341,0.002817,0.002817,0.000000,30726
9.493064,596626.959940,0.005002,rest,2,0.000000,0.000000,0.000000,0.000829,0.000829,0.389096,0.002213,0.002213,0.225541,30728
9.498062,596626.965083,0.004998,rest,2,0.000000,0.000000,0.000000,-0.000748,-0.000748,0.404497,0.002711,0.002711,0.000000,30730
9.503063,596626.970167,0.005000,rest,2,0.000000,0.000000,0.000000,0.000148,0.000148,0.415697,0.002168,0.002168,0.179353,30732
9.508062,596626.975271,0.005000,rest,2,0.000000,0.000000,0.000000,0.000337,0.000337,0.420801,0.002721,0.002721,0.037684,30734
9.513062,596626.980407,0.004999,rest,2,0.000000,0.000000,0.000000,0.000993,0.000993,0.441765,0.002123,0.002123,0.131338,30736
9.518062,596626.985546,0.005000,rest,2,0.000000,0.000000,0.000000,0.001046,0.001046,0.469383,0.002665,0.002665,0.010441,30738
9.523061,596626.990682,0.005000,rest,2,0.000000,0.000000,0.000000,0.000174,0.000174,0.446468,0.002129,0.002129,0.000000,30740
9.528062,596626.995827,0.005001,rest,2,0.000000,0.000000,0.000000,0.000646,0.000646,0.407423,0.002636,0.002636,0.094402,30742
9.533062,596627.001011,0.005000,rest,2,0.000000,0.000000,0.000000,-0.001571,-0.001571,0.407278,0.002067,0.002067,0.000000,30744
9.543062,596627.006097,0.010000,rest,2,0.000000,0.000000,0.000000,0.000809,0.000809,0.396962,0.002085,0.002085,0.122478,30748
9.548063,596627.011193,0.005000,rest,2,0.000000,0.000000,0.000000,-0.000274,-0.000274,0.435324,0.002613,0.002613,0.000000,30750
9.553062,596627.016314,0.004999,rest,2,0.000000,0.000000,0.000000,0.001047,0.001047,0.481715,0.002100,0.002100,0.264401,30752
9.558062,596627.021449,0.005000,rest,2,0.000000,0.000000,0.000000,0.000130,0.000130,0.462038,0.002644,0.002644,0.000000,30754
9.563062,596627.026610,0.005000,rest,2,0.000000,0.000000,0.000000,-0.000273,-0.000273,0.409254,0.002141,0.002141,0.000000,30756
9.568062,596627.031837,0.005000,rest,2,0.000000,0.000000,0.000000,0.000340,0.000340,0.382913,0.002675,0.002675,0.122585,30758
9.573061,596627.036941,0.004999,rest,2,0.000000,0.000000,0.000000,0.000486,0.000486,0.387032,0.002176,0.002176,0.029333,30760
9.578061,596627.042103,0.005000,rest,2,0.000000,0.000000,0.000000,0.000709,0.000709,0.397177,0.002729,0.002729,0.044597,30762
9.583063,596627.047210,0.005002,rest,2,0.000000,0.000000,0.000000,-0.001191,-0.001191,0.392853,0.002171,0.002171,0.000000,30764
9.588062,596627.052291,0.004998,rest,2,0.000000,0.000000,0.000000,-0.000271,-0.000271,0.431497,0.002721,0.002721,0.184047,30766
9.593062,596627.057445,0.005000,rest,2,0.000000,0.000000,0.000000,-0.000319,-0.000319,0.442066,0.002233,0.002233,0.000000,30768
9.598061,596627.062566,0.004999,rest,2,0.000000,0.000000,0.000000,-0.000246,-0.000246,0.422570,0.002784,0.002784,0.014587,30770
9.603063,596627.067696,0.005002,rest,2,0.000000,0.000000,0.000000,-0.000246,-0.000246,0.431173,0.002268,0.002268,0.000019,30772
9.608064,596627.072826,0.005001,rest,2,0.000000,0.000000,0.000000,0.001686,0.001686,0.393866,0.002841,0.002841,0.386307,30774
9.613063,596627.077962,0.004999,rest,2,0.000000,0.000000,0.000000,0.001686,0.001686,0.370747,0.002333,0.002333,0.000000,30776
9.618061,596627.083045,0.004999,rest,2,0.000000,0.000000,0.000000,-0.000972,-0.000972,0.418283,0.002885,0.002885,0.000000,30778
9.623061,596627.088164,0.005000,rest,2,0.000000,0.000000,0.000000,0.000035,0.000035,0.443913,0.002348,0.002348,0.201454,30780
9.628062,596627.093286,0.005001,rest,2,0.000000,0.000000,0.000000,0.001053,0.001053,0.439167,0.002829,0.002829,0.203590,30782
9.633063,596627.098423,0.005000,step_15,2,-0.015000,-0.015000,-0.015000,0.000653,0.000653,0.448329,0.002299,0.002299,0.000000,30784
9.638062,596627.103586,0.004999,step_15,2,-0.015000,-0.015000,-0.015000,0.000229,0.000229,0.439579,0.002811,0.002811,0.000000,30786
9.643063,596627.108705,0.005001,step_15,2,-0.015000,-0.015000,-0.015000,-0.000359,-0.000359,0.408586,0.002264,0.002264,0.000000,30788
9.648062,596627.113813,0.004999,step_15,2,-0.015000,-0.015000,-0.015000,0.000505,0.000505,0.406413,0.002838,0.002838,0.172649,30790
9.653062,596627.118955,0.005000,step_15,2,-0.015000,-0.015000,-0.015000,0.000539,0.000539,0.431330,0.002236,0.002236,0.006958,30792
9.658062,596627.124115,0.005000,step_15,2,-0.015000,-0.015000,-0.015000,0.000020,0.000020,0.428388,0.002837,0.002837,0.000000,30794
9.663061,596627.129208,0.004999,step_15,2,-0.015000,-0.015000,-0.015000,0.001055,0.001055,0.418051,0.002276,0.002276,0.207193,30796
9.668062,596627.134298,0.005001,step_15,2,-0.015000,-0.015000,-0.015000,0.001003,0.001003,0.413668,0.002821,0.002821,0.000000,30798
9.673061,596627.139433,0.004999,step_15,2,-0.015000,-0.015000,-0.015000,-0.003462,-0.003462,0.422146,0.002188,0.002188,0.000000,30800
9.678062,596627.144562,0.005001,step_15,2,-0.015000,-0.015000,-0.015000,-0.007790,-0.007790,0.363980,0.002725,0.002725,0.000000,30802
9.683062,596627.149686,0.004999,step_15,2,-0.015000,-0.015000,-0.015000,-0.009616,-0.009616,0.195260,0.002177,0.002177,0.000000,30804
9.688063,596627.154813,0.005001,step_15,2,-0.015000,-0.015000,-0.015000,-0.011686,-0.011686,0.050025,0.002719,0.002719,0.000000,30806
9.693062,596627.159909,0.004999,step_15,2,-0.015000,-0.015000,-0.015000,-0.012433,-0.012433,0.002633,0.002164,0.002164,0.000000,30808
9.698062,596627.165043,0.005001,step_15,2,-0.015000,-0.015000,-0.015000,-0.015717,-0.015717,0.066532,0.002722,0.002722,0.000000,30810
9.703061,596627.170137,0.004999,step_15,2,-0.015000,-0.015000,-0.015000,-0.017353,-0.017353,0.155969,0.002126,0.002126,0.000000,30812
9.708062,596627.175254,0.005000,step_15,2,-0.015000,-0.015000,-0.015000,-0.017352,-0.017352,0.198079,0.002667,0.002667,0.000082,30814
9.713061,596627.180410,0.005000,step_15,2,-0.015000,-0.015000,-0.015000,-0.016942,-0.016942,0.278120,0.002098,0.002098,0.082053,30816
9.718062,596627.185498,0.005001,step_15,2,-0.015000,-0.015000,-0.015000,-0.017745,-0.017745,0.343320,0.002662,0.002662,0.000000,30818
9.723061,596627.190662,0.004999,step_15,2,-0.015000,-0.015000,-0.015000,-0.016341,-0.016341,0.367646,0.002118,0.002118,0.280712,30820
9.728061,596627.195795,0.005000,step_15,2,-0.015000,-0.015000,-0.015000,-0.016450,-0.016450,0.405311,0.002648,0.002648,0.000000,30822
9.733061,596627.200930,0.005000,step_15,2,-0.015000,-0.015000,-0.015000,-0.016450,-0.016450,0.397704,0.002931,0.002931,0.000066,30824
9.743064,596627.206070,0.010003,step_15,2,-0.015000,-0.015000,-0.015000,-0.018795,-0.018795,0.448461,0.002767,0.002767,0.000024,30828
9.748063,596627.211158,0.004999,step_15,2,-0.015000,-0.015000,-0.015000,-0.017143,-0.017143,0.522632,0.002016,0.002016,0.330377,30830
9.753062,596627.216242,0.004999,step_15,2,-0.015000,-0.015000,-0.015000,-0.016163,-0.016163,0.549909,0.002517,0.002517,0.196149,30832
9.758061,596627.221333,0.004999,step_15,2,-0.015000,-0.015000,-0.015000,-0.017078,-0.017078,0.527771,0.001873,0.001873,0.000000,30834
9.763061,596627.226509,0.005000,step_15,2,-0.015000,-0.015000,-0.015000,-0.015305,-0.015305,0.473664,0.002416,0.002416,0.354594,30836
9.768062,596627.231650,0.005001,step_15,2,-0.015000,-0.015000,-0.015000,-0.016165,-0.016165,0.442672,0.002764,0.002764,0.000000,30838
9.773061,596627.236746,0.004999,step_15,2,-0.015000,-0.015000,-0.015000,-0.016574,-0.016574,0.389084,0.002194,0.002194,0.000000,30840
9.778062,596627.241919,0.005001,step_15,2,-0.015000,-0.015000,-0.015000,-0.015341,-0.015341,0.323782,0.002663,0.002663,0.246503,30842
9.783062,596627.247024,0.005000,step_15,2,-0.015000,-0.015000,-0.015000,-0.015191,-0.015191,0.351200,0.002117,0.002117,0.030073,30844
9.788062,596627.252135,0.005000,step_15,2,-0.015000,-0.015000,-0.015000,-0.014892,-0.014892,0.424380,0.002640,0.002640,0.059780,30846
9.793065,596627.257241,0.005003,step_15,2,-0.015000,-0.015000,-0.015000,-0.015340,-0.015340,0.435150,0.002087,0.002087,0.000000,30848
9.798061,596627.262434,0.004996,step_15,2,-0.015000,-0.015000,-0.015000,-0.015339,-0.015339,0.374612,0.002597,0.002597,0.000221,30850
9.803062,596627.267645,0.005000,step_15,2,-0.015000,-0.015000,-0.015000,-0.013357,-0.013357,0.363275,0.002024,0.002024,0.396367,30852
9.808062,596627.272846,0.005001,step_15,2,-0.015000,-0.015000,-0.015000,-0.016561,-0.016561,0.427860,0.002616,0.002616,0.000000,30854
9.813063,596627.278082,0.005000,step_15,2,-0.015000,-0.015000,-0.015000,-0.014974,-0.014974,0.513644,0.002054,0.002054,0.317333,30856
9.818062,596627.283192,0.004999,step_15,2,-0.015000,-0.015000,-0.015000,-0.014143,-0.014143,0.576509,0.002522,0.002522,0.166261,30858
9.823064,596627.288299,0.005002,step_15,2,-0.015000,-0.015000,-0.015000,-0.014119,-0.014119,0.568800,0.002066,0.002066,0.004860,30860
9.828061,596627.293445,0.004998,step_15,2,-0.015000,-0.015000,-0.015000,-0.016351,-0.016351,0.524486,0.002535,0.002535,0.000000,30862
9.833061,596627.298598,0.004999,step_15,2,-0.015000,-0.015000,-0.015000,-0.013840,-0.013840,0.483066,0.002030,0.002030,0.502307,30864
9.838061,596627.303797,0.005001,step_15,2,-0.015000,-0.015000,-0.015000,-0.018036,-0.018036,0.457217,0.002594,0.002594,0.000000,30866
9.843062,596627.308997,0.005000,step_15,2,-0.015000,-0.015000,-0.015000,-0.016837,-0.016837,0.422691,0.002018,0.002018,0.239819,30868
9.848061,596627.314142,0.005000,step_15,2,-0.015000,-0.015000,-0.015000,-0.016790,-0.016790,0.366915,0.002519,0.002519,0.009460,30870
9.853061,596627.319248,0.005000,step_15,2,-0.015000,-0.015000,-0.015000,-0.014532,-0.014532,0.327229,0.002014,0.002014,0.451544,30872
9.858062,596627.324353,0.005000,step_15,2,-0.015000,-0.015000,-0.015000,-0.016015,-0.016015,0.295491,0.002561,0.002561,0.000000,30874
9.863062,596627.329461,0.005000,step_15,2,-0.015000,-0.015000,-0.015000,-0.014688,-0.014688,0.267805,0.002084,0.002084,0.265304,30876
9.868062,596627.334568,0.005000,step_15,2,-0.015000,-0.015000,-0.015000,-0.016047,-0.016047,0.304489,0.002632,0.002632,0.000000,30878
9.873061,596627.339672,0.004999,step_15,2,-0.015000,-0.015000,-0.015000,-0.016344,-0.016344,0.373971,0.001987,0.001987,0.000000,30880
9.878062,596627.344776,0.005001,step_15,2,-0.015000,-0.015000,-0.015000,-0.015259,-0.015259,0.403268,0.002516,0.002516,0.217000,30882
9.883062,596627.349879,0.005001,step_15,2,-0.015000,-0.015000,-0.015000,-0.015259,-0.015259,0.406069,0.002015,0.002015,0.000000,30884
9.888061,596627.354982,0.004999,step_15,2,-0.015000,-0.015000,-0.015000,-0.015384,-0.015384,0.450035,0.002674,0.002674,0.000000,30886
9.893062,596627.360047,0.005000,step_15,2,-0.015000,-0.015000,-0.015000,-0.015384,-0.015384,0.499329,0.002160,0.002160,0.000000,30888
9.898061,596627.365129,0.005000,step_15,2,-0.015000,-0.015000,-0.015000,-0.014169,-0.014169,0.486689,0.002758,0.002758,0.242953,30890
9.903873,596627.370224,0.005812,step_15,2,-0.015000,-0.015000,-0.015000,-0.013789,-0.013789,0.486985,0.003029,0.003029,0.065472,30892
9.908363,596627.375320,0.004490,step_15,2,-0.015000,-0.015000,-0.015000,-0.013781,-0.013781,0.524923,0.003128,0.003128,0.001790,30894
9.913062,596627.380471,0.004698,step_15,2,-0.015000,-0.015000,-0.015000,-0.013559,-0.013559,0.504963,0.002379,0.002379,0.047141,30896
9.918062,596627.385606,0.005001,step_15,2,-0.015000,-0.015000,-0.015000,-0.014754,-0.014754,0.456859,0.002995,0.002995,0.000000,30898
9.923061,596627.390721,0.004999,step_15,2,-0.015000,-0.015000,-0.015000,-0.012724,-0.012724,0.480386,0.002463,0.002463,0.406076,30900
9.928062,596627.395850,0.005001,step_15,2,-0.015000,-0.015000,-0.015000,-0.012528,-0.012528,0.541170,0.001874,0.001874,0.039160,30902
9.938061,596627.400991,0.009999,step_15,2,-0.015000,-0.015000,-0.015000,-0.014372,-0.014372,0.496214,0.002028,0.002028,0.000000,30906
9.943061,596627.406105,0.005000,step_15,2,-0.015000,-0.015000,-0.015000,-0.015995,-0.015995,0.415589,0.002617,0.002617,0.000000,30908
9.948061,596627.411207,0.005000,step_15,2,-0.015000,-0.015000,-0.015000,-0.014657,-0.014657,0.306764,0.002075,0.002075,0.267587,30910
9.953062,596627.416309,0.005000,step_15,2,-0.015000,-0.015000,-0.015000,-0.014094,-0.014094,0.241401,0.002741,0.002741,0.112504,30912
9.958062,596627.421415,0.005000,step_15,2,-0.015000,-0.015000,-0.015000,-0.015402,-0.015402,0.304093,0.002312,0.002312,0.000000,30914
9.963061,596627.426558,0.004999,step_15,2,-0.015000,-0.015000,-0.015000,-0.015927,-0.015927,0.407653,0.002890,0.002890,0.000000,30916
9.968062,596627.431727,0.005000,step_15,2,-0.015000,-0.015000,-0.015000,-0.015424,-0.015424,0.450268,0.002432,0.002432,0.100571,30918
9.973061,596627.436918,0.004999,step_15,2,-0.015000,-0.015000,-0.015000,-0.015563,-0.015563,0.447976,0.001880,0.001880,0.000000,30920
9.978061,596627.442130,0.005000,step_15,2,-0.015000,-0.015000,-0.015000,-0.014412,-0.014412,0.458457,0.002501,0.002501,0.230256,30922
9.983061,596627.447234,0.005000,step_15,2,-0.015000,-0.015000,-0.015000,-0.013599,-0.013599,0.473193,0.002028,0.002028,0.162468,30924
9.988062,596627.452386,0.005000,step_15,2,-0.015000,-0.015000,-0.015000,-0.012654,-0.012654,0.522703,0.002662,0.002662,0.188997,30926
9.993062,596627.457528,0.005000,step_15,2,-0.015000,-0.015000,-0.015000,-0.013025,-0.013025,0.567839,0.002189,0.002189,0.000000,30928
9.998062,596627.462656,0.005000,step_15,2,-0.015000,-0.015000,-0.015000,-0.011536,-0.011536,0.539028,0.002716,0.002716,0.297791,30930
10.003061,596627.467785,0.004999,step_15,2,-0.015000,-0.015000,-0.015000,-0.011757,-0.011757,0.467631,0.002158,0.002158,0.000000,30932
10.008062,596627.472867,0.005000,step_15,2,-0.015000,-0.015000,-0.015000,-0.013567,-0.013567,0.460789,0.002714,0.002714,0.000000,30934
10.013061,596627.478004,0.005000,step_15,2,-0.015000,-0.015000,-0.015000,-0.012051,-0.012051,0.511989,0.002192,0.002192,0.303199,30936
10.018063,596627.483092,0.005002,step_15,2,-0.015000,-0.015000,-0.015000,-0.011923,-0.011923,0.501599,0.002783,0.002783,0.025548,30938
10.023061,596627.488177,0.004998,step_15,2,-0.015000,-0.015000,-0.015000,-0.012832,-0.012832,0.459827,0.002263,0.002263,0.000000,30940
10.028080,596627.493286,0.005019,step_15,2,-0.015000,-0.015000,-0.015000,-0.016238,-0.016238,0.438853,0.002888,0.002888,0.000000,30942
10.033061,596627.498390,0.004982,step_15,2,-0.015000,-0.015000,-0.015000,-0.016435,-0.016435,0.407298,0.002211,0.002211,0.000000,30944
10.038063,596627.503527,0.005001,step_15,2,-0.015000,-0.015000,-0.015000,-0.017526,-0.017526,0.362749,0.002650,0.002650,0.000000,30946
10.043062,596627.508633,0.005000,step_15,2,-0.015000,-0.015000,-0.015000,-0.016532,-0.016532,0.357269,0.002033,0.002033,0.198903,30948
10.048062,596627.513768,0.005000,step_15,2,-0.015000,-0.015000,-0.015000,-0.016813,-0.016813,0.432247,0.002475,0.002475,0.000000,30950
10.053061,596627.518899,0.005000,step_15,2,-0.015000,-0.015000,-0.015000,-0.016202,-0.016202,0.515515,0.001875,0.001875,0.122199,30952
10.058061,596627.523972,0.005000,step_15,2,-0.015000,-0.015000,-0.015000,-0.015671,-0.015671,0.519691,0.002407,0.002407,0.106037,30954
10.063061,596627.529045,0.005000,step_15,2,-0.015000,-0.015000,-0.015000,-0.016941,-0.016941,0.469844,0.002828,0.002828,0.000000,30956
10.068062,596627.534156,0.005001,step_15,2,-0.015000,-0.015000,-0.015000,-0.016941,-0.016941,0.383348,0.002282,0.002282,0.000000,30958
10.073062,596627.539246,0.005000,step_15,2,-0.015000,-0.015000,-0.015000,-0.016886,-0.016886,0.300089,0.002889,0.002889,0.010937,30960
10.078062,596627.544368,0.004999,step_15,2,-0.015000,-0.015000,-0.015000,-0.017442,-0.017442,0.273470,0.002323,0.002323,0.000000,30962
10.083063,596627.549508,0.005001,step_15,2,-0.015000,-0.015000,-0.015000,-0.017479,-0.017479,0.358231,0.002944,0.002944,0.000000,30964
10.088063,596627.554701,0.005000,step_15,2,-0.015000,-0.015000,-0.015000,-0.015750,-0.015750,0.505216,0.002474,0.002474,0.345785,30966
10.093063,596627.559921,0.005000,step_15,2,-0.015000,-0.015000,-0.015000,-0.016657,-0.016657,0.587828,0.001959,0.001959,0.000000,30968
10.098061,596627.565289,0.004998,step_15,2,-0.015000,-0.015000,-0.015000,-0.012803,-0.012803,0.608204,0.002526,0.002526,0.771043,30970
10.103061,596627.570415,0.005001,step_15,2,-0.015000,-0.015000,-0.015000,-0.014268,-0.014268,0.592392,0.002007,0.002007,0.000000,30972
10.108061,596627.575520,0.005000,step_15,2,-0.015000,-0.015000,-0.015000,-0.014182,-0.014182,0.559948,0.002549,0.002549,0.017190,30974
10.113061,596627.580742,0.005000,step_15,2,-0.015000,-0.015000,-0.015000,-0.012090,-0.012090,0.520894,0.002030,0.002030,0.418429,30976
10.118061,596627.585888,0.005000,step_15,2,-0.015000,-0.015000,-0.015000,-0.014299,-0.014299,0.472727,0.002590,0.002590,0.000000,30978
10.123061,596627.590993,0.005000,step_15,2,-0.015000,-0.015000,-0.015000,-0.014012,-0.014012,0.412687,0.002080,0.002080,0.057329,30980
10.133062,596627.596119,0.010001,step_15,2,-0.015000,-0.015000,-0.015000,-0.013916,-0.013916,0.482855,0.002215,0.002215,0.224875,30984
10.138062,596627.601220,0.005000,step_15,2,-0.015000,-0.015000,-0.015000,-0.017465,-0.017465,0.481044,0.002800,0.002800,0.000000,30986
10.143061,596627.606348,0.005000,step_15,2,-0.015000,-0.015000,-0.015000,-0.015543,-0.015543,0.420188,0.002270,0.002270,0.384562,30988
10.148061,596627.611480,0.005000,step_15,2,-0.015000,-0.015000,-0.015000,-0.015678,-0.015678,0.395071,0.002812,0.002812,0.000000,30990
10.153062,596627.616616,0.005001,step_15,2,-0.015000,-0.015000,-0.015000,-0.014171,-0.014171,0.482733,0.002316,0.002316,0.301353,30992
10.158061,596627.621779,0.005000,step_15,2,-0.015000,-0.015000,-0.015000,-0.011799,-0.011799,0.546798,0.002834,0.002834,0.474412,30994
10.163062,596627.626928,0.005001,step_15,2,-0.015000,-0.015000,-0.015000,-0.014698,-0.014698,0.528289,0.002440,0.002440,0.000000,30996
10.168062,596627.632096,0.005000,step_15,2,-0.015000,-0.015000,-0.015000,-0.011066,-0.011066,0.521927,0.001963,0.001963,0.726552,30998
10.173061,596627.637183,0.004999,step_15,2,-0.015000,-0.015000,-0.015000,-0.012423,-0.012423,0.463525,0.002529,0.002529,0.000000,31000
10.178062,596627.642260,0.005000,step_15,2,-0.015000,-0.015000,-0.015000,-0.013246,-0.013246,0.452426,0.002040,0.002040,0.000000,31002
10.183061,596627.647402,0.005000,step_15,2,-0.015000,-0.015000,-0.015000,-0.011209,-0.011209,0.523750,0.002680,0.002680,0.407269,31004
10.188061,596627.652533,0.005000,step_15,2,-0.015000,-0.015000,-0.015000,-0.011210,-0.011210,0.529298,0.002175,0.002175,0.000000,31006
10.193063,596627.657702,0.005002,step_15,2,-0.015000,-0.015000,-0.015000,-0.011928,-0.011928,0.515338,0.002831,0.002831,0.000000,31008
10.198062,596627.662908,0.004999,step_15,2,-0.015000,-0.015000,-0.015000,-0.011928,-0.011928,0.529519,0.002431,0.002431,0.000000,31010
10.203061,596627.668068,0.004999,step_15,2,-0.015000,-0.015000,-0.015000,-0.011773,-0.011773,0.524067,0.001991,0.001991,0.030940,31012
10.208061,596627.673183,0.005000,step_15,2,-0.015000,-0.015000,-0.015000,-0.010923,-0.010923,0.507492,0.002659,0.002659,0.170046,31014
10.213061,596627.678316,0.005000,step_15,2,-0.015000,-0.015000,-0.015000,-0.013602,-0.013602,0.510299,0.002254,0.002254,0.000000,31016
10.218063,596627.683439,0.005001,step_15,2,-0.015000,-0.015000,-0.015000,-0.011684,-0.011684,0.500088,0.002789,0.002789,0.383534,31018
10.223061,596627.688637,0.004998,step_15,2,-0.015000,-0.015000,-0.015000,-0.011462,-0.011462,0.447689,0.002224,0.002224,0.044444,31020
10.228063,596627.693820,0.005002,step_15,2,-0.015000,-0.015000,-0.015000,-0.012424,-0.012424,0.384696,0.002758,0.002758,0.000000,31022
10.233065,596627.698938,0.005002,step_15,2,-0.015000,-0.015000,-0.015000,-0.013819,-0.013819,0.369840,0.002154,0.002154,0.000000,31024
10.238062,596627.704048,0.004997,step_15,2,-0.015000,-0.015000,-0.015000,-0.013618,-0.013618,0.388012,0.002704,0.002704,0.040201,31026
10.243063,596627.709175,0.005002,step_15,2,-0.015000,-0.015000,-0.015000,-0.014723,-0.014723,0.372899,0.002168,0.002168,0.000000,31028
10.248078,596627.714296,0.005014,step_15,2,-0.015000,-0.015000,-0.015000,-0.014291,-0.014291,0.393972,0.002750,0.002750,0.086153,31030
10.253935,596627.719450,0.005857,step_15,2,-0.015000,-0.015000,-0.015000,-0.015296,-0.015296,0.470688,0.003051,0.003051,0.000000,31032
10.259127,596627.724577,0.005191,step_15,2,-0.015000,-0.015000,-0.015000,-0.015145,-0.015145,0.486944,0.003721,0.003721,0.029088,31034
10.263268,596627.729720,0.004141,step_15,2,-0.015000,-0.015000,-0.015000,-0.014977,-0.014977,0.448350,0.002325,0.002325,0.040771,31036
10.268061,596627.734839,0.004793,step_15,2,-0.015000,-0.015000,-0.015000,-0.015009,-0.015009,0.386014,0.002575,0.002575,0.000000,31038
10.273066,596627.739943,0.005005,step_15,2,-0.015000,-0.015000,-0.015000,-0.015557,-0.015557,0.380540,0.002144,0.002144,0.000000,31040
10.278068,596627.745086,0.005002,step_15,2,-0.015000,-0.015000,-0.015000,-0.015434,-0.015434,0.491256,0.002706,0.002706,0.024639,31042
10.283062,596627.750183,0.004994,step_15,2,-0.015000,-0.015000,-0.015000,-0.014071,-0.014071,0.577365,0.002800,0.002800,0.272914,31044
10.288062,596627.755295,0.005001,step_15,2,-0.015000,-0.015000,-0.015000,-0.015998,-0.015998,0.595664,0.002271,0.002271,0.000000,31046
10.293062,596627.760408,0.005000,step_15,2,-0.015000,-0.015000,-0.015000,-0.016172,-0.016172,0.556668,0.002851,0.002851,0.000000,31048
10.298062,596627.765546,0.005000,step_15,2,-0.015000,-0.015000,-0.015000,-0.014280,-0.014280,0.488478,0.002397,0.002397,0.378422,31050
10.303062,596627.770653,0.005000,step_15,2,-0.015000,-0.015000,-0.015000,-0.015031,-0.015031,0.446886,0.001892,0.001892,0.000000,31052
10.308061,596627.775791,0.004999,step_15,2,-0.015000,-0.015000,-0.015000,-0.014155,-0.014155,0.387541,0.002421,0.002421,0.175187,31054
10.318063,596627.780958,0.010002,step_15,2,-0.015000,-0.015000,-0.015000,-0.014362,-0.014362,0.477929,0.002597,0.002597,0.199273,31058
10.323062,596627.786046,0.004999,step_15,2,-0.015000,-0.015000,-0.015000,-0.012781,-0.012781,0.563894,0.002076,0.002076,0.316311,31060
10.328062,596627.791153,0.005001,step_15,2,-0.015000,-0.015000,-0.015000,-0.012781,-0.012781,0.578677,0.002503,0.002503,0.000000,31062
10.333061,596627.796264,0.004999,step_15,2,-0.015000,-0.015000,-0.015000,-0.013961,-0.013961,0.519352,0.002936,0.002936,0.000000,31064
10.338062,596627.801375,0.005000,step_15,2,-0.015000,-0.015000,-0.015000,-0.011696,-0.011696,0.485588,0.002304,0.002304,0.453003,31066
10.343062,596627.806474,0.005000,step_15,2,-0.015000,-0.015000,-0.015000,-0.011696,-0.011696,0.484071,0.002807,0.002807,0.000000,31068
10.348062,596627.811625,0.005000,step_15,2,-0.015000,-0.015000,-0.015000,-0.012128,-0.012128,0.486087,0.002356,0.002356,0.000000,31070
10.353063,596627.816728,0.005001,step_15,2,-0.015000,-0.015000,-0.015000,-0.014259,-0.014259,0.519226,0.002898,0.002898,0.000000,31072
10.358061,596627.821877,0.004999,step_15,2,-0.015000,-0.015000,-0.015000,-0.014303,-0.014303,0.532917,0.002408,0.002408,0.000000,31074
10.363061,596627.826978,0.005000,step_15,2,-0.015000,-0.015000,-0.015000,-0.013262,-0.013262,0.469819,0.001977,0.001977,0.208321,31076
10.368071,596627.832094,0.005010,step_15,2,-0.015000,-0.015000,-0.015000,-0.014002,-0.014002,0.370530,0.002567,0.002567,0.000000,31078
10.373061,596627.837203,0.004990,step_15,2,-0.015000,-0.015000,-0.015000,-0.014543,-0.014543,0.325386,0.002046,0.002046,0.000000,31080
10.378063,596627.842343,0.005001,step_15,2,-0.015000,-0.015000,-0.015000,-0.014532,-0.014532,0.405384,0.002649,0.002649,0.002243,31082
10.383062,596627.847473,0.004999,step_15,2,-0.015000,-0.015000,-0.015000,-0.016355,-0.016355,0.523878,0.002163,0.002163,0.000000,31084
10.388061,596627.852638,0.005000,step_15,2,-0.015000,-0.015000,-0.015000,-0.014379,-0.014379,0.529534,0.002777,0.002777,0.395190,31086
10.393064,596627.857739,0.005002,step_15,2,-0.015000,-0.015000,-0.015000,-0.015079,-0.015079,0.479230,0.002353,0.002353,0.000000,31088
10.398179,596627.862885,0.005116,step_15,2,-0.015000,-0.015000,-0.015000,-0.014982,-0.014982,0.504738,0.003004,0.003004,0.018852,31090
10.403061,596627.867996,0.004882,step_15,2,-0.015000,-0.015000,-0.015000,-0.013277,-0.013277,0.530620,0.002407,0.002407,0.349320,31092
10.408062,596627.873131,0.005001,step_15,2,-0.015000,-0.015000,-0.015000,-0.015644,-0.015644,0.502436,0.002972,0.002972,0.000000,31094
10.413062,596627.878239,0.005000,step_15,2,-0.015000,-0.015000,-0.015000,-0.014861,-0.014861,0.455477,0.002543,0.002543,0.156576,31096
10.418061,596627.883355,0.004999,step_15,2,-0.015000,-0.015000,-0.015000,-0.013327,-0.013327,0.473847,0.002069,0.002069,0.306934,31098
10.423063,596627.888467,0.005002,step_15,2,-0.015000,-0.015000,-0.015000,-0.015234,-0.015234,0.590000,0.002560,0.002560,0.000000,31100
10.428063,596627.893591,0.004999,step_15,2,-0.015000,-0.015000,-0.015000,-0.012479,-0.012479,0.627571,0.002000,0.002000,0.551124,31102
10.433063,596627.898707,0.005000,step_15,2,-0.015000,-0.015000,-0.015000,-0.012492,-0.012492,0.542185,0.002496,0.002496,0.000000,31104
10.438061,596627.903815,0.004998,step_15,2,-0.015000,-0.015000,-0.015000,-0.012371,-0.012371,0.457371,0.001937,0.001937,0.024249,31106
10.443061,596627.908913,0.005000,step_15,2,-0.015000,-0.015000,-0.015000,-0.012898,-0.012898,0.420135,0.002494,0.002494,0.000000,31108
10.448061,596627.914021,0.005000,step_15,2,-0.015000,-0.015000,-0.015000,-0.012659,-0.012659,0.431799,0.002807,0.002807,0.047758,31110
10.453061,596627.919169,0.005000,step_15,2,-0.015000,-0.015000,-0.015000,-0.012659,-0.012659,0.461150,0.002225,0.002225,0.000000,31112
10.458062,596627.924283,0.005001,step_15,2,-0.015000,-0.015000,-0.015000,-0.012402,-0.012402,0.503432,0.002626,0.002626,0.051512,31114
10.463061,596627.929399,0.004999,step_15,2,-0.015000,-0.015000,-0.015000,-0.012303,-0.012303,0.530732,0.002076,0.002076,0.019664,31116
10.468061,596627.934517,0.005000,step_15,2,-0.015000,-0.015000,-0.015000,-0.013481,-0.013481,0.518269,0.002603,0.002603,0.000000,31118
10.473067,596627.939633,0.005006,step_15,2,-0.015000,-0.015000,-0.015000,-0.013481,-0.013481,0.524818,0.002294,0.002294,0.000000,31120
10.478066,596627.944750,0.004999,step_15,2,-0.015000,-0.015000,-0.015000,-0.014475,-0.014475,0.513220,0.002828,0.002828,0.000000,31122
10.483067,596627.949863,0.005001,step_15,2,-0.015000,-0.015000,-0.015000,-0.014475,-0.014475,0.431141,0.003105,0.003105,0.000000,31124
10.488066,596627.954971,0.005000,step_15,2,-0.015000,-0.015000,-0.015000,-0.014476,-0.014476,0.321559,0.002636,0.002636,0.000000,31126
10.493062,596627.960055,0.004995,step_15,2,-0.015000,-0.015000,-0.015000,-0.016838,-0.016838,0.314499,0.001941,0.001941,0.000000,31128
10.498061,596627.965179,0.004999,step_15,2,-0.015000,-0.015000,-0.015000,-0.014354,-0.014354,0.413031,0.002398,0.002398,0.496897,31130
10.503062,596627.970292,0.005001,step_15,2,-0.015000,-0.015000,-0.015000,-0.014417,-0.014417,0.509563,0.002886,0.002886,0.000000,31132
10.508061,596627.975439,0.005000,step_15,2,-0.015000,-0.015000,-0.015000,-0.015736,-0.015736,0.591090,0.002309,0.002309,0.000000,31134
10.513062,596627.980554,0.005000,step_15,2,-0.015000,-0.015000,-0.015000,-0.013781,-0.013781,0.610392,0.002682,0.002682,0.390975,31136
10.518061,596627.985667,0.005000,step_15,2,-0.015000,-0.015000,-0.015000,-0.014002,-0.014002,0.547865,0.002061,0.002061,0.000000,31138
10.523062,596627.990790,0.005001,step_15,2,-0.015000,-0.015000,-0.015000,-0.014908,-0.014908,0.492561,0.002588,0.002588,0.000000,31140
10.533062,596627.995939,0.009999,step_15,2,-0.015000,-0.015000,-0.015000,-0.015578,-0.015578,0.349304,0.002536,0.002536,0.000000,31144
10.538061,596628.001042,0.005000,step_15,2,-0.015000,-0.015000,-0.015000,-0.013889,-0.013889,0.329396,0.002031,0.002031,0.337811,31146
10.543065,596628.006182,0.005004,step_15,2,-0.015000,-0.015000,-0.015000,-0.015302,-0.015302,0.484516,0.002545,0.002545,0.000000,31148
10.543065,596628.011298,0.000001,step_15,2,-0.015000,-0.015000,-0.015000,-0.015302,-0.015302,0.484516,0.002545,0.002545,0.000000,31148
10.548061,596628.016409,0.004996,step_15,2,-0.015000,-0.015000,-0.015000,-0.015467,-0.015467,0.638165,0.002021,0.002021,0.000000,31150
10.558341,596628.021529,0.010279,step_15,2,-0.015000,-0.015000,-0.015000,-0.016980,-0.016980,0.570546,0.002473,0.002473,0.000000,31154
10.563061,596628.026657,0.004720,step_15,2,-0.015000,-0.015000,-0.015000,-0.014383,-0.014383,0.489948,0.002695,0.002695,0.550192,31156
10.568062,596628.031807,0.005002,step_15,2,-0.015000,-0.015000,-0.015000,-0.012468,-0.012468,0.427647,0.002218,0.002218,0.382946,31158
10.573062,596628.036911,0.005000,step_15,2,-0.015000,-0.015000,-0.015000,-0.014662,-0.014662,0.492760,0.002843,0.002843,0.000000,31160
10.578061,596628.042041,0.004999,step_15,2,-0.015000,-0.015000,-0.015000,-0.011376,-0.011376,0.552274,0.002341,0.002341,0.657335,31162
10.583061,596628.047200,0.005000,step_15,2,-0.015000,-0.015000,-0.015000,-0.012455,-0.012455,0.497240,0.002970,0.002970,0.000000,31164
10.588062,596628.052312,0.005001,step_15,2,-0.015000,-0.015000,-0.015000,-0.010008,-0.010008,0.488329,0.002491,0.002491,0.489256,31166
10.588062,596628.057443,0.000001,step_15,2,-0.015000,-0.015000,-0.015000,-0.010008,-0.010008,0.488329,0.002491,0.002491,0.489256,31166
10.598785,596628.062565,0.010724,step_15,2,-0.015000,-0.015000,-0.015000,-0.015070,-0.015070,0.464974,0.003249,0.003249,0.000000,31170
10.603297,596628.067659,0.004512,step_15,2,-0.015000,-0.015000,-0.015000,-0.012026,-0.012026,0.370308,0.003249,0.003249,0.674712,31172
10.608062,596628.072754,0.004765,step_15,2,-0.015000,-0.015000,-0.015000,-0.014006,-0.014006,0.315013,0.002485,0.002485,0.000000,31174
10.613061,596628.077883,0.004999,step_15,2,-0.015000,-0.015000,-0.015000,-0.014985,-0.014985,0.282680,0.001946,0.001946,0.000000,31176
10.618061,596628.083013,0.005000,step_15,2,-0.015000,-0.015000,-0.015000,-0.015492,-0.015492,0.332748,0.002428,0.002428,0.000000,31178
10.623061,596628.088114,0.005000,step_15,2,-0.015000,-0.015000,-0.015000,-0.015492,-0.015492,0.441643,0.002949,0.002949,0.000000,31180
10.628062,596628.093229,0.005001,step_15,2,-0.015000,-0.015000,-0.015000,-0.014174,-0.014174,0.520562,0.002374,0.002374,0.263689,31182
10.633063,596628.098314,0.005001,step_15,2,-0.015000,-0.015000,-0.015000,-0.014174,-0.014174,0.581943,0.002893,0.002893,0.000000,31184
10.638062,596628.103459,0.004999,rest,2,0.000000,0.000000,0.000000,-0.015415,-0.015415,0.629728,0.002321,0.002321,0.000000,31186
10.643065,596628.108551,0.005003,rest,2,0.000000,0.000000,0.000000,-0.015415,-0.015415,0.596914,0.002851,0.002851,0.000000,31188
10.648063,596628.113674,0.004998,rest,2,0.000000,0.000000,0.000000,-0.014290,-0.014290,0.510262,0.002256,0.002256,0.225006,31190
10.653062,596628.118824,0.004999,rest,2,0.000000,0.000000,0.000000,-0.013592,-0.013592,0.459075,0.002735,0.002735,0.139725,31192
10.658061,596628.123950,0.004999,rest,2,0.000000,0.000000,0.000000,-0.013987,-0.013987,0.466309,0.002197,0.002197,0.000000,31194
10.663061,596628.129068,0.005000,rest,2,0.000000,0.000000,0.000000,-0.015501,-0.015501,0.551463,0.002672,0.002672,0.000000,31196
10.668061,596628.134196,0.005000,rest,2,0.000000,0.000000,0.000000,-0.015315,-0.015315,0.611763,0.002120,0.002120,0.037147,31198
10.673061,596628.139334,0.005000,rest,2,0.000000,0.000000,0.000000,-0.013737,-0.013737,0.559271,0.002636,0.002636,0.315554,31200
10.678063,596628.144478,0.005002,rest,2,0.000000,0.000000,0.000000,-0.009533,-0.009533,0.480336,0.002079,0.002079,0.840517,31202
10.683062,596628.149602,0.004999,rest,2,0.000000,0.000000,0.000000,-0.008145,-0.008145,0.458843,0.002553,0.002553,0.277571,31204
10.688061,596628.154720,0.004999,rest,2,0.000000,0.000000,0.000000,-0.003067,-0.003067,0.566627,0.001981,0.001981,1.015884,31206
10.693063,596628.159823,0.005001,rest,2,0.000000,0.000000,0.000000,-0.001287,-0.001287,0.829479,0.002436,0.002436,0.355877,31208
10.698062,596628.164938,0.004999,rest,2,0.000000,0.000000,0.000000,-0.001287,-0.001287,1.085185,0.002913,0.002913,0.000000,31210
10.703064,596628.170056,0.005002,rest,2,0.000000,0.000000,0.000000,0.000411,0.000411,1.020752,0.002311,0.002311,0.339528,31212
10.708062,596628.175169,0.004998,rest,2,0.000000,0.000000,0.000000,-0.001506,-0.001506,0.703868,0.002800,0.002800,0.000000,31214
10.713061,596628.180282,0.004999,rest,2,0.000000,0.000000,0.000000,0.000639,0.000639,0.455650,0.002222,0.002222,0.429162,31216
10.718065,596628.185432,0.005003,rest,2,0.000000,0.000000,0.000000,0.000208,0.000208,0.399328,0.002848,0.002848,0.000000,31218
10.723062,596628.190545,0.004997,rest,2,0.000000,0.000000,0.000000,-0.000573,-0.000573,0.445141,0.002306,0.002306,0.000000,31220
10.728062,596628.195656,0.005000,rest,2,0.000000,0.000000,0.000000,0.000345,0.000345,0.526586,0.002842,0.002842,0.183498,31222
10.733062,596628.200807,0.005000,rest,2,0.000000,0.000000,0.000000,0.000426,0.000426,0.626188,0.002231,0.002231,0.016224,31224
10.738066,596628.205983,0.005004,rest,2,0.000000,0.000000,0.000000,0.001278,0.001278,0.560152,0.002817,0.002817,0.170238,31226
10.748062,596628.211244,0.009996,rest,2,0.000000,0.000000,0.000000,0.000851,0.000851,0.369958,0.002721,0.002721,0.170429,31230
10.748062,596628.216359,0.000001,rest,2,0.000000,0.000000,0.000000,0.000851,0.000851,0.369958,0.002721,0.002721,0.170429,31230
10.753062,596628.221497,0.005000,rest,2,0.000000,0.000000,0.000000,-0.000001,-0.000001,0.386585,0.002170,0.002170,0.000000,31232
10.758831,596628.226659,0.005769,rest,2,0.000000,0.000000,0.000000,0.000851,0.000851,0.396356,0.003468,0.003468,0.147673,31234
10.764368,596628.231886,0.005537,rest,2,0.000000,0.000000,0.000000,0.000851,0.000851,0.440966,0.003487,0.003487,0.000000,31236
10.774140,596628.237141,0.009772,rest,2,0.000000,0.000000,0.000000,0.000850,0.000850,0.579669,0.003263,0.003263,0.201311,31240
10.778326,596628.242247,0.004186,rest,2,0.000000,0.000000,0.000000,0.000851,0.000851,0.575307,0.003051,0.003051,0.000064,31242
10.783061,596628.247380,0.004735,rest,2,0.000000,0.000000,0.000000,0.000277,0.000277,0.552176,0.002222,0.002222,0.000000,31244
10.788061,596628.252519,0.005000,rest,2,0.000000,0.000000,0.000000,-0.000002,-0.000002,0.554387,0.002709,0.002709,0.000000,31246
10.793062,596628.257632,0.005001,rest,2,0.000000,0.000000,0.000000,0.001276,0.001276,0.584480,0.002178,0.002178,0.255620,31248
10.798062,596628.262878,0.005000,rest,2,0.000000,0.000000,0.000000,-0.000002,-0.000002,0.618327,0.002804,0.002804,0.000000,31250
10.803062,596628.267986,0.005001,rest,2,0.000000,0.000000,0.000000,0.000850,0.000850,0.597487,0.002169,0.002169,0.170327,31252
10.808062,596628.273156,0.005000,rest,2,0.000000,0.000000,0.000000,-0.000002,-0.000002,0.531460,0.002652,0.002652,0.000000,31254
10.813061,596628.278262,0.005000,rest,2,0.000000,0.000000,0.000000,0.000424,0.000424,0.479354,0.002009,0.002009,0.085209,31256
10.818061,596628.283365,0.005000,rest,2,0.000000,0.000000,0.000000,-0.000002,-0.000002,0.438774,0.002515,0.002515,0.000000,31258
10.823061,596628.288512,0.005000,rest,2,0.000000,0.000000,0.000000,0.000850,0.000850,0.411090,0.001996,0.001996,0.170393,31260
10.828062,596628.293742,0.005001,rest,2,0.000000,0.000000,0.000000,-0.000002,-0.000002,0.421967,0.002577,0.002577,0.000000,31262
10.833061,596628.298942,0.004999,rest,2,0.000000,0.000000,0.000000,0.000020,0.000020,0.433887,0.002002,0.002002,0.004415,31264
10.838062,596628.304214,0.005001,rest,2,0.000000,0.000000,0.000000,-0.000068,-0.000068,0.423612,0.002398,0.002398,0.000000,31266
10.843061,596628.309332,0.005000,rest,2,0.000000,0.000000,0.000000,0.000424,0.000424,0.426493,0.002729,0.002729,0.098341,31268
10.848061,596628.314441,0.005000,rest,2,0.000000,0.000000,0.000000,-0.000002,-0.000002,0.473420,0.002168,0.002168,0.000000,31270
10.853062,596628.319542,0.005000,rest,2,0.000000,0.000000,0.000000,0.000871,0.000871,0.511145,0.002643,0.002643,0.174728,31272
10.858061,596628.324642,0.005000,rest,2,0.000000,0.000000,0.000000,0.000019,0.000019,0.537105,0.002058,0.002058,0.000000,31274
10.863061,596628.329745,0.005000,rest,2,0.000000,0.000000,0.000000,0.000019,0.000019,0.571176,0.002638,0.002638,0.000000,31276
10.868062,596628.334848,0.005001,rest,2,0.000000,0.000000,0.000000,0.000424,0.000424,0.573947,0.002906,0.002906,0.080846,31278
10.873061,596628.339950,0.004999,rest,2,0.000000,0.000000,0.000000,0.000020,0.000020,0.551464,0.002412,0.002412,0.000000,31280
10.878062,596628.345042,0.005001,rest,2,0.000000,0.000000,0.000000,0.000424,0.000424,0.534930,0.002952,0.002952,0.080881,31282
10.883063,596628.350144,0.005001,rest,2,0.000000,0.000000,0.000000,-0.000986,-0.000986,0.536150,0.002464,0.002464,0.000000,31284
10.888061,596628.355245,0.004998,rest,2,0.000000,0.000000,0.000000,-0.000046,-0.000046,0.514395,0.002914,0.002914,0.188027,31286
10.893062,596628.360345,0.005001,rest,2,0.000000,0.000000,0.000000,-0.000986,-0.000986,0.474412,0.002428,0.002428,0.000000,31288
10.898062,596628.365447,0.005000,rest,2,0.000000,0.000000,0.000000,-0.000112,-0.000112,0.463928,0.001962,0.001962,0.174868,31290
10.903061,596628.370540,0.004999,rest,2,0.000000,0.000000,0.000000,-0.001030,-0.001030,0.468409,0.002546,0.002546,0.000000,31292
10.908061,596628.375627,0.005000,rest,2,0.000000,0.000000,0.000000,-0.000986,-0.000986,0.473749,0.001981,0.001981,0.008916,31294
10.913061,596628.380758,0.005000,rest,2,0.000000,0.000000,0.000000,-0.000472,-0.000472,0.483874,0.002678,0.002678,0.102800,31296
10.918062,596628.385903,0.005001,rest,2,0.000000,0.000000,0.000000,-0.000986,-0.000986,0.496438,0.002157,0.002157,0.000000,31298
10.928062,596628.391054,0.010000,rest,2,0.000000,0.000000,0.000000,-0.000331,-0.000331,0.474871,0.002385,0.002385,0.126575,31302
10.933063,596628.396143,0.005001,rest,2,0.000000,0.000000,0.000000,-0.000905,-0.000905,0.503273,0.002942,0.002942,0.000000,31304
10.938063,596628.401215,0.005000,rest,2,0.000000,0.000000,0.000000,0.001166,0.001166,0.551511,0.002542,0.002542,0.414185,31306
10.943062,596628.406293,0.005000,rest,2,0.000000,0.000000,0.000000,-0.000413,-0.000413,0.555096,0.002059,0.002059,0.000000,31308
10.948061,596628.411401,0.004999,rest,2,0.000000,0.000000,0.000000,-0.001455,-0.001455,0.551363,0.002566,0.002566,0.000000,31310
10.953062,596628.416523,0.005001,rest,2,0.000000,0.000000,0.000000,-0.000478,-0.000478,0.599498,0.002074,0.002074,0.195393,31312
10.958061,596628.421632,0.004999,rest,2,0.000000,0.000000,0.000000,-0.000478,-0.000478,0.569246,0.001679,0.001679,0.000000,31314
10.963061,596628.426743,0.005000,rest,2,0.000000,0.000000,0.000000,-0.000228,-0.000228,0.512559,0.002250,0.002250,0.050099,31316
10.968061,596628.431859,0.005000,rest,2,0.000000,0.000000,0.000000,-0.000228,-0.000228,0.495472,0.001774,0.001774,0.000000,31318
10.973062,596628.436985,0.005001,rest,2,0.000000,0.000000,0.000000,-0.000249,-0.000249,0.490024,0.002407,0.002407,0.000000,31320
10.978062,596628.442068,0.004999,rest,2,0.000000,0.000000,0.000000,-0.000331,-0.000331,0.501795,0.002013,0.002013,0.000000,31322
10.983062,596628.447138,0.005001,rest,2,0.000000,0.000000,0.000000,0.000265,0.000265,0.525250,0.002472,0.002472,0.119206,31324
10.988062,596628.452212,0.004999,rest,2,0.000000,0.000000,0.000000,-0.001373,-0.001373,0.527646,0.001908,0.001908,0.000000,31326
10.993062,596628.457282,0.005000,rest,2,0.000000,0.000000,0.000000,0.000243,0.000243,0.494761,0.002428,0.002428,0.323253,31328
10.998061,596628.462409,0.005000,rest,2,0.000000,0.000000,0.000000,0.000162,0.000162,0.463348,0.001954,0.001954,0.000000,31330
11.003062,596628.467530,0.005000,rest,2,0.000000,0.000000,0.000000,-0.000330,-0.000330,0.448973,0.002572,0.002572,0.000000,31332
11.008061,596628.472668,0.005000,rest,2,0.000000,0.000000,0.000000,-0.000330,-0.000330,0.466506,0.002020,0.002020,0.000000,31334
11.013061,596628.477776,0.005000,rest,2,0.000000,0.000000,0.000000,-0.001946,-0.001946,0.519546,0.002669,0.002669,0.000000,31336
11.018062,596628.482882,0.005000,rest,2,0.000000,0.000000,0.000000,-0.000330,-0.000330,0.562012,0.002174,0.002174,0.323165,31338
11.023062,596628.488021,0.005000,rest,2,0.000000,0.000000,0.000000,0.000748,0.000748,0.554834,0.002787,0.002787,0.215694,31340
11.028063,596628.493092,0.005001,rest,2,0.000000,0.000000,0.000000,-0.001475,-0.001475,0.544630,0.002382,0.002382,0.000000,31342
11.033061,596628.498164,0.004998,rest,2,0.000000,0.000000,0.000000,-0.000329,-0.000329,0.539338,0.001792,0.001792,0.229348,31344
11.038061,596628.503252,0.005000,rest,2,0.000000,0.000000,0.000000,-0.000421,-0.000421,0.521220,0.002294,0.002294,0.000000,31346
11.043063,596628.508381,0.005002,step_25,2,0.025000,0.025000,0.025000,-0.000740,-0.000740,0.506178,0.002845,0.002845,0.000000,31348
11.048062,596628.513533,0.004999,step_25,2,0.025000,0.025000,0.025000,-0.000317,-0.000317,0.516431,0.002362,0.002362,0.084436,31350
11.053062,596628.518771,0.005000,step_25,2,0.025000,0.025000,0.025000,-0.000201,-0.000201,0.543165,0.002907,0.002907,0.023299,31352
11.058061,596628.523972,0.005000,step_25,2,0.025000,0.025000,0.025000,0.000315,0.000315,0.542513,0.002364,0.002364,0.103265,31354
11.063061,596628.529161,0.005000,step_25,2,0.025000,0.025000,0.025000,-0.000258,-0.000258,0.519953,0.001846,0.001846,0.000000,31356
11.068061,596628.534265,0.005000,step_25,2,0.025000,0.025000,0.025000,0.001266,0.001266,0.482010,0.002280,0.002280,0.304858,31358
11.073061,596628.539403,0.005000,step_25,2,0.025000,0.025000,0.025000,-0.000246,-0.000246,0.490137,0.002835,0.002835,0.000000,31360
11.078061,596628.544542,0.005000,step_25,2,0.025000,0.025000,0.025000,0.001299,0.001299,0.542238,0.002354,0.002354,0.308977,31362
11.083061,596628.549686,0.005000,step_25,2,0.025000,0.025000,0.025000,0.003744,0.003744,0.563018,0.001848,0.001848,0.489040,31364
11.088061,596628.554938,0.005000,step_25,2,0.025000,0.025000,0.025000,0.009278,0.009278,0.567840,0.002419,0.002419,1.106910,31366
11.093062,596628.560170,0.005001,step_25,2,0.025000,0.025000,0.025000,0.009278,0.009278,0.630857,0.001901,0.001901,0.000000,31368
11.098062,596628.565274,0.005000,step_25,2,0.025000,0.025000,0.025000,0.018306,0.018306,0.761967,0.002492,0.002492,1.805550,31370
11.103062,596628.570379,0.005000,step_25,2,0.025000,0.025000,0.025000,0.023894,0.023894,0.942391,0.002017,0.002017,1.117732,31372
11.108061,596628.575529,0.005000,step_25,2,0.025000,0.025000,0.025000,0.023894,0.023894,1.137908,0.002675,0.002675,0.000004,31374
11.113061,596628.580737,0.005000,step_25,2,0.025000,0.025000,0.025000,0.025072,0.025072,1.217451,0.002226,0.002226,0.235498,31376
11.118062,596628.585949,0.005001,step_25,2,0.025000,0.025000,0.025000,0.025072,0.025072,1.129463,0.001838,0.001838,0.000009,31378
11.128062,596628.591156,0.010000,step_25,2,0.025000,0.025000,0.025000,0.030374,0.030374,0.564356,0.001882,0.001882,0.000033,31382
11.133062,596628.596260,0.005000,step_25,2,0.025000,0.025000,0.025000,0.032045,0.032045,0.456567,0.002396,0.002396,0.334280,31384
11.138061,596628.601366,0.005000,step_25,2,0.025000,0.025000,0.025000,0.028844,0.028844,0.558366,0.001828,0.001828,0.000000,31386
11.143062,596628.606512,0.005001,step_25,2,0.025000,0.025000,0.025000,0.031221,0.031221,0.598925,0.002421,0.002421,0.475297,31388
11.148062,596628.611721,0.005000,step_25,2,0.025000,0.025000,0.025000,0.032465,0.032465,0.513534,0.001968,0.001968,0.248854,31390
11.153062,596628.616999,0.005000,step_25,2,0.025000,0.025000,0.025000,0.025918,0.025918,0.442738,0.002512,0.002512,0.000000,31392
11.158061,596628.622195,0.004999,step_25,2,0.025000,0.025000,0.025000,0.027267,0.027267,0.284885,0.002058,0.002058,0.269712,31394
11.163061,596628.627297,0.005000,step_25,2,0.025000,0.025000,0.025000,0.025485,0.025485,0.124504,0.002718,0.002718,0.000000,31396
11.168061,596628.632453,0.005000,step_25,2,0.025000,0.025000,0.025000,0.024447,0.024447,0.109307,0.002221,0.002221,0.000000,31398
11.173061,596628.637618,0.005000,step_25,2,0.025000,0.025000,0.025000,0.023606,0.023606,0.265491,0.002844,0.002844,0.000000,31400
11.178061,596628.642835,0.005000,step_25,2,0.025000,0.025000,0.025000,0.026137,0.026137,0.479860,0.002401,0.002401,0.506266,31402
11.183061,596628.648032,0.005000,step_25,2,0.025000,0.025000,0.025000,0.024241,0.024241,0.624523,0.003017,0.003017,0.000000,31404
11.188062,596628.653198,0.005000,step_25,2,0.025000,0.025000,0.025000,0.029102,0.029102,0.694899,0.002666,0.002666,0.972236,31406
11.193062,596628.658301,0.005000,step_25,2,0.025000,0.025000,0.025000,0.026844,0.026844,0.761100,0.002265,0.002265,0.000000,31408
11.198061,596628.663406,0.004999,step_25,2,0.025000,0.025000,0.025000,0.025866,0.025866,0.778864,0.002697,0.002697,0.000000,31410
11.203061,596628.668606,0.005000,step_25,2,0.025000,0.025000,0.025000,0.028585,0.028585,0.652719,0.002154,0.002154,0.543747,31412
11.208061,596628.673794,0.005000,step_25,2,0.025000,0.025000,0.025000,0.024778,0.024778,0.551388,0.002788,0.002788,0.000000,31414
11.213061,596628.678902,0.005000,step_25,2,0.025000,0.025000,0.025000,0.024062,0.024062,0.503348,0.002293,0.002293,0.000000,31416
11.218063,596628.684073,0.005002,step_25,2,0.025000,0.025000,0.025000,0.025905,0.025905,0.388978,0.002967,0.002967,0.368420,31418
11.223062,596628.689177,0.004999,step_25,2,0.025000,0.025000,0.025000,0.024390,0.024390,0.320847,0.002431,0.002431,0.000000,31420
11.228062,596628.694260,0.005000,step_25,2,0.025000,0.025000,0.025000,0.023422,0.023422,0.365804,0.002731,0.002731,0.000000,31422
11.233061,596628.699400,0.005000,step_25,2,0.025000,0.025000,0.025000,0.022743,0.022743,0.408284,0.002237,0.002237,0.000000,31424
11.238062,596628.704523,0.005000,step_25,2,0.025000,0.025000,0.025000,0.024261,0.024261,0.426559,0.002874,0.002874,0.303600,31426
11.243062,596628.709669,0.005000,step_25,2,0.025000,0.025000,0.025000,0.026448,0.026448,0.456421,0.002326,0.002326,0.437351,31428
11.248062,596628.714778,0.005000,step_25,2,0.025000,0.025000,0.025000,0.025351,0.025351,0.492186,0.002817,0.002817,0.000000,31430
11.253061,596628.719890,0.004999,step_25,2,0.025000,0.025000,0.025000,0.025866,0.025866,0.546580,0.002228,0.002228,0.103146,31432
11.258062,596628.725021,0.005000,step_25,2,0.025000,0.025000,0.025000,0.025965,0.025965,0.561803,0.002782,0.002782,0.019673,31434
11.263061,596628.730106,0.005000,step_25,2,0.025000,0.025000,0.025000,0.025146,0.025146,0.484392,0.002265,0.002265,0.000000,31436
11.268062,596628.735193,0.005001,step_25,2,0.025000,0.025000,0.025000,0.025146,0.025146,0.425122,0.002888,0.002888,0.000008,31438
11.273061,596628.740268,0.004999,step_25,2,0.025000,0.025000,0.025000,0.023209,0.023209,0.422489,0.002030,0.002030,0.000000,31440
11.278062,596628.745349,0.005000,step_25,2,0.025000,0.025000,0.025000,0.023209,0.023209,0.462347,0.002618,0.002618,0.000006,31442
11.283061,596628.750480,0.004999,step_25,2,0.025000,0.025000,0.025000,0.021986,0.021986,0.556699,0.002857,0.002857,0.000000,31444
11.288062,596628.755620,0.005001,step_25,2,0.025000,0.025000,0.025000,0.021986,0.021986,0.627239,0.002286,0.002286,0.000000,31446
11.293062,596628.760741,0.005000,step_25,2,0.025000,0.025000,0.025000,0.023704,0.023704,0.631471,0.002698,0.002698,0.343667,31448
11.303061,596628.765850,0.010000,step_25,2,0.025000,0.025000,0.025000,0.026807,0.026807,0.577839,0.002593,0.002593,0.108724,31452
11.308062,596628.770990,0.005000,step_25,2,0.025000,0.025000,0.025000,0.025463,0.025463,0.601466,0.001935,0.001935,0.000000,31454
11.313061,596628.776104,0.004999,step_25,2,0.025000,0.025000,0.025000,0.025659,0.025659,0.534304,0.002486,0.002486,0.039176,31456
11.318062,596628.781214,0.005001,step_25,2,0.025000,0.025000,0.025000,0.025936,0.025936,0.413605,0.001930,0.001930,0.055465,31458
11.323061,596628.786305,0.004999,step_25,2,0.025000,0.025000,0.025000,0.025435,0.025435,0.400816,0.002514,0.002514,0.000000,31460
11.328061,596628.791423,0.005000,step_25,2,0.025000,0.025000,0.025000,0.024887,0.024887,0.405603,0.002015,0.002015,0.000000,31462
11.333062,596628.796554,0.005001,step_25,2,0.025000,0.025000,0.025000,0.023087,0.023087,0.397619,0.002524,0.002524,0.000000,31464
11.338062,596628.801693,0.005000,step_25,2,0.025000,0.025000,0.025000,0.023622,0.023622,0.400740,0.002934,0.002934,0.107034,31466
11.343062,596628.806820,0.005000,step_25,2,0.025000,0.025000,0.025000,0.024469,0.024469,0.348287,0.002363,0.002363,0.169273,31468
11.348062,596628.811952,0.005000,step_25,2,0.025000,0.025000,0.025000,0.022952,0.022952,0.378804,0.002812,0.002812,0.000000,31470
11.353062,596628.817112,0.005000,step_25,2,0.025000,0.025000,0.025000,0.020411,0.020411,0.506357,0.002236,0.002236,0.000000,31472
11.358061,596628.822200,0.004999,step_25,2,0.025000,0.025000,0.025000,0.021983,0.021983,0.508328,0.002728,0.002728,0.314537,31474
11.363061,596628.827292,0.005000,step_25,2,0.025000,0.025000,0.025000,0.024411,0.024411,0.497752,0.002194,0.002194,0.485509,31476
11.368062,596628.832381,0.005001,step_25,2,0.025000,0.025000,0.025000,0.024970,0.024970,0.558963,0.002674,0.002674,0.111857,31478
11.373062,596628.837464,0.005000,step_25,2,0.025000,0.025000,0.025000,0.025028,0.025028,0.577168,0.002160,0.002160,0.011632,31480
11.378063,596628.842550,0.005001,step_25,2,0.025000,0.025000,0.025000,0.022126,0.022126,0.573460,0.002777,0.002777,0.000000,31482
11.383067,596628.847688,0.005004,step_25,2,0.025000,0.025000,0.025000,0.021679,0.021679,0.504482,0.002522,0.002522,0.000000,31484
11.388062,596628.852850,0.004995,step_25,2,0.025000,0.025000,0.025000,0.021886,0.021886,0.402246,0.002912,0.002912,0.041502,31486
11.393061,596628.858006,0.004999,step_25,2,0.025000,0.025000,0.025000,0.023589,0.023589,0.425568,0.002288,0.002288,0.340512,31488
11.398061,596628.863182,0.005000,step_25,2,0.025000,0.025000,0.025000,0.023032,0.023032,0.471551,0.002917,0.002917,0.000000,31490
11.403061,596628.868303,0.005000,step_25,2,0.025000,0.025000,0.025000,0.020330,0.020330,0.415155,0.002418,0.002418,0.000000,31492
11.408062,596628.873428,0.005001,step_25,2,0.025000,0.025000,0.025000,0.020330,0.020330,0.394922,0.002867,0.002867,0.000000,31494
11.413061,596628.878541,0.005000,step_25,2,0.025000,0.025000,0.025000,0.026177,0.026177,0.472651,0.002340,0.002340,1.169447,31496
11.418061,596628.883756,0.005000,step_25,2,0.025000,0.025000,0.025000,0.026177,0.026177,0.515986,0.002779,0.002779,0.000000,31498
11.423061,596628.888991,0.005000,step_25,2,0.025000,0.025000,0.025000,0.024201,0.024201,0.546428,0.002283,0.002283,0.000000,31500
11.428061,596628.894161,0.005000,step_25,2,0.025000,0.025000,0.025000,0.024201,0.024201,0.596048,0.002906,0.002906,0.000000,31502
11.433061,596628.899267,0.005000,step_25,2,0.025000,0.025000,0.025000,0.025615,0.025615,0.533207,0.002398,0.002398,0.282742,31504
11.438061,596628.904372,0.005000,step_25,2,0.025000,0.025000,0.025000,0.026428,0.026428,0.432522,0.002896,0.002896,0.162689,31506
11.443061,596628.909491,0.005000,step_25,2,0.025000,0.025000,0.025000,0.025544,0.025544,0.404739,0.002413,0.002413,0.000000,31508
11.448061,596628.914704,0.005000,step_25,2,0.025000,0.025000,0.025000,0.024461,0.024461,0.398882,0.001937,0.001937,0.000000,31510
11.453061,596628.919922,0.005000,step_25,2,0.025000,0.025000,0.025000,0.024382,0.024382,0.413174,0.002433,0.002433,0.000000,31512
11.458064,596628.925142,0.005002,step_25,2,0.025000,0.025000,0.025000,0.022014,0.022014,0.449982,0.001997,0.001997,0.000000,31514
11.463061,596628.930246,0.004998,step_25,2,0.025000,0.025000,0.025000,0.022664,0.022664,0.446937,0.002457,0.002457,0.130199,31516
11.468062,596628.935346,0.005000,step_25,2,0.025000,0.025000,0.025000,0.021680,0.021680,0.415621,0.002052,0.002052,0.000000,31518
11.473062,596628.940449,0.005001,step_25,2,0.025000,0.025000,0.025000,0.023453,0.023453,0.416024,0.002623,0.002623,0.354380,31520
11.478062,596628.945574,0.004999,step_25,2,0.025000,0.025000,0.025000,0.023542,0.023542,0.472103,0.002145,0.002145,0.017946,31522
11.483062,596628.950737,0.005000,step_25,2,0.025000,0.025000,0.025000,0.020219,0.020219,0.556546,0.002729,0.002729,0.000000,31524
11.488061,596628.955970,0.004999,step_25,2,0.025000,0.025000,0.025000,0.022692,0.022692,0.549762,0.002168,0.002168,0.494762,31526
11.498061,596628.961063,0.010000,step_25,2,0.025000,0.025000,0.025000,0.022600,0.022600,0.417283,0.002215,0.002215,0.000000,31530
11.503061,596628.966185,0.005000,step_25,2,0.025000,0.025000,0.025000,0.023508,0.023508,0.381093,0.002786,0.002786,0.181657,31532
11.508062,596628.971290,0.005001,step_25,2,0.025000,0.025000,0.025000,0.022850,0.022850,0.345441,0.002285,0.002285,0.000000,31534
11.513061,596628.976418,0.005000,step_25,2,0.025000,0.025000,0.025000,0.024806,0.024806,0.378818,0.002835,0.002835,0.391251,31536
11.518061,596628.981561,0.005000,step_25,2,0.025000,0.025000,0.025000,0.022368,0.022368,0.446359,0.002343,0.002343,0.000000,31538
11.523061,596628.986644,0.005000,step_25,2,0.025000,0.025000,0.025000,0.021499,0.021499,0.505998,0.002907,0.002907,0.000000,31540
11.528062,596628.991757,0.005000,step_25,2,0.025000,0.025000,0.025000,0.022901,0.022901,0.541753,0.002444,0.002444,0.280336,31542
11.533062,596628.996896,0.005001,step_25,2,0.025000,0.025000,0.025000,0.022346,0.022346,0.530653,0.001951,0.001951,0.000000,31544
11.538063,596629.002042,0.005001,step_25,2,0.025000,0.025000,0.025000,0.024241,0.024241,0.495680,0.002580,0.002580,0.379046,31546
11.543066,596629.007119,0.005003,step_25,2,0.025000,0.025000,0.025000,0.022863,0.022863,0.455070,0.002048,0.002048,0.000000,31548
11.548062,596629.012216,0.004995,step_25,2,0.025000,0.025000,0.025000,0.024116,0.024116,0.411588,0.002669,0.002669,0.250717,31550
11.553061,596629.017365,0.004999,step_25,2,0.025000,0.025000,0.025000,0.024757,0.024757,0.386874,0.002239,0.002239,0.128332,31552
11.558062,596629.022523,0.005001,step_25,2,0.025000,0.025000,0.025000,0.025181,0.025181,0.390471,0.002728,0.002728,0.084702,31554
11.563062,596629.027702,0.005000,step_25,2,0.025000,0.025000,0.025000,0.026847,0.026847,0.383663,0.002165,0.002165,0.333205,31556
11.568064,596629.032917,0.005002,step_25,2,0.025000,0.025000,0.025000,0.025942,0.025942,0.412401,0.002701,0.002701,0.000000,31558
11.573062,596629.038146,0.004997,step_25,2,0.025000,0.025000,0.025000,0.023586,0.023586,0.545863,0.002153,0.002153,0.000000,31560
11.578061,596629.043248,0.004999,step_25,2,0.025000,0.025000,0.025000,0.023586,0.023586,0.597800,0.002703,0.002703,0.000000,31562
11.583061,596629.048350,0.005001,step_25,2,0.025000,0.025000,0.025000,0.024329,0.024329,0.481873,0.002110,0.002110,0.148570,31564
11.588062,596629.053491,0.005001,step_25,2,0.025000,0.025000,0.025000,0.027677,0.027677,0.386409,0.002714,0.002714,0.669570,31566
11.593061,596629.058615,0.004999,step_25,2,0.025000,0.025000,0.025000,0.024873,0.024873,0.357352,0.002148,0.002148,0.000000,31568
11.598062,596629.063833,0.005000,step_25,2,0.025000,0.025000,0.025000,0.023005,0.023005,0.294385,0.002693,0.002693,0.000000,31570
11.603061,596629.069042,0.004999,step_25,2,0.025000,0.025000,0.025000,0.025381,0.025381,0.295444,0.002145,0.002145,0.475402,31572
11.608061,596629.074140,0.005000,step_25,2,0.025000,0.025000,0.025000,0.023621,0.023621,0.374722,0.002673,0.002673,0.000000,31574
11.613061,596629.079249,0.005000,step_25,2,0.025000,0.025000,0.025000,0.022590,0.022590,0.395047,0.002111,0.002111,0.000000,31576
11.618062,596629.084353,0.005001,step_25,2,0.025000,0.025000,0.025000,0.024672,0.024672,0.342355,0.002651,0.002651,0.416389,31578
11.623061,596629.089508,0.004999,step_25,2,0.025000,0.025000,0.025000,0.023506,0.023506,0.343478,0.002018,0.002018,0.000000,31580
11.628061,596629.094659,0.005000,step_25,2,0.025000,0.025000,0.025000,0.024090,0.024090,0.460417,0.002558,0.002558,0.116896,31582
11.633062,596629.099863,0.005000,step_25,2,0.025000,0.025000,0.025000,0.024611,0.024611,0.530002,0.001988,0.001988,0.104159,31584
11.638063,596629.104970,0.005001,step_25,2,0.025000,0.025000,0.025000,0.024250,0.024250,0.476944,0.002535,0.002535,0.000000,31586
11.643061,596629.110202,0.004999,step_25,2,0.025000,0.025000,0.025000,0.024593,0.024593,0.454181,0.002010,0.002010,0.068567,31588
11.648061,596629.115309,0.005000,step_25,2,0.025000,0.025000,0.025000,0.024041,0.024041,0.470346,0.002542,0.002542,0.000000,31590
11.653061,596629.120430,0.005000,step_25,2,0.025000,0.025000,0.025000,0.024250,0.024250,0.411673,0.002061,0.002061,0.041851,31592
11.658061,596629.125583,0.005000,step_25,2,0.025000,0.025000,0.025000,0.022425,0.022425,0.335922,0.002567,0.002567,0.000000,31594
11.663061,596629.130781,0.005000,step_25,2,0.025000,0.025000,0.025000,0.021243,0.021243,0.289348,0.002063,0.002063,0.000000,31596
11.668061,596629.135924,0.005000,step_25,2,0.025000,0.025000,0.025000,0.024076,0.024076,0.311943,0.002588,0.002588,0.566570,31598
11.678062,596629.141211,0.010001,step_25,2,0.025000,0.025000,0.025000,0.022579,0.022579,0.480005,0.002347,0.002347,0.000000,31602
11.683062,596629.146321,0.005000,step_25,2,0.025000,0.025000,0.025000,0.024290,0.024290,0.378638,0.002875,0.002875,0.342062,31604
11.688062,596629.151424,0.005000,step_25,2,0.025000,0.025000,0.025000,0.026557,0.026557,0.340091,0.002399,0.002399,0.453542,31606
11.693061,596629.156564,0.005000,step_25,2,0.025000,0.025000,0.025000,0.025844,0.025844,0.428445,0.002923,0.002923,0.000000,31608
11.698061,596629.161686,0.005000,step_25,2,0.025000,0.025000,0.025000,0.024681,0.024681,0.500584,0.002397,0.002397,0.000000,31610
11.703062,596629.166833,0.005001,step_25,2,0.025000,0.025000,0.025000,0.025975,0.025975,0.559832,0.002789,0.002789,0.258777,31612
11.708063,596629.172045,0.005001,step_25,2,0.025000,0.025000,0.025000,0.025688,0.025688,0.612511,0.002284,0.002284,0.000000,31614
11.713061,596629.177163,0.004998,step_25,2,0.025000,0.025000,0.025000,0.023538,0.023538,0.513663,0.002880,0.002880,0.000000,31616
11.718062,596629.182272,0.005000,step_25,2,0.025000,0.025000,0.025000,0.023476,0.023476,0.359193,0.002354,0.002354,0.000000,31618
11.723061,596629.187376,0.005000,step_25,2,0.025000,0.025000,0.025000,0.021330,0.021330,0.334117,0.001844,0.001844,0.000000,31620
11.728061,596629.192501,0.005000,step_25,2,0.025000,0.025000,0.025000,0.022692,0.022692,0.353686,0.002439,0.002439,0.272251,31622
11.733062,596629.197619,0.005001,step_25,2,0.025000,0.025000,0.025000,0.022692,0.022692,0.349112,0.001977,0.001977,0.000000,31624
11.738071,596629.202824,0.005009,step_25,2,0.025000,0.025000,0.025000,0.022662,0.022662,0.370243,0.002616,0.002616,0.000000,31626
11.743061,596629.208034,0.004990,step_25,2,0.025000,0.025000,0.025000,0.022516,0.022516,0.443875,0.001982,0.001982,0.000000,31628
11.748062,596629.213140,0.005000,step_25,2,0.025000,0.025000,0.025000,0.023161,0.023161,0.503437,0.002554,0.002554,0.129047,31630
11.753061,596629.218220,0.005000,step_25,2,0.025000,0.025000,0.025000,0.024774,0.024774,0.498236,0.002082,0.002082,0.322665,31632
11.758062,596629.223294,0.005000,step_25,2,0.025000,0.025000,0.025000,0.026677,0.026677,0.509159,0.002551,0.002551,0.380422,31634
11.763061,596629.228395,0.004999,step_25,2,0.025000,0.025000,0.025000,0.025048,0.025048,0.571595,0.001988,0.001988,0.000000,31636
11.768063,596629.233531,0.005002,step_25,2,0.025000,0.025000,0.025000,0.022340,0.022340,0.459784,0.002536,0.002536,0.000000,31638
11.773061,596629.238652,0.004999,step_25,2,0.025000,0.025000,0.025000,0.026716,0.026716,0.271146,0.001986,0.001986,0.875431,31640
11.778061,596629.243759,0.004999,step_25,2,0.025000,0.025000,0.025000,0.023718,0.023718,0.260965,0.002525,0.002525,0.000000,31642
11.783061,596629.248867,0.005000,step_25,2,0.025000,0.025000,0.025000,0.023379,0.023379,0.292534,0.001955,0.001955,0.000000,31644
11.788062,596629.253985,0.005001,step_25,2,0.025000,0.025000,0.025000,0.022878,0.022878,0.300762,0.002529,0.002529,0.000000,31646
11.793062,596629.259124,0.005001,step_25,2,0.025000,0.025000,0.025000,0.022387,0.022387,0.389756,0.002004,0.002004,0.000000,31648
11.798063,596629.264243,0.005001,step_25,2,0.025000,0.025000,0.025000,0.024187,0.024187,0.488921,0.002580,0.002580,0.359870,31650
11.803061,596629.269348,0.004998,step_25,2,0.025000,0.025000,0.025000,0.023122,0.023122,0.535415,0.001976,0.001976,0.000000,31652
11.808062,596629.274553,0.005001,step_25,2,0.025000,0.025000,0.025000,0.025943,0.025943,0.568661,0.002498,0.002498,0.564105,31654
11.813062,596629.279752,0.005000,step_25,2,0.025000,0.025000,0.025000,0.024363,0.024363,0.569287,0.001967,0.001967,0.000000,31656
11.818062,596629.284894,0.005000,step_25,2,0.025000,0.025000,0.025000,0.028479,0.028479,0.515472,0.002467,0.002467,0.823211,31658
11.823062,596629.290114,0.004999,step_25,2,0.025000,0.025000,0.025000,0.025476,0.025476,0.443813,0.001928,0.001928,0.000000,31660
11.828061,596629.295224,0.004999,step_25,2,0.025000,0.025000,0.025000,0.023153,0.023153,0.338295,0.002436,0.002436,0.000000,31662
11.833062,596629.300327,0.005001,step_25,2,0.025000,0.025000,0.025000,0.023591,0.023591,0.235665,0.001916,0.001916,0.087613,31664
11.838062,596629.305456,0.005001,step_25,2,0.025000,0.025000,0.025000,0.025377,0.025377,0.225134,0.002458,0.002458,0.357271,31666
11.843062,596629.310568,0.004999,step_25,2,0.025000,0.025000,0.025000,0.022237,0.022237,0.337487,0.001889,0.001889,0.000000,31668
11.848061,596629.315699,0.005000,step_25,2,0.025000,0.025000,0.025000,0.023784,0.023784,0.479491,0.002411,0.002411,0.309452,31670
11.853061,596629.320835,0.005000,step_25,2,0.025000,0.025000,0.025000,0.025666,0.025666,0.462109,0.001897,0.001897,0.376381,31672
11.858061,596629.325980,0.005000,step_25,2,0.025000,0.025000,0.025000,0.025045,0.025045,0.399689,0.002421,0.002421,0.000000,31674
11.868062,596629.331181,0.010000,step_25,2,0.025000,0.025000,0.025000,0.026570,0.026570,0.409031,0.002383,0.002383,0.158853,31678
11.873061,596629.336284,0.004999,step_25,2,0.025000,0.025000,0.025000,0.024614,0.024614,0.388946,0.002946,0.002946,0.000000,31680
11.878061,596629.341387,0.005000,step_25,2,0.025000,0.025000,0.025000,0.024127,0.024127,0.398883,0.002473,0.002473,0.000000,31682
11.883062,596629.346532,0.005001,step_25,2,0.025000,0.025000,0.025000,0.026101,0.026101,0.424118,0.002007,0.002007,0.394590,31684
11.888061,596629.351732,0.004999,step_25,2,0.025000,0.025000,0.025000,0.026043,0.026043,0.429994,0.002627,0.002627,0.000000,31686
11.893061,596629.356932,0.005000,step_25,2,0.025000,0.025000,0.025000,0.026165,0.026165,0.457625,0.002043,0.002043,0.024383,31688
11.898062,596629.362180,0.005000,step_25,2,0.025000,0.025000,0.025000,0.029709,0.029709,0.471992,0.002570,0.002570,0.708745,31690
11.903366,596629.367282,0.005304,step_25,2,0.025000,0.025000,0.025000,0.024442,0.024442,0.452400,0.002565,0.002565,0.000000,31692
11.908155,596629.372422,0.004790,step_25,2,0.025000,0.025000,0.025000,0.026110,0.026110,0.511926,0.002894,0.002894,0.348272,31694
11.913066,596629.377565,0.004910,step_25,2,0.025000,0.025000,0.025000,0.026110,0.026110,0.548428,0.002290,0.002290,0.000000,31696
11.918067,596629.382733,0.005001,step_25,2,0.025000,0.025000,0.025000,0.023923,0.023923,0.378827,0.002864,0.002864,0.000000,31698
11.923066,596629.387976,0.004999,step_25,2,0.025000,0.025000,0.025000,0.023923,0.023923,0.227022,0.002330,0.002330,0.000000,31700
11.928067,596629.393173,0.005001,step_25,2,0.025000,0.025000,0.025000,0.023376,0.023376,0.234691,0.002904,0.002904,0.000000,31702
11.933067,596629.398278,0.005000,step_25,2,0.025000,0.025000,0.025000,0.022973,0.022973,0.208724,0.002384,0.002384,0.000000,31704
11.938061,596629.403380,0.004994,step_25,2,0.025000,0.025000,0.025000,0.021852,0.021852,0.212295,0.002786,0.002786,0.000000,31706
11.943061,596629.408516,0.005000,step_25,2,0.025000,0.025000,0.025000,0.024130,0.024130,0.301794,0.002189,0.002189,0.455621,31708
11.948061,596629.413778,0.005000,step_25,2,0.025000,0.025000,0.025000,0.022275,0.022275,0.401233,0.002772,0.002772,0.000000,31710
11.953710,596629.418981,0.005648,step_25,2,0.025000,0.025000,0.025000,0.023617,0.023617,0.509398,0.002905,0.002905,0.237474,31712
11.959185,596629.424161,0.005475,step_25,2,0.025000,0.025000,0.025000,0.024100,0.024100,0.506973,0.003957,0.003957,0.088339,31714
11.963583,596629.429262,0.004398,step_25,2,0.025000,0.025000,0.025000,0.027251,0.027251,0.435832,0.002846,0.002846,0.716379,31716
11.968061,596629.434361,0.004478,step_25,2,0.025000,0.025000,0.025000,0.023498,0.023498,0.446611,0.002795,0.002795,0.000000,31718
11.973065,596629.439528,0.005004,step_25,2,0.025000,0.025000,0.025000,0.025784,0.025784,0.445026,0.002289,0.002289,0.456862,31720
11.978062,596629.444728,0.004997,step_25,2,0.025000,0.025000,0.025000,0.025858,0.025858,0.341299,0.002805,0.002805,0.014852,31722
11.983062,596629.449925,0.005000,step_25,2,0.025000,0.025000,0.025000,0.023721,0.023721,0.292889,0.002307,0.002307,0.000000,31724
11.988061,596629.455181,0.005000,step_25,2,0.025000,0.025000,0.025000,0.022092,0.022092,0.314700,0.002817,0.002817,0.000000,31726
11.993062,596629.460295,0.005000,step_25,2,0.025000,0.025000,0.025000,0.023890,0.023890,0.304794,0.002292,0.002292,0.359546,31728
11.998062,596629.465397,0.005000,step_25,2,0.025000,0.025000,0.025000,0.022557,0.022557,0.323512,0.002826,0.002826,0.000000,31730
12.003061,596629.470538,0.004999,step_25,2,0.025000,0.025000,0.025000,0.023367,0.023367,0.345244,0.002226,0.002226,0.162032,31732
12.008061,596629.475676,0.005000,step_25,2,0.025000,0.025000,0.025000,0.025218,0.025218,0.401432,0.002705,0.002705,0.370236,31734
12.013061,596629.480814,0.005000,step_25,2,0.025000,0.025000,0.025000,0.023066,0.023066,0.489812,0.002151,0.002151,0.000000,31736
12.023061,596629.485939,0.010000,step_25,2,0.025000,0.025000,0.025000,0.024527,0.024527,0.412714,0.002248,0.002248,0.154963,31740
12.028062,596629.491028,0.005000,step_25,2,0.025000,0.025000,0.025000,0.025455,0.025455,0.339795,0.002799,0.002799,0.185736,31742
12.033062,596629.496110,0.005000,step_25,2,0.025000,0.025000,0.025000,0.024668,0.024668,0.262495,0.002255,0.002255,0.000000,31744
12.038062,596629.501198,0.005000,step_25,2,0.025000,0.025000,0.025000,0.023273,0.023273,0.246680,0.002840,0.002840,0.000000,31746
12.043063,596629.506334,0.005002,step_25,2,0.025000,0.025000,0.025000,0.024791,0.024791,0.270226,0.002306,0.002306,0.303424,31748
12.043063,596629.511454,0.000001,rest,2,0.000000,0.000000,0.000000,0.024791,0.024791,0.270226,0.002306,0.002306,0.303424,31748
12.053061,596629.516592,0.009998,rest,2,0.000000,0.000000,0.000000,0.024016,0.024016,0.421716,0.002302,0.002302,0.170835,31752
12.058061,596629.521732,0.005000,rest,2,0.000000,0.000000,0.000000,0.026014,0.026014,0.494124,0.002793,0.002793,0.399538,31754
12.063061,596629.526844,0.005000,rest,2,0.000000,0.000000,0.000000,0.026014,0.026014,0.447377,0.002193,0.002193,0.000000,31756
12.068063,596629.532054,0.005002,rest,2,0.000000,0.000000,0.000000,0.023988,0.023988,0.402952,0.002741,0.002741,0.000000,31758
12.073061,596629.537153,0.004998,rest,2,0.000000,0.000000,0.000000,0.022793,0.022793,0.375481,0.002150,0.002150,0.000000,31760
12.078062,596629.542258,0.005000,rest,2,0.000000,0.000000,0.000000,0.026111,0.026111,0.285515,0.002688,0.002688,0.663423,31762
12.083061,596629.547464,0.005000,rest,2,0.000000,0.000000,0.000000,0.021879,0.021879,0.287211,0.002134,0.002134,0.000000,31764
12.088062,596629.552614,0.005001,rest,2,0.000000,0.000000,0.000000,0.013641,0.013641,0.352404,0.002617,0.002617,0.000000,31766
12.093061,596629.557716,0.004999,rest,2,0.000000,0.000000,0.000000,0.014368,0.014368,0.275116,0.001981,0.001981,0.145555,31768
12.098061,596629.562817,0.005000,rest,2,0.000000,0.000000,0.000000,0.006770,0.006770,0.096095,0.002397,0.002397,0.000000,31770
12.103062,596629.567902,0.005001,rest,2,0.000000,0.000000,0.000000,0.002658,0.002658,-0.180263,0.001927,0.001927,0.000000,31772
12.108061,596629.573128,0.004999,rest,2,0.000000,0.000000,0.000000,0.000405,0.000405,-0.440044,0.002526,0.002526,0.000000,31774
12.113061,596629.578233,0.005000,rest,2,0.000000,0.000000,0.000000,-0.000146,-0.000146,-0.363741,0.002065,0.002065,0.000000,31776
12.118062,596629.583367,0.005001,rest,2,0.000000,0.000000,0.000000,-0.001029,-0.001029,0.041262,0.002573,0.002573,0.000000,31778
12.123061,596629.588518,0.004999,rest,2,0.000000,0.000000,0.000000,0.000143,0.000143,0.389800,0.001991,0.001991,0.234582,31780
12.128078,596629.593690,0.005017,rest,2,0.000000,0.000000,0.000000,0.000620,0.000620,0.495395,0.002597,0.002597,0.094957,31782
12.133061,596629.598796,0.004983,rest,2,0.000000,0.000000,0.000000,0.000324,0.000324,0.413592,0.002077,0.002077,0.000000,31784
12.138062,596629.603991,0.005001,rest,2,0.000000,0.000000,0.000000,0.000324,0.000324,0.278642,0.002609,0.002609,0.000000,31786
12.143062,596629.609191,0.005000,rest,2,0.000000,0.000000,0.000000,0.000243,0.000243,0.288583,0.002045,0.002045,0.000000,31788
12.148062,596629.614303,0.005000,rest,2,0.000000,0.000000,0.000000,0.000213,0.000213,0.444767,0.002633,0.002633,0.000000,31790
12.153062,596629.619457,0.005001,rest,2,0.000000,0.000000,0.000000,0.000162,0.000162,0.593437,0.002157,0.002157,0.000000,31792
12.158070,596629.624597,0.005008,rest,2,0.000000,0.000000,0.000000,0.000163,0.000163,0.576376,0.002688,0.002688,0.000212,31794
12.163966,596629.629794,0.005895,rest,2,0.000000,0.000000,0.000000,-0.000595,-0.000595,0.435969,0.003099,0.003099,0.000000,31796
12.169925,596629.634960,0.005960,rest,2,0.000000,0.000000,0.000000,0.000161,0.000161,0.352059,0.004666,0.004666,0.126980,31798
12.174736,596629.640114,0.004811,rest,2,0.000000,0.000000,0.000000,0.000161,0.000161,0.365426,0.003975,0.003975,0.000000,31800
12.179332,596629.645222,0.004595,rest,2,0.000000,0.000000,0.000000,-0.000000,-0.000000,0.415255,0.004062,0.004062,0.000000,31802
12.183801,596629.650327,0.004469,rest,2,0.000000,0.000000,0.000000,0.001080,0.001080,0.398271,0.002984,0.002984,0.241773,31804
12.188214,596629.655471,0.004413,rest,2,0.000000,0.000000,0.000000,0.000621,0.000621,0.331826,0.002987,0.002987,0.000000,31806
12.193061,596629.660592,0.004847,rest,2,0.000000,0.000000,0.000000,0.002539,0.002539,0.301517,0.002335,0.002335,0.395592,31808
12.198062,596629.665824,0.005001,rest,2,0.000000,0.000000,0.000000,0.002296,0.002296,0.301558,0.002936,0.002936,0.000000,31810
12.208062,596629.671053,0.010000,rest,2,0.000000,0.000000,0.000000,0.000512,0.000512,0.312645,0.002770,0.002770,0.000000,31814
12.213061,596629.676193,0.005000,rest,2,0.000000,0.000000,0.000000,0.000835,0.000835,0.314497,0.002263,0.002263,0.064743,31816
12.218061,596629.681296,0.005000,rest,2,0.000000,0.000000,0.000000,0.001753,0.001753,0.370968,0.002826,0.002826,0.183553,31818
12.223062,596629.686399,0.005000,rest,2,0.000000,0.000000,0.000000,0.001753,0.001753,0.458977,0.002314,0.002314,0.000017,31820
12.228062,596629.691536,0.005000,rest,2,0.000000,0.000000,0.000000,0.000837,0.000837,0.499807,0.002839,0.002839,0.000000,31822
12.233061,596629.696687,0.004999,rest,2,0.000000,0.000000,0.000000,0.000837,0.000837,0.512437,0.002280,0.002280,0.000017,31824
12.238063,596629.701811,0.005002,rest,2,0.000000,0.000000,0.000000,0.001754,0.001754,0.496109,0.001785,0.001785,0.183455,31826
12.243061,596629.706921,0.004998,rest,2,0.000000,0.000000,0.000000,0.002890,0.002890,0.461389,0.002215,0.002215,0.227263,31828
12.248062,596629.712070,0.005001,rest,2,0.000000,0.000000,0.000000,0.002079,0.002079,0.455991,0.002766,0.002766,0.000000,31830
12.253061,596629.717174,0.004999,rest,2,0.000000,0.000000,0.000000,0.000460,0.000460,0.412498,0.002238,0.002238,0.000000,31832
12.258061,596629.722306,0.005000,rest,2,0.000000,0.000000,0.000000,0.000567,0.000567,0.356323,0.002728,0.002728,0.021303,31834
12.263061,596629.727512,0.005000,rest,2,0.000000,0.000000,0.000000,0.001621,0.001621,0.310494,0.002172,0.002172,0.210744,31836
12.268064,596629.732732,0.005003,rest,2,0.000000,0.000000,0.000000,0.000568,0.000568,0.286936,0.002692,0.002692,0.000000,31838
12.273066,596629.737883,0.005002,rest,2,0.000000,0.000000,0.000000,0.000569,0.000569,0.314060,0.002280,0.002280,0.000155,31840
12.278067,596629.743035,0.005001,rest,2,0.000000,0.000000,0.000000,0.000570,0.000570,0.355759,0.002758,0.002758,0.000142,31842
12.283061,596629.748180,0.004995,rest,2,0.000000,0.000000,0.000000,-0.001673,-0.001673,0.375761,0.002137,0.002137,0.000000,31844
12.288061,596629.753263,0.005000,rest,2,0.000000,0.000000,0.000000,-0.001213,-0.001213,0.364729,0.002711,0.002711,0.091983,31846
12.293063,596629.758384,0.005002,rest,2,0.000000,0.000000,0.000000,0.000437,0.000437,0.351200,0.002196,0.002196,0.329787,31848
12.298062,596629.763551,0.004999,rest,2,0.000000,0.000000,0.000000,-0.001210,-0.001210,0.368347,0.002739,0.002739,0.000000,31850
12.303063,596629.768672,0.005001,rest,2,0.000000,0.000000,0.000000,0.000573,0.000573,0.392660,0.002169,0.002169,0.356615,31852
12.308061,596629.773795,0.004998,rest,2,0.000000,0.000000,0.000000,0.000574,0.000574,0.440683,0.002656,0.002656,0.000131,31854
12.313064,596629.778899,0.005003,rest,2,0.000000,0.000000,0.000000,0.000575,0.000575,0.496746,0.002147,0.002147,0.000124,31856
12.318063,596629.783999,0.004999,rest,2,0.000000,0.000000,0.000000,0.001035,0.001035,0.489896,0.002519,0.002519,0.092029,31858
12.323061,596629.789099,0.004999,rest,2,0.000000,0.000000,0.000000,0.000576,0.000576,0.461087,0.001892,0.001892,0.000000,31860
12.328062,596629.794201,0.005001,rest,2,0.000000,0.000000,0.000000,0.001766,0.001766,0.424345,0.002433,0.002433,0.237918,31862
12.333063,596629.799283,0.005000,rest,2,0.000000,0.000000,0.000000,0.000577,0.000577,0.404032,0.001917,0.001917,0.000000,31864
12.338062,596629.804366,0.005000,rest,2,0.000000,0.000000,0.000000,0.000577,0.000577,0.379607,0.002428,0.002428,0.000072,31866
12.343063,596629.809491,0.005001,rest,2,0.000000,0.000000,0.000000,0.002092,0.002092,0.343525,0.002916,0.002916,0.302807,31868
12.348062,596629.814728,0.004999,rest,2,0.000000,0.000000,0.000000,0.001039,0.001039,0.377074,0.002334,0.002334,0.000000,31870
12.353061,596629.819936,0.004999,rest,2,0.000000,0.000000,0.000000,0.000311,0.000311,0.437973,0.002898,0.002898,0.000000,31872
12.358062,596629.825160,0.005000,rest,2,0.000000,0.000000,0.000000,0.001500,0.001500,0.424251,0.002327,0.002327,0.237850,31874
12.363061,596629.830403,0.005000,rest,2,0.000000,0.000000,0.000000,-0.000740,-0.000740,0.383698,0.002903,0.002903,0.000000,31876
12.368061,596629.835569,0.005000,rest,2,0.000000,0.000000,0.000000,-0.001199,-0.001199,0.373564,0.002325,0.002325,0.000000,31878
12.373062,596629.840687,0.005001,rest,2,0.000000,0.000000,0.000000,-0.001199,-0.001199,0.331575,0.002906,0.002906,0.000048,31880
12.378062,596629.845886,0.005000,rest,2,0.000000,0.000000,0.000000,0.001370,0.001370,0.283482,0.002407,0.002407,0.513820,31882
12.388061,596629.851108,0.010000,rest,2,0.000000,0.000000,0.000000,0.000318,0.000318,0.353768,0.002282,0.002282,0.000008,31886
12.393062,596629.856238,0.005000,rest,2,0.000000,0.000000,0.000000,0.000913,0.000913,0.438954,0.002857,0.002857,0.119127,31888
12.398061,596629.861374,0.004999,rest,2,0.000000,0.000000,0.000000,0.000913,0.000913,0.489949,0.002309,0.002309,0.000005,31890
12.403062,596629.866515,0.005000,rest,2,0.000000,0.000000,0.000000,0.001509,0.001509,0.461928,0.002913,0.002913,0.119015,31892
12.408061,596629.871635,0.004999,rest,2,0.000000,0.000000,0.000000,0.001508,0.001508,0.395112,0.002348,0.002348,0.000000,31894
12.413061,596629.876773,0.005000,rest,2,0.000000,0.000000,0.000000,0.000915,0.000915,0.364480,0.002907,0.002907,0.000000,31896
12.418062,596629.881887,0.005001,rest,2,0.000000,0.000000,0.000000,-0.000271,-0.000271,0.369584,0.002424,0.002424,0.000000,31898
12.423061,596629.887117,0.004999,rest,2,0.000000,0.000000,0.000000,0.000190,0.000190,0.355939,0.002962,0.002962,0.092102,31900
12.428062,596629.892432,0.005000,rest,2,0.000000,0.000000,0.000000,0.000192,0.000192,0.346910,0.002435,0.002435,0.000393,31902
12.433062,596629.897585,0.005000,rest,2,0.000000,0.000000,0.000000,-0.000729,-0.000729,0.386673,0.002923,0.002923,0.000000,31904
12.438063,596629.902790,0.005001,rest,2,0.000000,0.000000,0.000000,-0.001321,-0.001321,0.371529,0.002393,0.002393,0.000000,31906
12.443062,596629.908007,0.004999,rest,2,0.000000,0.000000,0.000000,-0.001187,-0.001187,0.307303,0.002919,0.002919,0.026768,31908
12.448068,596629.913195,0.005006,step_25,2,-0.025000,-0.025000,-0.025000,0.000196,0.000196,0.303805,0.002460,0.002460,0.276249,31910
12.453067,596629.918312,0.004999,step_25,2,-0.025000,-0.025000,-0.025000,-0.000592,-0.000592,0.342227,0.001945,0.001945,0.000000,31912
12.458062,596629.923527,0.004995,step_25,2,-0.025000,-0.025000,-0.025000,-0.002202,-0.002202,0.386755,0.002213,0.002213,0.000000,31914
12.463387,596629.928751,0.005325,step_25,2,-0.025000,-0.025000,-0.025000,-0.000262,-0.000262,0.391723,0.002540,0.002540,0.364307,31916
12.468062,596629.934004,0.004675,step_25,2,-0.025000,-0.025000,-0.025000,-0.000589,-0.000589,0.381661,0.002734,0.002734,0.000000,31918
12.473067,596629.939105,0.005005,step_25,2,-0.025000,-0.025000,-0.025000,0.000442,0.000442,0.412667,0.002414,0.002414,0.206070,31920
12.478066,596629.944210,0.005000,step_25,2,-0.025000,-0.025000,-0.025000,-0.001641,-0.001641,0.454616,0.003075,0.003075,0.000000,31922
12.483065,596629.949306,0.004999,step_25,2,-0.025000,-0.025000,-0.025000,-0.000719,-0.000719,0.481536,0.002007,0.002007,0.184389,31924
12.488061,596629.954433,0.004996,step_25,2,-0.025000,-0.025000,-0.025000,-0.005803,-0.005803,0.450644,0.002519,0.002519,0.000000,31926
12.493062,596629.959554,0.005000,step_25,2,-0.025000,-0.025000,-0.025000,-0.010686,-0.010686,0.390295,0.002020,0.002020,0.000000,31928
12.498061,596629.964642,0.004999,step_25,2,-0.025000,-0.025000,-0.025000,-0.017845,-0.017845,0.267993,0.002381,0.002381,0.000000,31930
12.503063,596629.969764,0.005002,step_25,2,-0.025000,-0.025000,-0.025000,-0.020790,-0.020790,0.041188,0.002813,0.002813,0.000000,31932
12.508061,596629.974897,0.004998,step_25,2,-0.025000,-0.025000,-0.025000,-0.024195,-0.024195,-0.114303,0.002161,0.002161,0.000000,31934
12.513061,596629.980015,0.005000,step_25,2,-0.025000,-0.025000,-0.025000,-0.026185,-0.026185,-0.129189,0.002670,0.002670,0.000000,31936
12.518061,596629.985119,0.005000,step_25,2,-0.025000,-0.025000,-0.025000,-0.024802,-0.024802,-0.103260,0.001996,0.001996,0.276645,31938
12.523061,596629.990194,0.005000,step_25,2,-0.025000,-0.025000,-0.025000,-0.024801,-0.024801,-0.046068,0.002575,0.002575,0.000122,31940
12.528061,596629.995265,0.005000,step_25,2,-0.025000,-0.025000,-0.025000,-0.030037,-0.030037,0.093943,0.002898,0.002898,0.000000,31942
12.533061,596630.000392,0.005000,step_25,2,-0.025000,-0.025000,-0.025000,-0.028243,-0.028243,0.234856,0.002453,0.002453,0.358883,31944
12.538061,596630.005515,0.005000,step_25,2,-0.025000,-0.025000,-0.025000,-0.028242,-0.028242,0.290976,0.001898,0.001898,0.000092,31946
12.543061,596630.010630,0.005000,step_25,2,-0.025000,-0.025000,-0.025000,-0.028941,-0.028941,0.279925,0.002427,0.002427,0.000000,31948
12.548061,596630.015700,0.005000,step_25,2,-0.025000,-0.025000,-0.025000,-0.029075,-0.029075,0.297323,0.001977,0.001977,0.000000,31950
12.553061,596630.020797,0.005000,step_25,2,-0.025000,-0.025000,-0.025000,-0.028094,-0.028094,0.353644,0.002338,0.002338,0.196134,31952
12.558061,596630.025944,0.005001,step_25,2,-0.025000,-0.025000,-0.025000,-0.028042,-0.028042,0.437658,0.001706,0.001706,0.010481,31954
12.568061,596630.031078,0.010000,step_25,2,-0.025000,-0.025000,-0.025000,-0.026054,-0.026054,0.534383,0.002814,0.002814,0.765885,31958
12.573061,596630.036162,0.005000,step_25,2,-0.025000,-0.025000,-0.025000,-0.023961,-0.023961,0.549010,0.002201,0.002201,0.418619,31960
12.578073,596630.041264,0.005012,step_25,2,-0.025000,-0.025000,-0.025000,-0.026636,-0.026636,0.653040,0.002718,0.002718,0.000000,31962
12.583062,596630.046391,0.004989,step_25,2,-0.025000,-0.025000,-0.025000,-0.024473,-0.024473,0.651193,0.002147,0.002147,0.433715,31964
12.588072,596630.051532,0.005010,step_25,2,-0.025000,-0.025000,-0.025000,-0.024710,-0.024710,0.462130,0.002766,0.002766,0.000000,31966
12.593062,596630.056758,0.004990,step_25,2,-0.025000,-0.025000,-0.025000,-0.023656,-0.023656,0.302368,0.002123,0.002123,0.211259,31968
12.593062,596630.061892,0.000001,step_25,2,-0.025000,-0.025000,-0.025000,-0.023656,-0.023656,0.302368,0.002123,0.002123,0.211259,31968
12.598063,596630.067028,0.005000,step_25,2,-0.025000,-0.025000,-0.025000,-0.026169,-0.026169,0.245751,0.002622,0.002622,0.000000,31970
12.603929,596630.072114,0.005866,step_25,2,-0.025000,-0.025000,-0.025000,-0.025540,-0.025540,0.230130,0.002859,0.002859,0.107108,31972
12.609616,596630.077196,0.005687,step_25,2,-0.025000,-0.025000,-0.025000,-0.024333,-0.024333,0.217691,0.004067,0.004067,0.212270,31974
12.614131,596630.082281,0.004514,step_25,2,-0.025000,-0.025000,-0.025000,-0.024152,-0.024152,0.284467,0.002992,0.002992,0.040002,31976
12.619666,596630.087388,0.005536,step_25,2,-0.025000,-0.025000,-0.025000,-0.026053,-0.026053,0.413027,0.004064,0.004064,0.000000,31978
12.625117,596630.092510,0.005451,step_25,2,-0.025000,-0.025000,-0.025000,-0.027481,-0.027481,0.499331,0.003973,0.003973,0.000000,31980
12.629527,596630.097613,0.004410,step_25,2,-0.025000,-0.025000,-0.025000,-0.026169,-0.026169,0.444217,0.003915,0.003915,0.297460,31982
12.639448,596630.102746,0.009921,step_25,2,-0.025000,-0.025000,-0.025000,-0.026232,-0.026232,0.385736,0.002715,0.002715,0.000000,31986
12.643858,596630.107884,0.004410,step_25,2,-0.025000,-0.025000,-0.025000,-0.027427,-0.027427,0.508732,0.002596,0.002596,0.000000,31988
12.648061,596630.113023,0.004203,step_25,2,-0.025000,-0.025000,-0.025000,-0.026102,-0.026102,0.501863,0.001189,0.001189,0.315407,31990
12.653061,596630.118120,0.005001,step_25,2,-0.025000,-0.025000,-0.025000,-0.024534,-0.024534,0.480613,0.001674,0.001674,0.313625,31992
12.658061,596630.123209,0.005000,step_25,2,-0.025000,-0.025000,-0.025000,-0.024534,-0.024534,0.480798,0.006600,0.006600,0.000000,31994
12.663062,596630.128308,0.005001,step_25,2,-0.025000,-0.025000,-0.025000,-0.023298,-0.023298,0.506151,0.001372,0.001372,0.247140,31996
12.668081,596630.133451,0.005019,step_25,2,-0.025000,-0.025000,-0.025000,-0.022789,-0.022789,0.544331,0.001749,0.001749,0.101427,31998
12.668081,596630.138614,0.000001,step_25,2,-0.025000,-0.025000,-0.025000,-0.022789,-0.022789,0.544331,0.001749,0.001749,0.101427,31998
12.674028,596630.143780,0.005947,step_25,2,-0.025000,-0.025000,-0.025000,-0.024030,-0.024030,0.602352,0.002172,0.002172,0.000000,32000
12.680456,596630.148928,0.006428,step_25,2,-0.025000,-0.025000,-0.025000,-0.022155,-0.022155,0.547854,0.004189,0.004189,0.291673,32002
12.686026,596630.154083,0.005570,step_25,2,-0.025000,-0.025000,-0.025000,-0.021650,-0.021650,0.397456,0.004123,0.004123,0.090721,32004
12.691135,596630.159228,0.005109,step_25,2,-0.025000,-0.025000,-0.025000,-0.025096,-0.025096,0.344950,0.004578,0.004578,0.000000,32006
12.700676,596630.164381,0.009541,step_25,2,-0.025000,-0.025000,-0.025000,-0.024100,-0.024100,0.211192,0.004091,0.004091,0.205937,32010
12.705095,596630.169553,0.004419,step_25,2,-0.025000,-0.025000,-0.025000,-0.024100,-0.024100,0.149311,0.002987,0.002987,0.000000,32012
12.709319,596630.174776,0.004224,step_25,2,-0.025000,-0.025000,-0.025000,-0.028624,-0.028624,0.243577,0.002724,0.002724,0.000000,32014
12.713605,596630.179884,0.004286,step_25,2,-0.025000,-0.025000,-0.025000,-0.026734,-0.026734,0.416378,0.002529,0.002529,0.440996,32016
12.718062,596630.184990,0.004457,step_25,2,-0.025000,-0.025000,-0.025000,-0.024218,-0.024218,0.530265,0.001587,0.001587,0.564341,32018
12.723061,596630.190228,0.005000,step_25,2,-0.025000,-0.025000,-0.025000,-0.025511,-0.025511,0.600453,0.001082,0.001082,0.000000,32020
12.728062,596630.195330,0.005001,step_25,2,-0.025000,-0.025000,-0.025000,-0.023074,-0.023074,0.663653,0.001630,0.001630,0.487189,32022
12.733061,596630.200484,0.004999,step_25,2,-0.025000,-0.025000,-0.025000,-0.021702,-0.021702,0.732927,0.001058,0.001058,0.274579,32024
12.738061,596630.205591,0.005000,step_25,2,-0.025000,-0.025000,-0.025000,-0.021529,-0.021529,0.711061,0.001656,0.001656,0.034625,32026
12.743062,596630.210938,0.005001,step_25,2,-0.025000,-0.025000,-0.025000,-0.024402,-0.024402,0.594307,0.001145,0.001145,0.000000,32028
12.753061,596630.216165,0.009999,step_25,2,-0.025000,-0.025000,-0.025000,-0.021304,-0.021304,0.284268,0.001341,0.001341,0.124642,32032
12.758062,596630.221271,0.005000,step_25,2,-0.025000,-0.025000,-0.025000,-0.026724,-0.026724,0.234229,0.001626,0.001626,0.000000,32034
12.763061,596630.226448,0.005000,step_25,2,-0.025000,-0.025000,-0.025000,-0.027318,-0.027318,0.220256,0.001950,0.001950,0.000000,32036
12.768061,596630.231568,0.005000,step_25,2,-0.025000,-0.025000,-0.025000,-0.025137,-0.025137,0.269350,0.001481,0.001481,0.436300,32038
12.773061,596630.236767,0.005000,step_25,2,-0.025000,-0.025000,-0.025000,-0.027311,-0.027311,0.416326,0.001791,0.001791,0.000000,32040
12.778061,596630.242013,0.005000,step_25,2,-0.025000,-0.025000,-0.025000,-0.024907,-0.024907,0.480683,0.001146,0.001146,0.480872,32042
12.783061,596630.247131,0.005000,step_25,2,-0.025000,-0.025000,-0.025000,-0.024004,-0.024004,0.440985,0.001674,0.001674,0.180435,32044
12.788061,596630.252242,0.005000,step_25,2,-0.025000,-0.025000,-0.025000,-0.023801,-0.023801,0.430955,0.001117,0.001117,0.040743,32046
12.793062,596630.257369,0.005001,step_25,2,-0.025000,-0.025000,-0.025000,-0.024061,-0.024061,0.459095,0.001720,0.001720,0.000000,32048
12.798062,596630.262484,0.005000,step_25,2,-0.025000,-0.025000,-0.025000,-0.022212,-0.022212,0.487809,0.001116,0.001116,0.369703,32050
12.803062,596630.267625,0.005000,step_25,2,-0.025000,-0.025000,-0.025000,-0.025137,-0.025137,0.530817,0.001725,0.001725,0.000000,32052
12.808061,596630.272819,0.005000,step_25,2,-0.025000,-0.025000,-0.025000,-0.021576,-0.021576,0.491270,0.001055,0.001055,0.712277,32054
12.813062,596630.278024,0.005000,step_25,2,-0.025000,-0.025000,-0.025000,-0.025103,-0.025103,0.420943,0.001729,0.001729,0.000000,32056
12.818062,596630.283182,0.005001,step_25,2,-0.025000,-0.025000,-0.025000,-0.024958,-0.024958,0.440684,0.001068,0.001068,0.029095,32058
12.823062,596630.288286,0.005000,step_25,2,-0.025000,-0.025000,-0.025000,-0.023071,-0.023071,0.469774,0.001723,0.001723,0.377495,32060
12.828062,596630.293415,0.005000,step_25,2,-0.025000,-0.025000,-0.025000,-0.022281,-0.022281,0.500831,0.001074,0.001074,0.157962,32062
12.833061,596630.298558,0.004999,step_25,2,-0.025000,-0.025000,-0.025000,-0.023139,-0.023139,0.532891,0.001653,0.001653,0.000000,32064
12.838062,596630.303753,0.005000,step_25,2,-0.025000,-0.025000,-0.025000,-0.023139,-0.023139,0.567495,0.001198,0.001198,0.000000,32066
12.843062,596630.308975,0.005001,step_25,2,-0.025000,-0.025000,-0.025000,-0.023209,-0.023209,0.576377,0.001762,0.001762,0.000000,32068
12.848062,596630.314055,0.005000,step_25,2,-0.025000,-0.025000,-0.025000,-0.022924,-0.022924,0.509151,0.001349,0.001349,0.057134,32070
12.853579,596630.319193,0.005517,step_25,2,-0.025000,-0.025000,-0.025000,-0.024239,-0.024239,0.476210,0.002407,0.002407,0.000000,32072
12.859192,596630.324304,0.005613,step_25,2,-0.025000,-0.025000,-0.025000,-0.023518,-0.023518,0.505471,0.002518,0.002518,0.128619,32074
12.863480,596630.329459,0.004288,step_25,2,-0.025000,-0.025000,-0.025000,-0.021047,-0.021047,0.502781,0.002271,0.002271,0.576094,32076
12.868061,596630.334609,0.004581,step_25,2,-0.025000,-0.025000,-0.025000,-0.025056,-0.025056,0.497277,0.001413,0.001413,0.000000,32078
12.873061,596630.339853,0.005000,step_25,2,-0.025000,-0.025000,-0.025000,-0.024251,-0.024251,0.521515,0.001924,0.001924,0.160954,32080
12.878061,596630.344980,0.005000,step_25,2,-0.025000,-0.025000,-0.025000,-0.022662,-0.022662,0.524555,0.001432,0.001432,0.318002,32082
12.883062,596630.350200,0.005001,step_25,2,-0.025000,-0.025000,-0.025000,-0.026144,-0.026144,0.500361,0.000874,0.000874,0.000000,32084
12.888061,596630.355306,0.004999,step_25,2,-0.025000,-0.025000,-0.025000,-0.024164,-0.024164,0.485181,0.001494,0.001494,0.395980,32086
12.893062,596630.360512,0.005001,step_25,2,-0.025000,-0.025000,-0.025000,-0.024661,-0.024661,0.461896,0.002028,0.002028,0.000000,32088
12.898061,596630.365659,0.005000,step_25,2,-0.025000,-0.025000,-0.025000,-0.026612,-0.026612,0.434482,0.001549,0.001549,0.000000,32090
12.903062,596630.370805,0.005001,step_25,2,-0.025000,-0.025000,-0.025000,-0.026258,-0.026258,0.433060,0.001017,0.001017,0.070769,32092
12.913061,596630.376015,0.009999,step_25,2,-0.025000,-0.025000,-0.025000,-0.025588,-0.025588,0.425127,0.000975,0.000975,0.689340,32096
12.918062,596630.381237,0.005001,step_25,2,-0.025000,-0.025000,-0.025000,-0.026975,-0.026975,0.434683,0.001608,0.001608,0.000000,32098
12.923062,596630.386346,0.005000,step_25,2,-0.025000,-0.025000,-0.025000,-0.027272,-0.027272,0.498747,0.001126,0.001126,0.000000,32100
12.928062,596630.391597,0.005000,step_25,2,-0.025000,-0.025000,-0.025000,-0.027272,-0.027272,0.539401,0.001785,0.001785,0.000000,32102
12.933062,596630.396849,0.005000,step_25,2,-0.025000,-0.025000,-0.025000,-0.024527,-0.024527,0.521998,0.001332,0.001332,0.549044,32104
12.938062,596630.402093,0.005000,step_25,2,-0.025000,-0.025000,-0.025000,-0.024527,-0.024527,0.510901,0.001902,0.001902,0.000000,32106
12.943063,596630.407199,0.005001,step_25,2,-0.025000,-0.025000,-0.025000,-0.023444,-0.023444,0.525778,0.001455,0.001455,0.216523,32108
12.948062,596630.412425,0.004999,step_25,2,-0.025000,-0.025000,-0.025000,-0.024429,-0.024429,0.479036,0.000986,0.000986,0.000000,32110
12.953063,596630.417583,0.005001,step_25,2,-0.025000,-0.025000,-0.025000,-0.022445,-0.022445,0.482414,0.001613,0.001613,0.396630,32112
12.958062,596630.422803,0.004999,step_25,2,-0.025000,-0.025000,-0.025000,-0.024058,-0.024058,0.514599,0.000950,0.000950,0.000000,32114
12.963062,596630.428036,0.005000,step_25,2,-0.025000,-0.025000,-0.025000,-0.026016,-0.026016,0.467808,0.001571,0.001571,0.000000,32116
12.968062,596630.433185,0.005000,step_25,2,-0.025000,-0.025000,-0.025000,-0.025585,-0.025585,0.429243,0.001031,0.001031,0.086171,32118
12.973062,596630.438292,0.005000,step_25,2,-0.025000,-0.025000,-0.025000,-0.023650,-0.023650,0.442171,0.001645,0.001645,0.386968,32120
12.978062,596630.443410,0.005000,step_25,2,-0.025000,-0.025000,-0.025000,-0.022299,-0.022299,0.462086,0.001034,0.001034,0.270237,32122
12.983064,596630.448566,0.005002,step_25,2,-0.025000,-0.025000,-0.025000,-0.026829,-0.026829,0.504816,0.001653,0.001653,0.000000,32124
12.988062,596630.453830,0.004998,step_25,2,-0.025000,-0.025000,-0.025000,-0.025338,-0.025338,0.518912,0.000975,0.000975,0.298387,32126
12.993062,596630.459046,0.005000,step_25,2,-0.025000,-0.025000,-0.025000,-0.024899,-0.024899,0.399407,0.001559,0.001559,0.087884,32128
12.998061,596630.464284,0.004999,step_25,2,-0.025000,-0.025000,-0.025000,-0.024393,-0.024393,0.354898,0.000884,0.000884,0.101147,32130
13.003062,596630.469396,0.005001,step_25,2,-0.025000,-0.025000,-0.025000,-0.025200,-0.025200,0.454297,0.001483,0.001483,0.000000,32132
13.008062,596630.474536,0.005000,step_25,2,-0.025000,-0.025000,-0.025000,-0.025775,-0.025775,0.485028,0.001024,0.001024,0.000000,32134
13.013061,596630.479742,0.005000,step_25,2,-0.025000,-0.025000,-0.025000,-0.022916,-0.022916,0.452924,0.001632,0.001632,0.571838,32136
13.018062,596630.484942,0.005000,step_25,2,-0.025000,-0.025000,-0.025000,-0.023424,-0.023424,0.503698,0.000941,0.000941,0.000000,32138
13.023062,596630.490150,0.005000,step_25,2,-0.025000,-0.025000,-0.025000,-0.023614,-0.023614,0.538126,0.001554,0.001554,0.000000,32140
13.028062,596630.495259,0.005000,step_25,2,-0.025000,-0.025000,-0.025000,-0.025545,-0.025545,0.502189,0.000972,0.000972,0.000000,32142
13.033062,596630.500496,0.005000,step_25,2,-0.025000,-0.025000,-0.025000,-0.021882,-0.021882,0.469726,0.001601,0.001601,0.732598,32144
13.038061,596630.505726,0.005000,step_25,2,-0.025000,-0.025000,-0.025000,-0.026574,-0.026574,0.437621,0.001001,0.001001,0.000000,32146
13.043062,596630.510948,0.005001,step_25,2,-0.025000,-0.025000,-0.025000,-0.024508,-0.024508,0.425453,0.001612,0.001612,0.413200,32148
13.053062,596630.516221,0.010000,step_25,2,-0.025000,-0.025000,-0.025000,-0.025222,-0.025222,0.351671,0.001562,0.001562,0.000000,32152
13.058062,596630.521475,0.005000,step_25,2,-0.025000,-0.025000,-0.025000,-0.024314,-0.024314,0.404076,0.000956,0.000956,0.181570,32154
13.063062,596630.526685,0.005000,step_25,2,-0.025000,-0.025000,-0.025000,-0.021205,-0.021205,0.481619,0.001581,0.001581,0.621679,32156
13.068062,596630.531839,0.005000,step_25,2,-0.025000,-0.025000,-0.025000,-0.023857,-0.023857,0.486550,0.000957,0.000957,0.000000,32158
13.073063,596630.537047,0.005001,step_25,2,-0.025000,-0.025000,-0.025000,-0.020307,-0.020307,0.531628,0.001572,0.001572,0.709769,32160
13.078063,596630.542194,0.005000,step_25,2,-0.025000,-0.025000,-0.025000,-0.020525,-0.020525,0.574775,0.001050,0.001050,0.000000,32162
13.083062,596630.547300,0.004998,step_25,2,-0.025000,-0.025000,-0.025000,-0.020525,-0.020525,0.531290,0.001640,0.001640,0.000000,32164
13.088064,596630.552455,0.005003,step_25,2,-0.025000,-0.025000,-0.025000,-0.023372,-0.023372,0.491154,0.001131,0.001131,0.000000,32166
13.093065,596630.557609,0.005001,step_25,2,-0.025000,-0.025000,-0.025000,-0.023372,-0.023372,0.478733,0.001810,0.001810,0.000000,32168
13.098061,596630.562804,0.004996,step_25,2,-0.025000,-0.025000,-0.025000,-0.023119,-0.023119,0.435107,0.001343,0.001343,0.050584,32170
13.103062,596630.567907,0.005001,step_25,2,-0.025000,-0.025000,-0.025000,-0.023307,-0.023307,0.348773,0.001941,0.001941,0.000000,32172
13.108062,596630.573134,0.005000,step_25,2,-0.025000,-0.025000,-0.025000,-0.025014,-0.025014,0.296313,0.001497,0.001497,0.000000,32174
13.113062,596630.578241,0.005001,step_25,2,-0.025000,-0.025000,-0.025000,-0.024615,-0.024615,0.322370,0.001029,0.001029,0.079745,32176
13.118063,596630.583346,0.005000,step_25,2,-0.025000,-0.025000,-0.025000,-0.027085,-0.027085,0.402634,0.001661,0.001661,0.000000,32178
13.123618,596630.588498,0.005555,step_25,2,-0.025000,-0.025000,-0.025000,-0.024671,-0.024671,0.441482,0.001756,0.001756,0.434502,32180
13.128941,596630.593642,0.005323,step_25,2,-0.025000,-0.025000,-0.025000,-0.025267,-0.025267,0.413850,0.002709,0.002709,0.000000,32182
13.133316,596630.598797,0.004375,step_25,2,-0.025000,-0.025000,-0.025000,-0.026108,-0.026108,0.500450,0.001637,0.001637,0.000000,32184
13.138061,596630.603949,0.004745,step_25,2,-0.025000,-0.025000,-0.025000,-0.022900,-0.022900,0.602393,0.002004,0.002004,0.676141,32186
13.143064,596630.609092,0.005003,step_25,2,-0.025000,-0.025000,-0.025000,-0.022434,-0.022434,0.586625,0.001552,0.001552,0.093107,32188
13.148064,596630.614171,0.004999,step_25,2,-0.025000,-0.025000,-0.025000,-0.023066,-0.023066,0.636641,0.000947,0.000947,0.000000,32190
13.153063,596630.619299,0.004999,step_25,2,-0.025000,-0.025000,-0.025000,-0.023970,-0.023970,0.688573,0.001557,0.001557,0.000000,32192
13.158062,596630.624433,0.004999,step_25,2,-0.025000,-0.025000,-0.025000,-0.022929,-0.022929,0.593885,0.001031,0.001031,0.208129,32194
13.163062,596630.629581,0.005000,step_25,2,-0.025000,-0.025000,-0.025000,-0.024469,-0.024469,0.448933,0.001631,0.001631,0.000000,32196
13.168062,596630.634693,0.005000,step_25,2,-0.025000,-0.025000,-0.025000,-0.023844,-0.023844,0.346994,0.001049,0.001049,0.124845,32198
13.173062,596630.639772,0.004999,step_25,2,-0.025000,-0.025000,-0.025000,-0.021681,-0.021681,0.334511,0.001667,0.001667,0.432791,32200
13.178062,596630.644914,0.005000,step_25,2,-0.025000,-0.025000,-0.025000,-0.023519,-0.023519,0.436143,0.001031,0.001031,0.000000,32202
13.183066,596630.650036,0.005004,step_25,2,-0.025000,-0.025000,-0.025000,-0.027035,-0.027035,0.523517,0.001794,0.001794,0.000000,32204
13.188066,596630.655132,0.005000,step_25,2,-0.025000,-0.025000,-0.025000,-0.023815,-0.023815,0.517094,0.002058,0.002058,0.643894,32206
13.194068,596630.660231,0.006003,step_25,2,-0.025000,-0.025000,-0.025000,-0.025604,-0.025604,0.507522,0.002381,0.002381,0.000000,32208
13.199570,596630.665308,0.005502,step_25,2,-0.025000,-0.025000,-0.025000,-0.026552,-0.026552,0.495444,0.003176,0.003176,0.000000,32210
13.205082,596630.670425,0.005512,step_25,2,-0.025000,-0.025000,-0.025000,-0.024422,-0.024422,0.447852,0.003235,0.003235,0.386313,32212
13.210467,596630.675597,0.005385,step_25,2,-0.025000,-0.025000,-0.025000,-0.026362,-0.026362,0.439833,0.004025,0.004025,0.000000,32214
13.214920,596630.680724,0.004452,step_25,2,-0.025000,-0.025000,-0.025000,-0.026024,-0.026024,0.435836,0.002744,0.002744,0.075921,32216
13.219368,596630.685843,0.004448,step_25,2,-0.025000,-0.025000,-0.025000,-0.022889,-0.022889,0.402869,0.002712,0.002712,0.704772,32218
13.228062,596630.691022,0.008694,step_25,2,-0.025000,-0.025000,-0.025000,-0.026509,-0.026509,0.426572,0.001410,0.001410,0.000000,32222
13.228062,596630.696099,0.000001,step_25,2,-0.025000,-0.025000,-0.025000,-0.026509,-0.026509,0.426572,0.001410,0.001410,0.000000,32222
13.238061,596630.701179,0.009999,step_25,2,-0.025000,-0.025000,-0.025000,-0.026999,-0.026999,0.491500,0.001294,0.001294,0.000000,32226
13.243061,596630.706253,0.005000,step_25,2,-0.025000,-0.025000,-0.025000,-0.023485,-0.023485,0.525566,0.001672,0.001672,0.702758,32228
13.248062,596630.711402,0.005000,step_25,2,-0.025000,-0.025000,-0.025000,-0.024666,-0.024666,0.490764,0.001158,0.001158,0.000000,32230
13.253063,596630.716689,0.005001,step_25,2,-0.025000,-0.025000,-0.025000,-0.024752,-0.024752,0.396843,0.001760,0.001760,0.000000,32232
13.253063,596630.721830,0.000001,step_25,2,-0.025000,-0.025000,-0.025000,-0.024752,-0.024752,0.396843,0.001760,0.001760,0.000000,32232
13.258062,596630.727046,0.004999,step_25,2,-0.025000,-0.025000,-0.025000,-0.022819,-0.022819,0.390929,0.001143,0.001143,0.386493,32234
13.263704,596630.732184,0.005642,step_25,2,-0.025000,-0.025000,-0.025000,-0.022820,-0.022820,0.357440,0.002423,0.002423,0.000000,32236
13.269173,596630.737289,0.005469,step_25,2,-0.025000,-0.025000,-0.025000,-0.022466,-0.022466,0.393288,0.002432,0.002432,0.064620,32238
13.279086,596630.742393,0.009914,step_25,2,-0.025000,-0.025000,-0.025000,-0.022661,-0.022661,0.612617,0.002362,0.002362,0.000000,32242
13.283274,596630.747551,0.004188,step_25,2,-0.025000,-0.025000,-0.025000,-0.022661,-0.022661,0.614342,0.002179,0.002179,0.000000,32244
13.288683,596630.752691,0.005409,step_25,2,-0.025000,-0.025000,-0.025000,-0.020839,-0.020839,0.554893,0.002149,0.002149,0.336800,32246
13.293591,596630.757826,0.004908,step_25,2,-0.025000,-0.025000,-0.025000,-0.020782,-0.020782,0.472869,0.001555,0.001555,0.011730,32248
13.298061,596630.762922,0.004470,step_25,2,-0.025000,-0.025000,-0.025000,-0.022146,-0.022146,0.526201,0.001609,0.001609,0.000000,32250
13.303062,596630.768034,0.005001,step_25,2,-0.025000,-0.025000,-0.025000,-0.026050,-0.026050,0.546492,0.001087,0.001087,0.000000,32252
13.308063,596630.773124,0.005001,step_25,2,-0.025000,-0.025000,-0.025000,-0.023676,-0.023676,0.315046,0.001724,0.001724,0.474691,32254
13.313787,596630.778258,0.005725,step_25,2,-0.025000,-0.025000,-0.025000,-0.024630,-0.024630,0.253132,0.002021,0.002021,0.000000,32256
13.318148,596630.783374,0.004361,step_25,2,-0.025000,-0.025000,-0.025000,-0.027178,-0.027178,0.459331,0.001976,0.001976,0.000000,32258
13.323062,596630.788500,0.004914,step_25,2,-0.025000,-0.025000,-0.025000,-0.025424,-0.025424,0.584611,0.001445,0.001445,0.356987,32260
13.328063,596630.793633,0.005002,step_25,2,-0.025000,-0.025000,-0.025000,-0.026874,-0.026874,0.551277,0.002054,0.002054,0.000000,32262
13.333063,596630.798748,0.005000,step_25,2,-0.025000,-0.025000,-0.025000,-0.025661,-0.025661,0.503974,0.001593,0.001593,0.242581,32264
13.338062,596630.803874,0.004999,step_25,2,-0.025000,-0.025000,-0.025000,-0.025491,-0.025491,0.526964,0.000949,0.000949,0.034067,32266
13.343061,596630.809036,0.004999,step_25,2,-0.025000,-0.025000,-0.025000,-0.025622,-0.025622,0.550869,0.001386,0.001386,0.000000,32268
13.348062,596630.814112,0.005001,step_25,2,-0.025000,-0.025000,-0.025000,-0.023067,-0.023067,0.494259,0.001949,0.001949,0.510754,32270
13.353377,596630.819191,0.005315,step_25,2,-0.025000,-0.025000,-0.025000,-0.025204,-0.025204,0.430891,0.001784,0.001784,0.000000,32272
13.358234,596630.824282,0.004858,step_25,2,-0.025000,-0.025000,-0.025000,-0.024039,-0.024039,0.425060,0.001113,0.001113,0.239960,32274
13.363061,596630.829411,0.004826,step_25,2,-0.025000,-0.025000,-0.025000,-0.022282,-0.022282,0.461944,0.001493,0.001493,0.363943,32276
13.368081,596630.834541,0.005020,step_25,2,-0.025000,-0.025000,-0.025000,-0.023135,-0.023135,0.541252,0.001002,0.001002,0.000000,32278
13.373062,596630.839630,0.004980,step_25,2,-0.025000,-0.025000,-0.025000,-0.025314,-0.025314,0.596009,0.001569,0.001569,0.000000,32280
13.378084,596630.844723,0.005022,step_25,2,-0.025000,-0.025000,-0.025000,-0.025314,-0.025314,0.620498,0.006594,0.006594,0.000000,32282
13.383067,596630.849852,0.004983,step_25,2,-0.025000,-0.025000,-0.025000,-0.024139,-0.024139,0.643921,0.001338,0.001338,0.235688,32284
13.388061,596630.854979,0.004994,step_25,2,-0.025000,-0.025000,-0.025000,-0.023733,-0.023733,0.644479,0.001779,0.001779,0.081261,32286
13.393061,596630.860104,0.005000,step_25,2,-0.025000,-0.025000,-0.025000,-0.026222,-0.026222,0.599294,0.001284,0.001284,0.000000,32288
13.398061,596630.865195,0.005000,step_25,2,-0.025000,-0.025000,-0.025000,-0.025998,-0.025998,0.526199,0.001761,0.001761,0.044755,32290
13.403062,596630.870298,0.005001,step_25,2,-0.025000,-0.025000,-0.025000,-0.024304,-0.024304,0.482890,0.001181,0.001181,0.338902,32292
13.408062,596630.875401,0.005000,step_25,2,-0.025000,-0.025000,-0.025000,-0.025641,-0.025641,0.476727,0.001645,0.001645,0.000000,32294
13.413061,596630.880543,0.005000,step_25,2,-0.025000,-0.025000,-0.025000,-0.022672,-0.022672,0.468632,0.002017,0.002017,0.593828,32296
13.418061,596630.885749,0.005000,step_25,2,-0.025000,-0.025000,-0.025000,-0.023902,-0.023902,0.504402,0.001455,0.001455,0.000000,32298
13.423394,596630.890976,0.005332,step_25,2,-0.025000,-0.025000,-0.025000,-0.024863,-0.024863,0.562523,0.002169,0.002169,0.000000,32300
13.428061,596630.896089,0.004668,step_25,2,-0.025000,-0.025000,-0.025000,-0.021852,-0.021852,0.585108,0.001130,0.001130,0.645147,32302
13.433062,596630.901254,0.005000,step_25,2,-0.025000,-0.025000,-0.025000,-0.022528,-0.022528,0.589587,0.001629,0.001629,0.000000,32304
13.438705,596630.906357,0.005644,step_25,2,-0.025000,-0.025000,-0.025000,-0.022308,-0.022308,0.557823,0.001728,0.001728,0.038987,32306
13.443663,596630.911497,0.004958,step_25,2,-0.025000,-0.025000,-0.025000,-0.024984,-0.024984,0.501263,0.002188,0.002188,0.000000,32308
13.448061,596630.916639,0.004398,rest,2,0.000000,0.000000,0.000000,-0.021879,-0.021879,0.438140,0.001065,0.001065,0.706036,32310
13.458364,596630.921862,0.010303,rest,2,0.000000,0.000000,0.000000,-0.023018,-0.023018,0.529414,0.001406,0.001406,0.000000,32314
13.463061,596630.926967,0.004697,rest,2,0.000000,0.000000,0.000000,-0.023018,-0.023018,0.601313,0.001615,0.001615,0.000000,32316
13.468062,596630.932181,0.005001,rest,2,0.000000,0.000000,0.000000,-0.024609,-0.024609,0.582376,0.001108,0.001108,0.000000,32318
13.473061,596630.937285,0.004999,rest,2,0.000000,0.000000,0.000000,-0.022922,-0.022922,0.546272,0.001618,0.001618,0.337458,32320
13.478062,596630.942385,0.005001,rest,2,0.000000,0.000000,0.000000,-0.025881,-0.025881,0.485299,0.000937,0.000937,0.000000,32322
13.483061,596630.947531,0.004999,rest,2,0.000000,0.000000,0.000000,-0.027730,-0.027730,0.385353,0.001393,0.001393,0.000000,32324
13.488061,596630.952706,0.005001,rest,2,0.000000,0.000000,0.000000,-0.020036,-0.020036,0.331992,0.001907,0.001907,1.538590,32326
13.493169,596630.957923,0.005107,rest,2,0.000000,0.000000,0.000000,-0.016789,-0.016789,0.466526,0.001447,0.001447,0.635922,32328
13.498646,596630.963141,0.005477,rest,2,0.000000,0.000000,0.000000,-0.010898,-0.010898,0.760929,0.002404,0.002404,1.075513,32330
13.504434,596630.968250,0.005789,rest,2,0.000000,0.000000,0.000000,-0.004679,-0.004679,1.045767,0.002641,0.002641,1.074346,32332
13.509195,596630.973352,0.004761,rest,2,0.000000,0.000000,0.000000,-0.001760,-0.001760,1.256891,0.002962,0.002962,0.613117,32334
13.513274,596630.978494,0.004079,rest,2,0.000000,0.000000,0.000000,-0.002614,-0.002614,1.305345,0.001272,0.001272,0.000000,32336
13.518061,596630.983652,0.004787,rest,2,0.000000,0.000000,0.000000,-0.001809,-0.001809,1.018074,0.001603,0.001603,0.168253,32338
13.523061,596630.988859,0.005000,rest,2,0.000000,0.000000,0.000000,0.000406,0.000406,0.522146,0.000979,0.000979,0.442948,32340
13.528061,596630.994009,0.005000,rest,2,0.000000,0.000000,0.000000,-0.000427,-0.000427,0.257005,0.001522,0.001522,0.000000,32342
13.533063,596630.999150,0.005001,rest,2,0.000000,0.000000,0.000000,-0.000224,-0.000224,0.332078,0.001017,0.001017,0.040429,32344
13.538061,596631.004284,0.004999,rest,2,0.000000,0.000000,0.000000,-0.000136,-0.000136,0.578092,0.001626,0.001626,0.017742,32346
13.543062,596631.009433,0.005000,rest,2,0.000000,0.000000,0.000000,-0.000137,-0.000137,0.689170,0.000913,0.000913,0.000000,32348
13.548061,596631.014608,0.004999,rest,2,0.000000,0.000000,0.000000,-0.000158,-0.000158,0.552752,0.001410,0.001410,0.000000,32350
13.553062,596631.019725,0.005001,rest,2,0.000000,0.000000,0.000000,-0.000002,-0.000002,0.383939,0.002046,0.002046,0.031257,32352
13.558062,596631.024869,0.005000,rest,2,0.000000,0.000000,0.000000,-0.000137,-0.000137,0.294666,0.001435,0.001435,0.000000,32354
13.563061,596631.030002,0.005000,rest,2,0.000000,0.000000,0.000000,-0.000159,-0.000159,0.258010,0.001734,0.001734,0.000000,32356
13.568061,596631.035109,0.005000,rest,2,0.000000,0.000000,0.000000,-0.000024,-0.000024,0.348267,0.001066,0.001066,0.026963,32358
13.573062,596631.040189,0.005000,rest,2,0.000000,0.000000,0.000000,-0.000024,-0.000024,0.501317,0.001585,0.001585,0.000000,32360
13.578062,596631.045334,0.005000,rest,2,0.000000,0.000000,0.000000,-0.000160,-0.000160,0.536514,0.001912,0.001912,0.000000,32362
13.583061,596631.050469,0.004999,rest,2,0.000000,0.000000,0.000000,-0.000024,-0.000024,0.491652,0.001358,0.001358,0.027053,32364
13.588066,596631.055672,0.005005,rest,2,0.000000,0.000000,0.000000,-0.000652,-0.000652,0.488116,0.002129,0.002129,0.000000,32366
13.593067,596631.060880,0.005000,rest,2,0.000000,0.000000,0.000000,-0.000652,-0.000652,0.574792,0.001510,0.001510,0.000030,32368
13.603062,596631.066161,0.009995,rest,2,0.000000,0.000000,0.000000,0.000547,0.000547,0.652046,0.001362,0.001362,0.150755,32372
13.608062,596631.071265,0.005000,rest,2,0.000000,0.000000,0.000000,0.000570,0.000570,0.594209,0.001682,0.001682,0.004628,32374
13.613062,596631.076374,0.005000,rest,2,0.000000,0.000000,0.000000,0.000155,0.000155,0.540284,0.001136,0.001136,0.000000,32376
13.618062,596631.081609,0.005000,rest,2,0.000000,0.000000,0.000000,0.000727,0.000727,0.499583,0.001700,0.001700,0.114316,32378
13.623062,596631.086837,0.005000,rest,2,0.000000,0.000000,0.000000,-0.000485,-0.000485,0.471220,0.001132,0.001132,0.000000,32380
13.628062,596631.092080,0.005000,rest,2,0.000000,0.000000,0.000000,0.000647,0.000647,0.457785,0.001636,0.001636,0.226465,32382
13.633063,596631.097337,0.005000,rest,2,0.000000,0.000000,0.000000,0.000784,0.000784,0.457240,0.001151,0.001151,0.027437,32384
13.638063,596631.102500,0.005001,rest,2,0.000000,0.000000,0.000000,0.001298,0.001298,0.449569,0.001788,0.001788,0.102775,32386
13.643064,596631.107643,0.005000,rest,2,0.000000,0.000000,0.000000,-0.000200,-0.000200,0.411700,0.001202,0.001202,0.000000,32388
13.648062,596631.112856,0.004999,rest,2,0.000000,0.000000,0.000000,0.000213,0.000213,0.411652,0.001851,0.001851,0.082641,32390
13.653062,596631.118095,0.005000,rest,2,0.000000,0.000000,0.000000,0.001288,0.001288,0.442391,0.001273,0.001273,0.215074,32392
13.658062,596631.123196,0.005000,rest,2,0.000000,0.000000,0.000000,0.000717,0.000717,0.456570,0.001907,0.001907,0.000000,32394
13.663061,596631.128297,0.004999,rest,2,0.000000,0.000000,0.000000,0.000729,0.000729,0.471224,0.001425,0.001425,0.002430,32396
13.668068,596631.133515,0.005007,rest,2,0.000000,0.000000,0.000000,-0.000907,-0.000907,0.521066,0.001983,0.001983,0.000000,32398
13.673062,596631.138732,0.004993,rest,2,0.000000,0.000000,0.000000,-0.000886,-0.000886,0.553736,0.001505,0.001505,0.004188,32400
13.678063,596631.143938,0.005002,rest,2,0.000000,0.000000,0.000000,-0.000886,-0.000886,0.549901,0.006472,0.006472,0.000000,32402
13.683844,596631.149221,0.005781,rest,2,0.000000,0.000000,0.000000,0.000897,0.000897,0.546721,0.002166,0.002166,0.308517,32404
13.689362,596631.154324,0.005517,rest,2,0.000000,0.000000,0.000000,0.000818,0.000818,0.532692,0.002224,0.002224,0.000000,32406
13.694832,596631.159458,0.005471,rest,2,0.000000,0.000000,0.000000,0.000965,0.000965,0.536799,0.003283,0.003283,0.026927,32408
13.700259,596631.164634,0.005427,rest,2,0.000000,0.000000,0.000000,0.000393,0.000393,0.520216,0.003221,0.003221,0.000000,32410
13.704508,596631.169736,0.004249,rest,2,0.000000,0.000000,0.000000,-0.000099,-0.000099,0.476546,0.002989,0.002989,0.000000,32412
13.708703,596631.174954,0.004195,rest,2,0.000000,0.000000,0.000000,0.001459,0.001459,0.482041,0.002494,0.002494,0.371320,32414
13.714240,596631.180218,0.005537,rest,2,0.000000,0.000000,0.000000,0.001930,0.001930,0.506693,0.002557,0.002557,0.085120,32416
13.719674,596631.185349,0.005434,rest,2,0.000000,0.000000,0.000000,0.000887,0.000887,0.507526,0.003497,0.003497,0.000000,32418
13.723901,596631.190471,0.004226,rest,2,0.000000,0.000000,0.000000,0.001459,0.001459,0.496222,0.002287,0.002287,0.135349,32420
13.728094,596631.195613,0.004193,rest,2,0.000000,0.000000,0.000000,-0.000669,-0.000669,0.466421,0.000966,0.000966,0.000000,32422
13.733061,596631.200759,0.004968,rest,2,0.000000,0.000000,0.000000,0.000899,0.000899,0.446801,0.001521,0.001521,0.315791,32424
13.738062,596631.205863,0.005001,rest,2,0.000000,0.000000,0.000000,0.000899,0.000899,0.456410,0.006469,0.006469,0.000000,32426
13.748061,596631.211131,0.009999,rest,2,0.000000,0.000000,0.000000,0.000810,0.000810,0.484488,0.001799,0.001799,0.114548,32430
13.753061,596631.216235,0.005000,rest,2,0.000000,0.000000,0.000000,0.000810,0.000810,0.517300,0.001165,0.001165,0.000000,32432
13.758061,596631.221339,0.005000,rest,2,0.000000,0.000000,0.000000,0.002456,0.002456,0.543414,0.001707,0.001707,0.329403,32434
13.763061,596631.226473,0.005001,rest,2,0.000000,0.000000,0.000000,0.001324,0.001324,0.558954,0.001141,0.001141,0.000000,32436
13.768062,596631.231620,0.005000,rest,2,0.000000,0.000000,0.000000,-0.000153,-0.000153,0.553817,0.001717,0.001717,0.000000,32438
13.773061,596631.236815,0.005000,rest,2,0.000000,0.000000,0.000000,0.001795,0.001795,0.544774,0.001076,0.001076,0.389638,32440
13.778062,596631.241971,0.005000,rest,2,0.000000,0.000000,0.000000,0.000742,0.000742,0.530574,0.001616,0.001616,0.000000,32442
13.783063,596631.247050,0.005001,rest,2,0.000000,0.000000,0.000000,0.000878,0.000878,0.498915,0.001081,0.001081,0.027235,32444
13.788063,596631.252179,0.005000,rest,2,0.000000,0.000000,0.000000,0.001049,0.001049,0.501942,0.001601,0.001601,0.034146,32446
13.793062,596631.257284,0.004999,rest,2,0.000000,0.000000,0.000000,0.001049,0.001049,0.532932,0.006544,0.006544,0.000000,32448
13.798061,596631.262392,0.005000,rest,2,0.000000,0.000000,0.000000,0.001462,0.001462,0.528666,0.001210,0.001210,0.082607,32450
13.803063,596631.267545,0.005001,rest,2,0.000000,0.000000,0.000000,0.000340,0.000340,0.497805,0.001749,0.001749,0.000000,32452
13.808061,596631.272775,0.004998,rest,2,0.000000,0.000000,0.000000,0.001462,0.001462,0.474515,0.001101,0.001101,0.224468,32454
13.813696,596631.277985,0.005635,rest,2,0.000000,0.000000,0.000000,0.001462,0.001462,0.470213,0.002237,0.002237,0.000024,32456
13.818640,596631.283056,0.004944,rest,2,0.000000,0.000000,0.000000,0.000239,0.000239,0.483366,0.001544,0.001544,0.000000,32458
13.823061,596631.288174,0.004421,rest,2,0.000000,0.000000,0.000000,0.001818,0.001818,0.496205,0.001457,0.001457,0.357073,32460
13.828062,596631.293280,0.005001,rest,2,0.000000,0.000000,0.000000,0.000409,0.000409,0.488271,0.001730,0.001730,0.000000,32462
13.833062,596631.298387,0.005000,rest,2,0.000000,0.000000,0.000000,0.000890,0.000890,0.491292,0.000964,0.000964,0.096279,32464
13.838062,596631.303550,0.005001,rest,2,0.000000,0.000000,0.000000,0.001394,0.001394,0.499514,0.001496,0.001496,0.100715,32466
13.843061,596631.308741,0.004999,rest,2,0.000000,0.000000,0.000000,-0.000174,-0.000174,0.491558,0.001995,0.001995,0.000000,32468
13.848061,596631.313936,0.005000,rest,2,0.000000,0.000000,0.000000,0.000880,0.000880,0.493200,0.001379,0.001379,0.210721,32470
13.853646,596631.319067,0.005584,step_40,2,0.040000,0.040000,0.040000,0.000949,0.000949,0.499732,0.002303,0.002303,0.012398,32472
13.859017,596631.324211,0.005371,step_40,2,0.040000,0.040000,0.040000,-0.000195,-0.000195,0.516204,0.001871,0.001871,0.000000,32474
13.864616,596631.329392,0.005599,step_40,2,0.040000,0.040000,0.040000,0.000319,0.000319,0.537742,0.003013,0.003013,0.091852,32476
13.870065,596631.334565,0.005449,step_40,2,0.040000,0.040000,0.040000,0.001464,0.001464,0.512840,0.002903,0.002903,0.210045,32478
13.874328,596631.339718,0.004262,step_40,2,0.040000,0.040000,0.040000,0.000754,0.000754,0.465696,0.002693,0.002693,0.000000,32480
13.878578,596631.344806,0.004250,step_40,2,0.040000,0.040000,0.040000,0.000331,0.000331,0.477164,0.001458,0.001458,0.000000,32482
13.883061,596631.349907,0.004483,step_40,2,0.040000,0.040000,0.040000,0.000331,0.000331,0.492146,0.001539,0.001539,0.000000,32484
13.888062,596631.355011,0.005000,step_40,2,0.040000,0.040000,0.040000,-0.001259,-0.001259,0.488334,0.001024,0.001024,0.000000,32486
13.893063,596631.360109,0.005001,step_40,2,0.040000,0.040000,0.040000,0.001957,0.001957,0.479711,0.001533,0.001533,0.642908,32488
13.898062,596631.365253,0.004999,step_40,2,0.040000,0.040000,0.040000,0.006867,0.006867,0.483243,0.000968,0.000968,0.982186,32490
13.903062,596631.370386,0.005000,step_40,2,0.040000,0.040000,0.040000,0.006866,0.006866,0.513131,0.001583,0.001583,0.000000,32492
13.908062,596631.375618,0.004999,step_40,2,0.040000,0.040000,0.040000,0.010797,0.010797,0.693741,0.001034,0.001034,0.786229,32494
13.913061,596631.380819,0.005000,step_40,2,0.040000,0.040000,0.040000,0.010797,0.010797,0.924528,0.001568,0.001568,0.000000,32496
13.918062,596631.385933,0.005000,step_40,2,0.040000,0.040000,0.040000,0.018823,0.018823,0.885831,0.001058,0.001058,1.605171,32498
13.928061,596631.391040,0.009999,step_40,2,0.040000,0.040000,0.040000,0.026450,0.026450,0.632136,0.001937,0.001937,1.525469,32502
13.933061,596631.396169,0.005000,step_40,2,0.040000,0.040000,0.040000,0.026476,0.026476,0.873584,0.001471,0.001471,0.005088,32504
13.938062,596631.401270,0.005000,step_40,2,0.040000,0.040000,0.040000,0.033002,0.033002,1.272896,0.001953,0.001953,1.305148,32506
13.943061,596631.406414,0.005000,step_40,2,0.040000,0.040000,0.040000,0.034108,0.034108,1.371540,0.001384,0.001384,0.221330,32508
13.948061,596631.411506,0.005000,step_40,2,0.040000,0.040000,0.040000,0.036652,0.036652,1.051508,0.001806,0.001806,0.508666,32510
13.953062,596631.416637,0.005000,step_40,2,0.040000,0.040000,0.040000,0.043785,0.043785,0.703450,0.001307,0.001307,1.426578,32512
13.958061,596631.421725,0.005000,step_40,2,0.040000,0.040000,0.040000,0.037310,0.037310,0.583521,0.001768,0.001768,0.000000,32514
13.963061,596631.426859,0.005000,step_40,2,0.040000,0.040000,0.040000,0.038740,0.038740,0.504019,0.001022,0.001022,0.286122,32516
13.968064,596631.431999,0.005002,step_40,2,0.040000,0.040000,0.040000,0.036853,0.036853,0.468413,0.001526,0.001526,0.000000,32518
13.973061,596631.437092,0.004998,step_40,2,0.040000,0.040000,0.040000,0.037236,0.037236,0.546235,0.000939,0.000939,0.076462,32520
13.978062,596631.442192,0.005001,step_40,2,0.040000,0.040000,0.040000,0.043038,0.043038,0.580539,0.001436,0.001436,1.160291,32522
13.983063,596631.447359,0.005001,step_40,2,0.040000,0.040000,0.040000,0.045477,0.045477,0.532325,0.001998,0.001998,0.487625,32524
13.988062,596631.452451,0.004999,step_40,2,0.040000,0.040000,0.040000,0.041594,0.041594,0.431599,0.001423,0.001423,0.000000,32526
13.993063,596631.457550,0.005001,step_40,2,0.040000,0.040000,0.040000,0.044125,0.044125,0.440659,0.001931,0.001931,0.506185,32528
13.998064,596631.462744,0.005000,step_40,2,0.040000,0.040000,0.040000,0.037061,0.037061,0.526285,0.001374,0.001374,0.000000,32530
14.003063,596631.467888,0.004999,step_40,2,0.040000,0.040000,0.040000,0.040473,0.040473,0.454537,0.001843,0.001843,0.682506,32532
14.008061,596631.472989,0.004998,step_40,2,0.040000,0.040000,0.040000,0.036944,0.036944,0.277151,0.001033,0.001033,0.000000,32534
14.013062,596631.478127,0.005001,step_40,2,0.040000,0.040000,0.040000,0.043223,0.043223,0.244244,0.001515,0.001515,1.255636,32536
14.018062,596631.483221,0.005000,step_40,2,0.040000,0.040000,0.040000,0.040634,0.040634,0.423569,0.002027,0.002027,0.000000,32538
14.023062,596631.488315,0.005000,step_40,2,0.040000,0.040000,0.040000,0.037018,0.037018,0.651194,0.001494,0.001494,0.000000,32540
14.028062,596631.493423,0.005001,step_40,2,0.040000,0.040000,0.040000,0.041628,0.041628,0.791277,0.001027,0.001027,0.921679,32542
14.033063,596631.498555,0.005001,step_40,2,0.040000,0.040000,0.040000,0.038625,0.038625,0.740364,0.001608,0.001608,0.000000,32544
14.038062,596631.503677,0.004999,step_40,2,0.040000,0.040000,0.040000,0.038015,0.038015,0.624642,0.001021,0.001021,0.000000,32546
14.043061,596631.508882,0.005000,step_40,2,0.040000,0.040000,0.040000,0.041710,0.041710,0.598187,0.001548,0.001548,0.739173,32548
14.048061,596631.514101,0.005000,step_40,2,0.040000,0.040000,0.040000,0.038703,0.038703,0.572523,0.002006,0.002006,0.000000,32550
14.053061,596631.519238,0.005000,step_40,2,0.040000,0.040000,0.040000,0.042570,0.042570,0.547262,0.001503,0.001503,0.773344,32552
14.058061,596631.524344,0.005000,step_40,2,0.040000,0.040000,0.040000,0.042570,0.042570,0.573473,0.001776,0.001776,0.000003,32554
14.063061,596631.529489,0.005000,step_40,2,0.040000,0.040000,0.040000,0.042631,0.042631,0.653533,0.001032,0.001032,0.012148,32556
14.068061,596631.534632,0.005000,step_40,2,0.040000,0.040000,0.040000,0.040473,0.040473,0.673464,0.001633,0.001633,0.000000,32558
14.073062,596631.539874,0.005001,step_40,2,0.040000,0.040000,0.040000,0.040473,0.040473,0.641659,0.001178,0.001178,0.000000,32560
14.078061,596631.545134,0.004999,step_40,2,0.040000,0.040000,0.040000,0.037876,0.037876,0.557643,0.001826,0.001826,0.000000,32562
14.083061,596631.550353,0.005000,step_40,2,0.040000,0.040000,0.040000,0.037876,0.037876,0.402921,0.001386,0.001386,0.000013,32564
14.088061,596631.555499,0.005000,step_40,2,0.040000,0.040000,0.040000,0.041388,0.041388,0.243560,0.001956,0.001956,0.702372,32566
14.093062,596631.560661,0.005001,step_40,2,0.040000,0.040000,0.040000,0.041388,0.041388,0.140127,0.001539,0.001539,0.000008,32568
14.098061,596631.565803,0.004999,step_40,2,0.040000,0.040000,0.040000,0.038853,0.038853,0.194708,0.001073,0.001073,0.000000,32570
14.103061,596631.570944,0.005000,step_40,2,0.040000,0.040000,0.040000,0.038752,0.038752,0.346378,0.001736,0.001736,0.000000,32572
14.113061,596631.576092,0.010000,step_40,2,0.040000,0.040000,0.040000,0.037861,0.037861,0.704370,0.001834,0.001834,0.452951,32576
14.118062,596631.581210,0.005001,step_40,2,0.040000,0.040000,0.040000,0.034436,0.034436,0.604652,0.001126,0.001126,0.000000,32578
14.123062,596631.586330,0.005001,step_40,2,0.040000,0.040000,0.040000,0.037847,0.037847,0.383085,0.001761,0.001761,0.682172,32580
14.128061,596631.591476,0.004999,step_40,2,0.040000,0.040000,0.040000,0.042516,0.042516,0.230215,0.001097,0.001097,0.933943,32582
14.133061,596631.596578,0.005000,step_40,2,0.040000,0.040000,0.040000,0.041591,0.041591,0.298340,0.001632,0.001632,0.000000,32584
14.138062,596631.601719,0.005001,step_40,2,0.040000,0.040000,0.040000,0.039380,0.039380,0.500921,0.001197,0.001197,0.000000,32586
14.143062,596631.606822,0.005000,step_40,2,0.040000,0.040000,0.040000,0.040377,0.040377,0.673855,0.001816,0.001816,0.199359,32588
14.148061,596631.611979,0.005000,step_40,2,0.040000,0.040000,0.040000,0.039097,0.039097,0.727958,0.001146,0.001146,0.000000,32590
14.153066,596631.617040,0.005005,step_40,2,0.040000,0.040000,0.040000,0.036737,0.036737,0.601573,0.001635,0.001635,0.000000,32592
14.158063,596631.622134,0.004997,step_40,2,0.040000,0.040000,0.040000,0.036737,0.036737,0.432707,0.006567,0.006567,0.000000,32594
14.163062,596631.627224,0.004999,step_40,2,0.040000,0.040000,0.040000,0.040380,0.040380,0.356034,0.001144,0.001144,0.728661,32596
14.168064,596631.632314,0.005002,step_40,2,0.040000,0.040000,0.040000,0.040104,0.040104,0.337860,0.001700,0.001700,0.000000,32598
14.173061,596631.637435,0.004998,step_40,2,0.040000,0.040000,0.040000,0.038802,0.038802,0.400948,0.001068,0.001068,0.000000,32600
14.178061,596631.642521,0.004999,step_40,2,0.040000,0.040000,0.040000,0.036803,0.036803,0.493919,0.001411,0.001411,0.000000,32602
14.183062,596631.647676,0.005001,step_40,2,0.040000,0.040000,0.040000,0.038927,0.038927,0.555009,0.001811,0.001811,0.424636,32604
14.188062,596631.652837,0.004999,step_40,2,0.040000,0.040000,0.040000,0.036569,0.036569,0.599855,0.001218,0.001218,0.000000,32606
14.193062,596631.657926,0.005000,step_40,2,0.040000,0.040000,0.040000,0.039565,0.039565,0.637440,0.001817,0.001817,0.599152,32608
14.198640,596631.663035,0.005578,step_40,2,0.040000,0.040000,0.040000,0.038982,0.038982,0.481087,0.001893,0.001893,0.000000,32610
14.203700,596631.668129,0.005061,step_40,2,0.040000,0.040000,0.040000,0.040321,0.040321,0.262759,0.002526,0.002526,0.264581,32612
14.208061,596631.673218,0.004360,step_40,2,0.040000,0.040000,0.040000,0.040999,0.040999,0.193209,0.001266,0.001266,0.155338,32614
14.213061,596631.678338,0.005000,step_40,2,0.040000,0.040000,0.040000,0.040999,0.040999,0.215892,0.001627,0.001627,0.000000,32616
14.218067,596631.683494,0.005006,step_40,2,0.040000,0.040000,0.040000,0.036875,0.036875,0.399692,0.002083,0.002083,0.000000,32618
14.223061,596631.688622,0.004994,step_40,2,0.040000,0.040000,0.040000,0.036875,0.036875,0.641351,0.001429,0.001429,0.000000,32620
14.228061,596631.693744,0.005000,step_40,2,0.040000,0.040000,0.040000,0.039196,0.039196,0.718419,0.001749,0.001749,0.464122,32622
14.233061,596631.698958,0.005000,step_40,2,0.040000,0.040000,0.040000,0.039196,0.039196,0.667859,0.006670,0.006670,0.000000,32624
14.238062,596631.704154,0.005001,step_40,2,0.040000,0.040000,0.040000,0.041611,0.041611,0.518221,0.004621,0.004621,0.483010,32626
14.243981,596631.709268,0.005919,step_40,2,0.040000,0.040000,0.040000,0.042537,0.042537,0.347681,0.002001,0.002001,0.156358,32628
14.248576,596631.714381,0.004595,step_40,2,0.040000,0.040000,0.040000,0.040175,0.040175,0.394232,0.002075,0.002075,0.000000,32630
14.253061,596631.719552,0.004485,step_40,2,0.040000,0.040000,0.040000,0.041493,0.041493,0.605025,0.000938,0.000938,0.293965,32632
14.258062,596631.724760,0.005001,step_40,2,0.040000,0.040000,0.040000,0.041637,0.041637,0.762239,0.001480,0.001480,0.028777,32634
14.263159,596631.729988,0.005097,step_40,2,0.040000,0.040000,0.040000,0.041505,0.041505,0.732359,0.002155,0.002155,0.000000,32636
14.268062,596631.735108,0.004903,step_40,2,0.040000,0.040000,0.040000,0.037990,0.037990,0.527741,0.001515,0.001515,0.000000,32638
14.273061,596631.740223,0.004999,step_40,2,0.040000,0.040000,0.040000,0.042108,0.042108,0.306817,0.002026,0.002026,0.823695,32640
14.278062,596631.745341,0.005000,step_40,2,0.040000,0.040000,0.040000,0.042823,0.042823,0.223123,0.001670,0.001670,0.142912,32642
14.283063,596631.750446,0.005001,step_40,2,0.040000,0.040000,0.040000,0.040751,0.040751,0.251292,0.001004,0.001004,0.000000,32644
14.288063,596631.755560,0.005000,step_40,2,0.040000,0.040000,0.040000,0.041712,0.041712,0.311246,0.001616,0.001616,0.192365,32646
14.293066,596631.760663,0.005003,step_40,2,0.040000,0.040000,0.040000,0.040710,0.040710,0.365601,0.001308,0.001308,0.000000,32648
14.298061,596631.765759,0.004995,step_40,2,0.040000,0.040000,0.040000,0.039385,0.039385,0.454167,0.001663,0.001663,0.000000,32650
14.303062,596631.770874,0.005001,step_40,2,0.040000,0.040000,0.040000,0.036479,0.036479,0.418452,0.001092,0.001092,0.000000,32652
14.308063,596631.775985,0.005001,step_40,2,0.040000,0.040000,0.040000,0.037869,0.037869,0.257620,0.001579,0.001579,0.277839,32654
14.313061,596631.781106,0.004999,step_40,2,0.040000,0.040000,0.040000,0.039833,0.039833,0.159273,0.001009,0.001009,0.393009,32656
14.323062,596631.786262,0.010000,step_40,2,0.040000,0.040000,0.040000,0.039213,0.039213,0.181058,0.002050,0.002050,0.262564,32660
14.328072,596631.791371,0.005010,step_40,2,0.040000,0.040000,0.040000,0.039119,0.039119,0.366411,0.001465,0.001465,0.000000,32662
14.333063,596631.796527,0.004991,step_40,2,0.040000,0.040000,0.040000,0.037984,0.037984,0.567258,0.001953,0.001953,0.000000,32664
14.338061,596631.801637,0.004998,step_40,2,0.040000,0.040000,0.040000,0.038024,0.038024,0.679297,0.001434,0.001434,0.007958,32666
14.343062,596631.806747,0.005001,step_40,2,0.040000,0.040000,0.040000,0.036245,0.036245,0.692602,0.001948,0.001948,0.000000,32668
14.348062,596631.811857,0.005000,step_40,2,0.040000,0.040000,0.040000,0.039931,0.039931,0.544950,0.001451,0.001451,0.737301,32670
14.353062,596631.816955,0.005000,step_40,2,0.040000,0.040000,0.040000,0.039044,0.039044,0.315288,0.000979,0.000979,0.000000,32672
14.358061,596631.822046,0.005000,step_40,2,0.040000,0.040000,0.040000,0.035673,0.035673,0.293143,0.001515,0.001515,0.000000,32674
14.363062,596631.827154,0.005000,step_40,2,0.040000,0.040000,0.040000,0.035673,0.035673,0.376733,0.006461,0.006461,0.000000,32676
14.368063,596631.832263,0.005001,step_40,2,0.040000,0.040000,0.040000,0.038321,0.038321,0.459080,0.001225,0.001225,0.529460,32678
14.368063,596631.837373,0.000001,step_40,2,0.040000,0.040000,0.040000,0.038321,0.038321,0.459080,0.001225,0.001225,0.529460,32678
14.373061,596631.842493,0.004998,step_40,2,0.040000,0.040000,0.040000,0.041756,0.041756,0.593281,0.001507,0.001507,0.687125,32680
14.384449,596631.847611,0.011388,step_40,2,0.040000,0.040000,0.040000,0.041431,0.041431,0.473889,0.002527,0.002527,0.521601,32684
14.388625,596631.852772,0.004176,step_40,2,0.040000,0.040000,0.040000,0.040813,0.040813,0.232583,0.002272,0.002272,0.000000,32686
14.393061,596631.857892,0.004436,step_40,2,0.040000,0.040000,0.040000,0.040813,0.040813,0.047627,0.001132,0.001132,0.000001,32688
14.398061,596631.862999,0.005000,step_40,2,0.040000,0.040000,0.040000,0.040058,0.040058,0.172344,0.001724,0.001724,0.000000,32690
14.403620,596631.868115,0.005559,step_40,2,0.040000,0.040000,0.040000,0.044221,0.044221,0.340952,0.001809,0.001809,0.748860,32692
14.408269,596631.873227,0.004650,step_40,2,0.040000,0.040000,0.040000,0.035522,0.035522,0.441743,0.002052,0.002052,0.000000,32694
14.413061,596631.878343,0.004791,step_40,2,0.040000,0.040000,0.040000,0.043405,0.043405,0.445299,0.001347,0.001347,1.645193,32696
14.418061,596631.883508,0.005000,step_40,2,0.040000,0.040000,0.040000,0.036468,0.036468,0.443689,0.001972,0.001972,0.000000,32698
14.423061,596631.888616,0.005000,step_40,2,0.040000,0.040000,0.040000,0.038012,0.038012,0.422179,0.001528,0.001528,0.308822,32700
14.428061,596631.893731,0.005000,step_40,2,0.040000,0.040000,0.040000,0.035923,0.035923,0.381101,0.000839,0.000839,0.000000,32702
14.433061,596631.898884,0.005000,step_40,2,0.040000,0.040000,0.040000,0.042726,0.042726,0.414505,0.001433,0.001433,1.360681,32704
14.438061,596631.904016,0.005000,step_40,2,0.040000,0.040000,0.040000,0.040659,0.040659,0.499241,0.002037,0.002037,0.000000,32706
14.443063,596631.909140,0.005002,step_40,2,0.040000,0.040000,0.040000,0.041071,0.041071,0.583908,0.001749,0.001749,0.082380,32708
14.448062,596631.914267,0.004999,step_40,2,0.040000,0.040000,0.040000,0.042540,0.042540,0.619863,0.001281,0.001281,0.293676,32710
14.453062,596631.919395,0.005000,step_40,2,0.040000,0.040000,0.040000,0.042555,0.042555,0.609246,0.001860,0.001860,0.003168,32712
14.458061,596631.924518,0.005000,step_40,2,0.040000,0.040000,0.040000,0.039898,0.039898,0.476154,0.001433,0.001433,0.000000,32714
14.463062,596631.929648,0.005000,step_40,2,0.040000,0.040000,0.040000,0.040937,0.040937,0.269703,0.002014,0.002014,0.207905,32716
14.468062,596631.934780,0.005000,step_40,2,0.040000,0.040000,0.040000,0.039569,0.039569,0.189336,0.001544,0.001544,0.000000,32718
14.473062,596631.939907,0.005000,step_40,2,0.040000,0.040000,0.040000,0.039169,0.039169,0.220728,0.000996,0.000996,0.000000,32720
14.478062,596631.945039,0.005000,step_40,2,0.040000,0.040000,0.040000,0.038765,0.038765,0.247236,0.001666,0.001666,0.000000,32722
14.483062,596631.950280,0.005001,step_40,2,0.040000,0.040000,0.040000,0.039712,0.039712,0.333524,0.000966,0.000966,0.189283,32724
14.488061,596631.955438,0.004999,step_40,2,0.040000,0.040000,0.040000,0.040592,0.040592,0.427952,0.001533,0.001533,0.176014,32726
14.493062,596631.960559,0.005001,step_40,2,0.040000,0.040000,0.040000,0.035387,0.035387,0.542788,0.001088,0.001088,0.000000,32728
14.498062,596631.965673,0.005000,step_40,2,0.040000,0.040000,0.040000,0.041938,0.041938,0.490776,0.001720,0.001720,1.310320,32730
14.503062,596631.970802,0.005000,step_40,2,0.040000,0.040000,0.040000,0.035821,0.035821,0.274444,0.001271,0.001271,0.000000,32732
14.508061,596631.975921,0.005000,step_40,2,0.040000,0.040000,0.040000,0.041292,0.041292,0.134015,0.001870,0.001870,1.094419,32734
14.513061,596631.981044,0.005000,step_40,2,0.040000,0.040000,0.040000,0.036349,0.036349,0.123044,0.001459,0.001459,0.000000,32736
14.518065,596631.986136,0.005003,step_40,2,0.040000,0.040000,0.040000,0.041789,0.041789,0.197484,0.002128,0.002128,1.087415,32738
14.523097,596631.991217,0.005032,step_40,2,0.040000,0.040000,0.040000,0.042055,0.042055,0.300550,0.001716,0.001716,0.052882,32740
14.533061,596631.996290,0.009964,step_40,2,0.040000,0.040000,0.040000,0.040690,0.040690,0.412565,0.001675,0.001675,0.852504,32744
14.538062,596632.001376,0.005001,step_40,2,0.040000,0.040000,0.040000,0.036904,0.036904,0.277239,0.000994,0.000994,0.000000,32746
14.543063,596632.006506,0.005001,step_40,2,0.040000,0.040000,0.040000,0.041739,0.041739,0.280935,0.001635,0.001635,0.966820,32748
14.548061,596632.011625,0.004999,step_40,2,0.040000,0.040000,0.040000,0.039698,0.039698,0.352149,0.001135,0.001135,0.000000,32750
14.553063,596632.016762,0.005001,step_40,2,0.040000,0.040000,0.040000,0.039698,0.039698,0.391034,0.001697,0.001697,0.000002,32752
14.558061,596632.021857,0.004998,step_40,2,0.040000,0.040000,0.040000,0.040076,0.040076,0.506986,0.000976,0.000976,0.075628,32754
14.563061,596632.026990,0.005000,step_40,2,0.040000,0.040000,0.040000,0.040479,0.040479,0.496420,0.001508,0.001508,0.080632,32756
14.568063,596632.032105,0.005002,step_40,2,0.040000,0.040000,0.040000,0.040479,0.040479,0.398032,0.006459,0.006459,0.000000,32758
14.573061,596632.037211,0.004998,step_40,2,0.040000,0.040000,0.040000,0.041861,0.041861,0.401320,0.001445,0.001445,0.276567,32760
14.578063,596632.042364,0.005001,step_40,2,0.040000,0.040000,0.040000,0.041861,0.041861,0.456413,0.006387,0.006387,0.000000,32762
14.583063,596632.047452,0.005000,step_40,2,0.040000,0.040000,0.040000,0.038895,0.038895,0.456475,0.001424,0.001424,0.000000,32764
14.588062,596632.052578,0.005000,step_40,2,0.040000,0.040000,0.040000,0.040281,0.040281,0.350439,0.000954,0.000954,0.277205,32766
14.593062,596632.057717,0.005000,step_40,2,0.040000,0.040000,0.040000,0.038265,0.038265,0.229576,0.001542,0.001542,0.000000,32768
14.598062,596632.062814,0.005000,step_40,2,0.040000,0.040000,0.040000,0.038165,0.038165,0.184972,0.001037,0.001037,0.000000,32770
14.603061,596632.067912,0.004999,step_40,2,0.040000,0.040000,0.040000,0.037604,0.037604,0.201126,0.001611,0.001611,0.000000,32772
14.608062,596632.073008,0.005000,step_40,2,0.040000,0.040000,0.040000,0.038066,0.038066,0.325069,0.001000,0.001000,0.092312,32774
14.613062,596632.078104,0.005000,step_40,2,0.040000,0.040000,0.040000,0.041880,0.041880,0.468268,0.001618,0.001618,0.762882,32776
14.618062,596632.083203,0.005001,step_40,2,0.040000,0.040000,0.040000,0.036384,0.036384,0.558132,0.000929,0.000929,0.000000,32778
14.623062,596632.088303,0.004999,step_40,2,0.040000,0.040000,0.040000,0.043822,0.043822,0.478636,0.001449,0.001449,1.487629,32780
14.628062,596632.093437,0.005000,step_40,2,0.040000,0.040000,0.040000,0.039723,0.039723,0.348280,0.000943,0.000943,0.000000,32782
14.633061,596632.098572,0.004999,step_40,2,0.040000,0.040000,0.040000,0.042012,0.042012,0.335743,0.001505,0.001505,0.457936,32784
14.638063,596632.103711,0.005002,step_40,2,0.040000,0.040000,0.040000,0.042542,0.042542,0.410379,0.002009,0.002009,0.105957,32786
14.643063,596632.108851,0.005000,step_40,2,0.040000,0.040000,0.040000,0.041350,0.041350,0.534274,0.001555,0.001555,0.000000,32788
14.648062,596632.113987,0.004999,step_40,2,0.040000,0.040000,0.040000,0.042772,0.042772,0.626122,0.001108,0.001108,0.284345,32790
14.653061,596632.119073,0.004999,step_40,2,0.040000,0.040000,0.040000,0.041973,0.041973,0.626839,0.001712,0.001712,0.000000,32792
14.658073,596632.124246,0.005012,step_40,2,0.040000,0.040000,0.040000,0.043648,0.043648,0.517163,0.001344,0.001344,0.334159,32794
14.663061,596632.129353,0.004988,step_40,2,0.040000,0.040000,0.040000,0.035490,0.035490,0.356335,0.001795,0.001795,0.000000,32796
14.668065,596632.134504,0.005004,step_40,2,0.040000,0.040000,0.040000,0.040922,0.040922,0.154654,0.001425,0.001425,1.085639,32798
14.673061,596632.139722,0.004996,step_40,2,0.040000,0.040000,0.040000,0.036040,0.036040,-0.001984,0.001982,0.001982,0.000000,32800
14.678062,596632.144826,0.005001,step_40,2,0.040000,0.040000,0.040000,0.039395,0.039395,-0.032009,0.001525,0.001525,0.670959,32802
14.683062,596632.150044,0.005000,step_40,2,0.040000,0.040000,0.040000,0.042410,0.042410,0.002477,0.000835,0.000835,0.602980,32804
14.688061,596632.155150,0.005000,step_40,2,0.040000,0.040000,0.040000,0.035004,0.035004,0.081572,0.001405,0.001405,0.000000,32806
14.693061,596632.160255,0.005000,step_40,2,0.040000,0.040000,0.040000,0.036628,0.036628,0.223508,0.001991,0.001991,0.324798,32808
14.698062,596632.165380,0.005001,step_40,2,0.040000,0.040000,0.040000,0.038703,0.038703,0.351706,0.001539,0.001539,0.415009,32810
14.703062,596632.170517,0.005000,step_40,2,0.040000,0.040000,0.040000,0.038703,0.038703,0.387822,0.000922,0.000922,0.000000,32812
14.708062,596632.175603,0.005000,step_40,2,0.040000,0.040000,0.040000,0.035977,0.035977,0.352097,0.001539,0.001539,0.000000,32814
14.714068,596632.180689,0.006006,step_40,2,0.040000,0.040000,0.040000,0.039125,0.039125,0.223484,0.002049,0.002049,0.524006,32816
14.720347,596632.185812,0.006279,step_40,2,0.040000,0.040000,0.040000,0.037993,0.037993,0.181916,0.003782,0.003782,0.000000,32818
14.726277,596632.190933,0.005930,step_40,2,0.040000,0.040000,0.040000,0.042066,0.042066,0.320546,0.004185,0.004185,0.686872,32820
14.726277,596632.196022,0.000001,step_40,2,0.040000,0.040000,0.040000,0.042066,0.042066,0.320546,0.004185,0.004185,0.686872,32820
14.737520,596632.201103,0.011243,step_40,2,0.040000,0.040000,0.040000,0.041221,0.041221,0.592858,0.000777,0.000777,0.000000,32824
14.742023,596632.206187,0.004503,step_40,2,0.040000,0.040000,0.040000,0.036199,0.036199,0.496338,0.000849,0.000849,0.000000,32826
14.746372,596632.211272,0.004349,step_40,2,0.040000,0.040000,0.040000,0.036199,0.036199,0.396322,0.005130,0.005130,0.000000,32828
14.750698,596632.216404,0.004327,step_40,2,0.040000,0.040000,0.040000,0.040340,0.040340,0.278939,0.004078,0.004078,0.957052,32830
14.755021,596632.221548,0.004322,step_40,2,0.040000,0.040000,0.040000,0.039039,0.039039,0.268964,0.001922,0.001922,0.000000,32832
14.759323,596632.226631,0.004302,step_40,2,0.040000,0.040000,0.040000,0.038680,0.038680,0.291468,0.001777,0.001777,0.000000,32834
14.768061,596632.231758,0.008739,step_40,2,0.040000,0.040000,0.040000,0.037249,0.037249,0.353236,0.000726,0.000726,0.000000,32838
14.773063,596632.236882,0.005001,step_40,2,0.040000,0.040000,0.040000,0.037249,0.037249,0.497102,0.005674,0.005674,0.000000,32840
14.778062,596632.241996,0.005000,step_40,2,0.040000,0.040000,0.040000,0.041593,0.041593,0.478352,0.004785,0.004785,0.868800,32842
14.783063,596632.247127,0.005001,step_40,2,0.040000,0.040000,0.040000,0.036058,0.036058,0.382295,0.004756,0.004756,0.000000,32844
14.788063,596632.252204,0.005000,step_40,2,0.040000,0.040000,0.040000,0.038812,0.038812,0.337786,0.004756,0.004756,0.550740,32846
14.793067,596632.257327,0.005004,step_40,2,0.040000,0.040000,0.040000,0.040630,0.040630,0.325626,0.004773,0.004773,0.363361,32848
14.798062,596632.262445,0.004995,step_40,2,0.040000,0.040000,0.040000,0.038434,0.038434,0.344080,0.004727,0.004727,0.000000,32850
14.803062,596632.267531,0.005000,step_40,2,0.040000,0.040000,0.040000,0.042645,0.042645,0.332689,0.004739,0.004739,0.842210,32852
14.808063,596632.272612,0.005001,step_40,2,0.040000,0.040000,0.040000,0.044680,0.044680,0.349171,0.004764,0.004764,0.406901,32854
14.813064,596632.277732,0.005001,step_40,2,0.040000,0.040000,0.040000,0.038251,0.038251,0.443916,0.004786,0.004786,0.000000,32856
14.818063,596632.282878,0.004999,step_40,2,0.040000,0.040000,0.040000,0.040791,0.040791,0.468056,0.004728,0.004728,0.508234,32858
14.823062,596632.288012,0.004999,step_40,2,0.040000,0.040000,0.040000,0.037204,0.037204,0.384741,0.004729,0.004729,0.000000,32860
14.828062,596632.293102,0.005000,step_40,2,0.040000,0.040000,0.040000,0.041442,0.041442,0.220722,0.004751,0.004751,0.847411,32862
14.833063,596632.298190,0.005000,step_40,2,0.040000,0.040000,0.040000,0.040525,0.040525,0.056811,0.004755,0.004755,0.000000,32864
14.838063,596632.303274,0.005000,step_40,2,0.040000,0.040000,0.040000,0.038945,0.038945,0.045257,0.004760,0.004760,0.000000,32866
14.843067,596632.308400,0.005004,step_40,2,0.040000,0.040000,0.040000,0.039265,0.039265,0.111332,0.004929,0.004929,0.063873,32868
14.848067,596632.313520,0.005000,step_40,2,0.040000,0.040000,0.040000,0.039868,0.039868,0.244771,0.004552,0.004552,0.120700,32870
14.853067,596632.318616,0.005000,step_40,2,0.040000,0.040000,0.040000,0.042457,0.042457,0.481467,0.004528,0.004528,0.517655,32872
14.858068,596632.323821,0.005001,rest,2,0.000000,0.000000,0.000000,0.037268,0.037268,0.629645,0.004590,0.004590,0.000000,32874
14.863066,596632.329030,0.004999,rest,2,0.000000,0.000000,0.000000,0.037268,0.037268,0.593231,0.004533,0.004533,0.000001,32876
14.868062,596632.334232,0.004995,rest,2,0.000000,0.000000,0.000000,0.039981,0.039981,0.404616,0.004421,0.004421,0.542954,32878
14.873062,596632.339337,0.005000,rest,2,0.000000,0.000000,0.000000,0.041311,0.041311,0.255691,0.004739,0.004739,0.266002,32880
14.878061,596632.344476,0.004999,rest,2,0.000000,0.000000,0.000000,0.041311,0.041311,0.271328,0.004687,0.004687,0.000000,32882
14.883061,596632.349605,0.005000,rest,2,0.000000,0.000000,0.000000,0.039367,0.039367,0.322917,0.004613,0.004613,0.000000,32884
14.888061,596632.354731,0.005000,rest,2,0.000000,0.000000,0.000000,0.042907,0.042907,0.281744,0.004722,0.004722,0.708059,32886
14.893062,596632.359887,0.005001,rest,2,0.000000,0.000000,0.000000,0.036966,0.036966,0.161763,0.004760,0.004760,0.000000,32888
14.898063,596632.364977,0.005000,rest,2,0.000000,0.000000,0.000000,0.035454,0.035454,0.243455,0.004238,0.004238,0.000000,32890
14.903062,596632.370109,0.005000,rest,2,0.000000,0.000000,0.000000,0.031632,0.031632,0.442077,0.003788,0.003788,0.000000,32892
14.908373,596632.375205,0.005311,rest,2,0.000000,0.000000,0.000000,0.020116,0.020116,0.431099,0.003537,0.003537,0.000000,32894
14.913061,596632.380285,0.004688,rest,2,0.000000,0.000000,0.000000,0.015965,0.015965,0.308381,0.002774,0.002774,0.000000,32896
14.918061,596632.385406,0.005000,rest,2,0.000000,0.000000,0.000000,0.011637,0.011637,0.024724,0.003317,0.003317,0.000000,32898
14.923061,596632.390497,0.005000,rest,2,0.000000,0.000000,0.000000,0.011637,0.011637,-0.341719,0.003696,0.003696,0.000042,32900
14.928062,596632.395640,0.005001,rest,2,0.000000,0.000000,0.000000,0.009183,0.009183,-0.559969,0.003027,0.003027,0.000000,32902
14.933066,596632.400804,0.005004,rest,2,0.000000,0.000000,0.000000,0.001192,0.001192,-0.514775,0.003567,0.003567,0.000000,32904
14.938062,596632.405929,0.004997,rest,2,0.000000,0.000000,0.000000,0.001469,0.001469,-0.219491,0.003019,0.003019,0.055372,32906
14.943062,596632.411094,0.004999,rest,2,0.000000,0.000000,0.000000,0.000296,0.000296,0.073433,0.003561,0.003561,0.000000,32908
14.948063,596632.416181,0.005001,rest,2,0.000000,0.000000,0.000000,0.001191,0.001191,0.274360,0.002935,0.002935,0.178844,32910
14.954082,596632.421271,0.006019,rest,2,0.000000,0.000000,0.000000,0.000423,0.000423,0.374331,0.003444,0.003444,0.000000,32912
14.959938,596632.426377,0.005857,rest,2,0.000000,0.000000,0.000000,-0.000646,-0.000646,0.408377,0.003717,0.003717,0.000000,32914
14.964629,596632.431528,0.004690,rest,2,0.000000,0.000000,0.000000,0.000088,0.000088,0.479426,0.003924,0.003924,0.156482,32916
14.969746,596632.436678,0.005118,rest,2,0.000000,0.000000,0.000000,0.000088,0.000088,0.528248,0.003504,0.003504,0.000153,32918
14.978244,596632.441796,0.008497,rest,2,0.000000,0.000000,0.000000,0.000116,0.000116,0.546031,0.002018,0.002018,0.000000,32922
14.983061,596632.446907,0.004817,rest,2,0.000000,0.000000,0.000000,0.000003,0.000003,0.541453,0.002344,0.002344,0.000000,32924
14.988061,596632.452047,0.005000,rest,2,0.000000,0.000000,0.000000,0.001483,0.001483,0.470744,0.002860,0.002860,0.295811,32926
14.993065,596632.457158,0.005004,rest,2,0.000000,0.000000,0.000000,0.000876,0.000876,0.382443,0.002355,0.002355,0.000000,32928
14.998063,596632.462269,0.004998,rest,2,0.000000,0.000000,0.000000,0.002270,0.002270,0.300204,0.002864,0.002864,0.278832,32930
15.003062,596632.467373,0.004999,rest,2,0.000000,0.000000,0.000000,0.001773,0.001773,0.284309,0.002299,0.002299,0.000000,32932
15.008061,596632.472462,0.005000,rest,2,0.000000,0.000000,0.000000,0.002658,0.002658,0.345589,0.002678,0.002678,0.176980,32934
15.013061,596632.477617,0.005000,rest,2,0.000000,0.000000,0.000000,0.002659,0.002659,0.382936,0.002010,0.002010,0.000185,32936
15.018062,596632.482773,0.005000,rest,2,0.000000,0.000000,0.000000,0.002659,0.002659,0.365206,0.002550,0.002550,0.000064,32938
15.023061,596632.487901,0.004999,rest,2,0.000000,0.000000,0.000000,0.003967,0.003967,0.319412,0.002107,0.002107,0.261582,32940
15.028062,596632.493023,0.005001,rest,2,0.000000,0.000000,0.000000,0.005275,0.005275,0.302757,0.002738,0.002738,0.261467,32942
15.033062,596632.498124,0.005000,rest,2,0.000000,0.000000,0.000000,0.002941,0.002941,0.300764,0.002294,0.002294,0.000000,32944
15.038062,596632.503217,0.005000,rest,2,0.000000,0.000000,0.000000,0.001743,0.001743,0.313121,0.002854,0.002854,0.000000,32946
15.043069,596632.508304,0.005008,rest,2,0.000000,0.000000,0.000000,0.001743,0.001743,0.346204,0.002673,0.002673,0.000068,32948
15.048253,596632.513449,0.005183,rest,2,0.000000,0.000000,0.000000,0.003462,0.003462,0.399248,0.002333,0.002333,0.331559,32950
15.053066,596632.518588,0.004813,rest,2,0.000000,0.000000,0.000000,0.003462,0.003462,0.428431,0.002724,0.002724,0.000096,32952
15.058066,596632.523728,0.005000,rest,2,0.000000,0.000000,0.000000,0.002083,0.002083,0.453875,0.001763,0.001763,0.000000,32954
15.063061,596632.528870,0.004995,rest,2,0.000000,0.000000,0.000000,0.002084,0.002084,0.492869,0.002165,0.002165,0.000066,32956
15.068061,596632.533964,0.005000,rest,2,0.000000,0.000000,0.000000,0.002956,0.002956,0.479752,0.002660,0.002660,0.174370,32958
15.073061,596632.539184,0.005000,rest,2,0.000000,0.000000,0.000000,0.001637,0.001637,0.435746,0.002187,0.002187,0.000000,32960
15.078061,596632.544334,0.005000,rest,2,0.000000,0.000000,0.000000,0.003566,0.003566,0.354673,0.002754,0.002754,0.385657,32962
15.083061,596632.549494,0.005000,rest,2,0.000000,0.000000,0.000000,0.002512,0.002512,0.269358,0.002311,0.002311,0.000000,32964
15.088062,596632.554639,0.005001,rest,2,0.000000,0.000000,0.000000,0.000614,0.000614,0.252063,0.002861,0.002861,0.000000,32966
15.093061,596632.559840,0.004999,rest,2,0.000000,0.000000,0.000000,0.000684,0.000684,0.254670,0.002450,0.002450,0.014120,32968
15.098061,596632.565071,0.005000,rest,2,0.000000,0.000000,0.000000,0.002094,0.002094,0.267210,0.002004,0.002004,0.281919,32970
15.103061,596632.570265,0.005000,rest,2,0.000000,0.000000,0.000000,0.000462,0.000462,0.307472,0.002607,0.002607,0.000000,32972
15.109107,596632.575402,0.006046,rest,2,0.000000,0.000000,0.000000,0.000717,0.000717,0.342120,0.003574,0.003574,0.042189,32974
15.115479,596632.580503,0.006373,rest,2,0.000000,0.000000,0.000000,0.000309,0.000309,0.375622,0.005189,0.005189,0.000000,32976
15.121179,596632.585634,0.005699,rest,2,0.000000,0.000000,0.000000,-0.000236,-0.000236,0.396737,0.005453,0.005453,0.000000,32978
15.126840,596632.590749,0.005661,rest,2,0.000000,0.000000,0.000000,-0.002640,-0.002640,0.445406,0.001030,0.001030,0.000000,32980
15.131302,596632.595876,0.004462,rest,2,0.000000,0.000000,0.000000,-0.000652,-0.000652,0.468077,0.001081,0.001081,0.445610,32982
15.135509,596632.601085,0.004207,rest,2,0.000000,0.000000,0.000000,-0.000652,-0.000652,0.429057,0.005228,0.005228,0.000000,32984
15.139765,596632.606231,0.004256,rest,2,0.000000,0.000000,0.000000,-0.000057,-0.000057,0.411345,0.004068,0.004068,0.139725,32986
15.144303,596632.611317,0.004538,rest,2,0.000000,0.000000,0.000000,0.000730,0.000730,0.410805,0.003148,0.003148,0.173410,32988
15.153147,596632.616464,0.008844,rest,2,0.000000,0.000000,0.000000,0.001438,0.001438,0.427217,0.002044,0.002044,0.344514,32992
15.158062,596632.621607,0.004915,rest,2,0.000000,0.000000,0.000000,0.001090,0.001090,0.359604,0.002536,0.002536,0.000000,32994
15.163062,596632.626773,0.005000,rest,2,0.000000,0.000000,0.000000,0.002388,0.002388,0.273502,0.002903,0.002903,0.259684,32996
15.168062,596632.631924,0.005000,rest,2,0.000000,0.000000,0.000000,0.000820,0.000820,0.244830,0.002332,0.002332,0.000000,32998
15.173061,596632.637024,0.004999,rest,2,0.000000,0.000000,0.000000,-0.000717,-0.000717,0.260626,0.002829,0.002829,0.000000,33000
15.178062,596632.642206,0.005000,rest,2,0.000000,0.000000,0.000000,-0.000370,-0.000370,0.287762,0.002286,0.002286,0.069327,33002
15.183061,596632.647305,0.005000,rest,2,0.000000,0.000000,0.000000,-0.002089,-0.002089,0.320676,0.002827,0.002827,0.000000,33004
15.188061,596632.652406,0.005000,rest,2,0.000000,0.000000,0.000000,-0.001224,-0.001224,0.379784,0.002338,0.002338,0.173026,33006
15.193068,596632.657549,0.005007,rest,2,0.000000,0.000000,0.000000,-0.001673,-0.001673,0.395178,0.001855,0.001855,0.000000,33008
15.198061,596632.662655,0.004993,rest,2,0.000000,0.000000,0.000000,0.000596,0.000596,0.363871,0.002490,0.002490,0.454413,33010
15.203061,596632.667755,0.005000,rest,2,0.000000,0.000000,0.000000,-0.000275,-0.000275,0.337336,0.001987,0.001987,0.000000,33012
15.203061,596632.672879,0.000001,rest,2,0.000000,0.000000,0.000000,-0.000275,-0.000275,0.337336,0.001987,0.001987,0.000000,33012
15.208775,596632.678014,0.005714,rest,2,0.000000,0.000000,0.000000,-0.000879,-0.000879,0.319299,0.003098,0.003098,0.000000,33014
15.214429,596632.683204,0.005654,rest,2,0.000000,0.000000,0.000000,-0.000879,-0.000879,0.357056,0.003249,0.003249,0.000000,33016
15.224976,596632.688313,0.010547,rest,2,0.000000,0.000000,0.000000,-0.001832,-0.001832,0.463137,0.003708,0.003708,0.000000,33020
15.229240,596632.693520,0.004264,rest,2,0.000000,0.000000,0.000000,-0.000350,-0.000350,0.484291,0.003443,0.003443,0.347683,33022
15.233497,596632.698627,0.004257,rest,2,0.000000,0.000000,0.000000,-0.001042,-0.001042,0.431457,0.003230,0.003230,0.000000,33024
15.238061,596632.703775,0.004564,rest,2,0.000000,0.000000,0.000000,0.001626,0.001626,0.330206,0.002226,0.002226,0.584607,33026
15.243062,596632.708915,0.005001,rest,2,0.000000,0.000000,0.000000,-0.000164,-0.000164,0.258775,0.002772,0.002772,0.000000,33028
15.248062,596632.714072,0.004999,rest,2,0.000000,0.000000,0.000000,0.000933,0.000933,0.242107,0.002202,0.002202,0.219442,33030
15.253068,596632.719179,0.005006,rest,2,0.000000,0.000000,0.000000,0.000690,0.000690,0.278825,0.002902,0.002902,0.000000,33032
15.258061,596632.724281,0.004993,step_40,2,-0.040000,-0.040000,-0.040000,0.000449,0.000449,0.386853,0.002158,0.002158,0.000000,33034
15.263061,596632.729425,0.005000,step_40,2,-0.040000,-0.040000,-0.040000,0.002159,0.002159,0.450854,0.002655,0.002655,0.341945,33036
15.268066,596632.734606,0.005005,step_40,2,-0.040000,-0.040000,-0.040000,0.000017,0.000017,0.430232,0.002281,0.002281,0.000000,33038
15.273066,596632.739690,0.005000,step_40,2,-0.040000,-0.040000,-0.040000,0.000684,0.000684,0.418020,0.002777,0.002777,0.133419,33040
15.278066,596632.744826,0.005000,step_40,2,-0.040000,-0.040000,-0.040000,0.000882,0.000882,0.388440,0.002303,0.002303,0.039610,33042
15.283066,596632.749955,0.005000,step_40,2,-0.040000,-0.040000,-0.040000,0.001366,0.001366,0.359339,0.002739,0.002739,0.096923,33044
15.288066,596632.755108,0.005000,step_40,2,-0.040000,-0.040000,-0.040000,0.000025,0.000025,0.350568,0.002246,0.002246,0.000000,33046
15.293062,596632.760317,0.004996,step_40,2,-0.040000,-0.040000,-0.040000,0.000777,0.000777,0.338633,0.002602,0.002602,0.150567,33048
15.298062,596632.765474,0.005000,step_40,2,-0.040000,-0.040000,-0.040000,-0.010048,-0.010048,0.324200,0.002017,0.002017,0.000000,33050
15.303062,596632.770736,0.005000,step_40,2,-0.040000,-0.040000,-0.040000,-0.011671,-0.011671,0.209740,0.002507,0.002507,0.000000,33052
15.308061,596632.775980,0.004999,step_40,2,-0.040000,-0.040000,-0.040000,-0.014880,-0.014880,-0.006433,0.001911,0.001911,0.000000,33054
15.313066,596632.781308,0.005005,step_40,2,-0.040000,-0.040000,-0.040000,-0.025425,-0.025425,-0.238175,0.002363,0.002363,0.000000,33056
15.318061,596632.786463,0.004995,step_40,2,-0.040000,-0.040000,-0.040000,-0.029917,-0.029917,-0.418750,0.001785,0.001785,0.000000,33058
15.323061,596632.791634,0.005000,step_40,2,-0.040000,-0.040000,-0.040000,-0.029915,-0.029915,-0.530721,0.002193,0.002193,0.000262,33060
15.328624,596632.796795,0.005563,step_40,2,-0.040000,-0.040000,-0.040000,-0.040226,-0.040226,-0.635795,0.003496,0.003496,0.000000,33062
15.333853,596632.801971,0.005229,step_40,2,-0.040000,-0.040000,-0.040000,-0.040225,-0.040225,-0.653945,0.003048,0.003048,0.000230,33064
15.339730,596632.807204,0.005878,step_40,2,-0.040000,-0.040000,-0.040000,-0.042109,-0.042109,-0.477316,0.004357,0.004357,0.000000,33066
15.345935,596632.812435,0.006205,step_40,2,-0.040000,-0.040000,-0.040000,-0.042108,-0.042108,-0.150149,0.005007,0.005007,0.000187,33068
15.351015,596632.817545,0.005080,step_40,2,-0.040000,-0.040000,-0.040000,-0.042488,-0.042488,0.192936,0.004413,0.004413,0.000000,33070
15.355801,596632.822760,0.004786,step_40,2,-0.040000,-0.040000,-0.040000,-0.045652,-0.045652,0.494941,0.003411,0.003411,0.000000,33072
15.364365,596632.827926,0.008564,step_40,2,-0.040000,-0.040000,-0.040000,-0.046047,-0.046047,0.355261,0.001766,0.001766,0.000000,33076
15.368981,596632.833128,0.004616,step_40,2,-0.040000,-0.040000,-0.040000,-0.044025,-0.044025,0.291409,0.000514,0.000514,0.437975,33078
15.373642,596632.838243,0.004661,step_40,2,-0.040000,-0.040000,-0.040000,-0.044024,-0.044024,0.255608,0.000492,0.000492,0.000215,33080
15.378134,596632.843347,0.004492,step_40,2,-0.040000,-0.040000,-0.040000,-0.044058,-0.044058,0.365355,0.000437,0.000437,0.000000,33082
15.383062,596632.848516,0.004928,step_40,2,-0.040000,-0.040000,-0.040000,-0.044057,-0.044057,0.612062,0.000845,0.000845,0.000133,33084
15.388062,596632.853773,0.005000,step_40,2,-0.040000,-0.040000,-0.040000,-0.044057,-0.044057,0.773786,0.005792,0.005792,0.000000,33086
15.393063,596632.859041,0.005002,step_40,2,-0.040000,-0.040000,-0.040000,-0.040336,-0.040336,0.768822,0.004815,0.004815,0.744106,33088
15.398061,596632.864224,0.004998,step_40,2,-0.040000,-0.040000,-0.040000,-0.040335,-0.040335,0.522412,0.004649,0.004649,0.000103,33090
15.403062,596632.869345,0.005001,step_40,2,-0.040000,-0.040000,-0.040000,-0.035218,-0.035218,0.332567,0.004738,0.004738,1.023324,33092
15.408062,596632.874499,0.004999,step_40,2,-0.040000,-0.040000,-0.040000,-0.035218,-0.035218,0.286939,0.004736,0.004736,0.000000,33094
15.413062,596632.879642,0.005000,step_40,2,-0.040000,-0.040000,-0.040000,-0.040184,-0.040184,0.304328,0.004751,0.004751,0.000000,33096
15.418062,596632.884822,0.005000,step_40,2,-0.040000,-0.040000,-0.040000,-0.038239,-0.038239,0.396834,0.004754,0.004754,0.388979,33098
15.423743,596632.890189,0.005681,step_40,2,-0.040000,-0.040000,-0.040000,-0.037276,-0.037276,0.318195,0.000924,0.000924,0.169625,33100
15.429042,596632.895404,0.005299,step_40,2,-0.040000,-0.040000,-0.040000,-0.041961,-0.041961,0.119098,0.001378,0.001378,0.000000,33102
15.433811,596632.900593,0.004770,step_40,2,-0.040000,-0.040000,-0.040000,-0.040813,-0.040813,0.002627,0.001470,0.001470,0.240626,33104
15.438593,596632.905777,0.004782,step_40,2,-0.040000,-0.040000,-0.040000,-0.036616,-0.036616,0.153742,0.000496,0.000496,0.877815,33106
15.444629,596632.910947,0.006036,step_40,2,-0.040000,-0.040000,-0.040000,-0.036000,-0.036000,0.480961,0.002073,0.002073,0.101996,33108
15.451074,596632.916081,0.006445,step_40,2,-0.040000,-0.040000,-0.040000,-0.039297,-0.039297,0.480961,0.002898,0.002898,0.000000,33110
15.451074,596632.921271,0.000001,step_40,2,-0.040000,-0.040000,-0.040000,-0.039297,-0.039297,0.681827,0.002898,0.002898,0.000000,33110
15.457395,596632.926480,0.006321,step_40,2,-0.040000,-0.040000,-0.040000,-0.033671,-0.033671,0.681091,0.004739,0.004739,0.890117,33112
15.464121,596632.931682,0.006726,step_40,2,-0.040000,-0.040000,-0.040000,-0.039671,-0.039671,0.549343,0.000465,0.000465,0.000000,33114
15.470489,596632.936880,0.006367,step_40,2,-0.040000,-0.040000,-0.040000,-0.038359,-0.038359,0.413747,0.002356,0.002356,0.206096,33116
15.476939,596632.942059,0.006451,step_40,2,-0.040000,-0.040000,-0.040000,-0.039600,-0.039600,0.311636,0.003201,0.003201,0.000000,33118
15.476939,596632.947249,0.000001,step_40,2,-0.040000,-0.040000,-0.040000,-0.039600,-0.039600,0.311636,0.003201,0.003201,0.000000,33118
15.482559,596632.952447,0.005620,step_40,2,-0.040000,-0.040000,-0.040000,-0.042385,-0.042385,0.349009,0.003368,0.003368,0.000000,33120
15.490089,596632.957644,0.007530,step_40,2,-0.040000,-0.040000,-0.040000,-0.039889,-0.039889,0.427561,0.000692,0.000692,0.331544,33122
15.497132,596632.962835,0.007044,step_40,2,-0.040000,-0.040000,-0.040000,-0.041462,-0.041462,0.512195,0.002021,0.002021,0.000000,33124
15.497132,596632.968068,0.000001,step_40,2,-0.040000,-0.040000,-0.040000,-0.041462,-0.041462,0.512195,0.002021,0.002021,0.000000,33124
15.503957,596632.973269,0.006825,step_40,2,-0.040000,-0.040000,-0.040000,-0.039333,-0.039333,0.599212,0.004144,0.004144,0.311889,33126
15.510329,596632.978424,0.006372,step_40,2,-0.040000,-0.040000,-0.040000,-0.035193,-0.035193,0.556635,0.005867,0.005867,0.649827,33128
15.516353,596632.983584,0.006024,step_40,2,-0.040000,-0.040000,-0.040000,-0.035946,-0.035946,0.411095,0.001208,0.001208,0.000000,33130
15.521483,596632.988718,0.005130,step_40,2,-0.040000,-0.040000,-0.040000,-0.039167,-0.039167,0.315749,0.001633,0.001633,0.000000,33132
15.526356,596632.993873,0.004873,step_40,2,-0.040000,-0.040000,-0.040000,-0.039214,-0.039214,0.304010,0.001971,0.001971,0.000000,33134
15.531205,596632.999023,0.004849,step_40,2,-0.040000,-0.040000,-0.040000,-0.037795,-0.037795,0.354457,0.001106,0.001106,0.292608,33136
15.540477,596633.004165,0.009272,step_40,2,-0.040000,-0.040000,-0.040000,-0.035416,-0.035416,0.567577,0.001174,0.001174,0.000000,33140
15.545336,596633.009285,0.004859,step_40,2,-0.040000,-0.040000,-0.040000,-0.035416,-0.035416,0.647830,0.006009,0.006009,0.000000,33142
15.550334,596633.014405,0.004998,step_40,2,-0.040000,-0.040000,-0.040000,-0.036522,-0.036522,0.663752,0.001138,0.001138,0.000000,33144
15.555338,596633.019553,0.005004,step_40,2,-0.040000,-0.040000,-0.040000,-0.036522,-0.036522,0.646894,0.006122,0.006122,0.000000,33146
15.560335,596633.024687,0.004997,step_40,2,-0.040000,-0.040000,-0.040000,-0.034730,-0.034730,0.567765,0.004784,0.004784,0.358493,33148
15.565337,596633.029878,0.005002,step_40,2,-0.040000,-0.040000,-0.040000,-0.041924,-0.041924,0.441893,0.004681,0.004681,0.000000,33150
15.570340,596633.035079,0.005003,step_40,2,-0.040000,-0.040000,-0.040000,-0.036273,-0.036273,0.383908,0.004761,0.004761,1.129573,33152
15.575335,596633.040281,0.004996,step_40,2,-0.040000,-0.040000,-0.040000,-0.037655,-0.037655,0.333414,0.004670,0.004670,0.000000,33154
15.580336,596633.045480,0.005001,step_40,2,-0.040000,-0.040000,-0.040000,-0.036673,-0.036673,0.291895,0.004752,0.004752,0.196241,33156
15.585376,596633.050651,0.005039,step_40,2,-0.040000,-0.040000,-0.040000,-0.040053,-0.040053,0.344495,0.004710,0.004710,0.000000,33158
15.590372,596633.055819,0.004996,step_40,2,-0.040000,-0.040000,-0.040000,-0.041156,-0.041156,0.430298,0.004704,0.004704,0.000000,33160
15.595351,596633.061042,0.004979,step_40,2,-0.040000,-0.040000,-0.040000,-0.036118,-0.036118,0.489396,0.004663,0.004663,1.011908,33162
15.600552,596633.066191,0.005201,step_40,2,-0.040000,-0.040000,-0.040000,-0.035042,-0.035042,0.519956,0.000495,0.000495,0.206812,33164
15.605393,596633.071335,0.004841,step_40,2,-0.040000,-0.040000,-0.040000,-0.035955,-0.035955,0.451398,0.000786,0.000786,0.000000,33166
15.610334,596633.076516,0.004941,step_40,2,-0.040000,-0.040000,-0.040000,-0.035562,-0.035562,0.426324,0.001014,0.001014,0.079471,33168
15.615335,596633.081667,0.005001,step_40,2,-0.040000,-0.040000,-0.040000,-0.035562,-0.035562,0.504176,0.005931,0.005931,0.000000,33170
15.620334,596633.086825,0.005000,step_40,2,-0.040000,-0.040000,-0.040000,-0.036068,-0.036068,0.496772,0.000927,0.000927,0.000000,33172
15.625335,596633.091981,0.005001,step_40,2,-0.040000,-0.040000,-0.040000,-0.036068,-0.036068,0.445929,0.005877,0.005877,0.000000,33174
15.630334,596633.097056,0.004999,step_40,2,-0.040000,-0.040000,-0.040000,-0.036068,-0.036068,0.432816,0.004748,0.004748,0.000000,33176
15.635336,596633.102171,0.005002,step_40,2,-0.040000,-0.040000,-0.040000,-0.035764,-0.035764,0.447105,0.004688,0.004688,0.060941,33178
15.640335,596633.107283,0.004999,step_40,2,-0.040000,-0.040000,-0.040000,-0.036748,-0.036748,0.437453,0.003097,0.003097,0.000000,33180
15.645336,596633.112384,0.005001,step_40,2,-0.040000,-0.040000,-0.040000,-0.035874,-0.035874,0.353621,0.003777,0.003777,0.174732,33182
15.650335,596633.117494,0.004999,step_40,2,-0.040000,-0.040000,-0.040000,-0.035440,-0.035440,0.323293,0.003260,0.003260,0.086923,33184
15.655336,596633.122640,0.005002,step_40,2,-0.040000,-0.040000,-0.040000,-0.038713,-0.038713,0.431832,0.003926,0.003926,0.000000,33186
15.660336,596633.127753,0.005000,step_40,2,-0.040000,-0.040000,-0.040000,-0.039321,-0.039321,0.570950,0.003467,0.003467,0.000000,33188
15.665335,596633.132904,0.004999,step_40,2,-0.040000,-0.040000,-0.040000,-0.035344,-0.035344,0.550192,0.004088,0.004088,0.795589,33190
15.670335,596633.138052,0.005000,step_40,2,-0.040000,-0.040000,-0.040000,-0.037915,-0.037915,0.409063,0.003628,0.003628,0.000000,33192
15.675335,596633.143168,0.005000,step_40,2,-0.040000,-0.040000,-0.040000,-0.037915,-0.037915,0.323698,0.003163,0.003163,0.000000,33194
15.685335,596633.148274,0.009999,step_40,2,-0.040000,-0.040000,-0.040000,-0.037433,-0.037433,0.445125,0.003185,0.003185,0.000000,33198
15.690334,596633.153414,0.004999,step_40,2,-0.040000,-0.040000,-0.040000,-0.037558,-0.037558,0.555662,0.003649,0.003649,0.000000,33200
15.695335,596633.158551,0.005001,step_40,2,-0.040000,-0.040000,-0.040000,-0.035344,-0.035344,0.621683,0.003985,0.003985,0.442616,33202
15.700335,596633.163705,0.005000,step_40,2,-0.040000,-0.040000,-0.040000,-0.035965,-0.035965,0.532238,0.003464,0.003464,0.000000,33204
15.705334,596633.168874,0.005000,step_40,2,-0.040000,-0.040000,-0.040000,-0.038664,-0.038664,0.412094,0.003943,0.003943,0.000000,33206
15.710334,596633.174051,0.005000,step_40,2,-0.040000,-0.040000,-0.040000,-0.037888,-0.037888,0.271115,0.003428,0.003428,0.155201,33208
15.715336,596633.179205,0.005002,step_40,2,-0.040000,-0.040000,-0.040000,-0.038501,-0.038501,0.193982,0.004065,0.004065,0.000000,33210
15.720337,596633.184314,0.005000,step_40,2,-0.040000,-0.040000,-0.040000,-0.038210,-0.038210,0.317760,0.003613,0.003613,0.058145,33212
15.725334,596633.189456,0.004998,step_40,2,-0.040000,-0.040000,-0.040000,-0.040663,-0.040663,0.505090,0.004198,0.004198,0.000000,33214
15.730340,596633.194615,0.005006,step_40,2,-0.040000,-0.040000,-0.040000,-0.034368,-0.034368,0.567511,0.003849,0.003849,1.257551,33216
15.735341,596633.199818,0.005001,step_40,2,-0.040000,-0.040000,-0.040000,-0.038249,-0.038249,0.527539,0.004372,0.004372,0.000000,33218
15.740339,596633.204978,0.004999,step_40,2,-0.040000,-0.040000,-0.040000,-0.035616,-0.035616,0.438977,0.003883,0.003883,0.526654,33220
15.745334,596633.210035,0.004995,step_40,2,-0.040000,-0.040000,-0.040000,-0.035485,-0.035485,0.369337,0.003231,0.003231,0.026152,33222
15.750335,596633.215181,0.005001,step_40,2,-0.040000,-0.040000,-0.040000,-0.036766,-0.036766,0.480478,0.003823,0.003823,0.000000,33224
15.755479,596633.220284,0.005144,step_40,2,-0.040000,-0.040000,-0.040000,-0.035971,-0.035971,0.531195,0.003555,0.003555,0.154671,33226
15.760334,596633.225407,0.004855,step_40,2,-0.040000,-0.040000,-0.040000,-0.040737,-0.040737,0.473639,0.004004,0.004004,0.000000,33228
15.765334,596633.230589,0.005000,step_40,2,-0.040000,-0.040000,-0.040000,-0.034225,-0.034225,0.444120,0.003560,0.003560,1.302578,33230
15.770334,596633.235749,0.005000,step_40,2,-0.040000,-0.040000,-0.040000,-0.041128,-0.041128,0.409703,0.004163,0.004163,0.000000,33232
15.775337,596633.240897,0.005002,step_40,2,-0.040000,-0.040000,-0.040000,-0.038139,-0.038139,0.327697,0.003817,0.003817,0.597412,33234
15.780337,596633.246061,0.005000,step_40,2,-0.040000,-0.040000,-0.040000,-0.038679,-0.038679,0.326952,0.003391,0.003391,0.000000,33236
15.785335,596633.251168,0.004998,step_40,2,-0.040000,-0.040000,-0.040000,-0.036745,-0.036745,0.431187,0.003838,0.003838,0.387123,33238
15.790334,596633.256266,0.004999,step_40,2,-0.040000,-0.040000,-0.040000,-0.036230,-0.036230,0.467550,0.004140,0.004140,0.103018,33240
15.795334,596633.261374,0.005000,step_40,2,-0.040000,-0.040000,-0.040000,-0.038461,-0.038461,0.479936,0.003482,0.003482,0.000000,33242
15.800336,596633.266518,0.005001,step_40,2,-0.040000,-0.040000,-0.040000,-0.034951,-0.034951,0.560706,0.003934,0.003934,0.701860,33244
15.805334,596633.271622,0.004999,step_40,2,-0.040000,-0.040000,-0.040000,-0.034951,-0.034951,0.594489,0.003399,0.003399,0.000000,33246
15.810334,596633.276721,0.004999,step_40,2,-0.040000,-0.040000,-0.040000,-0.035920,-0.035920,0.516433,0.003921,0.003921,0.000000,33248
15.815335,596633.281824,0.005001,step_40,2,-0.040000,-0.040000,-0.040000,-0.035920,-0.035920,0.475215,0.003374,0.003374,0.000000,33250
15.820337,596633.287033,0.005002,step_40,2,-0.040000,-0.040000,-0.040000,-0.037286,-0.037286,0.444987,0.003992,0.003992,0.000000,33252
15.825335,596633.292209,0.004998,step_40,2,-0.040000,-0.040000,-0.040000,-0.036444,-0.036444,0.448718,0.003536,0.003536,0.168463,33254
15.830335,596633.297392,0.005000,step_40,2,-0.040000,-0.040000,-0.040000,-0.036097,-0.036097,0.445512,0.004075,0.004075,0.069302,33256
15.835334,596633.302559,0.004999,step_40,2,-0.040000,-0.040000,-0.040000,-0.036098,-0.036098,0.394738,0.003591,0.003591,0.000000,33258
15.840334,596633.307839,0.005000,step_40,2,-0.040000,-0.040000,-0.040000,-0.034630,-0.034630,0.369320,0.004150,0.004150,0.293600,33260
15.845334,596633.313064,0.005000,step_40,2,-0.040000,-0.040000,-0.040000,-0.036441,-0.036441,0.361331,0.003639,0.003639,0.000000,33262
15.850334,596633.318231,0.005000,step_40,2,-0.040000,-0.040000,-0.040000,-0.037596,-0.037596,0.381935,0.004092,0.004092,0.000000,33264
15.855334,596633.323399,0.005000,step_40,2,-0.040000,-0.040000,-0.040000,-0.037147,-0.037147,0.436269,0.003442,0.003442,0.089991,33266
15.865335,596633.328582,0.010000,step_40,2,-0.040000,-0.040000,-0.040000,-0.039255,-0.039255,0.399672,0.003552,0.003552,0.303961,33270
15.870334,596633.333866,0.005000,step_40,2,-0.040000,-0.040000,-0.040000,-0.038605,-0.038605,0.448232,0.004027,0.004027,0.130016,33272
15.875334,596633.339037,0.005000,step_40,2,-0.040000,-0.040000,-0.040000,-0.039224,-0.039224,0.492572,0.003463,0.003463,0.000000,33274
15.880335,596633.344157,0.005000,step_40,2,-0.040000,-0.040000,-0.040000,-0.035738,-0.035738,0.462083,0.003990,0.003990,0.697098,33276
15.880335,596633.349275,0.000001,step_40,2,-0.040000,-0.040000,-0.040000,-0.035738,-0.035738,0.462083,0.003990,0.003990,0.697098,33276
15.890852,596633.354435,0.010518,step_40,2,-0.040000,-0.040000,-0.040000,-0.035876,-0.035876,0.498908,0.004502,0.004502,1.114305,33280
15.895532,596633.359621,0.004680,step_40,2,-0.040000,-0.040000,-0.040000,-0.039609,-0.039609,0.406511,0.003608,0.003608,0.000000,33282
15.900335,596633.364870,0.004802,step_40,2,-0.040000,-0.040000,-0.040000,-0.036491,-0.036491,0.313007,0.003944,0.003944,0.649095,33284
15.905336,596633.370209,0.005001,step_40,2,-0.040000,-0.040000,-0.040000,-0.038786,-0.038786,0.295236,0.003382,0.003382,0.000000,33286
15.910334,596633.375376,0.004999,step_40,2,-0.040000,-0.040000,-0.040000,-0.039525,-0.039525,0.392556,0.003848,0.003848,0.000000,33288
15.915334,596633.380577,0.005000,step_40,2,-0.040000,-0.040000,-0.040000,-0.037614,-0.037614,0.417956,0.003334,0.003334,0.382235,33290
15.920336,596633.385846,0.005001,step_40,2,-0.040000,-0.040000,-0.040000,-0.039563,-0.039563,0.468406,0.003882,0.003882,0.000000,33292
15.925335,596633.391141,0.004999,step_40,2,-0.040000,-0.040000,-0.040000,-0.035739,-0.035739,0.455543,0.003304,0.003304,0.765043,33294
15.930334,596633.396309,0.005000,step_40,2,-0.040000,-0.040000,-0.040000,-0.040863,-0.040863,0.457594,0.003872,0.003872,0.000000,33296
15.935335,596633.401478,0.005001,step_40,2,-0.040000,-0.040000,-0.040000,-0.038371,-0.038371,0.522906,0.003309,0.003309,0.498298,33298
15.940334,596633.406699,0.004999,step_40,2,-0.040000,-0.040000,-0.040000,-0.036236,-0.036236,0.537444,0.003803,0.003803,0.427084,33300
15.945334,596633.411977,0.005000,step_40,2,-0.040000,-0.040000,-0.040000,-0.043276,-0.043276,0.541730,0.003235,0.003235,0.000000,33302
15.950334,596633.417251,0.005000,step_40,2,-0.040000,-0.040000,-0.040000,-0.040612,-0.040612,0.553998,0.003824,0.003824,0.532698,33304
15.955342,596633.422432,0.005008,step_40,2,-0.040000,-0.040000,-0.040000,-0.041724,-0.041724,0.441509,0.003317,0.003317,0.000000,33306
15.962008,596633.427637,0.006666,step_40,2,-0.040000,-0.040000,-0.040000,-0.040864,-0.040864,0.318492,0.000846,0.000846,0.128968,33308
15.966885,596633.432882,0.004877,step_40,2,-0.040000,-0.040000,-0.040000,-0.040864,-0.040864,0.318937,0.005632,0.005632,0.000000,33310
15.971343,596633.438113,0.004458,step_40,2,-0.040000,-0.040000,-0.040000,-0.039260,-0.039260,0.415507,0.004256,0.004256,0.359677,33312
15.980334,596633.443280,0.008991,step_40,2,-0.040000,-0.040000,-0.040000,-0.042091,-0.042091,0.580661,0.002104,0.002104,0.000000,33316
15.985334,596633.448445,0.005000,step_40,2,-0.040000,-0.040000,-0.040000,-0.036845,-0.036845,0.550636,0.002675,0.002675,1.049324,33318
15.990334,596633.453759,0.005000,step_40,2,-0.040000,-0.040000,-0.040000,-0.037416,-0.037416,0.498306,0.002139,0.002139,0.000000,33320
15.995334,596633.459208,0.005000,step_40,2,-0.040000,-0.040000,-0.040000,-0.037416,-0.037416,0.409815,0.002613,0.002613,0.000000,33322
16.000335,596633.464328,0.005000,step_40,2,-0.040000,-0.040000,-0.040000,-0.036652,-0.036652,0.429199,0.003004,0.003004,0.152934,33324
16.005334,596633.469432,0.005000,step_40,2,-0.040000,-0.040000,-0.040000,-0.036652,-0.036652,0.545035,0.002506,0.002506,0.000000,33326
16.010334,596633.474577,0.005000,step_40,2,-0.040000,-0.040000,-0.040000,-0.040097,-0.040097,0.599446,0.003101,0.003101,0.000000,33328
16.015334,596633.479797,0.005000,step_40,2,-0.040000,-0.040000,-0.040000,-0.037355,-0.037355,0.492920,0.002629,0.002629,0.548279,33330
16.020334,596633.485005,0.005000,step_40,2,-0.040000,-0.040000,-0.040000,-0.038639,-0.038639,0.313960,0.002185,0.002185,0.000000,33332
16.025334,596633.490175,0.005000,step_40,2,-0.040000,-0.040000,-0.040000,-0.036752,-0.036752,0.259117,0.002704,0.002704,0.377531,33334
16.030334,596633.495284,0.005000,step_40,2,-0.040000,-0.040000,-0.040000,-0.038662,-0.038662,0.284411,0.003086,0.003086,0.000000,33336
16.035335,596633.500447,0.005001,step_40,2,-0.040000,-0.040000,-0.040000,-0.041033,-0.041033,0.328803,0.002589,0.002589,0.000000,33338
16.040335,596633.505590,0.004999,step_40,2,-0.040000,-0.040000,-0.040000,-0.039034,-0.039034,0.396310,0.002039,0.002039,0.399829,33340
16.045334,596633.510718,0.005000,step_40,2,-0.040000,-0.040000,-0.040000,-0.042000,-0.042000,0.435073,0.002546,0.002546,0.000000,33342
16.050335,596633.515843,0.005000,step_40,2,-0.040000,-0.040000,-0.040000,-0.036963,-0.036963,0.422843,0.003116,0.003116,1.007496,33344
16.055335,596633.520970,0.005000,step_40,2,-0.040000,-0.040000,-0.040000,-0.040726,-0.040726,0.462946,0.002573,0.002573,0.000000,33346
16.060335,596633.526120,0.005000,step_40,2,-0.040000,-0.040000,-0.040000,-0.036980,-0.036980,0.585675,0.003109,0.003109,0.749110,33348
16.065334,596633.531207,0.005000,step_40,2,-0.040000,-0.040000,-0.040000,-0.039969,-0.039969,0.690652,0.002573,0.002573,0.000000,33350
16.070335,596633.536314,0.005001,step_40,2,-0.040000,-0.040000,-0.040000,-0.040381,-0.040381,0.767914,0.003059,0.003059,0.000000,33352
16.075337,596633.541438,0.005002,step_40,2,-0.040000,-0.040000,-0.040000,-0.038234,-0.038234,0.686126,0.002483,0.002483,0.429273,33354
16.080334,596633.546543,0.004997,step_40,2,-0.040000,-0.040000,-0.040000,-0.036877,-0.036877,0.475679,0.002988,0.002988,0.271475,33356
16.085340,596633.551676,0.005006,step_40,2,-0.040000,-0.040000,-0.040000,-0.034524,-0.034524,0.323516,0.002460,0.002460,0.470122,33358
16.090340,596633.556776,0.005000,step_40,2,-0.040000,-0.040000,-0.040000,-0.035554,-0.035554,0.267924,0.002687,0.002687,0.000000,33360
16.095335,596633.561869,0.004995,step_40,2,-0.040000,-0.040000,-0.040000,-0.038044,-0.038044,0.333693,0.002097,0.002097,0.000000,33362
16.100334,596633.567114,0.004999,step_40,2,-0.040000,-0.040000,-0.040000,-0.041653,-0.041653,0.437742,0.002635,0.002635,0.000000,33364
16.105338,596633.572217,0.005003,step_40,2,-0.040000,-0.040000,-0.040000,-0.034521,-0.034521,0.543269,0.003171,0.003171,1.425489,33366
16.110335,596633.577348,0.004997,step_40,2,-0.040000,-0.040000,-0.040000,-0.039737,-0.039737,0.627609,0.002501,0.002501,0.000000,33368
16.115335,596633.582480,0.005000,step_40,2,-0.040000,-0.040000,-0.040000,-0.036991,-0.036991,0.658668,0.002981,0.002981,0.549157,33370
16.120341,596633.587603,0.005006,step_40,2,-0.040000,-0.040000,-0.040000,-0.035886,-0.035886,0.563718,0.002595,0.002595,0.220779,33372
16.125341,596633.592718,0.005000,step_40,2,-0.040000,-0.040000,-0.040000,-0.040705,-0.040705,0.404565,0.003069,0.003069,0.000000,33374
16.130339,596633.597837,0.004999,step_40,2,-0.040000,-0.040000,-0.040000,-0.038417,-0.038417,0.343494,0.002538,0.002538,0.457667,33376
16.135339,596633.603006,0.005000,step_40,2,-0.040000,-0.040000,-0.040000,-0.039160,-0.039160,0.332397,0.003135,0.003135,0.000000,33378
16.140334,596633.608129,0.004994,step_40,2,-0.040000,-0.040000,-0.040000,-0.037908,-0.037908,0.375516,0.002550,0.002550,0.250766,33380
16.150335,596633.613268,0.010002,step_40,2,-0.040000,-0.040000,-0.040000,-0.037249,-0.037249,0.428723,0.002676,0.002676,0.380902,33384
16.155334,596633.618435,0.004999,step_40,2,-0.040000,-0.040000,-0.040000,-0.037249,-0.037249,0.383108,0.002188,0.002188,0.000000,33386
16.160335,596633.623555,0.005001,step_40,2,-0.040000,-0.040000,-0.040000,-0.040563,-0.040563,0.412730,0.002726,0.002726,0.000000,33388
16.165336,596633.628716,0.005002,step_40,2,-0.040000,-0.040000,-0.040000,-0.040563,-0.040563,0.421500,0.002260,0.002260,0.000000,33390
16.170334,596633.633889,0.004998,step_40,2,-0.040000,-0.040000,-0.040000,-0.036476,-0.036476,0.422905,0.002822,0.002822,0.817721,33392
16.175334,596633.639065,0.005000,step_40,2,-0.040000,-0.040000,-0.040000,-0.036477,-0.036477,0.449517,0.002356,0.002356,0.000000,33394
16.180334,596633.644168,0.005000,step_40,2,-0.040000,-0.040000,-0.040000,-0.043589,-0.043589,0.481723,0.002951,0.002951,0.000000,33396
16.185345,596633.649265,0.005011,step_40,2,-0.040000,-0.040000,-0.040000,-0.042246,-0.042246,0.566224,0.002475,0.002475,0.268075,33398
16.190334,596633.654373,0.004990,step_40,2,-0.040000,-0.040000,-0.040000,-0.038455,-0.038455,0.616583,0.003340,0.003340,0.759697,33400
16.195334,596633.659493,0.004999,step_40,2,-0.040000,-0.040000,-0.040000,-0.039325,-0.039325,0.633867,0.002651,0.002651,0.000000,33402
16.200334,596633.664614,0.005001,step_40,2,-0.040000,-0.040000,-0.040000,-0.036849,-0.036849,0.607317,0.002184,0.002184,0.495049,33404
16.205334,596633.669745,0.005000,step_40,2,-0.040000,-0.040000,-0.040000,-0.038264,-0.038264,0.428685,0.002805,0.002805,0.000000,33406
16.210337,596633.674881,0.005002,step_40,2,-0.040000,-0.040000,-0.040000,-0.038670,-0.038670,0.338171,0.002329,0.002329,0.000000,33408
16.215335,596633.680057,0.004998,step_40,2,-0.040000,-0.040000,-0.040000,-0.040395,-0.040395,0.348714,0.002948,0.002948,0.000000,33410
16.220334,596633.685182,0.005000,step_40,2,-0.040000,-0.040000,-0.040000,-0.043979,-0.043979,0.394041,0.002450,0.002450,0.000000,33412
16.225335,596633.690295,0.005000,step_40,2,-0.040000,-0.040000,-0.040000,-0.037077,-0.037077,0.446654,0.003009,0.003009,1.380162,33414
16.230334,596633.695405,0.005000,step_40,2,-0.040000,-0.040000,-0.040000,-0.036973,-0.036973,0.518244,0.002270,0.002270,0.020948,33416
16.235343,596633.700573,0.005008,step_40,2,-0.040000,-0.040000,-0.040000,-0.039079,-0.039079,0.586547,0.002980,0.002980,0.000000,33418
16.240334,596633.705722,0.004992,step_40,2,-0.040000,-0.040000,-0.040000,-0.038570,-0.038570,0.560903,0.002387,0.002387,0.102001,33420
16.245343,596633.710830,0.005009,step_40,2,-0.040000,-0.040000,-0.040000,-0.036010,-0.036010,0.539585,0.003071,0.003071,0.511173,33422
16.250334,596633.715976,0.004991,step_40,2,-0.040000,-0.040000,-0.040000,-0.037446,-0.037446,0.493198,0.002585,0.002585,0.000000,33424
16.255335,596633.721124,0.005001,step_40,2,-0.040000,-0.040000,-0.040000,-0.038249,-0.038249,0.436958,0.003136,0.003136,0.000000,33426
16.260337,596633.726239,0.005002,rest,2,0.000000,0.000000,0.000000,-0.035732,-0.035732,0.436991,0.002812,0.002812,0.503199,33428
16.265334,596633.731380,0.004997,rest,2,0.000000,0.000000,0.000000,-0.041198,-0.041198,0.433861,0.002311,0.002311,0.000000,33430
16.270854,596633.736515,0.005520,rest,2,0.000000,0.000000,0.000000,-0.043629,-0.043629,0.444585,0.003243,0.003243,0.000000,33432
16.275335,596633.741628,0.004480,rest,2,0.000000,0.000000,0.000000,-0.037232,-0.037232,0.483721,0.002223,0.002223,1.427936,33434
16.280334,596633.746739,0.004999,rest,2,0.000000,0.000000,0.000000,-0.041359,-0.041359,0.501526,0.002729,0.002729,0.000000,33436
16.285334,596633.751837,0.005000,rest,2,0.000000,0.000000,0.000000,-0.036247,-0.036247,0.503617,0.002180,0.002180,1.022545,33438
16.290334,596633.756984,0.005000,rest,2,0.000000,0.000000,0.000000,-0.036174,-0.036174,0.517452,0.002738,0.002738,0.014439,33440
16.295340,596633.762112,0.005006,rest,2,0.000000,0.000000,0.000000,-0.036175,-0.036175,0.572785,0.002380,0.002380,0.000000,33442
16.300340,596633.767288,0.005000,rest,2,0.000000,0.000000,0.000000,-0.026825,-0.026825,0.600961,0.002937,0.002937,1.870039,33444
16.305334,596633.772413,0.004994,rest,2,0.000000,0.000000,0.000000,-0.026826,-0.026826,0.568518,0.002325,0.002325,0.000000,33446
16.310334,596633.777553,0.005000,rest,2,0.000000,0.000000,0.000000,-0.029690,-0.029690,0.667909,0.002869,0.002869,0.000000,33448
16.315334,596633.782667,0.005000,rest,2,0.000000,0.000000,0.000000,-0.018486,-0.018486,0.910255,0.002316,0.002316,2.240906,33450
16.320334,596633.787785,0.005000,rest,2,0.000000,0.000000,0.000000,-0.018424,-0.018424,1.120123,0.002839,0.002839,0.012320,33452
16.325335,596633.792908,0.005000,rest,2,0.000000,0.000000,0.000000,-0.009146,-0.009146,1.252240,0.002287,0.002287,1.855677,33454
16.330335,596633.798189,0.005000,rest,2,0.000000,0.000000,0.000000,-0.011631,-0.011631,1.268168,0.002711,0.002711,0.000000,33456
16.340334,596633.803334,0.009999,rest,2,0.000000,0.000000,0.000000,-0.007828,-0.007828,0.787811,0.002576,0.002576,0.000000,33460
16.345335,596633.808486,0.005001,rest,2,0.000000,0.000000,0.000000,-0.004973,-0.004973,0.585228,0.003164,0.003164,0.570883,33462
16.350335,596633.813566,0.004999,rest,2,0.000000,0.000000,0.000000,-0.006729,-0.006729,0.506965,0.002648,0.002648,0.000000,33464
16.355335,596633.818690,0.005000,rest,2,0.000000,0.000000,0.000000,-0.007793,-0.007793,0.452013,0.003183,0.003183,0.000000,33466
16.360334,596633.823826,0.005000,rest,2,0.000000,0.000000,0.000000,-0.006626,-0.006626,0.407272,0.002650,0.002650,0.233404,33468
16.365334,596633.828923,0.005000,rest,2,0.000000,0.000000,0.000000,-0.005268,-0.005268,0.470481,0.002058,0.002058,0.271580,33470
16.370335,596633.834243,0.005001,rest,2,0.000000,0.000000,0.000000,-0.005676,-0.005676,0.573495,0.002595,0.002595,0.000000,33472
16.375336,596633.839346,0.005001,rest,2,0.000000,0.000000,0.000000,-0.004665,-0.004665,0.564977,0.003096,0.003096,0.202110,33474
16.380334,596633.844511,0.004999,rest,2,0.000000,0.000000,0.000000,-0.002313,-0.002313,0.513922,0.002457,0.002457,0.470643,33476
16.385341,596633.849627,0.005007,rest,2,0.000000,0.000000,0.000000,-0.002135,-0.002135,0.501807,0.003060,0.003060,0.035482,33478
16.390335,596633.854749,0.004993,rest,2,0.000000,0.000000,0.000000,-0.000144,-0.000144,0.532590,0.002535,0.002535,0.398878,33480
16.395334,596633.859874,0.005000,rest,2,0.000000,0.000000,0.000000,-0.000912,-0.000912,0.578663,0.003106,0.003106,0.000000,33482
16.400340,596633.864988,0.005006,rest,2,0.000000,0.000000,0.000000,-0.000038,-0.000038,0.571478,0.002619,0.002619,0.174530,33484
16.405335,596633.870114,0.004995,rest,2,0.000000,0.000000,0.000000,-0.000694,-0.000694,0.537157,0.003124,0.003124,0.000000,33486
16.410334,596633.875196,0.004999,rest,2,0.000000,0.000000,0.000000,-0.001483,-0.001483,0.585843,0.002566,0.002566,0.000000,33488
16.415335,596633.880274,0.005001,rest,2,0.000000,0.000000,0.000000,-0.000003,-0.000003,0.676824,0.003089,0.003089,0.295821,33490
16.421098,596633.885367,0.005763,rest,2,0.000000,0.000000,0.000000,-0.001055,-0.001055,0.707762,0.003327,0.003327,0.000000,33492
16.425518,596633.890493,0.004420,rest,2,0.000000,0.000000,0.000000,-0.000135,-0.000135,0.698297,0.002175,0.002175,0.208143,33494
16.430334,596633.895569,0.004816,rest,2,0.000000,0.000000,0.000000,-0.000201,-0.000201,0.641840,0.002455,0.002455,0.000000,33496
16.435339,596633.900666,0.005005,rest,2,0.000000,0.000000,0.000000,-0.000201,-0.000201,0.554679,0.003132,0.003132,0.000000,33498
16.440335,596633.905749,0.004996,rest,2,0.000000,0.000000,0.000000,-0.002041,-0.002041,0.490181,0.002449,0.002449,0.000000,33500
16.445334,596633.910825,0.005000,rest,2,0.000000,0.000000,0.000000,-0.002040,-0.002040,0.432038,0.002877,0.002877,0.000076,33502
16.450341,596633.915916,0.005007,rest,2,0.000000,0.000000,0.000000,-0.002469,-0.002469,0.375458,0.003106,0.003106,0.000000,33504
16.455335,596633.921059,0.004994,rest,2,0.000000,0.000000,0.000000,-0.002667,-0.002667,0.386961,0.002557,0.002557,0.000000,33506
16.460336,596633.926158,0.005001,rest,2,0.000000,0.000000,0.000000,-0.003454,-0.003454,0.412056,0.003106,0.003106,0.000000,33508
16.465336,596633.931246,0.005000,rest,2,0.000000,0.000000,0.000000,-0.002600,-0.002600,0.398736,0.002650,0.002650,0.170766,33510
16.470338,596633.936383,0.005003,rest,2,0.000000,0.000000,0.000000,-0.003454,-0.003454,0.392230,0.002182,0.002182,0.000000,33512
16.475334,596633.941513,0.004996,rest,2,0.000000,0.000000,0.000000,-0.001614,-0.001614,0.416078,0.002723,0.002723,0.368360,33514
16.480334,596633.946654,0.005000,rest,2,0.000000,0.000000,0.000000,-0.001457,-0.001457,0.471049,0.002266,0.002266,0.031281,33516
16.485334,596633.951804,0.005000,rest,2,0.000000,0.000000,0.000000,-0.002534,-0.002534,0.542765,0.002838,0.002838,0.000000,33518
16.490335,596633.956961,0.005001,rest,2,0.000000,0.000000,0.000000,-0.001392,-0.001392,0.609602,0.002415,0.002415,0.228403,33520
16.495334,596633.962045,0.004998,rest,2,0.000000,0.000000,0.000000,-0.000898,-0.000898,0.630282,0.002902,0.002902,0.098786,33522
16.500335,596633.967163,0.005001,rest,2,0.000000,0.000000,0.000000,-0.000329,-0.000329,0.624041,0.002329,0.002329,0.113855,33524
16.505336,596633.972286,0.005001,rest,2,0.000000,0.000000,0.000000,-0.000965,-0.000965,0.602332,0.002904,0.002904,0.000000,33526
16.510334,596633.977374,0.004999,rest,2,0.000000,0.000000,0.000000,-0.000885,-0.000885,0.563726,0.002368,0.002368,0.015827,33528
16.515334,596633.982532,0.005000,rest,2,0.000000,0.000000,0.000000,-0.001234,-0.001234,0.540965,0.002803,0.002803,0.000000,33530
16.520334,596633.987684,0.005000,rest,2,0.000000,0.000000,0.000000,-0.002153,-0.002153,0.515827,0.002297,0.002297,0.000000,33532
16.525334,596633.992843,0.005000,rest,2,0.000000,0.000000,0.000000,-0.001582,-0.001582,0.484631,0.002856,0.002856,0.114163,33534
16.530335,596633.997996,0.005000,rest,2,0.000000,0.000000,0.000000,0.000270,0.000270,0.482385,0.002408,0.002408,0.370365,33536
16.535335,596634.003123,0.005000,rest,2,0.000000,0.000000,0.000000,-0.002152,-0.002152,0.487106,0.003077,0.003077,0.000000,33538
16.540334,596634.008271,0.005000,rest,2,0.000000,0.000000,0.000000,0.000336,0.000336,0.465737,0.002646,0.002646,0.497645,33540
16.550335,596634.013392,0.010000,rest,2,0.000000,0.000000,0.000000,-0.000154,-0.000154,0.433437,0.002674,0.002674,0.085658,33544
16.555334,596634.018516,0.004999,rest,2,0.000000,0.000000,0.000000,0.000469,0.000469,0.443287,0.002947,0.002947,0.124623,33546
16.560334,596634.023628,0.005000,rest,2,0.000000,0.000000,0.000000,0.000909,0.000909,0.477730,0.002131,0.002131,0.087955,33548
16.565334,596634.028738,0.005000,rest,2,0.000000,0.000000,0.000000,0.000339,0.000339,0.524704,0.002679,0.002679,0.000000,33550
16.570334,596634.033859,0.005000,rest,2,0.000000,0.000000,0.000000,0.000962,0.000962,0.544779,0.003030,0.003030,0.124612,33552
16.575334,596634.039030,0.005000,rest,2,0.000000,0.000000,0.000000,0.000962,0.000962,0.552146,0.002450,0.002450,0.000000,33554
16.580334,596634.044145,0.005000,rest,2,0.000000,0.000000,0.000000,-0.000086,-0.000086,0.564593,0.002937,0.002937,0.000000,33556
16.585334,596634.049265,0.005000,rest,2,0.000000,0.000000,0.000000,-0.000086,-0.000086,0.579263,0.002220,0.002220,0.000000,33558
16.590334,596634.054383,0.005000,rest,2,0.000000,0.000000,0.000000,0.001043,0.001043,0.577609,0.002791,0.002791,0.225793,33560
16.595334,596634.059546,0.005000,rest,2,0.000000,0.000000,0.000000,0.001963,0.001963,0.575552,0.003173,0.003173,0.184142,33562
16.600334,596634.064709,0.005000,rest,2,0.000000,0.000000,0.000000,0.000486,0.000486,0.567007,0.002716,0.002716,0.000000,33564
16.605335,596634.069816,0.005001,rest,2,0.000000,0.000000,0.000000,0.001485,0.001485,0.532082,0.003021,0.003021,0.199778,33566
16.610337,596634.074977,0.005001,rest,2,0.000000,0.000000,0.000000,0.000993,0.000993,0.470664,0.002382,0.002382,0.000000,33568
16.615335,596634.080049,0.004998,rest,2,0.000000,0.000000,0.000000,0.000995,0.000995,0.434994,0.002932,0.002932,0.000466,33570
16.620334,596634.085132,0.004999,rest,2,0.000000,0.000000,0.000000,0.000345,0.000345,0.434681,0.002199,0.002199,0.000000,33572
16.625334,596634.090235,0.005000,rest,2,0.000000,0.000000,0.000000,-0.000652,-0.000652,0.419574,0.002690,0.002690,0.000000,33574
16.630334,596634.095371,0.005000,rest,2,0.000000,0.000000,0.000000,-0.001159,-0.001159,0.410414,0.003168,0.003168,0.000000,33576
16.635335,596634.100522,0.005001,rest,2,0.000000,0.000000,0.000000,0.001185,0.001185,0.418970,0.002621,0.002621,0.468685,33578
16.640334,596634.105735,0.005000,rest,2,0.000000,0.000000,0.000000,0.000398,0.000398,0.456795,0.003177,0.003177,0.000000,33580
16.645334,596634.110842,0.005000,rest,2,0.000000,0.000000,0.000000,-0.000074,-0.000074,0.528845,0.002516,0.002516,0.000000,33582
16.650335,596634.115930,0.005001,rest,2,0.000000,0.000000,0.000000,-0.001159,-0.001159,0.557058,0.003009,0.003009,0.000000,33584
16.655335,596634.121047,0.005000,rest,2,0.000000,0.000000,0.000000,0.000759,0.000759,0.527434,0.002197,0.002197,0.383535,33586
16.660334,596634.126152,0.005000,rest,2,0.000000,0.000000,0.000000,-0.000586,-0.000586,0.486528,0.002688,0.002688,0.000000,33588
16.665335,596634.131242,0.005000,done,2,0.000000,0.000000,0.000000,-0.000239,-0.000239,0.490876,0.002993,0.002993,0.069527,33590
