t_wall_s,t_mono_s,dt_actual_s,phase,v_cmd_vx,v_cmd_vy,v_cmd_vz,v_cmd_wx,v_cmd_wy,v_cmd_wz,fz,feedback_age_s,motion_seq
5.005005,685544.289572,0.005000,air_chirp,0.000000,0.000000,0.000754,0.000000,0.000000,0.000000,-0.273015,0.001429,3206
5.005005,685544.294823,0.000001,air_chirp,0.000000,0.000000,0.000754,0.000000,0.000000,0.000000,-0.273015,0.001429,3206
5.016086,685544.299965,0.011081,air_chirp,0.000000,0.000000,0.000755,0.000000,0.000000,0.000000,-0.348724,0.002654,3210
5.020419,685544.305131,0.004333,air_chirp,0.000000,0.000000,0.000755,0.000000,0.000000,0.000000,-0.334458,0.001451,3212
5.025005,685544.310238,0.004586,air_chirp,0.000000,0.000000,0.000755,0.000000,0.000000,0.000000,-0.298144,0.005983,3214
5.030005,685544.315380,0.005000,air_chirp,0.000000,0.000000,0.000756,0.000000,0.000000,0.000000,-0.295285,0.004431,3216
5.035005,685544.320518,0.005000,air_chirp,0.000000,0.000000,0.000756,0.000000,0.000000,0.000000,-0.306042,0.001248,3218
5.040005,685544.325658,0.005000,air_chirp,0.000000,0.000000,0.000756,0.000000,0.000000,0.000000,-0.317871,0.006190,3220
5.045005,685544.330819,0.005000,air_chirp,0.000000,0.000000,0.000756,0.000000,0.000000,0.000000,-0.292593,0.001223,3222
5.050005,685544.335915,0.005000,air_chirp,0.000000,0.000000,0.000756,0.000000,0.000000,0.000000,-0.264394,0.006169,3224
5.055005,685544.341089,0.004999,air_chirp,0.000000,0.000000,0.000755,0.000000,0.000000,0.000000,-0.350288,0.004435,3226
5.060006,685544.346185,0.005001,air_chirp,0.000000,0.000000,0.000755,0.000000,0.000000,0.000000,-0.319301,0.004361,3228
5.065005,685544.351281,0.004999,air_chirp,0.000000,0.000000,0.000755,0.000000,0.000000,0.000000,-0.243272,0.004907,3230
5.070006,685544.356439,0.005001,air_chirp,0.000000,0.000000,0.000755,0.000000,0.000000,0.000000,-0.359213,0.004395,3232
5.075006,685544.361534,0.004999,air_chirp,0.000000,0.000000,0.000754,0.000000,0.000000,0.000000,-0.382582,0.001221,3234
5.080005,685544.366684,0.004999,air_chirp,0.000000,0.000000,0.000754,0.000000,0.000000,0.000000,-0.329009,0.006160,3236
5.085007,685544.371786,0.005002,air_chirp,0.000000,0.000000,0.000753,0.000000,0.000000,0.000000,-0.343779,0.004463,3238
5.090006,685544.376882,0.005000,air_chirp,0.000000,0.000000,0.000752,0.000000,0.000000,0.000000,-0.366758,0.004365,3240
5.095005,685544.382022,0.004999,air_chirp,0.000000,0.000000,0.000751,0.000000,0.000000,0.000000,-0.328845,0.001159,3242
5.100005,685544.387163,0.005000,air_chirp,0.000000,0.000000,0.000751,0.000000,0.000000,0.000000,-0.283309,0.006097,3244
5.105005,685544.392259,0.005000,air_chirp,0.000000,0.000000,0.000750,0.000000,0.000000,0.000000,-0.322809,0.001462,3246
5.110006,685544.397396,0.005001,air_chirp,0.000000,0.000000,0.000749,0.000000,0.000000,0.000000,-0.369001,0.006397,3248
5.115005,685544.402535,0.005000,air_chirp,0.000000,0.000000,0.000748,0.000000,0.000000,0.000000,-0.404132,0.001275,3250
5.120006,685544.407668,0.005001,air_chirp,0.000000,0.000000,0.000747,0.000000,0.000000,0.000000,-0.438392,0.006217,3252
5.125009,685544.412812,0.005004,air_chirp,0.000000,0.000000,0.000745,0.000000,0.000000,0.000000,-0.372352,0.004451,3254
5.130005,685544.417960,0.004996,air_chirp,0.000000,0.000000,0.000744,0.000000,0.000000,0.000000,-0.242843,0.004284,3256
5.135005,685544.423155,0.005000,air_chirp,0.000000,0.000000,0.000743,0.000000,0.000000,0.000000,-0.235518,0.001237,3258
5.140005,685544.428249,0.005000,air_chirp,0.000000,0.000000,0.000741,0.000000,0.000000,0.000000,-0.293384,0.006176,3260
5.150005,685544.433363,0.010000,air_chirp,0.000000,0.000000,0.000740,0.000000,0.000000,0.000000,-0.316396,0.001116,3264
5.155005,685544.438489,0.005000,air_chirp,0.000000,0.000000,0.000738,0.000000,0.000000,0.000000,-0.313387,0.006055,3266
5.160006,685544.443581,0.005001,air_chirp,0.000000,0.000000,0.000737,0.000000,0.000000,0.000000,-0.365297,0.001268,3268
5.165005,685544.448715,0.005000,air_chirp,0.000000,0.000000,0.000735,0.000000,0.000000,0.000000,-0.421530,0.006203,3270
5.170008,685544.453845,0.005002,air_chirp,0.000000,0.000000,0.000733,0.000000,0.000000,0.000000,-0.380936,0.004409,3272
5.175005,685544.458939,0.004997,air_chirp,0.000000,0.000000,0.000731,0.000000,0.000000,0.000000,-0.379470,0.001265,3274
5.180005,685544.464091,0.005000,air_chirp,0.000000,0.000000,0.000729,0.000000,0.000000,0.000000,-0.426104,0.006207,3276
5.185005,685544.469189,0.005000,air_chirp,0.000000,0.000000,0.000727,0.000000,0.000000,0.000000,-0.386354,0.001248,3278
5.190005,685544.474284,0.004999,air_chirp,0.000000,0.000000,0.000725,0.000000,0.000000,0.000000,-0.339806,0.006189,3280
5.195005,685544.479399,0.005000,air_chirp,0.000000,0.000000,0.000723,0.000000,0.000000,0.000000,-0.356618,0.004403,3282
5.200005,685544.484516,0.005000,air_chirp,0.000000,0.000000,0.000721,0.000000,0.000000,0.000000,-0.341913,0.001201,3284
5.205005,685544.489632,0.005000,air_chirp,0.000000,0.000000,0.000718,0.000000,0.000000,0.000000,-0.304251,0.006139,3286
5.210006,685544.494748,0.005001,air_chirp,0.000000,0.000000,0.000716,0.000000,0.000000,0.000000,-0.319668,0.001260,3288
5.215005,685544.499851,0.004999,air_chirp,0.000000,0.000000,0.000713,0.000000,0.000000,0.000000,-0.339262,0.006196,3290
5.220005,685544.504951,0.005000,air_chirp,0.000000,0.000000,0.000711,0.000000,0.000000,0.000000,-0.293628,0.004842,3292
5.225005,685544.510108,0.005000,air_chirp,0.000000,0.000000,0.000708,0.000000,0.000000,0.000000,-0.291243,0.004330,3294
5.230005,685544.515203,0.005000,air_chirp,0.000000,0.000000,0.000705,0.000000,0.000000,0.000000,-0.329959,0.001275,3296
5.235005,685544.520301,0.005000,air_chirp,0.000000,0.000000,0.000703,0.000000,0.000000,0.000000,-0.323529,0.006212,3298
5.240005,685544.525432,0.005000,air_chirp,0.000000,0.000000,0.000700,0.000000,0.000000,0.000000,-0.328192,0.004814,3300
5.245005,685544.530528,0.005000,air_chirp,0.000000,0.000000,0.000697,0.000000,0.000000,0.000000,-0.347588,0.004338,3302
5.250005,685544.535664,0.005000,air_chirp,0.000000,0.000000,0.000694,0.000000,0.000000,0.000000,-0.336632,0.004384,3304
5.255005,685544.540793,0.005000,air_chirp,0.000000,0.000000,0.000691,0.000000,0.000000,0.000000,-0.361013,0.001400,3306
5.260006,685544.545926,0.005000,air_chirp,0.000000,0.000000,0.000687,0.000000,0.000000,0.000000,-0.414515,0.006352,3308
5.265005,685544.551025,0.004999,air_chirp,0.000000,0.000000,0.000684,0.000000,0.000000,0.000000,-0.368776,0.001252,3310
5.270005,685544.556118,0.005000,air_chirp,0.000000,0.000000,0.000681,0.000000,0.000000,0.000000,-0.315225,0.006219,3312
5.275005,685544.561211,0.005000,air_chirp,0.000000,0.000000,0.000678,0.000000,0.000000,0.000000,-0.358935,0.001211,3314
5.280005,685544.566303,0.005000,air_chirp,0.000000,0.000000,0.000674,0.000000,0.000000,0.000000,-0.410300,0.006149,3316
5.285005,685544.571396,0.005000,air_chirp,0.000000,0.000000,0.000671,0.000000,0.000000,0.000000,-0.350961,0.000942,3318
5.290005,685544.576534,0.005000,air_chirp,0.000000,0.000000,0.000667,0.000000,0.000000,0.000000,-0.282909,0.005884,3320
5.295005,685544.581631,0.005000,air_chirp,0.000000,0.000000,0.000663,0.000000,0.000000,0.000000,-0.277553,0.004743,3322
5.300005,685544.586725,0.005000,air_chirp,0.000000,0.000000,0.000659,0.000000,0.000000,0.000000,-0.262585,0.001026,3324
5.305005,685544.591872,0.005000,air_chirp,0.000000,0.000000,0.000656,0.000000,0.000000,0.000000,-0.246861,0.005960,3326
5.310006,685544.597032,0.005001,air_chirp,0.000000,0.000000,0.000652,0.000000,0.000000,0.000000,-0.289426,0.004827,3328
5.315005,685544.602126,0.005000,air_chirp,0.000000,0.000000,0.000648,0.000000,0.000000,0.000000,-0.288841,0.004241,3330
5.320005,685544.607219,0.005000,air_chirp,0.000000,0.000000,0.000644,0.000000,0.000000,0.000000,-0.284413,0.001417,3332
5.325005,685544.612316,0.005000,air_chirp,0.000000,0.000000,0.000640,0.000000,0.000000,0.000000,-0.327420,0.006340,3334
5.330005,685544.617469,0.005000,air_chirp,0.000000,0.000000,0.000635,0.000000,0.000000,0.000000,-0.317110,0.001446,3336
5.335005,685544.622612,0.005000,air_chirp,0.000000,0.000000,0.000631,0.000000,0.000000,0.000000,-0.302605,0.006382,3338
5.340005,685544.627757,0.005000,air_chirp,0.000000,0.000000,0.000627,0.000000,0.000000,0.000000,-0.334366,0.004336,3340
5.345005,685544.632890,0.005000,air_chirp,0.000000,0.000000,0.000622,0.000000,0.000000,0.000000,-0.352353,0.004258,3342
5.350005,685544.638007,0.005000,air_chirp,0.000000,0.000000,0.000618,0.000000,0.000000,0.000000,-0.343009,0.004261,3344
5.355005,685544.643123,0.005000,air_chirp,0.000000,0.000000,0.000613,0.000000,0.000000,0.000000,-0.336445,0.004110,3346
5.365005,685544.648285,0.010000,air_chirp,0.000000,0.000000,0.000608,0.000000,0.000000,0.000000,-0.360886,0.006347,3350
5.370005,685544.653403,0.005000,air_chirp,0.000000,0.000000,0.000604,0.000000,0.000000,0.000000,-0.340276,0.001496,3352
5.375005,685544.658509,0.005001,air_chirp,0.000000,0.000000,0.000599,0.000000,0.000000,0.000000,-0.295111,0.000995,3354
5.380005,685544.663609,0.005000,air_chirp,0.000000,0.000000,0.000594,0.000000,0.000000,0.000000,-0.270113,0.005929,3356
5.385005,685544.668745,0.005000,air_chirp,0.000000,0.000000,0.000589,0.000000,0.000000,0.000000,-0.273946,0.004395,3358
5.390005,685544.673893,0.005000,air_chirp,0.000000,0.000000,0.000584,0.000000,0.000000,0.000000,-0.282711,0.001403,3360
5.395005,685544.678993,0.005000,air_chirp,0.000000,0.000000,0.000579,0.000000,0.000000,0.000000,-0.286063,0.006347,3362
5.400006,685544.684096,0.005001,air_chirp,0.000000,0.000000,0.000574,0.000000,0.000000,0.000000,-0.258136,0.001289,3364
5.405005,685544.689193,0.004999,air_chirp,0.000000,0.000000,0.000569,0.000000,0.000000,0.000000,-0.227748,0.006224,3366
5.410006,685544.694304,0.005001,air_chirp,0.000000,0.000000,0.000563,0.000000,0.000000,0.000000,-0.291739,0.001262,3368
5.415005,685544.699405,0.004999,air_chirp,0.000000,0.000000,0.000558,0.000000,0.000000,0.000000,-0.363158,0.006192,3370
5.420005,685544.704514,0.005000,air_chirp,0.000000,0.000000,0.000552,0.000000,0.000000,0.000000,-0.323111,0.004404,3372
5.425005,685544.709624,0.004999,air_chirp,0.000000,0.000000,0.000547,0.000000,0.000000,0.000000,-0.282369,0.001290,3374
5.430005,685544.714732,0.005000,air_chirp,0.000000,0.000000,0.000541,0.000000,0.000000,0.000000,-0.287241,0.006230,3376
5.435005,685544.719826,0.005000,air_chirp,0.000000,0.000000,0.000536,0.000000,0.000000,0.000000,-0.311363,0.001273,3378
5.440005,685544.724919,0.005000,air_chirp,0.000000,0.000000,0.000530,0.000000,0.000000,0.000000,-0.337000,0.006209,3380
5.445005,685544.730015,0.005000,air_chirp,0.000000,0.000000,0.000524,0.000000,0.000000,0.000000,-0.339018,0.004434,3382
5.450005,685544.735126,0.005000,air_chirp,0.000000,0.000000,0.000519,0.000000,0.000000,0.000000,-0.289685,0.001314,3384
5.455005,685544.740221,0.005000,air_chirp,0.000000,0.000000,0.000513,0.000000,0.000000,0.000000,-0.236311,0.006250,3386
5.460006,685544.745366,0.005001,air_chirp,0.000000,0.000000,0.000507,0.000000,0.000000,0.000000,-0.303215,0.004341,3388
5.465005,685544.750493,0.004999,air_chirp,0.000000,0.000000,0.000501,0.000000,0.000000,0.000000,-0.353139,0.001241,3390
5.470005,685544.755595,0.005000,air_chirp,0.000000,0.000000,0.000494,0.000000,0.000000,0.000000,-0.330621,0.006181,3392
5.475005,685544.760742,0.005000,air_chirp,0.000000,0.000000,0.000488,0.000000,0.000000,0.000000,-0.286070,0.004331,3394
5.480005,685544.765880,0.005000,air_chirp,0.000000,0.000000,0.000482,0.000000,0.000000,0.000000,-0.338415,0.004269,3396
5.485005,685544.771011,0.005000,air_chirp,0.000000,0.000000,0.000476,0.000000,0.000000,0.000000,-0.397760,0.001290,3398
5.490005,685544.776104,0.005000,air_chirp,0.000000,0.000000,0.000469,0.000000,0.000000,0.000000,-0.359025,0.006230,3400
5.495005,685544.781197,0.005000,air_chirp,0.000000,0.000000,0.000463,0.000000,0.000000,0.000000,-0.323409,0.001170,3402
5.500005,685544.786340,0.005000,air_chirp,0.000000,0.000000,0.000456,0.000000,0.000000,0.000000,-0.288038,0.006103,3404
5.505005,685544.791488,0.005000,air_chirp,0.000000,0.000000,0.000450,0.000000,0.000000,0.000000,-0.265165,0.001436,3406
5.510006,685544.796762,0.005001,air_chirp,0.000000,0.000000,0.000443,0.000000,0.000000,0.000000,-0.243275,0.006372,3408
5.515005,685544.801967,0.005000,air_chirp,0.000000,0.000000,0.000436,0.000000,0.000000,0.000000,-0.279776,0.004435,3410
5.520005,685544.807219,0.005000,air_chirp,0.000000,0.000000,0.000429,0.000000,0.000000,0.000000,-0.312870,0.001407,3412
5.525005,685544.812438,0.005000,air_chirp,0.000000,0.000000,0.000422,0.000000,0.000000,0.000000,-0.307472,0.006341,3414
5.530005,685544.817594,0.005000,air_chirp,0.000000,0.000000,0.000416,0.000000,0.000000,0.000000,-0.307961,0.004369,3416
5.535005,685544.822828,0.005000,air_chirp,0.000000,0.000000,0.000408,0.000000,0.000000,0.000000,-0.363947,0.001215,3418
5.545005,685544.828161,0.010000,air_chirp,0.000000,0.000000,0.000401,0.000000,0.000000,0.000000,-0.379541,0.004444,3422
5.545005,685544.833279,0.000001,air_chirp,0.000000,0.000000,0.000394,0.000000,0.000000,0.000000,-0.379541,0.004444,3422
5.555005,685544.838592,0.010000,air_chirp,0.000000,0.000000,0.000387,0.000000,0.000000,0.000000,-0.391256,0.001401,3426
5.560006,685544.843839,0.005000,air_chirp,0.000000,0.000000,0.000379,0.000000,0.000000,0.000000,-0.322560,0.006341,3428
5.565005,685544.849160,0.005000,air_chirp,0.000000,0.000000,0.000372,0.000000,0.000000,0.000000,-0.288467,0.004454,3430
5.570005,685544.854383,0.005000,air_chirp,0.000000,0.000000,0.000365,0.000000,0.000000,0.000000,-0.334864,0.001361,3432
5.575005,685544.859599,0.005000,air_chirp,0.000000,0.000000,0.000357,0.000000,0.000000,0.000000,-0.416284,0.006300,3434
5.580005,685544.864824,0.005000,air_chirp,0.000000,0.000000,0.000350,0.000000,0.000000,0.000000,-0.386880,0.004448,3436
5.585005,685544.870043,0.005000,air_chirp,0.000000,0.000000,0.000342,0.000000,0.000000,0.000000,-0.327314,0.001228,3438
5.590005,685544.875291,0.005000,air_chirp,0.000000,0.000000,0.000334,0.000000,0.000000,0.000000,-0.301186,0.006167,3440
5.595005,685544.880410,0.005000,air_chirp,0.000000,0.000000,0.000327,0.000000,0.000000,0.000000,-0.248741,0.001436,3442
5.600005,685544.885535,0.005000,air_chirp,0.000000,0.000000,0.000319,0.000000,0.000000,0.000000,-0.194225,0.006375,3444
5.605005,685544.890806,0.005000,air_chirp,0.000000,0.000000,0.000311,0.000000,0.000000,0.000000,-0.281618,0.001455,3446
5.610006,685544.896081,0.005001,air_chirp,0.000000,0.000000,0.000303,0.000000,0.000000,0.000000,-0.380180,0.006397,3448
5.615005,685544.901295,0.004999,air_chirp,0.000000,0.000000,0.000295,0.000000,0.000000,0.000000,-0.337530,0.001178,3450
5.620005,685544.906548,0.005000,air_chirp,0.000000,0.000000,0.000287,0.000000,0.000000,0.000000,-0.283767,0.006115,3452
5.625005,685544.911795,0.005000,air_chirp,0.000000,0.000000,0.000279,0.000000,0.000000,0.000000,-0.303047,0.001253,3454
5.630005,685544.917020,0.005000,air_chirp,0.000000,0.000000,0.000271,0.000000,0.000000,0.000000,-0.328075,0.006192,3456
5.635005,685544.922285,0.005000,air_chirp,0.000000,0.000000,0.000263,0.000000,0.000000,0.000000,-0.315300,0.004159,3458
5.640005,685544.927514,0.004999,air_chirp,0.000000,0.000000,0.000255,0.000000,0.000000,0.000000,-0.344225,0.004061,3460
5.645005,685544.932737,0.005000,air_chirp,0.000000,0.000000,0.000247,0.000000,0.000000,0.000000,-0.396235,0.004334,3462
5.650005,685544.937964,0.005000,air_chirp,0.000000,0.000000,0.000239,0.000000,0.000000,0.000000,-0.360914,0.001215,3464
5.655005,685544.943215,0.005000,air_chirp,0.000000,0.000000,0.000230,0.000000,0.000000,0.000000,-0.313664,0.006149,3466
5.660006,685544.948334,0.005000,air_chirp,0.000000,0.000000,0.000222,0.000000,0.000000,0.000000,-0.283455,0.004454,3468
5.670006,685544.953474,0.010000,air_chirp,0.000000,0.000000,0.000214,0.000000,0.000000,0.000000,-0.346805,0.001402,3472
5.675005,685544.958816,0.005000,air_chirp,0.000000,0.000000,0.000205,0.000000,0.000000,0.000000,-0.310130,0.006337,3474
5.680005,685544.964043,0.005000,air_chirp,0.000000,0.000000,0.000197,0.000000,0.000000,0.000000,-0.313745,0.001268,3476
5.685005,685544.969236,0.005000,air_chirp,0.000000,0.000000,0.000188,0.000000,0.000000,0.000000,-0.320531,0.006207,3478
5.690005,685544.974356,0.005000,air_chirp,0.000000,0.000000,0.000180,0.000000,0.000000,0.000000,-0.323454,0.001241,3480
5.695005,685544.979596,0.005000,air_chirp,0.000000,0.000000,0.000171,0.000000,0.000000,0.000000,-0.326073,0.006180,3482
5.700005,685544.984766,0.005000,air_chirp,0.000000,0.000000,0.000163,0.000000,0.000000,0.000000,-0.277014,0.004435,3484
5.705006,685544.990010,0.005001,air_chirp,0.000000,0.000000,0.000154,0.000000,0.000000,0.000000,-0.273378,0.004401,3486
5.710006,685544.995174,0.004999,air_chirp,0.000000,0.000000,0.000146,0.000000,0.000000,0.000000,-0.327308,0.004350,3488
5.715005,685545.000293,0.004999,air_chirp,0.000000,0.000000,0.000137,0.000000,0.000000,0.000000,-0.315953,0.001212,3490
5.720005,685545.005412,0.005000,air_chirp,0.000000,0.000000,0.000129,0.000000,0.000000,0.000000,-0.294735,0.006156,3492
5.725005,685545.010640,0.005000,air_chirp,0.000000,0.000000,0.000120,0.000000,0.000000,0.000000,-0.245307,0.004439,3494
5.730005,685545.015757,0.005000,air_chirp,0.000000,0.000000,0.000111,0.000000,0.000000,0.000000,-0.193659,0.004329,3496
5.735005,685545.020912,0.005000,air_chirp,0.000000,0.000000,0.000102,0.000000,0.000000,0.000000,-0.271835,0.004370,3498
5.740005,685545.026089,0.005000,air_chirp,0.000000,0.000000,0.000094,0.000000,0.000000,0.000000,-0.318405,0.001222,3500
5.745005,685545.031195,0.005000,air_chirp,0.000000,0.000000,0.000085,0.000000,0.000000,0.000000,-0.280246,0.006160,3502
5.750005,685545.036295,0.005000,air_chirp,0.000000,0.000000,0.000076,0.000000,0.000000,0.000000,-0.291331,0.001450,3504
5.755005,685545.041394,0.005000,air_chirp,0.000000,0.000000,0.000067,0.000000,0.000000,0.000000,-0.306290,0.006386,3506
5.760018,685545.046533,0.005013,air_chirp,0.000000,0.000000,0.000059,0.000000,0.000000,0.000000,-0.318443,0.001486,3508
5.765005,685545.051689,0.004987,air_chirp,0.000000,0.000000,0.000050,0.000000,0.000000,0.000000,-0.330375,0.006405,3510
5.770005,685545.056825,0.005000,air_chirp,0.000000,0.000000,0.000041,0.000000,0.000000,0.000000,-0.365931,0.001459,3512
5.775005,685545.061928,0.005000,air_chirp,0.000000,0.000000,0.000032,0.000000,0.000000,0.000000,-0.403346,0.006402,3514
5.780005,685545.067095,0.005000,air_chirp,0.000000,0.000000,0.000023,0.000000,0.000000,0.000000,-0.325651,0.001310,3516
5.785005,685545.072195,0.005000,air_chirp,0.000000,0.000000,0.000014,0.000000,0.000000,0.000000,-0.238897,0.006249,3518
5.790005,685545.077294,0.004999,air_chirp,0.000000,0.000000,0.000005,0.000000,0.000000,0.000000,-0.309585,0.004430,3520
5.795005,685545.082391,0.005000,air_chirp,0.000000,0.000000,-0.000004,0.000000,0.000000,0.000000,-0.340137,0.001208,3522
5.800005,685545.087487,0.005000,air_chirp,0.000000,0.000000,-0.000013,0.000000,0.000000,0.000000,-0.290013,0.006153,3524
5.805005,685545.092617,0.005000,air_chirp,0.000000,0.000000,-0.000022,0.000000,0.000000,0.000000,-0.336799,0.001449,3526
5.810005,685545.097769,0.005000,air_chirp,0.000000,0.000000,-0.000031,0.000000,0.000000,0.000000,-0.391212,0.006440,3528
5.815486,685545.102923,0.005481,air_chirp,0.000000,0.000000,-0.000040,0.000000,0.000000,0.000000,-0.361328,0.001949,3530
5.820885,685545.108039,0.005399,air_chirp,0.000000,0.000000,-0.000049,0.000000,0.000000,0.000000,-0.355480,0.001868,3532
5.826258,685545.113199,0.005373,air_chirp,0.000000,0.000000,-0.000058,0.000000,0.000000,0.000000,-0.363659,0.001823,3534
5.831946,685545.118296,0.005688,air_chirp,0.000000,0.000000,-0.000067,0.000000,0.000000,0.000000,-0.308107,0.003040,3536
5.837497,685545.123445,0.005550,air_chirp,0.000000,0.000000,-0.000076,0.000000,0.000000,0.000000,-0.310399,0.003096,3538
5.842979,685545.128542,0.005482,air_chirp,0.000000,0.000000,-0.000085,0.000000,0.000000,0.000000,-0.304786,0.004186,3540
5.848262,685545.133674,0.005283,air_chirp,0.000000,0.000000,-0.000094,0.000000,0.000000,0.000000,-0.287058,0.004035,3542
5.852531,685545.138808,0.004269,air_chirp,0.000000,0.000000,-0.000103,0.000000,0.000000,0.000000,-0.274613,0.003557,3544
5.856850,685545.143937,0.004319,air_chirp,0.000000,0.000000,-0.000112,0.000000,0.000000,0.000000,-0.288605,0.002387,3546
5.865559,685545.149091,0.008709,air_chirp,0.000000,0.000000,-0.000121,0.000000,0.000000,0.000000,-0.371448,0.001235,3550
5.870006,685545.154186,0.004447,air_chirp,0.000000,0.000000,-0.000131,0.000000,0.000000,0.000000,-0.302954,0.001345,3552
5.875005,685545.159283,0.004999,air_chirp,0.000000,0.000000,-0.000140,0.000000,0.000000,0.000000,-0.227823,0.006239,3554
5.880005,685545.164384,0.005000,air_chirp,0.000000,0.000000,-0.000149,0.000000,0.000000,0.000000,-0.221910,0.004426,3556
5.885010,685545.169504,0.005005,air_chirp,0.000000,0.000000,-0.000158,0.000000,0.000000,0.000000,-0.228918,0.001556,3558
5.890005,685545.174620,0.004995,air_chirp,0.000000,0.000000,-0.000167,0.000000,0.000000,0.000000,-0.236943,0.006428,3560
5.895005,685545.179718,0.005000,air_chirp,0.000000,0.000000,-0.000176,0.000000,0.000000,0.000000,-0.260749,0.001457,3562
5.900005,685545.184811,0.005000,air_chirp,0.000000,0.000000,-0.000185,0.000000,0.000000,0.000000,-0.285796,0.006396,3564
5.905005,685545.190036,0.005000,air_chirp,0.000000,0.000000,-0.000194,0.000000,0.000000,0.000000,-0.356937,0.004388,3566
5.910005,685545.195216,0.005000,air_chirp,0.000000,0.000000,-0.000204,0.000000,0.000000,0.000000,-0.423405,0.001285,3568
5.915506,685545.200460,0.005501,air_chirp,0.000000,0.000000,-0.000213,0.000000,0.000000,0.000000,-0.418767,0.001456,3570
5.920079,685545.205675,0.004573,air_chirp,0.000000,0.000000,-0.000222,0.000000,0.000000,0.000000,-0.325636,0.001696,3572
5.925005,685545.210958,0.004926,air_chirp,0.000000,0.000000,-0.000232,0.000000,0.000000,0.000000,-0.259221,0.001164,3574
5.930006,685545.216162,0.005000,air_chirp,0.000000,0.000000,-0.000241,0.000000,0.000000,0.000000,-0.286105,0.006108,3576
5.935005,685545.221281,0.005000,air_chirp,0.000000,0.000000,-0.000250,0.000000,0.000000,0.000000,-0.325823,0.004357,3578
5.940005,685545.226435,0.005000,air_chirp,0.000000,0.000000,-0.000259,0.000000,0.000000,0.000000,-0.364016,0.004354,3580
5.945006,685545.231592,0.005001,air_chirp,0.000000,0.000000,-0.000268,0.000000,0.000000,0.000000,-0.373694,0.004342,3582
5.950005,685545.236698,0.004999,air_chirp,0.000000,0.000000,-0.000277,0.000000,0.000000,0.000000,-0.352641,0.001258,3584
5.955005,685545.241832,0.005000,air_chirp,0.000000,0.000000,-0.000286,0.000000,0.000000,0.000000,-0.319962,0.006190,3586
5.960005,685545.246965,0.005000,air_chirp,0.000000,0.000000,-0.000295,0.000000,0.000000,0.000000,-0.341183,0.004342,3588
5.965005,685545.252108,0.005000,air_chirp,0.000000,0.000000,-0.000304,0.000000,0.000000,0.000000,-0.384070,0.001201,3590
5.970005,685545.257207,0.005000,air_chirp,0.000000,0.000000,-0.000313,0.000000,0.000000,0.000000,-0.404867,0.006134,3592
5.975005,685545.262304,0.005000,air_chirp,0.000000,0.000000,-0.000322,0.000000,0.000000,0.000000,-0.340949,0.004425,3594
5.980005,685545.267450,0.005000,air_chirp,0.000000,0.000000,-0.000331,0.000000,0.000000,0.000000,-0.274881,0.004297,3596
5.985005,685545.272611,0.005000,air_chirp,0.000000,0.000000,-0.000340,0.000000,0.000000,0.000000,-0.305770,0.001261,3598
5.990005,685545.277711,0.005000,air_chirp,0.000000,0.000000,-0.000349,0.000000,0.000000,0.000000,-0.339773,0.006201,3600
5.995005,685545.282848,0.005000,air_chirp,0.000000,0.000000,-0.000357,0.000000,0.000000,0.000000,-0.313947,0.001343,3602
6.000005,685545.287972,0.005000,air_chirp,0.000000,0.000000,-0.000366,0.000000,0.000000,0.000000,-0.283411,0.006279,3604
6.010005,685545.293087,0.010000,air_chirp,0.000000,0.000000,-0.000375,0.000000,0.000000,0.000000,-0.349718,0.006440,3608
6.015005,685545.298181,0.005000,air_chirp,0.000000,0.000000,-0.000384,0.000000,0.000000,0.000000,-0.371337,0.004422,3610
6.020005,685545.303277,0.005000,air_chirp,0.000000,0.000000,-0.000393,0.000000,0.000000,0.000000,-0.376294,0.004176,3612
6.025005,685545.308408,0.005000,air_chirp,0.000000,0.000000,-0.000401,0.000000,0.000000,0.000000,-0.322552,0.001303,3614
6.030005,685545.313544,0.005000,air_chirp,0.000000,0.000000,-0.000410,0.000000,0.000000,0.000000,-0.279754,0.006238,3616
6.035005,685545.318744,0.005000,air_chirp,0.000000,0.000000,-0.000419,0.000000,0.000000,0.000000,-0.292880,0.004420,3618
6.040006,685545.323903,0.005000,air_chirp,0.000000,0.000000,-0.000427,0.000000,0.000000,0.000000,-0.357338,0.001288,3620
6.045005,685545.328999,0.005000,air_chirp,0.000000,0.000000,-0.000436,0.000000,0.000000,0.000000,-0.409341,0.006229,3622
6.050005,685545.334131,0.005000,air_chirp,0.000000,0.000000,-0.000444,0.000000,0.000000,0.000000,-0.342825,0.001504,3624
6.055005,685545.339228,0.005000,air_chirp,0.000000,0.000000,-0.000453,0.000000,0.000000,0.000000,-0.266983,0.006433,3626
6.060005,685545.344328,0.005000,air_chirp,0.000000,0.000000,-0.000461,0.000000,0.000000,0.000000,-0.310586,0.001343,3628
6.065005,685545.349494,0.005000,air_chirp,0.000000,0.000000,-0.000470,0.000000,0.000000,0.000000,-0.363590,0.006273,3630
6.070005,685545.354586,0.005000,air_chirp,0.000000,0.000000,-0.000478,0.000000,0.000000,0.000000,-0.316653,0.001072,3632
6.075005,685545.359708,0.005000,air_chirp,0.000000,0.000000,-0.000486,0.000000,0.000000,0.000000,-0.261850,0.006012,3634
6.080005,685545.364845,0.005000,air_chirp,0.000000,0.000000,-0.000495,0.000000,0.000000,0.000000,-0.296441,0.004409,3636
6.085006,685545.369999,0.005001,air_chirp,0.000000,0.000000,-0.000503,0.000000,0.000000,0.000000,-0.320812,0.004321,3638
6.090005,685545.375134,0.004999,air_chirp,0.000000,0.000000,-0.000511,0.000000,0.000000,0.000000,-0.300632,0.001330,3640
6.095006,685545.380263,0.005001,air_chirp,0.000000,0.000000,-0.000519,0.000000,0.000000,0.000000,-0.294202,0.006277,3642
6.100005,685545.385397,0.005000,air_chirp,0.000000,0.000000,-0.000528,0.000000,0.000000,0.000000,-0.309526,0.004351,3644
6.105005,685545.390518,0.005000,air_chirp,0.000000,0.000000,-0.000536,0.000000,0.000000,0.000000,-0.362477,0.004332,3646
6.110005,685545.395681,0.005000,air_chirp,0.000000,0.000000,-0.000544,0.000000,0.000000,0.000000,-0.374909,0.004328,3648
6.115005,685545.400855,0.005000,air_chirp,0.000000,0.000000,-0.000552,0.000000,0.000000,0.000000,-0.359550,0.004206,3650
6.120005,685545.405976,0.005000,air_chirp,0.000000,0.000000,-0.000560,0.000000,0.000000,0.000000,-0.323262,0.004602,3652
6.125005,685545.411098,0.005000,air_chirp,0.000000,0.000000,-0.000567,0.000000,0.000000,0.000000,-0.272603,0.000921,3654
6.130005,685545.416196,0.005000,air_chirp,0.000000,0.000000,-0.000575,0.000000,0.000000,0.000000,-0.273667,0.001523,3656
6.135005,685545.421291,0.005000,air_chirp,0.000000,0.000000,-0.000583,0.000000,0.000000,0.000000,-0.280210,0.006465,3658
6.140005,685545.426416,0.005000,air_chirp,0.000000,0.000000,-0.000591,0.000000,0.000000,0.000000,-0.262762,0.001468,3660
6.145006,685545.431553,0.005001,air_chirp,0.000000,0.000000,-0.000598,0.000000,0.000000,0.000000,-0.243427,0.006411,3662
6.150005,685545.436643,0.004999,air_chirp,0.000000,0.000000,-0.000606,0.000000,0.000000,0.000000,-0.247506,0.001541,3664
6.155005,685545.441823,0.005000,air_chirp,0.000000,0.000000,-0.000613,0.000000,0.000000,0.000000,-0.283535,0.001038,3666
6.160005,685545.446959,0.005000,air_chirp,0.000000,0.000000,-0.000621,0.000000,0.000000,0.000000,-0.316476,0.005976,3668
6.165005,685545.452121,0.005000,air_chirp,0.000000,0.000000,-0.000628,0.000000,0.000000,0.000000,-0.314650,0.004025,3670
6.170005,685545.457212,0.005000,air_chirp,0.000000,0.000000,-0.000635,0.000000,0.000000,0.000000,-0.283878,0.001558,3672
6.175005,685545.462298,0.005000,air_chirp,0.000000,0.000000,-0.000643,0.000000,0.000000,0.000000,-0.325376,0.001095,3674
6.180005,685545.467425,0.005000,air_chirp,0.000000,0.000000,-0.000650,0.000000,0.000000,0.000000,-0.398771,0.006032,3676
6.185005,685545.472572,0.005000,air_chirp,0.000000,0.000000,-0.000657,0.000000,0.000000,0.000000,-0.353018,0.004202,3678
6.190005,685545.477679,0.005000,air_chirp,0.000000,0.000000,-0.000664,0.000000,0.000000,0.000000,-0.295808,0.001431,3680
6.195005,685545.482805,0.005000,air_chirp,0.000000,0.000000,-0.000671,0.000000,0.000000,0.000000,-0.289228,0.006372,3682
6.200005,685545.487895,0.005000,air_chirp,0.000000,0.000000,-0.000678,0.000000,0.000000,0.000000,-0.338720,0.001467,3684
6.205006,685545.493026,0.005000,air_chirp,0.000000,0.000000,-0.000684,0.000000,0.000000,0.000000,-0.392625,0.006406,3686
6.210006,685545.498162,0.005000,air_chirp,0.000000,0.000000,-0.000691,0.000000,0.000000,0.000000,-0.373153,0.001452,3688
6.215006,685545.503252,0.005000,air_chirp,0.000000,0.000000,-0.000698,0.000000,0.000000,0.000000,-0.294416,0.000996,3690
6.225005,685545.508334,0.010000,air_chirp,0.000000,0.000000,-0.000704,0.000000,0.000000,0.000000,-0.308203,0.001468,3694
6.230005,685545.513480,0.005000,air_chirp,0.000000,0.000000,-0.000711,0.000000,0.000000,0.000000,-0.392156,0.006404,3696
6.235005,685545.518559,0.005000,air_chirp,0.000000,0.000000,-0.000717,0.000000,0.000000,0.000000,-0.376937,0.001461,3698
6.240005,685545.523708,0.005000,air_chirp,0.000000,0.000000,-0.000724,0.000000,0.000000,0.000000,-0.349065,0.001047,3700
6.245005,685545.528834,0.005000,air_chirp,0.000000,0.000000,-0.000730,0.000000,0.000000,0.000000,-0.342024,0.005988,3702
6.250005,685545.533951,0.005000,air_chirp,0.000000,0.000000,-0.000736,0.000000,0.000000,0.000000,-0.352394,0.001482,3704
6.255005,685545.539108,0.005000,air_chirp,0.000000,0.000000,-0.000742,0.000000,0.000000,0.000000,-0.364134,0.006422,3706
6.260006,685545.544243,0.005000,air_chirp,0.000000,0.000000,-0.000748,0.000000,0.000000,0.000000,-0.328299,0.001474,3708
6.265005,685545.549320,0.004999,air_chirp,0.000000,0.000000,-0.000754,0.000000,0.000000,0.000000,-0.288720,0.006406,3710
6.270005,685545.554431,0.005000,air_chirp,0.000000,0.000000,-0.000760,0.000000,0.000000,0.000000,-0.321647,0.001485,3712
6.275006,685545.559552,0.005000,air_chirp,0.000000,0.000000,-0.000766,0.000000,0.000000,0.000000,-0.360282,0.006424,3714
6.280005,685545.564685,0.005000,air_chirp,0.000000,0.000000,-0.000771,0.000000,0.000000,0.000000,-0.374192,0.001519,3716
6.285005,685545.569828,0.005000,air_chirp,0.000000,0.000000,-0.000777,0.000000,0.000000,0.000000,-0.343281,0.001075,3718
6.290005,685545.574973,0.005000,air_chirp,0.000000,0.000000,-0.000782,0.000000,0.000000,0.000000,-0.297972,0.006017,3720
6.295005,685545.580023,0.005000,air_chirp,0.000000,0.000000,-0.000788,0.000000,0.000000,0.000000,-0.258754,0.004100,3722
6.300005,685545.585126,0.005000,air_chirp,0.000000,0.000000,-0.000793,0.000000,0.000000,0.000000,-0.271327,0.004119,3724
6.305006,685545.590213,0.005001,air_chirp,0.000000,0.000000,-0.000798,0.000000,0.000000,0.000000,-0.303844,0.003991,3726
6.310005,685545.595295,0.004999,air_chirp,0.000000,0.000000,-0.000803,0.000000,0.000000,0.000000,-0.280200,0.004099,3728
6.315005,685545.600423,0.005000,air_chirp,0.000000,0.000000,-0.000808,0.000000,0.000000,0.000000,-0.361020,0.004137,3730
6.320005,685545.605548,0.005000,air_chirp,0.000000,0.000000,-0.000813,0.000000,0.000000,0.000000,-0.392463,0.004083,3732
6.325005,685545.610637,0.005000,air_chirp,0.000000,0.000000,-0.000818,0.000000,0.000000,0.000000,-0.303404,0.004006,3734
6.330005,685545.615720,0.005000,air_chirp,0.000000,0.000000,-0.000823,0.000000,0.000000,0.000000,-0.287627,0.004120,3736
6.335005,685545.620850,0.005000,air_chirp,0.000000,0.000000,-0.000827,0.000000,0.000000,0.000000,-0.279026,0.004095,3738
6.340005,685545.625972,0.005000,air_chirp,0.000000,0.000000,-0.000832,0.000000,0.000000,0.000000,-0.295022,0.004087,3740
6.345005,685545.631097,0.005000,air_chirp,0.000000,0.000000,-0.000836,0.000000,0.000000,0.000000,-0.333763,0.001442,3742
6.350006,685545.636235,0.005001,air_chirp,0.000000,0.000000,-0.000841,0.000000,0.000000,0.000000,-0.331512,0.006381,3744
6.355006,685545.641314,0.005000,air_chirp,0.000000,0.000000,-0.000845,0.000000,0.000000,0.000000,-0.345937,0.004210,3746
6.360006,685545.646392,0.005000,air_chirp,0.000000,0.000000,-0.000849,0.000000,0.000000,0.000000,-0.329268,0.004057,3748
6.365005,685545.651532,0.004999,air_chirp,0.000000,0.000000,-0.000853,0.000000,0.000000,0.000000,-0.330121,0.004109,3750
6.370006,685545.656649,0.005000,air_chirp,0.000000,0.000000,-0.000857,0.000000,0.000000,0.000000,-0.326026,0.004111,3752
6.375005,685545.661768,0.005000,air_chirp,0.000000,0.000000,-0.000861,0.000000,0.000000,0.000000,-0.286972,0.004101,3754
6.380005,685545.666873,0.005000,air_chirp,0.000000,0.000000,-0.000864,0.000000,0.000000,0.000000,-0.274473,0.004051,3756
6.385005,685545.671951,0.005000,air_chirp,0.000000,0.000000,-0.000868,0.000000,0.000000,0.000000,-0.326406,0.001433,3758
6.390005,685545.677029,0.005000,air_chirp,0.000000,0.000000,-0.000871,0.000000,0.000000,0.000000,-0.392835,0.006364,3760
6.395005,685545.682108,0.005000,air_chirp,0.000000,0.000000,-0.000875,0.000000,0.000000,0.000000,-0.318685,0.001490,3762
6.400006,685545.687192,0.005000,air_chirp,0.000000,0.000000,-0.000878,0.000000,0.000000,0.000000,-0.263549,0.001117,3764
6.405005,685545.692273,0.005000,air_chirp,0.000000,0.000000,-0.000881,0.000000,0.000000,0.000000,-0.289286,0.006060,3766
6.410005,685545.697397,0.005000,air_chirp,0.000000,0.000000,-0.000884,0.000000,0.000000,0.000000,-0.347173,0.001484,3768
6.415005,685545.702482,0.005000,air_chirp,0.000000,0.000000,-0.000887,0.000000,0.000000,0.000000,-0.407590,0.006416,3770
6.420005,685545.707612,0.005001,air_chirp,0.000000,0.000000,-0.000890,0.000000,0.000000,0.000000,-0.351940,0.004138,3772
6.425005,685545.712725,0.004999,air_chirp,0.000000,0.000000,-0.000892,0.000000,0.000000,0.000000,-0.320715,0.001430,3774
6.430005,685545.717836,0.005001,air_chirp,0.000000,0.000000,-0.000895,0.000000,0.000000,0.000000,-0.351817,0.006370,3776
6.435005,685545.722950,0.005000,air_chirp,0.000000,0.000000,-0.000897,0.000000,0.000000,0.000000,-0.278604,0.001470,3778
6.440005,685545.728026,0.005000,air_chirp,0.000000,0.000000,-0.000900,0.000000,0.000000,0.000000,-0.197181,0.006405,3780
6.445005,685545.733107,0.005000,air_chirp,0.000000,0.000000,-0.000902,0.000000,0.000000,0.000000,-0.296349,0.001485,3782
6.455006,685545.738272,0.010000,air_chirp,0.000000,0.000000,-0.000904,0.000000,0.000000,0.000000,-0.375685,0.004174,3786
6.460006,685545.743395,0.005000,air_chirp,0.000000,0.000000,-0.000906,0.000000,0.000000,0.000000,-0.359434,0.004071,3788
6.465005,685545.748509,0.004999,air_chirp,0.000000,0.000000,-0.000908,0.000000,0.000000,0.000000,-0.329130,0.004079,3790
6.470005,685545.753645,0.005000,air_chirp,0.000000,0.000000,-0.000909,0.000000,0.000000,0.000000,-0.228724,0.004148,3792
6.475006,685545.758768,0.005001,air_chirp,0.000000,0.000000,-0.000911,0.000000,0.000000,0.000000,-0.286861,0.001408,3794
6.480005,685545.763848,0.004999,air_chirp,0.000000,0.000000,-0.000912,0.000000,0.000000,0.000000,-0.397075,0.006341,3796
6.485005,685545.768968,0.005000,air_chirp,0.000000,0.000000,-0.000914,0.000000,0.000000,0.000000,-0.353340,0.004816,3798
6.490005,685545.774084,0.005000,air_chirp,0.000000,0.000000,-0.000915,0.000000,0.000000,0.000000,-0.338529,0.004077,3800
6.495005,685545.779170,0.005000,air_chirp,0.000000,0.000000,-0.000916,0.000000,0.000000,0.000000,-0.315252,0.001433,3802
6.500005,685545.784249,0.005000,air_chirp,0.000000,0.000000,-0.000917,0.000000,0.000000,0.000000,-0.250270,0.006373,3804
6.505006,685545.789367,0.005001,air_chirp,0.000000,0.000000,-0.000918,0.000000,0.000000,0.000000,-0.288797,0.004120,3806
6.510006,685545.794462,0.005000,air_chirp,0.000000,0.000000,-0.000919,0.000000,0.000000,0.000000,-0.351903,0.001406,3808
6.515005,685545.799586,0.004999,air_chirp,0.000000,0.000000,-0.000919,0.000000,0.000000,0.000000,-0.373302,0.006340,3810
6.520005,685545.804726,0.005001,air_chirp,0.000000,0.000000,-0.000920,0.000000,0.000000,0.000000,-0.374986,0.004082,3812
6.525005,685545.809849,0.005000,air_chirp,0.000000,0.000000,-0.000920,0.000000,0.000000,0.000000,-0.333614,0.004101,3814
6.530005,685545.814990,0.005000,air_chirp,0.000000,0.000000,-0.000920,0.000000,0.000000,0.000000,-0.289554,0.004079,3816
6.535006,685545.820093,0.005001,air_chirp,0.000000,0.000000,-0.000921,0.000000,0.000000,0.000000,-0.305439,0.001145,3818
6.540005,685545.825192,0.005000,air_chirp,0.000000,0.000000,-0.000920,0.000000,0.000000,0.000000,-0.325343,0.006073,3820
6.545005,685545.830289,0.005000,air_chirp,0.000000,0.000000,-0.000920,0.000000,0.000000,0.000000,-0.326910,0.004284,3822
6.550005,685545.835432,0.005000,air_chirp,0.000000,0.000000,-0.000920,0.000000,0.000000,0.000000,-0.327354,0.001245,3824
6.555006,685545.840578,0.005001,air_chirp,0.000000,0.000000,-0.000920,0.000000,0.000000,0.000000,-0.327710,0.006198,3826
6.560006,685545.845718,0.005000,air_chirp,0.000000,0.000000,-0.000919,0.000000,0.000000,0.000000,-0.285067,0.001323,3828
6.565005,685545.850818,0.005000,air_chirp,0.000000,0.000000,-0.000918,0.000000,0.000000,0.000000,-0.239039,0.006256,3830
6.570005,685545.855991,0.005000,air_chirp,0.000000,0.000000,-0.000918,0.000000,0.000000,0.000000,-0.291886,0.004308,3832
6.575005,685545.861093,0.005000,air_chirp,0.000000,0.000000,-0.000917,0.000000,0.000000,0.000000,-0.269769,0.001324,3834
6.580005,685545.866192,0.005000,air_chirp,0.000000,0.000000,-0.000916,0.000000,0.000000,0.000000,-0.185284,0.006261,3836
6.585005,685545.871285,0.005000,air_chirp,0.000000,0.000000,-0.000914,0.000000,0.000000,0.000000,-0.249124,0.004373,3838
6.590005,685545.876444,0.005000,air_chirp,0.000000,0.000000,-0.000913,0.000000,0.000000,0.000000,-0.304873,0.001247,3840
6.595005,685545.881584,0.005000,air_chirp,0.000000,0.000000,-0.000912,0.000000,0.000000,0.000000,-0.289497,0.006187,3842
6.600005,685545.886722,0.005000,air_chirp,0.000000,0.000000,-0.000910,0.000000,0.000000,0.000000,-0.263505,0.001427,3844
6.605006,685545.891919,0.005000,air_chirp,0.000000,0.000000,-0.000908,0.000000,0.000000,0.000000,-0.251174,0.000987,3846
6.610009,685545.897020,0.005003,air_chirp,0.000000,0.000000,-0.000906,0.000000,0.000000,0.000000,-0.264699,0.005942,3848
6.615005,685545.902127,0.004996,air_chirp,0.000000,0.000000,-0.000904,0.000000,0.000000,0.000000,-0.275833,0.001269,3850
6.620005,685545.907235,0.005000,air_chirp,0.000000,0.000000,-0.000902,0.000000,0.000000,0.000000,-0.286778,0.006209,3852
6.625005,685545.912341,0.005000,air_chirp,0.000000,0.000000,-0.000900,0.000000,0.000000,0.000000,-0.293555,0.001447,3854
6.630006,685545.917515,0.005000,air_chirp,0.000000,0.000000,-0.000897,0.000000,0.000000,0.000000,-0.300003,0.006385,3856
6.635005,685545.922622,0.005000,air_chirp,0.000000,0.000000,-0.000895,0.000000,0.000000,0.000000,-0.330788,0.004388,3858
6.640005,685545.927754,0.005000,air_chirp,0.000000,0.000000,-0.000892,0.000000,0.000000,0.000000,-0.339541,0.000907,3860
6.645006,685545.932903,0.005001,air_chirp,0.000000,0.000000,-0.000889,0.000000,0.000000,0.000000,-0.316282,0.005862,3862
6.655006,685545.938076,0.010000,air_chirp,0.000000,0.000000,-0.000886,0.000000,0.000000,0.000000,-0.379914,0.006276,3866
6.655006,685545.943177,0.000001,air_chirp,0.000000,0.000000,-0.000883,0.000000,0.000000,0.000000,-0.379914,0.006276,3866
6.660006,685545.948270,0.005000,air_chirp,0.000000,0.000000,-0.000880,0.000000,0.000000,0.000000,-0.404594,0.004419,3868
6.670005,685545.953430,0.009999,air_chirp,0.000000,0.000000,-0.000877,0.000000,0.000000,0.000000,-0.367561,0.001417,3872
6.675005,685545.958593,0.005000,air_chirp,0.000000,0.000000,-0.000873,0.000000,0.000000,0.000000,-0.299890,0.006355,3874
6.680006,685545.963718,0.005000,air_chirp,0.000000,0.000000,-0.000870,0.000000,0.000000,0.000000,-0.316114,0.003948,3876
6.685005,685545.969004,0.005000,air_chirp,0.000000,0.000000,-0.000866,0.000000,0.000000,0.000000,-0.291370,0.003958,3878
6.690005,685545.974184,0.005000,air_chirp,0.000000,0.000000,-0.000862,0.000000,0.000000,0.000000,-0.288289,0.003945,3880
6.695006,685545.979304,0.005001,air_chirp,0.000000,0.000000,-0.000858,0.000000,0.000000,0.000000,-0.335737,0.004038,3882
6.700008,685545.984459,0.005002,air_chirp,0.000000,0.000000,-0.000854,0.000000,0.000000,0.000000,-0.332331,0.001365,3884
6.705006,685545.989578,0.004999,air_chirp,0.000000,0.000000,-0.000849,0.000000,0.000000,0.000000,-0.323669,0.006297,3886
6.710005,685545.994854,0.004999,air_chirp,0.000000,0.000000,-0.000845,0.000000,0.000000,0.000000,-0.336853,0.004131,3888
6.715005,685546.000139,0.005000,air_chirp,0.000000,0.000000,-0.000840,0.000000,0.000000,0.000000,-0.290404,0.004160,3890
6.720007,685546.005282,0.005002,air_chirp,0.000000,0.000000,-0.000835,0.000000,0.000000,0.000000,-0.249648,0.004108,3892
6.725005,685546.010405,0.004998,air_chirp,0.000000,0.000000,-0.000830,0.000000,0.000000,0.000000,-0.349884,0.001362,3894
6.730005,685546.015550,0.005000,air_chirp,0.000000,0.000000,-0.000825,0.000000,0.000000,0.000000,-0.436962,0.006294,3896
6.735005,685546.020665,0.005000,air_chirp,0.000000,0.000000,-0.000820,0.000000,0.000000,0.000000,-0.359745,0.004155,3898
6.740005,685546.025790,0.005000,air_chirp,0.000000,0.000000,-0.000815,0.000000,0.000000,0.000000,-0.269597,0.004083,3900
6.745005,685546.030913,0.005000,air_chirp,0.000000,0.000000,-0.000810,0.000000,0.000000,0.000000,-0.285277,0.004044,3902
6.750005,685546.036000,0.005000,air_chirp,0.000000,0.000000,-0.000804,0.000000,0.000000,0.000000,-0.354132,0.001328,3904
6.755005,685546.041096,0.005000,air_chirp,0.000000,0.000000,-0.000799,0.000000,0.000000,0.000000,-0.404396,0.006276,3906
6.760006,685546.046186,0.005001,air_chirp,0.000000,0.000000,-0.000793,0.000000,0.000000,0.000000,-0.408352,0.004195,3908
6.765005,685546.051285,0.004999,air_chirp,0.000000,0.000000,-0.000787,0.000000,0.000000,0.000000,-0.331082,0.004107,3910
6.770005,685546.056417,0.005000,air_chirp,0.000000,0.000000,-0.000781,0.000000,0.000000,0.000000,-0.247418,0.004063,3912
6.775005,685546.061538,0.005000,air_chirp,0.000000,0.000000,-0.000775,0.000000,0.000000,0.000000,-0.285181,0.001355,3914
6.780005,685546.066688,0.005000,air_chirp,0.000000,0.000000,-0.000769,0.000000,0.000000,0.000000,-0.332501,0.006288,3916
6.785005,685546.071828,0.005000,air_chirp,0.000000,0.000000,-0.000762,0.000000,0.000000,0.000000,-0.389241,0.004255,3918
6.790006,685546.076982,0.005001,air_chirp,0.000000,0.000000,-0.000756,0.000000,0.000000,0.000000,-0.402798,0.001406,3920
6.795005,685546.082134,0.004999,air_chirp,0.000000,0.000000,-0.000749,0.000000,0.000000,0.000000,-0.359941,0.006334,3922
6.800005,685546.087240,0.005000,air_chirp,0.000000,0.000000,-0.000742,0.000000,0.000000,0.000000,-0.331363,0.004365,3924
6.805006,685546.092380,0.005001,air_chirp,0.000000,0.000000,-0.000735,0.000000,0.000000,0.000000,-0.241842,0.004753,3926
6.810005,685546.097518,0.005000,air_chirp,0.000000,0.000000,-0.000728,0.000000,0.000000,0.000000,-0.257210,0.004324,3928
6.815005,685546.102661,0.005000,air_chirp,0.000000,0.000000,-0.000721,0.000000,0.000000,0.000000,-0.361864,0.004319,3930
6.820005,685546.107798,0.005000,air_chirp,0.000000,0.000000,-0.000714,0.000000,0.000000,0.000000,-0.385386,0.004757,3932
6.825005,685546.112935,0.005000,air_chirp,0.000000,0.000000,-0.000706,0.000000,0.000000,0.000000,-0.350771,0.004375,3934
6.835005,685546.118106,0.010000,air_chirp,0.000000,0.000000,-0.000699,0.000000,0.000000,0.000000,-0.175026,0.004766,3938
6.835005,685546.123190,0.000001,air_chirp,0.000000,0.000000,-0.000691,0.000000,0.000000,0.000000,-0.175026,0.004766,3938
6.845005,685546.128271,0.010000,air_chirp,0.000000,0.000000,-0.000683,0.000000,0.000000,0.000000,-0.416808,0.006208,3942
6.850005,685546.133373,0.005000,air_chirp,0.000000,0.000000,-0.000675,0.000000,0.000000,0.000000,-0.372494,0.004807,3944
6.855006,685546.138501,0.005000,air_chirp,0.000000,0.000000,-0.000667,0.000000,0.000000,0.000000,-0.273882,0.001447,3946
6.860005,685546.143627,0.005000,air_chirp,0.000000,0.000000,-0.000659,0.000000,0.000000,0.000000,-0.226449,0.006381,3948
6.865005,685546.148752,0.005000,air_chirp,0.000000,0.000000,-0.000651,0.000000,0.000000,0.000000,-0.263177,0.004817,3950
6.870005,685546.153906,0.005000,air_chirp,0.000000,0.000000,-0.000643,0.000000,0.000000,0.000000,-0.350735,0.004084,3952
6.875005,685546.158985,0.005000,air_chirp,0.000000,0.000000,-0.000634,0.000000,0.000000,0.000000,-0.328342,0.001323,3954
6.880005,685546.164123,0.005000,air_chirp,0.000000,0.000000,-0.000626,0.000000,0.000000,0.000000,-0.253090,0.006264,3956
6.885005,685546.169244,0.005000,air_chirp,0.000000,0.000000,-0.000617,0.000000,0.000000,0.000000,-0.341075,0.004802,3958
6.890005,685546.174325,0.005000,air_chirp,0.000000,0.000000,-0.000608,0.000000,0.000000,0.000000,-0.338747,0.001392,3960
6.895005,685546.179421,0.005000,air_chirp,0.000000,0.000000,-0.000599,0.000000,0.000000,0.000000,-0.235405,0.006333,3962
6.900005,685546.184516,0.005000,air_chirp,0.000000,0.000000,-0.000590,0.000000,0.000000,0.000000,-0.272800,0.004136,3964
6.905005,685546.189693,0.005000,air_chirp,0.000000,0.000000,-0.000581,0.000000,0.000000,0.000000,-0.302900,0.001434,3966
6.910005,685546.194821,0.005000,air_chirp,0.000000,0.000000,-0.000572,0.000000,0.000000,0.000000,-0.297673,0.000988,3968
6.915005,685546.199971,0.005000,air_chirp,0.000000,0.000000,-0.000562,0.000000,0.000000,0.000000,-0.308038,0.005918,3970
6.920005,685546.205089,0.005000,air_chirp,0.000000,0.000000,-0.000553,0.000000,0.000000,0.000000,-0.308854,0.004159,3972
6.925005,685546.210179,0.005000,air_chirp,0.000000,0.000000,-0.000543,0.000000,0.000000,0.000000,-0.317212,0.001131,3974
6.930005,685546.215269,0.005000,air_chirp,0.000000,0.000000,-0.000534,0.000000,0.000000,0.000000,-0.326164,0.006062,3976
6.935005,685546.220396,0.005000,air_chirp,0.000000,0.000000,-0.000524,0.000000,0.000000,0.000000,-0.282990,0.004816,3978
6.940005,685546.225524,0.005000,air_chirp,0.000000,0.000000,-0.000514,0.000000,0.000000,0.000000,-0.235714,0.004017,3980
6.945005,685546.230645,0.005000,air_chirp,0.000000,0.000000,-0.000504,0.000000,0.000000,0.000000,-0.273963,0.004146,3982
6.950005,685546.235730,0.005000,air_chirp,0.000000,0.000000,-0.000494,0.000000,0.000000,0.000000,-0.337020,0.001453,3984
6.955006,685546.240842,0.005001,air_chirp,0.000000,0.000000,-0.000484,0.000000,0.000000,0.000000,-0.269835,0.000976,3986
6.960005,685546.245969,0.004999,air_chirp,0.000000,0.000000,-0.000474,0.000000,0.000000,0.000000,-0.174325,0.005915,3988
6.965005,685546.251107,0.005000,air_chirp,0.000000,0.000000,-0.000463,0.000000,0.000000,0.000000,-0.214731,0.004153,3990
6.970005,685546.256197,0.005000,air_chirp,0.000000,0.000000,-0.000453,0.000000,0.000000,0.000000,-0.330990,0.004093,3992
6.975005,685546.261284,0.005000,air_chirp,0.000000,0.000000,-0.000442,0.000000,0.000000,0.000000,-0.375936,0.004264,3994
6.980005,685546.266373,0.005001,air_chirp,0.000000,0.000000,-0.000432,0.000000,0.000000,0.000000,-0.359794,0.001042,3996
6.985005,685546.271487,0.005000,air_chirp,0.000000,0.000000,-0.000421,0.000000,0.000000,0.000000,-0.368206,0.005974,3998
6.990005,685546.276606,0.005000,air_chirp,0.000000,0.000000,-0.000410,0.000000,0.000000,0.000000,-0.270019,0.004181,4000
6.995005,685546.281693,0.005000,air_chirp,0.000000,0.000000,-0.000399,0.000000,0.000000,0.000000,-0.292211,0.001399,4002
7.000005,685546.286834,0.005000,air_chirp,0.000000,0.000000,-0.000389,0.000000,0.000000,0.000000,-0.422727,0.006330,4004
7.005006,685546.291922,0.005001,air_chirp,0.000000,0.000000,-0.000377,0.000000,0.000000,0.000000,-0.344568,0.004809,4006
7.010005,685546.297052,0.004999,air_chirp,0.000000,0.000000,-0.000366,0.000000,0.000000,0.000000,-0.268446,0.004113,4008
7.015005,685546.302144,0.005000,air_chirp,0.000000,0.000000,-0.000355,0.000000,0.000000,0.000000,-0.279214,0.004033,4010
7.020005,685546.307269,0.005000,air_chirp,0.000000,0.000000,-0.000344,0.000000,0.000000,0.000000,-0.269235,0.004098,4012
7.025005,685546.312401,0.005000,air_chirp,0.000000,0.000000,-0.000332,0.000000,0.000000,0.000000,-0.258091,0.001416,4014
7.030005,685546.317521,0.005000,air_chirp,0.000000,0.000000,-0.000321,0.000000,0.000000,0.000000,-0.255983,0.006345,4016
7.035005,685546.322632,0.005000,air_chirp,0.000000,0.000000,-0.000309,0.000000,0.000000,0.000000,-0.280224,0.004167,4018
7.040005,685546.327740,0.005000,air_chirp,0.000000,0.000000,-0.000298,0.000000,0.000000,0.000000,-0.302696,0.004163,4020
7.045005,685546.332853,0.005000,air_chirp,0.000000,0.000000,-0.000286,0.000000,0.000000,0.000000,-0.317767,0.004352,4022
7.050005,685546.337967,0.005000,air_chirp,0.000000,0.000000,-0.000274,0.000000,0.000000,0.000000,-0.339591,0.001237,4024
7.055005,685546.343108,0.005000,air_chirp,0.000000,0.000000,-0.000263,0.000000,0.000000,0.000000,-0.344802,0.006183,4026
7.060005,685546.348212,0.005000,air_chirp,0.000000,0.000000,-0.000251,0.000000,0.000000,0.000000,-0.315725,0.004022,4028
7.070006,685546.353310,0.010001,air_chirp,0.000000,0.000000,-0.000239,0.000000,0.000000,0.000000,-0.275151,0.006373,4032
7.075005,685546.358404,0.004998,air_chirp,0.000000,0.000000,-0.000227,0.000000,0.000000,0.000000,-0.334461,0.004178,4034
7.075005,685546.363516,0.000001,air_chirp,0.000000,0.000000,-0.000215,0.000000,0.000000,0.000000,-0.334461,0.004178,4034
7.080005,685546.368660,0.005000,air_chirp,0.000000,0.000000,-0.000203,0.000000,0.000000,0.000000,-0.340156,0.004549,4036
7.085006,685546.373830,0.005001,air_chirp,0.000000,0.000000,-0.000190,0.000000,0.000000,0.000000,-0.307981,0.000792,4038
7.090309,685546.379003,0.005303,air_chirp,0.000000,0.000000,-0.000178,0.000000,0.000000,0.000000,-0.304814,0.001706,4040
7.096145,685546.384156,0.005837,air_chirp,0.000000,0.000000,-0.000166,0.000000,0.000000,0.000000,-0.277818,0.001885,4042
7.101517,685546.389311,0.005372,air_chirp,0.000000,0.000000,-0.000153,0.000000,0.000000,0.000000,-0.317365,0.002722,4044
7.107122,685546.394470,0.005605,air_chirp,0.000000,0.000000,-0.000141,0.000000,0.000000,0.000000,-0.323640,0.002616,4046
7.113069,685546.399612,0.005947,air_chirp,0.000000,0.000000,-0.000128,0.000000,0.000000,0.000000,-0.300183,0.004109,4048
7.117441,685546.404747,0.004373,air_chirp,0.000000,0.000000,-0.000116,0.000000,0.000000,0.000000,-0.341406,0.002888,4050
7.126065,685546.410023,0.008623,air_chirp,0.000000,0.000000,-0.000103,0.000000,0.000000,0.000000,-0.285265,0.001432,4054
7.130210,685546.415169,0.004145,air_chirp,0.000000,0.000000,-0.000090,0.000000,0.000000,0.000000,-0.279219,0.001154,4056
7.135006,685546.420288,0.004796,air_chirp,0.000000,0.000000,-0.000077,0.000000,0.000000,0.000000,-0.314539,0.001457,4058
7.140006,685546.425409,0.005000,air_chirp,0.000000,0.000000,-0.000065,0.000000,0.000000,0.000000,-0.323082,0.006389,4060
7.145006,685546.430568,0.005000,air_chirp,0.000000,0.000000,-0.000052,0.000000,0.000000,0.000000,-0.322768,0.004342,4062
7.150005,685546.435799,0.004999,air_chirp,0.000000,0.000000,-0.000039,0.000000,0.000000,0.000000,-0.314742,0.001289,4064
7.155005,685546.441021,0.005000,air_chirp,0.000000,0.000000,-0.000026,0.000000,0.000000,0.000000,-0.307095,0.006275,4066
7.160006,685546.446150,0.005001,air_chirp,0.000000,0.000000,-0.000013,0.000000,0.000000,0.000000,-0.324669,0.004394,4068
7.165011,685546.451250,0.005005,air_chirp,0.000000,0.000000,-0.000000,0.000000,0.000000,0.000000,-0.313384,0.001333,4070
7.170109,685546.456401,0.005098,air_chirp,0.000000,0.000000,0.000013,0.000000,0.000000,0.000000,-0.281660,0.000773,4072
7.175006,685546.461556,0.004897,air_chirp,0.000000,0.000000,0.000026,0.000000,0.000000,0.000000,-0.304790,0.001119,4074
7.180005,685546.466701,0.004999,air_chirp,0.000000,0.000000,0.000038,0.000000,0.000000,0.000000,-0.332229,0.006049,4076
7.185005,685546.471834,0.005000,air_chirp,0.000000,0.000000,0.000051,0.000000,0.000000,0.000000,-0.330837,0.004436,4078
7.190005,685546.477013,0.005000,air_chirp,0.000000,0.000000,0.000064,0.000000,0.000000,0.000000,-0.331457,0.004259,4080
7.195005,685546.482151,0.005000,air_chirp,0.000000,0.000000,0.000078,0.000000,0.000000,0.000000,-0.301617,0.004340,4082
7.200005,685546.487248,0.005000,air_chirp,0.000000,0.000000,0.000091,0.000000,0.000000,0.000000,-0.315470,0.001258,4084
7.205005,685546.492354,0.005000,air_chirp,0.000000,0.000000,0.000103,0.000000,0.000000,0.000000,-0.366931,0.006199,4086
7.210007,685546.497448,0.005001,air_chirp,0.000000,0.000000,0.000116,0.000000,0.000000,0.000000,-0.348259,0.004494,4088
7.215005,685546.502588,0.004998,air_chirp,0.000000,0.000000,0.000129,0.000000,0.000000,0.000000,-0.309059,0.001259,4090
7.220005,685546.507719,0.005000,air_chirp,0.000000,0.000000,0.000142,0.000000,0.000000,0.000000,-0.290966,0.006187,4092
7.225005,685546.512904,0.005000,air_chirp,0.000000,0.000000,0.000155,0.000000,0.000000,0.000000,-0.326739,0.001236,4094
7.230005,685546.518064,0.005000,air_chirp,0.000000,0.000000,0.000169,0.000000,0.000000,0.000000,-0.366751,0.006177,4096
7.235005,685546.523160,0.005000,air_chirp,0.000000,0.000000,0.000182,0.000000,0.000000,0.000000,-0.334026,0.004384,4098
7.245005,685546.528247,0.010000,air_chirp,0.000000,0.000000,0.000195,0.000000,0.000000,0.000000,-0.297393,0.001295,4102
7.250005,685546.533359,0.005000,air_chirp,0.000000,0.000000,0.000207,0.000000,0.000000,0.000000,-0.249546,0.006223,4104
7.255019,685546.538488,0.005014,air_chirp,0.000000,0.000000,0.000220,0.000000,0.000000,0.000000,-0.275122,0.004482,4106
7.260005,685546.543725,0.004986,air_chirp,0.000000,0.000000,0.000234,0.000000,0.000000,0.000000,-0.307398,0.004286,4108
7.265005,685546.548993,0.005000,air_chirp,0.000000,0.000000,0.000247,0.000000,0.000000,0.000000,-0.348701,0.004374,4110
7.270005,685546.554218,0.005000,air_chirp,0.000000,0.000000,0.000260,0.000000,0.000000,0.000000,-0.339861,0.004172,4112
7.275005,685546.559389,0.005000,air_chirp,0.000000,0.000000,0.000273,0.000000,0.000000,0.000000,-0.292746,0.004279,4114
7.280005,685546.564614,0.005000,air_chirp,0.000000,0.000000,0.000286,0.000000,0.000000,0.000000,-0.292982,0.001243,4116
7.285005,685546.569857,0.005000,air_chirp,0.000000,0.000000,0.000300,0.000000,0.000000,0.000000,-0.293430,0.006187,4118
7.290005,685546.574976,0.005000,air_chirp,0.000000,0.000000,0.000312,0.000000,0.000000,0.000000,-0.302707,0.004370,4120
7.295005,685546.580163,0.005000,air_chirp,0.000000,0.000000,0.000325,0.000000,0.000000,0.000000,-0.318913,0.004379,4122
7.300005,685546.585282,0.005000,air_chirp,0.000000,0.000000,0.000338,0.000000,0.000000,0.000000,-0.326605,0.004365,4124
7.305005,685546.590400,0.005000,air_chirp,0.000000,0.000000,0.000351,0.000000,0.000000,0.000000,-0.331579,0.004358,4126
7.310005,685546.595677,0.005000,air_chirp,0.000000,0.000000,0.000364,0.000000,0.000000,0.000000,-0.319503,0.004327,4128
7.315005,685546.600891,0.005000,air_chirp,0.000000,0.000000,0.000377,0.000000,0.000000,0.000000,-0.310612,0.004335,4130
7.320005,685546.606030,0.005000,air_chirp,0.000000,0.000000,0.000390,0.000000,0.000000,0.000000,-0.315545,0.004403,4132
7.325005,685546.611168,0.005000,air_chirp,0.000000,0.000000,0.000402,0.000000,0.000000,0.000000,-0.303424,0.001207,4134
7.330005,685546.616305,0.005000,air_chirp,0.000000,0.000000,0.000415,0.000000,0.000000,0.000000,-0.293041,0.006144,4136
7.335006,685546.621444,0.005001,air_chirp,0.000000,0.000000,0.000427,0.000000,0.000000,0.000000,-0.309319,0.004810,4138
7.340005,685546.626578,0.004999,air_chirp,0.000000,0.000000,0.000440,0.000000,0.000000,0.000000,-0.338273,0.001191,4140
7.345006,685546.631715,0.005000,air_chirp,0.000000,0.000000,0.000452,0.000000,0.000000,0.000000,-0.351130,0.006122,4142
7.350005,685546.636854,0.004999,air_chirp,0.000000,0.000000,0.000465,0.000000,0.000000,0.000000,-0.320951,0.004391,4144
7.355005,685546.642145,0.005000,air_chirp,0.000000,0.000000,0.000477,0.000000,0.000000,0.000000,-0.313570,0.004320,4146
7.360005,685546.647265,0.004999,air_chirp,0.000000,0.000000,0.000490,0.000000,0.000000,0.000000,-0.339176,0.004165,4148
7.365005,685546.652411,0.005000,air_chirp,0.000000,0.000000,0.000502,0.000000,0.000000,0.000000,-0.305451,0.004576,4150
7.370005,685546.657553,0.005000,air_chirp,0.000000,0.000000,0.000514,0.000000,0.000000,0.000000,-0.267056,0.004327,4152
7.375005,685546.662755,0.005000,air_chirp,0.000000,0.000000,0.000526,0.000000,0.000000,0.000000,-0.297781,0.004099,4154
7.380005,685546.667897,0.005000,air_chirp,0.000000,0.000000,0.000538,0.000000,0.000000,0.000000,-0.314333,0.001084,4156
7.385005,685546.673054,0.005000,air_chirp,0.000000,0.000000,0.000550,0.000000,0.000000,0.000000,-0.296024,0.006025,4158
7.395005,685546.678187,0.010000,air_chirp,0.000000,0.000000,0.000562,0.000000,0.000000,0.000000,-0.285918,0.001243,4162
7.400005,685546.683301,0.005000,air_chirp,0.000000,0.000000,0.000574,0.000000,0.000000,0.000000,-0.280208,0.006186,4164
7.405005,685546.688465,0.005000,air_chirp,0.000000,0.000000,0.000586,0.000000,0.000000,0.000000,-0.308591,0.004380,4166
7.410005,685546.693622,0.005000,air_chirp,0.000000,0.000000,0.000598,0.000000,0.000000,0.000000,-0.332960,0.004769,4168
7.415005,685546.698746,0.005000,air_chirp,0.000000,0.000000,0.000609,0.000000,0.000000,0.000000,-0.277282,0.004757,4170
7.420005,685546.703902,0.005000,air_chirp,0.000000,0.000000,0.000621,0.000000,0.000000,0.000000,-0.257815,0.004195,4172
7.425005,685546.709047,0.005000,air_chirp,0.000000,0.000000,0.000632,0.000000,0.000000,0.000000,-0.332635,0.001212,4174
7.430005,685546.714171,0.005000,air_chirp,0.000000,0.000000,0.000643,0.000000,0.000000,0.000000,-0.379062,0.006144,4176
7.435005,685546.719336,0.005000,air_chirp,0.000000,0.000000,0.000655,0.000000,0.000000,0.000000,-0.343894,0.001247,4178
7.440005,685546.724493,0.005000,air_chirp,0.000000,0.000000,0.000666,0.000000,0.000000,0.000000,-0.302305,0.006183,4180
7.445005,685546.729644,0.005000,air_chirp,0.000000,0.000000,0.000677,0.000000,0.000000,0.000000,-0.310119,0.004361,4182
7.450005,685546.734798,0.005000,air_chirp,0.000000,0.000000,0.000688,0.000000,0.000000,0.000000,-0.379328,0.004267,4184
7.455005,685546.739933,0.005000,air_chirp,0.000000,0.000000,0.000699,0.000000,0.000000,0.000000,-0.375431,0.001206,4186
7.460005,685546.745035,0.005000,air_chirp,0.000000,0.000000,0.000709,0.000000,0.000000,0.000000,-0.308275,0.006143,4188
7.465005,685546.750137,0.005000,air_chirp,0.000000,0.000000,0.000720,0.000000,0.000000,0.000000,-0.298111,0.004808,4190
7.470005,685546.755272,0.005000,air_chirp,0.000000,0.000000,0.000730,0.000000,0.000000,0.000000,-0.284740,0.004368,4192
7.475005,685546.760366,0.005000,air_chirp,0.000000,0.000000,0.000741,0.000000,0.000000,0.000000,-0.290628,0.004758,4194
7.480006,685546.765498,0.005000,air_chirp,0.000000,0.000000,0.000751,0.000000,0.000000,0.000000,-0.336575,0.001122,4196
7.485005,685546.770637,0.005000,air_chirp,0.000000,0.000000,0.000761,0.000000,0.000000,0.000000,-0.371039,0.006050,4198
7.490005,685546.775766,0.005000,air_chirp,0.000000,0.000000,0.000771,0.000000,0.000000,0.000000,-0.314195,0.004375,4200
7.495005,685546.780908,0.005000,air_chirp,0.000000,0.000000,0.000781,0.000000,0.000000,0.000000,-0.244049,0.004755,4202
7.500005,685546.786072,0.005000,air_chirp,0.000000,0.000000,0.000791,0.000000,0.000000,0.000000,-0.286315,0.004755,4204
7.505007,685546.791172,0.005001,air_chirp,0.000000,0.000000,0.000801,0.000000,0.000000,0.000000,-0.365357,0.004768,4206
7.510006,685546.796301,0.004999,air_chirp,0.000000,0.000000,0.000810,0.000000,0.000000,0.000000,-0.353800,0.004272,4208
7.515005,685546.801416,0.004999,air_chirp,0.000000,0.000000,0.000819,0.000000,0.000000,0.000000,-0.292042,0.001386,4210
7.520005,685546.806629,0.005000,air_chirp,0.000000,0.000000,0.000829,0.000000,0.000000,0.000000,-0.265922,0.006322,4212
7.525005,685546.811783,0.005000,air_chirp,0.000000,0.000000,0.000838,0.000000,0.000000,0.000000,-0.305922,0.004441,4214
7.530005,685546.817049,0.005000,air_chirp,0.000000,0.000000,0.000847,0.000000,0.000000,0.000000,-0.352931,0.004754,4216
7.535005,685546.822198,0.005000,air_chirp,0.000000,0.000000,0.000856,0.000000,0.000000,0.000000,-0.344917,0.004761,4218
7.540005,685546.827326,0.005000,air_chirp,0.000000,0.000000,0.000865,0.000000,0.000000,0.000000,-0.342093,0.004253,4220
7.545006,685546.832453,0.005001,air_chirp,0.000000,0.000000,0.000874,0.000000,0.000000,0.000000,-0.313245,0.004192,4222
7.550005,685546.837625,0.004999,air_chirp,0.000000,0.000000,0.000882,0.000000,0.000000,0.000000,-0.297682,0.001207,4224
7.555006,685546.842858,0.005001,air_chirp,0.000000,0.000000,0.000891,0.000000,0.000000,0.000000,-0.323116,0.006151,4226
7.560007,685546.847998,0.005001,air_chirp,0.000000,0.000000,0.000899,0.000000,0.000000,0.000000,-0.325117,0.004384,4228
7.565005,685546.853189,0.004998,air_chirp,0.000000,0.000000,0.000907,0.000000,0.000000,0.000000,-0.322849,0.004728,4230
7.575005,685546.858308,0.009999,air_chirp,0.000000,0.000000,0.000915,0.000000,0.000000,0.000000,-0.304027,0.004722,4234
7.575005,685546.863463,0.000001,air_chirp,0.000000,0.000000,0.000922,0.000000,0.000000,0.000000,-0.304027,0.004722,4234
7.585005,685546.868676,0.010000,air_chirp,0.000000,0.000000,0.000930,0.000000,0.000000,0.000000,-0.360193,0.000836,4238
7.590005,685546.873818,0.005000,air_chirp,0.000000,0.000000,0.000937,0.000000,0.000000,0.000000,-0.322854,0.005780,4240
7.595005,685546.879101,0.005000,air_chirp,0.000000,0.000000,0.000945,0.000000,0.000000,0.000000,-0.302422,0.004814,4242
7.600005,685546.884238,0.005000,air_chirp,0.000000,0.000000,0.000952,0.000000,0.000000,0.000000,-0.300549,0.004763,4244
7.605005,685546.889364,0.005000,air_chirp,0.000000,0.000000,0.000959,0.000000,0.000000,0.000000,-0.323532,0.004754,4246
7.610005,685546.894543,0.005000,air_chirp,0.000000,0.000000,0.000966,0.000000,0.000000,0.000000,-0.338161,0.004269,4248
7.615005,685546.899677,0.005000,air_chirp,0.000000,0.000000,0.000972,0.000000,0.000000,0.000000,-0.329961,0.004753,4250
7.620005,685546.904929,0.005000,air_chirp,0.000000,0.000000,0.000979,0.000000,0.000000,0.000000,-0.315593,0.004381,4252
7.625005,685546.910195,0.005000,air_chirp,0.000000,0.000000,0.000985,0.000000,0.000000,0.000000,-0.301842,0.004764,4254
7.630005,685546.915324,0.005000,air_chirp,0.000000,0.000000,0.000991,0.000000,0.000000,0.000000,-0.310083,0.004340,4256
7.635005,685546.920447,0.005000,air_chirp,0.000000,0.000000,0.000997,0.000000,0.000000,0.000000,-0.339222,0.004343,4258
7.640005,685546.925600,0.005000,air_chirp,0.000000,0.000000,0.001003,0.000000,0.000000,0.000000,-0.338675,0.004761,4260
7.645006,685546.930732,0.005000,air_chirp,0.000000,0.000000,0.001008,0.000000,0.000000,0.000000,-0.304047,0.004334,4262
7.650005,685546.935988,0.004999,air_chirp,0.000000,0.000000,0.001014,0.000000,0.000000,0.000000,-0.264368,0.004761,4264
7.655005,685546.941151,0.005000,air_chirp,0.000000,0.000000,0.001019,0.000000,0.000000,0.000000,-0.277307,0.001193,4266
7.660005,685546.946274,0.005000,air_chirp,0.000000,0.000000,0.001024,0.000000,0.000000,0.000000,-0.303593,0.006135,4268
7.665005,685546.951416,0.005000,air_chirp,0.000000,0.000000,0.001029,0.000000,0.000000,0.000000,-0.298984,0.004816,4270
7.670005,685546.956577,0.005000,air_chirp,0.000000,0.000000,0.001033,0.000000,0.000000,0.000000,-0.288807,0.004369,4272
7.675005,685546.961725,0.005000,air_chirp,0.000000,0.000000,0.001038,0.000000,0.000000,0.000000,-0.306478,0.004335,4274
7.680005,685546.966884,0.005000,air_chirp,0.000000,0.000000,0.001042,0.000000,0.000000,0.000000,-0.330672,0.004760,4276
7.685005,685546.972070,0.005000,air_chirp,0.000000,0.000000,0.001046,0.000000,0.000000,0.000000,-0.332300,0.004352,4278
7.690005,685546.977190,0.005000,air_chirp,0.000000,0.000000,0.001050,0.000000,0.000000,0.000000,-0.332040,0.004904,4280
7.695005,685546.982291,0.005000,air_chirp,0.000000,0.000000,0.001054,0.000000,0.000000,0.000000,-0.331722,0.004389,4282
7.700005,685546.987442,0.005000,air_chirp,0.000000,0.000000,0.001057,0.000000,0.000000,0.000000,-0.324170,0.004759,4284
7.705005,685546.992590,0.005000,air_chirp,0.000000,0.000000,0.001060,0.000000,0.000000,0.000000,-0.322574,0.004289,4286
7.710005,685546.997706,0.005000,air_chirp,0.000000,0.000000,0.001064,0.000000,0.000000,0.000000,-0.305435,0.004380,4288
7.715005,685547.003019,0.005000,air_chirp,0.000000,0.000000,0.001067,0.000000,0.000000,0.000000,-0.275307,0.004764,4290
7.725005,685547.008198,0.010000,air_chirp,0.000000,0.000000,0.001069,0.000000,0.000000,0.000000,-0.282402,0.006090,4294
7.730005,685547.013353,0.005000,air_chirp,0.000000,0.000000,0.001072,0.000000,0.000000,0.000000,-0.283033,0.004399,4296
7.735005,685547.018532,0.005000,air_chirp,0.000000,0.000000,0.001074,0.000000,0.000000,0.000000,-0.305656,0.001298,4298
7.740005,685547.023756,0.005000,air_chirp,0.000000,0.000000,0.001076,0.000000,0.000000,0.000000,-0.330010,0.006236,4300
7.745005,685547.028992,0.005000,air_chirp,0.000000,0.000000,0.001078,0.000000,0.000000,0.000000,-0.323349,0.000889,4302
7.750005,685547.034203,0.005000,air_chirp,0.000000,0.000000,0.001080,0.000000,0.000000,0.000000,-0.314247,0.005825,4304
7.755005,685547.039350,0.005000,air_chirp,0.000000,0.000000,0.001081,0.000000,0.000000,0.000000,-0.305543,0.004808,4306
7.760005,685547.044515,0.005000,air_chirp,0.000000,0.000000,0.001082,0.000000,0.000000,0.000000,-0.298531,0.004385,4308
7.765005,685547.049711,0.005001,air_chirp,0.000000,0.000000,0.001083,0.000000,0.000000,0.000000,-0.288867,0.004752,4310
7.770005,685547.054884,0.005000,air_chirp,0.000000,0.000000,0.001084,0.000000,0.000000,0.000000,-0.299597,0.004317,4312
7.775005,685547.060047,0.005000,air_chirp,0.000000,0.000000,0.001085,0.000000,0.000000,0.000000,-0.337505,0.004348,4314
7.780008,685547.065183,0.005003,air_chirp,0.000000,0.000000,0.001085,0.000000,0.000000,0.000000,-0.379640,0.004748,4316
7.785005,685547.070319,0.004997,air_chirp,0.000000,0.000000,0.001085,0.000000,0.000000,0.000000,-0.380677,0.004371,4318
7.790005,685547.075449,0.005000,air_chirp,0.000000,0.000000,0.001085,0.000000,0.000000,0.000000,-0.328702,0.004714,4320
7.795005,685547.080583,0.005000,air_chirp,0.000000,0.000000,0.001085,0.000000,0.000000,0.000000,-0.288004,0.004386,4322
7.800005,685547.085716,0.005000,air_chirp,0.000000,0.000000,0.001085,0.000000,0.000000,0.000000,-0.292138,0.004761,4324
7.805005,685547.090853,0.005000,air_chirp,0.000000,0.000000,0.001084,0.000000,0.000000,0.000000,-0.369750,0.004361,4326
7.810005,685547.095992,0.005000,air_chirp,0.000000,0.000000,0.001083,0.000000,0.000000,0.000000,-0.366086,0.004359,4328
7.815005,685547.101130,0.005000,air_chirp,0.000000,0.000000,0.001082,0.000000,0.000000,0.000000,-0.290032,0.004343,4330
7.820005,685547.106247,0.005000,air_chirp,0.000000,0.000000,0.001081,0.000000,0.000000,0.000000,-0.242621,0.004756,4332
7.825020,685547.111373,0.005015,air_chirp,0.000000,0.000000,0.001079,0.000000,0.000000,0.000000,-0.253867,0.004860,4334
7.830006,685547.116519,0.004985,air_chirp,0.000000,0.000000,0.001077,0.000000,0.000000,0.000000,-0.357180,0.001022,4336
7.835005,685547.121667,0.004999,air_chirp,0.000000,0.000000,0.001075,0.000000,0.000000,0.000000,-0.418560,0.005957,4338
7.840005,685547.126818,0.005000,air_chirp,0.000000,0.000000,0.001073,0.000000,0.000000,0.000000,-0.372408,0.004749,4340
7.845005,685547.131951,0.005000,air_chirp,0.000000,0.000000,0.001071,0.000000,0.000000,0.000000,-0.264911,0.004457,4342
7.850005,685547.137141,0.005000,air_chirp,0.000000,0.000000,0.001068,0.000000,0.000000,0.000000,-0.252421,0.004696,4344
7.855005,685547.142254,0.005000,air_chirp,0.000000,0.000000,0.001065,0.000000,0.000000,0.000000,-0.303236,0.004757,4346
7.860005,685547.147399,0.005000,air_chirp,0.000000,0.000000,0.001062,0.000000,0.000000,0.000000,-0.356968,0.004345,4348
7.865005,685547.152566,0.005000,air_chirp,0.000000,0.000000,0.001059,0.000000,0.000000,0.000000,-0.389635,0.004382,4350
7.870006,685547.157705,0.005001,air_chirp,0.000000,0.000000,0.001055,0.000000,0.000000,0.000000,-0.350919,0.004289,4352
7.875005,685547.162845,0.004999,air_chirp,0.000000,0.000000,0.001052,0.000000,0.000000,0.000000,-0.306740,0.004230,4354
7.880005,685547.167981,0.005000,air_chirp,0.000000,0.000000,0.001048,0.000000,0.000000,0.000000,-0.285068,0.004339,4356
7.885005,685547.173090,0.005000,air_chirp,0.000000,0.000000,0.001044,0.000000,0.000000,0.000000,-0.303023,0.004752,4358
7.890006,685547.178215,0.005001,air_chirp,0.000000,0.000000,0.001039,0.000000,0.000000,0.000000,-0.341478,0.001228,4360
7.900005,685547.183303,0.010000,air_chirp,0.000000,0.000000,0.001035,0.000000,0.000000,0.000000,-0.341499,0.001132,4364
7.905005,685547.188426,0.005000,air_chirp,0.000000,0.000000,0.001030,0.000000,0.000000,0.000000,-0.317902,0.006065,4366
7.910005,685547.193572,0.005000,air_chirp,0.000000,0.000000,0.001025,0.000000,0.000000,0.000000,-0.339500,0.004766,4368
7.915005,685547.198718,0.005000,air_chirp,0.000000,0.000000,0.001020,0.000000,0.000000,0.000000,-0.333909,0.004690,4370
7.920005,685547.203818,0.005000,air_chirp,0.000000,0.000000,0.001014,0.000000,0.000000,0.000000,-0.308333,0.004663,4372
7.925005,685547.208966,0.005000,air_chirp,0.000000,0.000000,0.001009,0.000000,0.000000,0.000000,-0.332292,0.004226,4374
7.930006,685547.214129,0.005000,air_chirp,0.000000,0.000000,0.001003,0.000000,0.000000,0.000000,-0.393657,0.004761,4376
7.935005,685547.219211,0.004999,air_chirp,0.000000,0.000000,0.000997,0.000000,0.000000,0.000000,-0.343099,0.003226,4378
7.940005,685547.224290,0.005000,air_chirp,0.000000,0.000000,0.000990,0.000000,0.000000,0.000000,-0.317973,0.003902,4380
7.945005,685547.229371,0.005000,air_chirp,0.000000,0.000000,0.000984,0.000000,0.000000,0.000000,-0.389270,0.003506,4382
7.950005,685547.234495,0.004999,air_chirp,0.000000,0.000000,0.000977,0.000000,0.000000,0.000000,-0.394795,0.004134,4384
7.955005,685547.239649,0.005001,air_chirp,0.000000,0.000000,0.000970,0.000000,0.000000,0.000000,-0.330564,0.003739,4386
7.960005,685547.244874,0.005000,air_chirp,0.000000,0.000000,0.000963,0.000000,0.000000,0.000000,-0.295858,0.004292,4388
7.965005,685547.250021,0.005000,air_chirp,0.000000,0.000000,0.000955,0.000000,0.000000,0.000000,-0.318630,0.003923,4390
7.970005,685547.255154,0.005000,air_chirp,0.000000,0.000000,0.000948,0.000000,0.000000,0.000000,-0.277885,0.003443,4392
7.975006,685547.260279,0.005000,air_chirp,0.000000,0.000000,0.000940,0.000000,0.000000,0.000000,-0.288873,0.004100,4394
7.980006,685547.265411,0.005000,air_chirp,0.000000,0.000000,0.000932,0.000000,0.000000,0.000000,-0.367394,0.003730,4396
7.985005,685547.270674,0.004999,air_chirp,0.000000,0.000000,0.000924,0.000000,0.000000,0.000000,-0.344554,0.003207,4398
7.990005,685547.275789,0.005000,air_chirp,0.000000,0.000000,0.000915,0.000000,0.000000,0.000000,-0.253152,0.003705,4400
7.995005,685547.281035,0.005000,air_chirp,0.000000,0.000000,0.000906,0.000000,0.000000,0.000000,-0.318052,0.004004,4402
8.000005,685547.286166,0.005000,air_chirp,0.000000,0.000000,0.000898,0.000000,0.000000,0.000000,-0.346840,0.003519,4404
8.005006,685547.291385,0.005001,air_chirp,0.000000,0.000000,0.000888,0.000000,0.000000,0.000000,-0.322962,0.003800,4406
8.010005,685547.296570,0.004999,air_chirp,0.000000,0.000000,0.000879,0.000000,0.000000,0.000000,-0.338870,0.004052,4408
8.015005,685547.301781,0.005000,air_chirp,0.000000,0.000000,0.000869,0.000000,0.000000,0.000000,-0.301938,0.003419,4410
8.020005,685547.306901,0.005000,air_chirp,0.000000,0.000000,0.000860,0.000000,0.000000,0.000000,-0.303802,0.003771,4412
8.025005,685547.312057,0.005000,air_chirp,0.000000,0.000000,0.000850,0.000000,0.000000,0.000000,-0.310546,0.004083,4414
8.030005,685547.317162,0.005000,air_chirp,0.000000,0.000000,0.000840,0.000000,0.000000,0.000000,-0.274976,0.003597,4416
8.035005,685547.322260,0.004999,air_chirp,0.000000,0.000000,0.000830,0.000000,0.000000,0.000000,-0.301703,0.004005,4418
8.040005,685547.327401,0.005000,air_chirp,0.000000,0.000000,0.000819,0.000000,0.000000,0.000000,-0.349930,0.003547,4420
8.045005,685547.332540,0.005000,air_chirp,0.000000,0.000000,0.000809,0.000000,0.000000,0.000000,-0.297199,0.004127,4422
8.050005,685547.337738,0.005000,air_chirp,0.000000,0.000000,0.000798,0.000000,0.000000,0.000000,-0.293065,0.003648,4424
8.055005,685547.343040,0.005000,air_chirp,0.000000,0.000000,0.000786,0.000000,0.000000,0.000000,-0.369438,0.004255,4426
8.065005,685547.348204,0.010000,air_chirp,0.000000,0.000000,0.000775,0.000000,0.000000,0.000000,-0.292621,0.003346,4430
8.070005,685547.353322,0.005000,air_chirp,0.000000,0.000000,0.000764,0.000000,0.000000,0.000000,-0.307848,0.003981,4432
8.075005,685547.358441,0.005000,air_chirp,0.000000,0.000000,0.000752,0.000000,0.000000,0.000000,-0.303002,0.003551,4434
8.080018,685547.363596,0.005013,air_chirp,0.000000,0.000000,0.000740,0.000000,0.000000,0.000000,-0.296576,0.004300,4436
8.085006,685547.368735,0.004987,air_chirp,0.000000,0.000000,0.000728,0.000000,0.000000,0.000000,-0.317155,0.003791,4438
8.090006,685547.373915,0.005000,air_chirp,0.000000,0.000000,0.000716,0.000000,0.000000,0.000000,-0.281678,0.003325,4440
8.095005,685547.379021,0.005000,air_chirp,0.000000,0.000000,0.000704,0.000000,0.000000,0.000000,-0.311574,0.003961,4442
8.100005,685547.384129,0.005000,air_chirp,0.000000,0.000000,0.000691,0.000000,0.000000,0.000000,-0.313070,0.003517,4444
8.105005,685547.389223,0.005000,air_chirp,0.000000,0.000000,0.000679,0.000000,0.000000,0.000000,-0.234133,0.004090,4446
8.110007,685547.394355,0.005001,air_chirp,0.000000,0.000000,0.000666,0.000000,0.000000,0.000000,-0.281516,0.003717,4448
8.115006,685547.399484,0.004999,air_chirp,0.000000,0.000000,0.000653,0.000000,0.000000,0.000000,-0.335014,0.004224,4450
8.120005,685547.404642,0.005000,air_chirp,0.000000,0.000000,0.000640,0.000000,0.000000,0.000000,-0.390049,0.003782,4452
8.125005,685547.409749,0.005000,air_chirp,0.000000,0.000000,0.000627,0.000000,0.000000,0.000000,-0.338342,0.003312,4454
8.130005,685547.414876,0.005000,air_chirp,0.000000,0.000000,0.000613,0.000000,0.000000,0.000000,-0.253579,0.003967,4456
8.135014,685547.420009,0.005009,air_chirp,0.000000,0.000000,0.000600,0.000000,0.000000,0.000000,-0.261308,0.003492,4458
8.140005,685547.425108,0.004992,air_chirp,0.000000,0.000000,0.000586,0.000000,0.000000,0.000000,-0.325948,0.003904,4460
8.145005,685547.430198,0.005000,air_chirp,0.000000,0.000000,0.000572,0.000000,0.000000,0.000000,-0.400552,0.004196,4462
8.150005,685547.435337,0.005000,air_chirp,0.000000,0.000000,0.000558,0.000000,0.000000,0.000000,-0.357193,0.003789,4464
8.155005,685547.440474,0.005000,air_chirp,0.000000,0.000000,0.000544,0.000000,0.000000,0.000000,-0.286283,0.003899,4466
8.160005,685547.445633,0.005000,air_chirp,0.000000,0.000000,0.000529,0.000000,0.000000,0.000000,-0.290519,0.003405,4468
8.165005,685547.450790,0.005000,air_chirp,0.000000,0.000000,0.000515,0.000000,0.000000,0.000000,-0.338196,0.003907,4470
8.170005,685547.455998,0.005000,air_chirp,0.000000,0.000000,0.000500,0.000000,0.000000,0.000000,-0.327471,0.003505,4472
8.175005,685547.461180,0.005000,air_chirp,0.000000,0.000000,0.000485,0.000000,0.000000,0.000000,-0.269368,0.003923,4474
8.180005,685547.466306,0.005000,air_chirp,0.000000,0.000000,0.000470,0.000000,0.000000,0.000000,-0.302650,0.003528,4476
8.185005,685547.471446,0.005000,air_chirp,0.000000,0.000000,0.000455,0.000000,0.000000,0.000000,-0.329606,0.003817,4478
8.190006,685547.476589,0.005001,air_chirp,0.000000,0.000000,0.000440,0.000000,0.000000,0.000000,-0.328062,0.003342,4480
8.195006,685547.481748,0.005000,air_chirp,0.000000,0.000000,0.000424,0.000000,0.000000,0.000000,-0.330215,0.003985,4482
8.200005,685547.486897,0.004999,air_chirp,0.000000,0.000000,0.000409,0.000000,0.000000,0.000000,-0.313382,0.003858,4484
8.205005,685547.492037,0.005000,air_chirp,0.000000,0.000000,0.000393,0.000000,0.000000,0.000000,-0.326491,0.003349,4486
8.210005,685547.497177,0.005000,air_chirp,0.000000,0.000000,0.000377,0.000000,0.000000,0.000000,-0.319975,0.003907,4488
8.215005,685547.502331,0.005000,air_chirp,0.000000,0.000000,0.000362,0.000000,0.000000,0.000000,-0.358835,0.003453,4490
8.220005,685547.507475,0.005000,air_chirp,0.000000,0.000000,0.000346,0.000000,0.000000,0.000000,-0.342942,0.004033,4492
8.225005,685547.512709,0.005000,air_chirp,0.000000,0.000000,0.000329,0.000000,0.000000,0.000000,-0.292835,0.003566,4494
8.230007,685547.517844,0.005002,air_chirp,0.000000,0.000000,0.000313,0.000000,0.000000,0.000000,-0.308808,0.004082,4496
8.240005,685547.523094,0.009999,air_chirp,0.000000,0.000000,0.000297,0.000000,0.000000,0.000000,-0.302949,0.003848,4500
8.245005,685547.528214,0.005000,air_chirp,0.000000,0.000000,0.000280,0.000000,0.000000,0.000000,-0.327687,0.003331,4502
8.250005,685547.533332,0.005000,air_chirp,0.000000,0.000000,0.000264,0.000000,0.000000,0.000000,-0.352158,0.003937,4504
8.255005,685547.538463,0.005000,air_chirp,0.000000,0.000000,0.000247,0.000000,0.000000,0.000000,-0.324227,0.003223,4506
8.260005,685547.543616,0.005000,air_chirp,0.000000,0.000000,0.000231,0.000000,0.000000,0.000000,-0.321899,0.003757,4508
8.265005,685547.548747,0.005000,air_chirp,0.000000,0.000000,0.000214,0.000000,0.000000,0.000000,-0.360505,0.003897,4510
8.270005,685547.553915,0.005000,air_chirp,0.000000,0.000000,0.000197,0.000000,0.000000,0.000000,-0.313656,0.003295,4512
8.275005,685547.559174,0.005000,air_chirp,0.000000,0.000000,0.000180,0.000000,0.000000,0.000000,-0.268579,0.003777,4514
8.280005,685547.564317,0.005000,air_chirp,0.000000,0.000000,0.000163,0.000000,0.000000,0.000000,-0.315525,0.004033,4516
8.285005,685547.569498,0.005000,air_chirp,0.000000,0.000000,0.000146,0.000000,0.000000,0.000000,-0.340199,0.003539,4518
8.290005,685547.574659,0.005000,air_chirp,0.000000,0.000000,0.000129,0.000000,0.000000,0.000000,-0.328089,0.004134,4520
8.295005,685547.579941,0.004999,air_chirp,0.000000,0.000000,0.000111,0.000000,0.000000,0.000000,-0.329660,0.003746,4522
8.300005,685547.585203,0.005000,air_chirp,0.000000,0.000000,0.000093,0.000000,0.000000,0.000000,-0.332594,0.003306,4524
8.305005,685547.590327,0.005000,air_chirp,0.000000,0.000000,0.000076,0.000000,0.000000,0.000000,-0.326144,0.003975,4526
8.310005,685547.595446,0.005000,air_chirp,0.000000,0.000000,0.000059,0.000000,0.000000,0.000000,-0.361187,0.003560,4528
8.315005,685547.600574,0.005000,air_chirp,0.000000,0.000000,0.000042,0.000000,0.000000,0.000000,-0.378568,0.004189,4530
8.320005,685547.605816,0.005000,air_chirp,0.000000,0.000000,0.000024,0.000000,0.000000,0.000000,-0.323133,0.003723,4532
8.325005,685547.611064,0.005000,air_chirp,0.000000,0.000000,0.000006,0.000000,0.000000,0.000000,-0.283454,0.003275,4534
8.330005,685547.616188,0.005000,air_chirp,0.000000,0.000000,-0.000012,0.000000,0.000000,0.000000,-0.278521,0.003975,4536
8.335005,685547.621308,0.005000,air_chirp,0.000000,0.000000,-0.000029,0.000000,0.000000,0.000000,-0.303998,0.003549,4538
8.340005,685547.626449,0.005000,air_chirp,0.000000,0.000000,-0.000046,0.000000,0.000000,0.000000,-0.331869,0.004137,4540
8.345005,685547.631582,0.005000,air_chirp,0.000000,0.000000,-0.000064,0.000000,0.000000,0.000000,-0.272061,0.003820,4542
8.350005,685547.636740,0.005000,air_chirp,0.000000,0.000000,-0.000082,0.000000,0.000000,0.000000,-0.205353,0.003376,4544
8.355005,685547.641977,0.005000,air_chirp,0.000000,0.000000,-0.000100,0.000000,0.000000,0.000000,-0.268571,0.003981,4546
8.360005,685547.647076,0.005000,air_chirp,0.000000,0.000000,-0.000117,0.000000,0.000000,0.000000,-0.359920,0.003542,4548
8.365005,685547.652195,0.005000,air_chirp,0.000000,0.000000,-0.000135,0.000000,0.000000,0.000000,-0.372262,0.004161,4550
8.370005,685547.657313,0.005000,air_chirp,0.000000,0.000000,-0.000152,0.000000,0.000000,0.000000,-0.317202,0.003805,4552
8.375005,685547.662663,0.005000,air_chirp,0.000000,0.000000,-0.000171,0.000000,0.000000,0.000000,-0.278828,0.003384,4554
8.380005,685547.667916,0.005000,air_chirp,0.000000,0.000000,-0.000189,0.000000,0.000000,0.000000,-0.340481,0.003973,4556
8.390005,685547.673140,0.010000,air_chirp,0.000000,0.000000,-0.000207,0.000000,0.000000,0.000000,-0.272938,0.004162,4560
8.395005,685547.678259,0.005000,air_chirp,0.000000,0.000000,-0.000224,0.000000,0.000000,0.000000,-0.270845,0.003820,4562
8.400005,685547.683386,0.005000,air_chirp,0.000000,0.000000,-0.000242,0.000000,0.000000,0.000000,-0.332846,0.003376,4564
8.405005,685547.688548,0.005000,air_chirp,0.000000,0.000000,-0.000259,0.000000,0.000000,0.000000,-0.343848,0.003982,4566
8.410005,685547.693677,0.005000,air_chirp,0.000000,0.000000,-0.000277,0.000000,0.000000,0.000000,-0.296697,0.003567,4568
8.415005,685547.698820,0.005000,air_chirp,0.000000,0.000000,-0.000294,0.000000,0.000000,0.000000,-0.256460,0.004112,4570
8.420006,685547.704037,0.005000,air_chirp,0.000000,0.000000,-0.000312,0.000000,0.000000,0.000000,-0.283920,0.003584,4572
8.425005,685547.709163,0.005000,air_chirp,0.000000,0.000000,-0.000330,0.000000,0.000000,0.000000,-0.316544,0.003734,4574
8.430005,685547.714283,0.005000,air_chirp,0.000000,0.000000,-0.000347,0.000000,0.000000,0.000000,-0.308613,0.004212,4576
8.435005,685547.719457,0.005000,air_chirp,0.000000,0.000000,-0.000364,0.000000,0.000000,0.000000,-0.307703,0.003616,4578
8.440006,685547.724703,0.005000,air_chirp,0.000000,0.000000,-0.000382,0.000000,0.000000,0.000000,-0.284792,0.004215,4580
8.445006,685547.729866,0.005000,air_chirp,0.000000,0.000000,-0.000400,0.000000,0.000000,0.000000,-0.305018,0.003774,4582
8.450005,685547.735012,0.005000,air_chirp,0.000000,0.000000,-0.000417,0.000000,0.000000,0.000000,-0.346200,0.003308,4584
8.455005,685547.740178,0.005000,air_chirp,0.000000,0.000000,-0.000434,0.000000,0.000000,0.000000,-0.350738,0.003978,4586
8.460005,685547.745297,0.005000,air_chirp,0.000000,0.000000,-0.000451,0.000000,0.000000,0.000000,-0.338510,0.003562,4588
8.465005,685547.750416,0.005000,air_chirp,0.000000,0.000000,-0.000468,0.000000,0.000000,0.000000,-0.304892,0.004167,4590
8.470006,685547.755697,0.005001,air_chirp,0.000000,0.000000,-0.000485,0.000000,0.000000,0.000000,-0.298605,0.003823,4592
8.475005,685547.760905,0.004999,air_chirp,0.000000,0.000000,-0.000502,0.000000,0.000000,0.000000,-0.335715,0.003367,4594
8.480005,685547.766042,0.005000,air_chirp,0.000000,0.000000,-0.000519,0.000000,0.000000,0.000000,-0.350552,0.003968,4596
8.485005,685547.771157,0.005000,air_chirp,0.000000,0.000000,-0.000536,0.000000,0.000000,0.000000,-0.299878,0.003510,4598
8.490005,685547.776279,0.005000,air_chirp,0.000000,0.000000,-0.000552,0.000000,0.000000,0.000000,-0.257602,0.004120,4600
8.495005,685547.781508,0.005000,air_chirp,0.000000,0.000000,-0.000569,0.000000,0.000000,0.000000,-0.292832,0.003606,4602
8.500005,685547.786709,0.005000,air_chirp,0.000000,0.000000,-0.000586,0.000000,0.000000,0.000000,-0.334161,0.003907,4604
8.505005,685547.791926,0.005000,air_chirp,0.000000,0.000000,-0.000602,0.000000,0.000000,0.000000,-0.339815,0.003483,4606
8.510024,685547.797159,0.005018,air_chirp,0.000000,0.000000,-0.000619,0.000000,0.000000,0.000000,-0.336199,0.004204,4608
8.515005,685547.802274,0.004982,air_chirp,0.000000,0.000000,-0.000635,0.000000,0.000000,0.000000,-0.374256,0.003738,4610
8.520005,685547.807414,0.005000,air_chirp,0.000000,0.000000,-0.000651,0.000000,0.000000,0.000000,-0.390445,0.004061,4612
8.525005,685547.812548,0.005000,air_chirp,0.000000,0.000000,-0.000667,0.000000,0.000000,0.000000,-0.345267,0.003595,4614
8.530005,685547.817691,0.005000,air_chirp,0.000000,0.000000,-0.000682,0.000000,0.000000,0.000000,-0.302973,0.004202,4616
8.535005,685547.822826,0.005000,air_chirp,0.000000,0.000000,-0.000698,0.000000,0.000000,0.000000,-0.285430,0.003859,4618
8.540005,685547.827981,0.005000,air_chirp,0.000000,0.000000,-0.000713,0.000000,0.000000,0.000000,-0.315415,0.003428,4620
8.545005,685547.833127,0.004999,air_chirp,0.000000,0.000000,-0.000729,0.000000,0.000000,0.000000,-0.329949,0.004035,4622
8.555005,685547.838259,0.010000,air_chirp,0.000000,0.000000,-0.000744,0.000000,0.000000,0.000000,-0.325973,0.003228,4626
8.560005,685547.843364,0.005000,air_chirp,0.000000,0.000000,-0.000759,0.000000,0.000000,0.000000,-0.342734,0.003909,4628
8.565005,685547.848470,0.005000,air_chirp,0.000000,0.000000,-0.000773,0.000000,0.000000,0.000000,-0.360299,0.003472,4630
8.570005,685547.853625,0.005000,air_chirp,0.000000,0.000000,-0.000788,0.000000,0.000000,0.000000,-0.295463,0.004134,4632
8.575005,685547.858762,0.005000,air_chirp,0.000000,0.000000,-0.000803,0.000000,0.000000,0.000000,-0.288732,0.003735,4634
8.580006,685547.863899,0.005000,air_chirp,0.000000,0.000000,-0.000817,0.000000,0.000000,0.000000,-0.318891,0.004259,4636
8.585007,685547.869025,0.005002,air_chirp,0.000000,0.000000,-0.000831,0.000000,0.000000,0.000000,-0.298494,0.003927,4638
8.590094,685547.874157,0.005087,air_chirp,0.000000,0.000000,-0.000845,0.000000,0.000000,0.000000,-0.296454,0.003500,4640
8.595006,685547.879254,0.004911,air_chirp,0.000000,0.000000,-0.000859,0.000000,0.000000,0.000000,-0.332042,0.003842,4642
8.600005,685547.884411,0.005000,air_chirp,0.000000,0.000000,-0.000873,0.000000,0.000000,0.000000,-0.361287,0.003907,4644
8.605005,685547.889532,0.005000,air_chirp,0.000000,0.000000,-0.000886,0.000000,0.000000,0.000000,-0.337486,0.004279,4646
8.610005,685547.894653,0.005000,air_chirp,0.000000,0.000000,-0.000899,0.000000,0.000000,0.000000,-0.293651,0.003559,4648
8.615005,685547.899757,0.005000,air_chirp,0.000000,0.000000,-0.000912,0.000000,0.000000,0.000000,-0.279155,0.003780,4650
8.620005,685547.904854,0.005000,air_chirp,0.000000,0.000000,-0.000925,0.000000,0.000000,0.000000,-0.317209,0.003860,4652
8.625005,685547.909953,0.005000,air_chirp,0.000000,0.000000,-0.000938,0.000000,0.000000,0.000000,-0.335809,0.004011,4654
8.630005,685547.915101,0.004999,air_chirp,0.000000,0.000000,-0.000950,0.000000,0.000000,0.000000,-0.291741,0.003221,4656
8.635005,685547.920206,0.005000,air_chirp,0.000000,0.000000,-0.000963,0.000000,0.000000,0.000000,-0.268880,0.003708,4658
8.640005,685547.925318,0.005000,air_chirp,0.000000,0.000000,-0.000975,0.000000,0.000000,0.000000,-0.297366,0.003904,4660
8.645005,685547.930433,0.005000,air_chirp,0.000000,0.000000,-0.000986,0.000000,0.000000,0.000000,-0.304654,0.003377,4662
8.650005,685547.935620,0.005000,air_chirp,0.000000,0.000000,-0.000998,0.000000,0.000000,0.000000,-0.306399,0.003952,4664
8.655005,685547.940731,0.005000,air_chirp,0.000000,0.000000,-0.001010,0.000000,0.000000,0.000000,-0.331834,0.003544,4666
8.660005,685547.945870,0.005000,air_chirp,0.000000,0.000000,-0.001021,0.000000,0.000000,0.000000,-0.324710,0.004145,4668
8.665005,685547.951038,0.005000,air_chirp,0.000000,0.000000,-0.001032,0.000000,0.000000,0.000000,-0.318679,0.003724,4670
8.670005,685547.956148,0.005000,air_chirp,0.000000,0.000000,-0.001043,0.000000,0.000000,0.000000,-0.320009,0.004305,4672
8.675005,685547.961257,0.005000,air_chirp,0.000000,0.000000,-0.001053,0.000000,0.000000,0.000000,-0.334070,0.003853,4674
8.680005,685547.966404,0.005000,air_chirp,0.000000,0.000000,-0.001063,0.000000,0.000000,0.000000,-0.349132,0.003339,4676
8.685005,685547.971567,0.005000,air_chirp,0.000000,0.000000,-0.001073,0.000000,0.000000,0.000000,-0.374017,0.003962,4678
8.690005,685547.976721,0.005000,air_chirp,0.000000,0.000000,-0.001083,0.000000,0.000000,0.000000,-0.325401,0.003507,4680
8.695005,685547.981963,0.005000,air_chirp,0.000000,0.000000,-0.001093,0.000000,0.000000,0.000000,-0.259470,0.004097,4682
8.700005,685547.987173,0.005001,air_chirp,0.000000,0.000000,-0.001102,0.000000,0.000000,0.000000,-0.267658,0.003648,4684
8.705005,685547.992293,0.005000,air_chirp,0.000000,0.000000,-0.001111,0.000000,0.000000,0.000000,-0.267486,0.003199,4686
8.710005,685547.997412,0.005000,air_chirp,0.000000,0.000000,-0.001120,0.000000,0.000000,0.000000,-0.278032,0.003809,4688
8.715005,685548.002583,0.005000,air_chirp,0.000000,0.000000,-0.001129,0.000000,0.000000,0.000000,-0.331250,0.003364,4690
8.720007,685548.007753,0.005002,air_chirp,0.000000,0.000000,-0.001137,0.000000,0.000000,0.000000,-0.335766,0.004052,4692
8.725005,685548.012992,0.004998,air_chirp,0.000000,0.000000,-0.001145,0.000000,0.000000,0.000000,-0.281828,0.003477,4694
8.735006,685548.018111,0.010001,air_chirp,0.000000,0.000000,-0.001153,0.000000,0.000000,0.000000,-0.337457,0.003585,4698
8.740005,685548.023222,0.005000,air_chirp,0.000000,0.000000,-0.001160,0.000000,0.000000,0.000000,-0.341203,0.004193,4700
8.745005,685548.028392,0.005000,air_chirp,0.000000,0.000000,-0.001167,0.000000,0.000000,0.000000,-0.355558,0.003796,4702
8.750005,685548.033574,0.005000,air_chirp,0.000000,0.000000,-0.001174,0.000000,0.000000,0.000000,-0.367279,0.003348,4704
8.755005,685548.038687,0.005000,air_chirp,0.000000,0.000000,-0.001181,0.000000,0.000000,0.000000,-0.321758,0.003967,4706
8.760005,685548.043829,0.005000,air_chirp,0.000000,0.000000,-0.001187,0.000000,0.000000,0.000000,-0.289290,0.003465,4708
8.765005,685548.048937,0.005000,air_chirp,0.000000,0.000000,-0.001193,0.000000,0.000000,0.000000,-0.255206,0.004081,4710
8.770005,685548.054048,0.005000,air_chirp,0.000000,0.000000,-0.001199,0.000000,0.000000,0.000000,-0.278905,0.003564,4712
8.775005,685548.059198,0.005000,air_chirp,0.000000,0.000000,-0.001204,0.000000,0.000000,0.000000,-0.359167,0.004171,4714
8.780005,685548.064309,0.005000,air_chirp,0.000000,0.000000,-0.001210,0.000000,0.000000,0.000000,-0.346399,0.003683,4716
8.785005,685548.069475,0.005000,air_chirp,0.000000,0.000000,-0.001214,0.000000,0.000000,0.000000,-0.277734,0.004276,4718
8.790005,685548.074605,0.005000,air_chirp,0.000000,0.000000,-0.001219,0.000000,0.000000,0.000000,-0.229224,0.003859,4720
8.795005,685548.079723,0.004999,air_chirp,0.000000,0.000000,-0.001223,0.000000,0.000000,0.000000,-0.297109,0.003370,4722
8.800005,685548.084834,0.005000,air_chirp,0.000000,0.000000,-0.001227,0.000000,0.000000,0.000000,-0.379646,0.003962,4724
8.805005,685548.089944,0.005000,air_chirp,0.000000,0.000000,-0.001231,0.000000,0.000000,0.000000,-0.349090,0.003473,4726
8.810005,685548.095055,0.005000,air_chirp,0.000000,0.000000,-0.001234,0.000000,0.000000,0.000000,-0.306341,0.004069,4728
8.815005,685548.100217,0.005000,air_chirp,0.000000,0.000000,-0.001237,0.000000,0.000000,0.000000,-0.282595,0.003589,4730
8.820005,685548.105354,0.005000,air_chirp,0.000000,0.000000,-0.001240,0.000000,0.000000,0.000000,-0.303623,0.004135,4732
8.825005,685548.110491,0.005000,air_chirp,0.000000,0.000000,-0.001242,0.000000,0.000000,0.000000,-0.328175,0.003745,4734
8.830005,685548.115670,0.005000,air_chirp,0.000000,0.000000,-0.001244,0.000000,0.000000,0.000000,-0.319872,0.004180,4736
8.835005,685548.120810,0.005000,air_chirp,0.000000,0.000000,-0.001246,0.000000,0.000000,0.000000,-0.308983,0.003728,4738
8.840005,685548.125912,0.005000,air_chirp,0.000000,0.000000,-0.001248,0.000000,0.000000,0.000000,-0.328915,0.004143,4740
8.845006,685548.131068,0.005001,air_chirp,0.000000,0.000000,-0.001249,0.000000,0.000000,0.000000,-0.293261,0.003550,4742
8.850006,685548.136170,0.005000,air_chirp,0.000000,0.000000,-0.001250,0.000000,0.000000,0.000000,-0.256976,0.004139,4744
8.855005,685548.141271,0.004999,air_chirp,0.000000,0.000000,-0.001250,0.000000,0.000000,0.000000,-0.321103,0.003756,4746
8.860005,685548.146377,0.005000,air_chirp,0.000000,0.000000,-0.001250,0.000000,0.000000,0.000000,-0.373466,0.003269,4748
8.865005,685548.151522,0.005000,air_chirp,0.000000,0.000000,-0.001250,0.000000,0.000000,0.000000,-0.349711,0.003830,4750
8.870005,685548.156661,0.005000,air_chirp,0.000000,0.000000,-0.001250,0.000000,0.000000,0.000000,-0.340409,0.003388,4752
8.875005,685548.161764,0.005000,air_chirp,0.000000,0.000000,-0.001249,0.000000,0.000000,0.000000,-0.275043,0.003985,4754
8.880006,685548.166891,0.005001,air_chirp,0.000000,0.000000,-0.001248,0.000000,0.000000,0.000000,-0.257019,0.003592,4756
8.885005,685548.171997,0.005000,air_chirp,0.000000,0.000000,-0.001246,0.000000,0.000000,0.000000,-0.331776,0.004184,4758
8.890005,685548.177109,0.005000,air_chirp,0.000000,0.000000,-0.001244,0.000000,0.000000,0.000000,-0.338693,0.003829,4760
8.895005,685548.182219,0.005000,air_chirp,0.000000,0.000000,-0.001242,0.000000,0.000000,0.000000,-0.305915,0.003388,4762
8.900006,685548.187395,0.005001,air_chirp,0.000000,0.000000,-0.001240,0.000000,0.000000,0.000000,-0.272497,0.003935,4764
8.905005,685548.192513,0.004999,air_chirp,0.000000,0.000000,-0.001237,0.000000,0.000000,0.000000,-0.291930,0.003420,4766
8.910005,685548.197663,0.005000,air_chirp,0.000000,0.000000,-0.001234,0.000000,0.000000,0.000000,-0.280048,0.004031,4768
8.915005,685548.202846,0.005000,air_chirp,0.000000,0.000000,-0.001231,0.000000,0.000000,0.000000,-0.282885,0.003533,4770
8.925005,685548.208147,0.010000,air_chirp,0.000000,0.000000,-0.001227,0.000000,0.000000,0.000000,-0.334207,0.003727,4774
8.930005,685548.213266,0.005000,air_chirp,0.000000,0.000000,-0.001223,0.000000,0.000000,0.000000,-0.337910,0.003185,4776
8.935005,685548.218384,0.005000,air_chirp,0.000000,0.000000,-0.001218,0.000000,0.000000,0.000000,-0.306815,0.003797,4778
8.940005,685548.223500,0.005000,air_chirp,0.000000,0.000000,-0.001214,0.000000,0.000000,0.000000,-0.253107,0.003363,4780
8.945005,685548.228616,0.005000,air_chirp,0.000000,0.000000,-0.001208,0.000000,0.000000,0.000000,-0.299860,0.003930,4782
8.950005,685548.233786,0.005000,air_chirp,0.000000,0.000000,-0.001203,0.000000,0.000000,0.000000,-0.352577,0.003416,4784
8.955005,685548.238903,0.005000,air_chirp,0.000000,0.000000,-0.001197,0.000000,0.000000,0.000000,-0.349967,0.003971,4786
8.960006,685548.244077,0.005000,air_chirp,0.000000,0.000000,-0.001191,0.000000,0.000000,0.000000,-0.362012,0.003472,4788
8.965005,685548.249195,0.004999,air_chirp,0.000000,0.000000,-0.001185,0.000000,0.000000,0.000000,-0.317413,0.004121,4790
8.970011,685548.254312,0.005006,air_chirp,0.000000,0.000000,-0.001178,0.000000,0.000000,0.000000,-0.256105,0.003586,4792
8.975005,685548.259431,0.004994,air_chirp,0.000000,0.000000,-0.001171,0.000000,0.000000,0.000000,-0.278156,0.004191,4794
8.980005,685548.264589,0.005000,air_chirp,0.000000,0.000000,-0.001164,0.000000,0.000000,0.000000,-0.306768,0.003887,4796
8.985005,685548.269886,0.005000,air_chirp,0.000000,0.000000,-0.001156,0.000000,0.000000,0.000000,-0.309220,0.003339,4798
8.990005,685548.275117,0.005000,air_chirp,0.000000,0.000000,-0.001147,0.000000,0.000000,0.000000,-0.309613,0.004060,4800
8.995005,685548.280237,0.005000,air_chirp,0.000000,0.000000,-0.001139,0.000000,0.000000,0.000000,-0.316563,0.003435,4802
9.000005,685548.285395,0.005000,air_chirp,0.000000,0.000000,-0.001130,0.000000,0.000000,0.000000,-0.333693,0.003859,4804
9.005005,685548.290548,0.005000,air_chirp,0.000000,0.000000,-0.001121,0.000000,0.000000,0.000000,-0.335666,0.003174,4806
9.010005,685548.295768,0.005000,air_chirp,0.000000,0.000000,-0.001112,0.000000,0.000000,0.000000,-0.307308,0.003741,4808
9.015005,685548.300984,0.005000,air_chirp,0.000000,0.000000,-0.001102,0.000000,0.000000,0.000000,-0.297246,0.003825,4810
9.020005,685548.306157,0.005000,air_chirp,0.000000,0.000000,-0.001092,0.000000,0.000000,0.000000,-0.297937,0.003293,4812
9.025005,685548.311277,0.005000,air_chirp,0.000000,0.000000,-0.001082,0.000000,0.000000,0.000000,-0.252420,0.003920,4814
9.030005,685548.316402,0.005000,air_chirp,0.000000,0.000000,-0.001071,0.000000,0.000000,0.000000,-0.297843,0.003283,4816
9.035005,685548.321530,0.005000,air_chirp,0.000000,0.000000,-0.001060,0.000000,0.000000,0.000000,-0.359856,0.003772,4818
9.040005,685548.326658,0.005000,air_chirp,0.000000,0.000000,-0.001049,0.000000,0.000000,0.000000,-0.356021,0.003341,4820
9.045005,685548.331786,0.005000,air_chirp,0.000000,0.000000,-0.001037,0.000000,0.000000,0.000000,-0.306625,0.003914,4822
9.050005,685548.336915,0.005000,air_chirp,0.000000,0.000000,-0.001025,0.000000,0.000000,0.000000,-0.290513,0.003425,4824
9.055005,685548.342053,0.005000,air_chirp,0.000000,0.000000,-0.001013,0.000000,0.000000,0.000000,-0.327116,0.004017,4826
9.060005,685548.347186,0.005000,air_chirp,0.000000,0.000000,-0.001001,0.000000,0.000000,0.000000,-0.289478,0.003525,4828
9.065005,685548.352384,0.005000,air_chirp,0.000000,0.000000,-0.000988,0.000000,0.000000,0.000000,-0.278043,0.004078,4830
9.070005,685548.357520,0.005000,air_chirp,0.000000,0.000000,-0.000975,0.000000,0.000000,0.000000,-0.344366,0.003575,4832
9.075005,685548.362790,0.005000,air_chirp,0.000000,0.000000,-0.000961,0.000000,0.000000,0.000000,-0.394953,0.004139,4834
9.080005,685548.368016,0.005000,air_chirp,0.000000,0.000000,-0.000947,0.000000,0.000000,0.000000,-0.356133,0.003616,4836
9.090005,685548.373234,0.010000,air_chirp,0.000000,0.000000,-0.000933,0.000000,0.000000,0.000000,-0.317526,0.003402,4840
9.095005,685548.378356,0.005000,air_chirp,0.000000,0.000000,-0.000919,0.000000,0.000000,0.000000,-0.266649,0.003968,4842
9.100005,685548.383515,0.005000,air_chirp,0.000000,0.000000,-0.000904,0.000000,0.000000,0.000000,-0.247411,0.003522,4844
9.105005,685548.388669,0.005000,air_chirp,0.000000,0.000000,-0.000889,0.000000,0.000000,0.000000,-0.300220,0.004116,4846
9.110005,685548.393865,0.005000,air_chirp,0.000000,0.000000,-0.000874,0.000000,0.000000,0.000000,-0.332643,0.003680,4848
9.115005,685548.398997,0.005000,air_chirp,0.000000,0.000000,-0.000859,0.000000,0.000000,0.000000,-0.308704,0.004283,4850
9.120005,685548.404313,0.005000,air_chirp,0.000000,0.000000,-0.000843,0.000000,0.000000,0.000000,-0.244106,0.003859,4852
9.125005,685548.409430,0.005000,air_chirp,0.000000,0.000000,-0.000827,0.000000,0.000000,0.000000,-0.258313,0.003413,4854
9.130005,685548.414591,0.005000,air_chirp,0.000000,0.000000,-0.000811,0.000000,0.000000,0.000000,-0.316746,0.003809,4856
9.135005,685548.419813,0.005000,air_chirp,0.000000,0.000000,-0.000794,0.000000,0.000000,0.000000,-0.342731,0.004033,4858
9.140005,685548.425029,0.005000,air_chirp,0.000000,0.000000,-0.000777,0.000000,0.000000,0.000000,-0.376103,0.003496,4860
9.145005,685548.430208,0.005000,air_chirp,0.000000,0.000000,-0.000760,0.000000,0.000000,0.000000,-0.349354,0.003819,4862
9.150005,685548.435327,0.005000,air_chirp,0.000000,0.000000,-0.000743,0.000000,0.000000,0.000000,-0.289254,0.003337,4864
9.155006,685548.440460,0.005001,air_chirp,0.000000,0.000000,-0.000725,0.000000,0.000000,0.000000,-0.292991,0.003927,4866
9.160005,685548.445768,0.004999,air_chirp,0.000000,0.000000,-0.000707,0.000000,0.000000,0.000000,-0.346175,0.003426,4868
9.165562,685548.451015,0.005557,air_chirp,0.000000,0.000000,-0.000689,0.000000,0.000000,0.000000,-0.332984,0.004580,4870
9.165562,685548.456146,0.000001,air_chirp,0.000000,0.000000,-0.000671,0.000000,0.000000,0.000000,-0.332984,0.004580,4870
9.165562,685548.461319,0.000001,air_chirp,0.000000,0.000000,-0.000652,0.000000,0.000000,0.000000,-0.332984,0.004580,4870
9.165562,685548.466496,0.000001,air_chirp,0.000000,0.000000,-0.000634,0.000000,0.000000,0.000000,-0.332984,0.004580,4870
9.165562,685548.471629,0.000001,air_chirp,0.000000,0.000000,-0.000615,0.000000,0.000000,0.000000,-0.332984,0.004580,4870
9.165562,685548.476865,0.000001,air_chirp,0.000000,0.000000,-0.000595,0.000000,0.000000,0.000000,-0.332984,0.004580,4870
9.171125,685548.482109,0.005563,air_chirp,0.000000,0.000000,-0.000576,0.000000,0.000000,0.000000,-0.306380,0.004596,4872
9.203087,685548.487229,0.031962,air_chirp,0.000000,0.000000,-0.000556,0.000000,0.000000,0.000000,-0.322961,0.000687,4874
9.208092,685548.492348,0.005005,air_chirp,0.000000,0.000000,-0.000537,0.000000,0.000000,0.000000,-0.282710,0.001883,4876
9.213097,685548.497480,0.005005,air_chirp,0.000000,0.000000,-0.000517,0.000000,0.000000,0.000000,-0.260741,0.001047,4878
9.218093,685548.502600,0.004996,air_chirp,0.000000,0.000000,-0.000497,0.000000,0.000000,0.000000,-0.318346,0.001209,4880
9.223093,685548.507713,0.005000,air_chirp,0.000000,0.000000,-0.000477,0.000000,0.000000,0.000000,-0.337067,0.002129,4882
9.228447,685548.512836,0.005354,air_chirp,0.000000,0.000000,-0.000457,0.000000,0.000000,0.000000,-0.312215,0.002854,4884
9.233553,685548.517970,0.005107,air_chirp,0.000000,0.000000,-0.000436,0.000000,0.000000,0.000000,-0.293350,0.002508,4886
9.238346,685548.523068,0.004793,air_chirp,0.000000,0.000000,-0.000416,0.000000,0.000000,0.000000,-0.310891,0.001665,4888
9.243092,685548.528214,0.004746,air_chirp,0.000000,0.000000,-0.000395,0.000000,0.000000,0.000000,-0.311374,0.002012,4890
9.248092,685548.533348,0.005000,air_chirp,0.000000,0.000000,-0.000374,0.000000,0.000000,0.000000,-0.286382,0.001498,4892
9.253092,685548.538532,0.005000,air_chirp,0.000000,0.000000,-0.000353,0.000000,0.000000,0.000000,-0.383309,0.002061,4894
9.258092,685548.543668,0.005000,air_chirp,0.000000,0.000000,-0.000331,0.000000,0.000000,0.000000,-0.382187,0.001572,4896
9.263144,685548.548835,0.005052,air_chirp,0.000000,0.000000,-0.000310,0.000000,0.000000,0.000000,-0.287482,0.002147,4898
9.268092,685548.553959,0.004948,air_chirp,0.000000,0.000000,-0.000288,0.000000,0.000000,0.000000,-0.273251,0.001634,4900
9.273092,685548.559107,0.005000,air_chirp,0.000000,0.000000,-0.000266,0.000000,0.000000,0.000000,-0.276482,0.002130,4902
9.278092,685548.564239,0.005000,air_chirp,0.000000,0.000000,-0.000244,0.000000,0.000000,0.000000,-0.263580,0.001599,4904
9.283092,685548.569382,0.005000,air_chirp,0.000000,0.000000,-0.000222,0.000000,0.000000,0.000000,-0.298934,0.001961,4906
9.288092,685548.574630,0.005000,air_chirp,0.000000,0.000000,-0.000200,0.000000,0.000000,0.000000,-0.368648,0.002351,4908
9.293092,685548.579873,0.004999,air_chirp,0.000000,0.000000,-0.000177,0.000000,0.000000,0.000000,-0.358864,0.001813,4910
9.298092,685548.585140,0.005000,air_chirp,0.000000,0.000000,-0.000155,0.000000,0.000000,0.000000,-0.332230,0.001979,4912
9.303092,685548.590260,0.005000,air_chirp,0.000000,0.000000,-0.000132,0.000000,0.000000,0.000000,-0.300427,0.002239,4914
9.308094,685548.595379,0.005001,air_chirp,0.000000,0.000000,-0.000110,0.000000,0.000000,0.000000,-0.290257,0.001781,4916
9.313092,685548.600536,0.004999,air_chirp,0.000000,0.000000,-0.000087,0.000000,0.000000,0.000000,-0.328457,0.002050,4918
9.318092,685548.605771,0.005000,air_chirp,0.000000,0.000000,-0.000064,0.000000,0.000000,0.000000,-0.333742,0.001173,4920
9.323092,685548.611049,0.005000,air_chirp,0.000000,0.000000,-0.000041,0.000000,0.000000,0.000000,-0.327005,0.001617,4922
9.333092,685548.616284,0.010000,air_chirp,0.000000,0.000000,-0.000018,0.000000,0.000000,0.000000,-0.295623,0.001711,4926
9.338092,685548.621421,0.005000,air_chirp,0.000000,0.000000,0.000005,0.000000,0.000000,0.000000,-0.346099,0.002310,4928
9.343094,685548.626558,0.005002,air_chirp,0.000000,0.000000,0.000028,0.000000,0.000000,0.000000,-0.358634,0.001966,4930
9.348094,685548.631696,0.005000,air_chirp,0.000000,0.000000,0.000051,0.000000,0.000000,0.000000,-0.315129,0.001501,4932
9.353095,685548.636831,0.005001,air_chirp,0.000000,0.000000,0.000073,0.000000,0.000000,0.000000,-0.294735,0.002076,4934
9.358094,685548.642005,0.004999,air_chirp,0.000000,0.000000,0.000096,0.000000,0.000000,0.000000,-0.321520,0.001735,4936
9.363092,685548.647165,0.004998,air_chirp,0.000000,0.000000,0.000119,0.000000,0.000000,0.000000,-0.322563,0.002295,4938
9.368092,685548.652275,0.005000,air_chirp,0.000000,0.000000,0.000142,0.000000,0.000000,0.000000,-0.320999,0.001795,4940
9.373092,685548.657385,0.005000,air_chirp,0.000000,0.000000,0.000165,0.000000,0.000000,0.000000,-0.351884,0.001199,4942
9.378092,685548.662509,0.005000,air_chirp,0.000000,0.000000,0.000188,0.000000,0.000000,0.000000,-0.322036,0.001788,4944
9.383092,685548.667640,0.005000,air_chirp,0.000000,0.000000,0.000211,0.000000,0.000000,0.000000,-0.299267,0.001214,4946
9.388092,685548.672774,0.005000,air_chirp,0.000000,0.000000,0.000234,0.000000,0.000000,0.000000,-0.334546,0.001805,4948
9.393092,685548.677907,0.005000,air_chirp,0.000000,0.000000,0.000257,0.000000,0.000000,0.000000,-0.349127,0.001188,4950
9.398092,685548.683038,0.005000,air_chirp,0.000000,0.000000,0.000279,0.000000,0.000000,0.000000,-0.344416,0.001784,4952
9.403092,685548.688165,0.005000,air_chirp,0.000000,0.000000,0.000302,0.000000,0.000000,0.000000,-0.324162,0.001159,4954
9.408093,685548.693359,0.005000,air_chirp,0.000000,0.000000,0.000325,0.000000,0.000000,0.000000,-0.304597,0.001706,4956
9.413092,685548.698570,0.005000,air_chirp,0.000000,0.000000,0.000348,0.000000,0.000000,0.000000,-0.307305,0.002362,4958
9.418092,685548.703814,0.005000,air_chirp,0.000000,0.000000,0.000371,0.000000,0.000000,0.000000,-0.312297,0.001775,4960
9.423092,685548.709040,0.005000,air_chirp,0.000000,0.000000,0.000394,0.000000,0.000000,0.000000,-0.307800,0.002306,4962
9.428092,685548.714149,0.005000,air_chirp,0.000000,0.000000,0.000417,0.000000,0.000000,0.000000,-0.302556,0.001808,4964
9.433092,685548.719243,0.005000,air_chirp,0.000000,0.000000,0.000439,0.000000,0.000000,0.000000,-0.303939,0.001166,4966
9.438092,685548.724334,0.005000,air_chirp,0.000000,0.000000,0.000461,0.000000,0.000000,0.000000,-0.312250,0.001754,4968
9.443092,685548.729523,0.005000,air_chirp,0.000000,0.000000,0.000483,0.000000,0.000000,0.000000,-0.308352,0.002325,4970
9.448092,685548.734644,0.005000,air_chirp,0.000000,0.000000,0.000506,0.000000,0.000000,0.000000,-0.312975,0.001848,4972
9.453092,685548.739792,0.005000,air_chirp,0.000000,0.000000,0.000528,0.000000,0.000000,0.000000,-0.309698,0.001254,4974
9.458092,685548.744920,0.005000,air_chirp,0.000000,0.000000,0.000550,0.000000,0.000000,0.000000,-0.299535,0.001834,4976
9.463092,685548.750072,0.005000,air_chirp,0.000000,0.000000,0.000572,0.000000,0.000000,0.000000,-0.304258,0.001274,4978
9.468092,685548.755244,0.005000,air_chirp,0.000000,0.000000,0.000593,0.000000,0.000000,0.000000,-0.306243,0.001816,4980
9.473093,685548.760398,0.005000,air_chirp,0.000000,0.000000,0.000615,0.000000,0.000000,0.000000,-0.317225,0.001190,4982
9.478092,685548.765539,0.005000,air_chirp,0.000000,0.000000,0.000636,0.000000,0.000000,0.000000,-0.328495,0.001800,4984
9.483092,685548.770669,0.005000,air_chirp,0.000000,0.000000,0.000658,0.000000,0.000000,0.000000,-0.344603,0.002296,4986
9.488092,685548.775760,0.005000,air_chirp,0.000000,0.000000,0.000679,0.000000,0.000000,0.000000,-0.337901,0.001774,4988
9.493092,685548.780874,0.005000,air_chirp,0.000000,0.000000,0.000700,0.000000,0.000000,0.000000,-0.303965,0.002131,4990
9.498092,685548.785983,0.005000,air_chirp,0.000000,0.000000,0.000720,0.000000,0.000000,0.000000,-0.308213,0.001540,4992
9.503092,685548.791043,0.005000,air_chirp,0.000000,0.000000,0.000740,0.000000,0.000000,0.000000,-0.327987,0.001886,4994
9.508092,685548.796148,0.005000,air_chirp,0.000000,0.000000,0.000761,0.000000,0.000000,0.000000,-0.332117,0.002215,4996
9.513093,685548.801309,0.005000,air_chirp,0.000000,0.000000,0.000781,0.000000,0.000000,0.000000,-0.316089,0.001687,4998
9.523092,685548.806412,0.010000,air_chirp,0.000000,0.000000,0.000801,0.000000,0.000000,0.000000,-0.289575,0.001558,5002
9.528092,685548.811551,0.005000,air_chirp,0.000000,0.000000,0.000821,0.000000,0.000000,0.000000,-0.284054,0.002059,5004
9.533092,685548.816711,0.005000,air_chirp,0.000000,0.000000,0.000840,0.000000,0.000000,0.000000,-0.319441,0.001604,5006
9.538093,685548.821822,0.005001,air_chirp,0.000000,0.000000,0.000860,0.000000,0.000000,0.000000,-0.346230,0.002187,5008
9.543092,685548.826979,0.004999,air_chirp,0.000000,0.000000,0.000879,0.000000,0.000000,0.000000,-0.325719,0.001667,5010
9.548092,685548.832120,0.005000,air_chirp,0.000000,0.000000,0.000898,0.000000,0.000000,0.000000,-0.285304,0.002220,5012
9.553092,685548.837233,0.005000,air_chirp,0.000000,0.000000,0.000916,0.000000,0.000000,0.000000,-0.292367,0.001701,5014
9.558093,685548.842402,0.005001,air_chirp,0.000000,0.000000,0.000935,0.000000,0.000000,0.000000,-0.349817,0.001993,5016
9.563092,685548.847537,0.004999,air_chirp,0.000000,0.000000,0.000953,0.000000,0.000000,0.000000,-0.360185,0.001286,5018
9.568092,685548.852651,0.005000,air_chirp,0.000000,0.000000,0.000971,0.000000,0.000000,0.000000,-0.343716,0.001816,5020
9.573092,685548.857908,0.005000,air_chirp,0.000000,0.000000,0.000989,0.000000,0.000000,0.000000,-0.338182,0.002012,5022
9.578094,685548.863134,0.005002,air_chirp,0.000000,0.000000,0.001006,0.000000,0.000000,0.000000,-0.333508,0.001476,5024
9.583092,685548.868362,0.004998,air_chirp,0.000000,0.000000,0.001024,0.000000,0.000000,0.000000,-0.318222,0.001888,5026
9.588092,685548.873657,0.005000,air_chirp,0.000000,0.000000,0.001041,0.000000,0.000000,0.000000,-0.292596,0.002321,5028
9.593092,685548.878790,0.005000,air_chirp,0.000000,0.000000,0.001058,0.000000,0.000000,0.000000,-0.300117,0.001706,5030
9.598093,685548.883918,0.005001,air_chirp,0.000000,0.000000,0.001074,0.000000,0.000000,0.000000,-0.314562,0.001989,5032
9.603092,685548.889083,0.004999,air_chirp,0.000000,0.000000,0.001090,0.000000,0.000000,0.000000,-0.320859,0.001384,5034
9.608092,685548.894217,0.005000,air_chirp,0.000000,0.000000,0.001105,0.000000,0.000000,0.000000,-0.329220,0.001906,5036
9.613092,685548.899335,0.005000,air_chirp,0.000000,0.000000,0.001120,0.000000,0.000000,0.000000,-0.314344,0.002283,5038
9.618093,685548.904583,0.005001,air_chirp,0.000000,0.000000,0.001136,0.000000,0.000000,0.000000,-0.309149,0.001742,5040
9.623093,685548.909801,0.005000,air_chirp,0.000000,0.000000,0.001151,0.000000,0.000000,0.000000,-0.317766,0.006692,5042
9.628093,685548.915047,0.005000,air_chirp,0.000000,0.000000,0.001165,0.000000,0.000000,0.000000,-0.302434,0.001277,5044
9.633092,685548.920274,0.004999,air_chirp,0.000000,0.000000,0.001179,0.000000,0.000000,0.000000,-0.328569,0.001853,5046
9.638093,685548.925541,0.005001,air_chirp,0.000000,0.000000,0.001193,0.000000,0.000000,0.000000,-0.324186,0.001324,5048
9.643092,685548.930684,0.004999,air_chirp,0.000000,0.000000,0.001206,0.000000,0.000000,0.000000,-0.311887,0.001951,5050
9.648092,685548.935800,0.005000,air_chirp,0.000000,0.000000,0.001219,0.000000,0.000000,0.000000,-0.310628,0.001486,5052
9.653092,685548.941040,0.005000,air_chirp,0.000000,0.000000,0.001232,0.000000,0.000000,0.000000,-0.287797,0.002152,5054
9.658092,685548.946173,0.005000,air_chirp,0.000000,0.000000,0.001244,0.000000,0.000000,0.000000,-0.316582,0.001748,5056
9.668092,685548.951401,0.010000,air_chirp,0.000000,0.000000,0.001256,0.000000,0.000000,0.000000,-0.280999,0.001828,5060
9.673092,685548.956634,0.005000,air_chirp,0.000000,0.000000,0.001267,0.000000,0.000000,0.000000,-0.306847,0.001288,5062
9.678092,685548.961851,0.005000,air_chirp,0.000000,0.000000,0.001278,0.000000,0.000000,0.000000,-0.340422,0.001941,5064
9.683092,685548.966993,0.005000,air_chirp,0.000000,0.000000,0.001289,0.000000,0.000000,0.000000,-0.322737,0.001527,5066
9.688092,685548.972227,0.005000,air_chirp,0.000000,0.000000,0.001299,0.000000,0.000000,0.000000,-0.305447,0.002149,5068
9.693092,685548.977510,0.005000,air_chirp,0.000000,0.000000,0.001309,0.000000,0.000000,0.000000,-0.276359,0.001742,5070
9.698093,685548.982645,0.005001,air_chirp,0.000000,0.000000,0.001319,0.000000,0.000000,0.000000,-0.257020,0.001102,5072
9.703092,685548.987855,0.005000,air_chirp,0.000000,0.000000,0.001328,0.000000,0.000000,0.000000,-0.289231,0.001773,5074
9.708092,685548.993095,0.005000,air_chirp,0.000000,0.000000,0.001336,0.000000,0.000000,0.000000,-0.377961,0.002042,5076
9.713092,685548.998219,0.005000,air_chirp,0.000000,0.000000,0.001345,0.000000,0.000000,0.000000,-0.370443,0.001536,5078
9.718092,685549.003338,0.005000,air_chirp,0.000000,0.000000,0.001352,0.000000,0.000000,0.000000,-0.336724,0.002029,5080
9.723092,685549.008575,0.005000,air_chirp,0.000000,0.000000,0.001360,0.000000,0.000000,0.000000,-0.298320,0.001580,5082
9.728093,685549.013711,0.005000,air_chirp,0.000000,0.000000,0.001366,0.000000,0.000000,0.000000,-0.247519,0.002147,5084
9.733092,685549.018828,0.005000,air_chirp,0.000000,0.000000,0.001373,0.000000,0.000000,0.000000,-0.269291,0.001695,5086
9.738092,685549.024046,0.005000,air_chirp,0.000000,0.000000,0.001379,0.000000,0.000000,0.000000,-0.307726,0.002148,5088
9.743092,685549.029207,0.005000,air_chirp,0.000000,0.000000,0.001384,0.000000,0.000000,0.000000,-0.375608,0.001602,5090
9.748093,685549.034347,0.005001,air_chirp,0.000000,0.000000,0.001389,0.000000,0.000000,0.000000,-0.345551,0.001954,5092
9.753094,685549.039520,0.005001,air_chirp,0.000000,0.000000,0.001394,0.000000,0.000000,0.000000,-0.236179,0.001220,5094
9.758093,685549.044724,0.004998,air_chirp,0.000000,0.000000,0.001398,0.000000,0.000000,0.000000,-0.288059,0.001826,5096
9.763093,685549.049960,0.005000,air_chirp,0.000000,0.000000,0.001402,0.000000,0.000000,0.000000,-0.371670,0.002183,5098
9.768092,685549.055241,0.004999,air_chirp,0.000000,0.000000,0.001405,0.000000,0.000000,0.000000,-0.331575,0.001709,5100
9.773092,685549.060480,0.005000,air_chirp,0.000000,0.000000,0.001408,0.000000,0.000000,0.000000,-0.302210,0.006649,5102
9.778093,685549.065635,0.005000,air_chirp,0.000000,0.000000,0.001410,0.000000,0.000000,0.000000,-0.347325,0.001314,5104
9.783092,685549.070766,0.004999,air_chirp,0.000000,0.000000,0.001412,0.000000,0.000000,0.000000,-0.337249,0.001997,5106
9.788092,685549.075905,0.005001,air_chirp,0.000000,0.000000,0.001414,0.000000,0.000000,0.000000,-0.291985,0.001526,5108
9.793093,685549.081034,0.005001,air_chirp,0.000000,0.000000,0.001415,0.000000,0.000000,0.000000,-0.315654,0.001997,5110
9.798092,685549.086122,0.004999,air_chirp,0.000000,0.000000,0.001415,0.000000,0.000000,0.000000,-0.332253,0.002368,5112
9.808093,685549.091235,0.010001,air_chirp,0.000000,0.000000,0.001415,0.000000,0.000000,0.000000,-0.296018,0.002040,5116
9.813093,685549.096354,0.004999,air_chirp,0.000000,0.000000,0.001415,0.000000,0.000000,0.000000,-0.279773,0.001298,5118
9.818093,685549.101546,0.005000,air_chirp,0.000000,0.000000,0.001414,0.000000,0.000000,0.000000,-0.317803,0.001782,5120
9.823092,685549.106771,0.005000,air_chirp,0.000000,0.000000,0.001412,0.000000,0.000000,0.000000,-0.349137,0.002316,5122
9.828092,685549.112063,0.005000,air_chirp,0.000000,0.000000,0.001410,0.000000,0.000000,0.000000,-0.347871,0.001892,5124
9.833092,685549.117198,0.005000,air_chirp,0.000000,0.000000,0.001408,0.000000,0.000000,0.000000,-0.345929,0.001483,5126
9.838092,685549.122361,0.005000,air_chirp,0.000000,0.000000,0.001405,0.000000,0.000000,0.000000,-0.315596,0.002058,5128
9.843092,685549.127586,0.005000,air_chirp,0.000000,0.000000,0.001402,0.000000,0.000000,0.000000,-0.249928,0.001581,5130
9.848092,685549.132723,0.005000,air_chirp,0.000000,0.000000,0.001398,0.000000,0.000000,0.000000,-0.270849,0.001934,5132
9.853093,685549.137848,0.005001,air_chirp,0.000000,0.000000,0.001393,0.000000,0.000000,0.000000,-0.342526,0.001311,5134
9.858092,685549.142971,0.004999,air_chirp,0.000000,0.000000,0.001389,0.000000,0.000000,0.000000,-0.349383,0.001873,5136
9.863092,685549.148057,0.005000,air_chirp,0.000000,0.000000,0.001383,0.000000,0.000000,0.000000,-0.275122,0.001247,5138
9.868092,685549.153179,0.005000,air_chirp,0.000000,0.000000,0.001378,0.000000,0.000000,0.000000,-0.276401,0.001848,5140
9.873092,685549.158301,0.005000,air_chirp,0.000000,0.000000,0.001371,0.000000,0.000000,0.000000,-0.395767,0.001190,5142
9.878092,685549.163422,0.005000,air_chirp,0.000000,0.000000,0.001365,0.000000,0.000000,0.000000,-0.375371,0.001854,5144
9.883092,685549.168543,0.005000,air_chirp,0.000000,0.000000,0.001358,0.000000,0.000000,0.000000,-0.333068,0.001407,5146
9.888092,685549.173663,0.005000,air_chirp,0.000000,0.000000,0.001350,0.000000,0.000000,0.000000,-0.357275,0.001961,5148
9.893092,685549.178782,0.005000,air_chirp,0.000000,0.000000,0.001342,0.000000,0.000000,0.000000,-0.350868,0.001198,5150
9.898092,685549.183904,0.005000,air_chirp,0.000000,0.000000,0.001333,0.000000,0.000000,0.000000,-0.268136,0.001782,5152
9.903092,685549.189031,0.005000,air_chirp,0.000000,0.000000,0.001324,0.000000,0.000000,0.000000,-0.231615,0.001964,5154
9.908092,685549.194152,0.005000,air_chirp,0.000000,0.000000,0.001315,0.000000,0.000000,0.000000,-0.309631,0.002284,5156
9.913092,685549.199298,0.005000,air_chirp,0.000000,0.000000,0.001305,0.000000,0.000000,0.000000,-0.312225,0.001821,5158
9.918092,685549.204424,0.005000,air_chirp,0.000000,0.000000,0.001294,0.000000,0.000000,0.000000,-0.305458,0.002230,5160
9.923092,685549.209607,0.005000,air_chirp,0.000000,0.000000,0.001283,0.000000,0.000000,0.000000,-0.375000,0.001762,5162
9.928092,685549.214860,0.005000,air_chirp,0.000000,0.000000,0.001272,0.000000,0.000000,0.000000,-0.388776,0.002330,5164
9.933092,685549.219997,0.005000,air_chirp,0.000000,0.000000,0.001260,0.000000,0.000000,0.000000,-0.329469,0.001915,5166
9.938092,685549.225105,0.005000,air_chirp,0.000000,0.000000,0.001248,0.000000,0.000000,0.000000,-0.292070,0.001204,5168
9.943092,685549.230225,0.005000,air_chirp,0.000000,0.000000,0.001235,0.000000,0.000000,0.000000,-0.279325,0.001839,5170
9.948093,685549.235449,0.005000,air_chirp,0.000000,0.000000,0.001222,0.000000,0.000000,0.000000,-0.268521,0.001150,5172
9.953092,685549.240670,0.005000,air_chirp,0.000000,0.000000,0.001208,0.000000,0.000000,0.000000,-0.320525,0.001747,5174
9.958092,685549.245900,0.005000,air_chirp,0.000000,0.000000,0.001193,0.000000,0.000000,0.000000,-0.332936,0.001254,5176
9.963092,685549.251146,0.005000,air_chirp,0.000000,0.000000,0.001179,0.000000,0.000000,0.000000,-0.309939,0.001952,5178
9.973092,685549.256267,0.010000,air_chirp,0.000000,0.000000,0.001163,0.000000,0.000000,0.000000,-0.377031,0.002056,5182
9.978092,685549.261498,0.005000,air_chirp,0.000000,0.000000,0.001148,0.000000,0.000000,0.000000,-0.375697,0.001629,5184
9.983092,685549.266767,0.005000,air_chirp,0.000000,0.000000,0.001131,0.000000,0.000000,0.000000,-0.320483,0.002276,5186
9.988092,685549.272025,0.005000,air_chirp,0.000000,0.000000,0.001115,0.000000,0.000000,0.000000,-0.286560,0.001780,5188
9.993093,685549.277259,0.005000,air_chirp,0.000000,0.000000,0.001098,0.000000,0.000000,0.000000,-0.285020,0.001276,5190
9.998092,685549.282491,0.005000,air_chirp,0.000000,0.000000,0.001080,0.000000,0.000000,0.000000,-0.318685,0.001954,5192
10.003092,685549.287710,0.005000,air_chirp,0.000000,0.000000,0.001062,0.000000,0.000000,0.000000,-0.397646,0.001472,5194
10.008092,685549.292860,0.005000,air_chirp,0.000000,0.000000,0.001044,0.000000,0.000000,0.000000,-0.376656,0.002063,5196
10.013092,685549.298091,0.005000,air_chirp,0.000000,0.000000,0.001026,0.000000,0.000000,0.000000,-0.314457,0.001509,5198
10.018093,685549.303221,0.005000,air_chirp,0.000000,0.000000,0.001007,0.000000,0.000000,0.000000,-0.298585,0.002038,5200
10.023092,685549.308348,0.005000,air_chirp,0.000000,0.000000,0.000988,0.000000,0.000000,0.000000,-0.280970,0.001514,5202
10.028092,685549.313620,0.005000,air_chirp,0.000000,0.000000,0.000967,0.000000,0.000000,0.000000,-0.289566,0.002062,5204
10.033092,685549.318836,0.005000,air_chirp,0.000000,0.000000,0.000947,0.000000,0.000000,0.000000,-0.320234,0.001524,5206
10.038092,685549.324148,0.005000,air_chirp,0.000000,0.000000,0.000926,0.000000,0.000000,0.000000,-0.344014,0.002106,5208
10.043092,685549.329284,0.005000,air_chirp,0.000000,0.000000,0.000905,0.000000,0.000000,0.000000,-0.342357,0.001557,5210
10.048092,685549.334410,0.005000,air_chirp,0.000000,0.000000,0.000884,0.000000,0.000000,0.000000,-0.354180,0.002097,5212
10.053092,685549.339532,0.005000,air_chirp,0.000000,0.000000,0.000863,0.000000,0.000000,0.000000,-0.329165,0.001334,5214
10.058092,685549.344653,0.005000,air_chirp,0.000000,0.000000,0.000841,0.000000,0.000000,0.000000,-0.287282,0.001912,5216
10.063092,685549.349773,0.005000,air_chirp,0.000000,0.000000,0.000819,0.000000,0.000000,0.000000,-0.309840,0.001491,5218
10.068092,685549.354892,0.005000,air_chirp,0.000000,0.000000,0.000797,0.000000,0.000000,0.000000,-0.315878,0.001940,5220
10.073092,685549.360017,0.005000,air_chirp,0.000000,0.000000,0.000774,0.000000,0.000000,0.000000,-0.336645,0.001267,5222
10.078093,685549.365138,0.005000,air_chirp,0.000000,0.000000,0.000751,0.000000,0.000000,0.000000,-0.353655,0.001825,5224
10.083093,685549.370262,0.005000,air_chirp,0.000000,0.000000,0.000727,0.000000,0.000000,0.000000,-0.305840,0.001251,5226
10.088092,685549.375390,0.004999,air_chirp,0.000000,0.000000,0.000704,0.000000,0.000000,0.000000,-0.318990,0.001792,5228
10.093092,685549.380521,0.005000,air_chirp,0.000000,0.000000,0.000680,0.000000,0.000000,0.000000,-0.359755,0.001152,5230
10.098098,685549.385656,0.005005,air_chirp,0.000000,0.000000,0.000655,0.000000,0.000000,0.000000,-0.354218,0.001096,5232
10.103347,685549.390794,0.005249,air_chirp,0.000000,0.000000,0.000631,0.000000,0.000000,0.000000,-0.332476,0.001551,5234
10.108270,685549.395947,0.004923,air_chirp,0.000000,0.000000,0.000606,0.000000,0.000000,0.000000,-0.298313,0.001905,5236
10.113093,685549.401100,0.004823,air_chirp,0.000000,0.000000,0.000581,0.000000,0.000000,0.000000,-0.313895,0.001232,5238
10.118094,685549.406233,0.005001,air_chirp,0.000000,0.000000,0.000555,0.000000,0.000000,0.000000,-0.315907,0.001861,5240
10.123100,685549.411362,0.005006,air_chirp,0.000000,0.000000,0.000529,0.000000,0.000000,0.000000,-0.318419,0.001390,5242
10.133093,685549.416531,0.009993,air_chirp,0.000000,0.000000,0.000503,0.000000,0.000000,0.000000,-0.371855,0.001090,5246
10.138094,685549.421642,0.005001,air_chirp,0.000000,0.000000,0.000477,0.000000,0.000000,0.000000,-0.340675,0.001787,5248
10.143092,685549.426747,0.004999,air_chirp,0.000000,0.000000,0.000451,0.000000,0.000000,0.000000,-0.307186,0.002036,5250
10.148093,685549.431849,0.005000,air_chirp,0.000000,0.000000,0.000424,0.000000,0.000000,0.000000,-0.298432,0.001373,5252
10.153092,685549.436983,0.005000,air_chirp,0.000000,0.000000,0.000398,0.000000,0.000000,0.000000,-0.345853,0.001818,5254
10.158092,685549.442089,0.005000,air_chirp,0.000000,0.000000,0.000371,0.000000,0.000000,0.000000,-0.382697,0.002070,5256
10.163092,685549.447232,0.005000,air_chirp,0.000000,0.000000,0.000344,0.000000,0.000000,0.000000,-0.360937,0.001550,5258
10.168093,685549.452367,0.005000,air_chirp,0.000000,0.000000,0.000316,0.000000,0.000000,0.000000,-0.320691,0.001951,5260
10.173092,685549.457572,0.005000,air_chirp,0.000000,0.000000,0.000289,0.000000,0.000000,0.000000,-0.269041,0.006881,5262
10.178092,685549.462725,0.005000,air_chirp,0.000000,0.000000,0.000261,0.000000,0.000000,0.000000,-0.274493,0.002117,5264
10.183092,685549.467862,0.005000,air_chirp,0.000000,0.000000,0.000233,0.000000,0.000000,0.000000,-0.327522,0.001618,5266
10.188092,685549.473006,0.005000,air_chirp,0.000000,0.000000,0.000205,0.000000,0.000000,0.000000,-0.342918,0.001908,5268
10.193092,685549.478137,0.005000,air_chirp,0.000000,0.000000,0.000177,0.000000,0.000000,0.000000,-0.312270,0.006852,5270
10.198092,685549.483255,0.005000,air_chirp,0.000000,0.000000,0.000148,0.000000,0.000000,0.000000,-0.342760,0.004711,5272
10.203092,685549.488374,0.005000,air_chirp,0.000000,0.000000,0.000120,0.000000,0.000000,0.000000,-0.363422,0.004675,5274
10.208093,685549.493512,0.005001,air_chirp,0.000000,0.000000,0.000092,0.000000,0.000000,0.000000,-0.317230,0.001869,5276
10.213093,685549.498652,0.005000,air_chirp,0.000000,0.000000,0.000063,0.000000,0.000000,0.000000,-0.346638,0.001232,5278
10.218092,685549.503790,0.004999,air_chirp,0.000000,0.000000,0.000034,0.000000,0.000000,0.000000,-0.390410,0.001880,5280
10.223092,685549.508924,0.005000,air_chirp,0.000000,0.000000,0.000006,0.000000,0.000000,0.000000,-0.317576,0.001499,5282
10.228092,685549.514065,0.005000,air_chirp,0.000000,0.000000,-0.000023,0.000000,0.000000,0.000000,-0.253663,0.002046,5284
10.233092,685549.519204,0.005000,air_chirp,0.000000,0.000000,-0.000052,0.000000,0.000000,0.000000,-0.299723,0.001574,5286
10.238093,685549.524448,0.005001,air_chirp,0.000000,0.000000,-0.000081,0.000000,0.000000,0.000000,-0.354233,0.001918,5288
10.243092,685549.529566,0.004999,air_chirp,0.000000,0.000000,-0.000110,0.000000,0.000000,0.000000,-0.351651,0.006855,5290
10.248092,685549.534755,0.005000,air_chirp,0.000000,0.000000,-0.000139,0.000000,0.000000,0.000000,-0.327364,0.001035,5292
10.253093,685549.539858,0.005000,air_chirp,0.000000,0.000000,-0.000168,0.000000,0.000000,0.000000,-0.332844,0.001627,5294
10.258093,685549.545019,0.005000,air_chirp,0.000000,0.000000,-0.000197,0.000000,0.000000,0.000000,-0.364750,0.006579,5296
10.263094,685549.550112,0.005000,air_chirp,0.000000,0.000000,-0.000226,0.000000,0.000000,0.000000,-0.377425,0.001274,5298
10.268092,685549.555246,0.004999,air_chirp,0.000000,0.000000,-0.000255,0.000000,0.000000,0.000000,-0.363780,0.001859,5300
10.273092,685549.560371,0.005000,air_chirp,0.000000,0.000000,-0.000284,0.000000,0.000000,0.000000,-0.337901,0.006780,5302
10.278092,685549.565536,0.005000,air_chirp,0.000000,0.000000,-0.000312,0.000000,0.000000,0.000000,-0.315610,0.001898,5304
10.283093,685549.570631,0.005001,air_chirp,0.000000,0.000000,-0.000341,0.000000,0.000000,0.000000,-0.327066,0.001404,5306
10.288092,685549.575751,0.004999,air_chirp,0.000000,0.000000,-0.000370,0.000000,0.000000,0.000000,-0.339103,0.001885,5308
10.293094,685549.580861,0.005002,air_chirp,0.000000,0.000000,-0.000398,0.000000,0.000000,0.000000,-0.336285,0.001237,5310
10.298092,685549.585964,0.004999,air_chirp,0.000000,0.000000,-0.000426,0.000000,0.000000,0.000000,-0.338415,0.001850,5312
10.303093,685549.591047,0.005000,air_chirp,0.000000,0.000000,-0.000455,0.000000,0.000000,0.000000,-0.321252,0.001281,5314
10.308092,685549.596149,0.004999,air_chirp,0.000000,0.000000,-0.000483,0.000000,0.000000,0.000000,-0.335670,0.001953,5316
10.318092,685549.601253,0.010000,air_chirp,0.000000,0.000000,-0.000511,0.000000,0.000000,0.000000,-0.337840,0.002169,5320
10.323092,685549.606355,0.005000,air_chirp,0.000000,0.000000,-0.000538,0.000000,0.000000,0.000000,-0.309969,0.001729,5322
10.328092,685549.611456,0.005000,air_chirp,0.000000,0.000000,-0.000566,0.000000,0.000000,0.000000,-0.296857,0.002093,5324
10.333092,685549.616562,0.005000,air_chirp,0.000000,0.000000,-0.000594,0.000000,0.000000,0.000000,-0.320866,0.001424,5326
10.338092,685549.621662,0.005000,air_chirp,0.000000,0.000000,-0.000621,0.000000,0.000000,0.000000,-0.347797,0.001892,5328
10.343092,685549.626763,0.005000,air_chirp,0.000000,0.000000,-0.000648,0.000000,0.000000,0.000000,-0.349916,0.006836,5330
10.348092,685549.631867,0.005000,air_chirp,0.000000,0.000000,-0.000675,0.000000,0.000000,0.000000,-0.328288,0.001977,5332
10.353092,685549.636978,0.005000,air_chirp,0.000000,0.000000,-0.000702,0.000000,0.000000,0.000000,-0.302375,0.001537,5334
10.358092,685549.642149,0.005000,air_chirp,0.000000,0.000000,-0.000729,0.000000,0.000000,0.000000,-0.309778,0.002058,5336
10.363092,685549.647272,0.005000,air_chirp,0.000000,0.000000,-0.000755,0.000000,0.000000,0.000000,-0.323977,0.001595,5338
10.368092,685549.652384,0.005000,air_chirp,0.000000,0.000000,-0.000782,0.000000,0.000000,0.000000,-0.311773,0.002193,5340
10.373092,685549.657596,0.005000,air_chirp,0.000000,0.000000,-0.000808,0.000000,0.000000,0.000000,-0.309773,0.001756,5342
10.378093,685549.662849,0.005000,air_chirp,0.000000,0.000000,-0.000834,0.000000,0.000000,0.000000,-0.296003,0.001270,5344
10.383092,685549.668071,0.004999,air_chirp,0.000000,0.000000,-0.000860,0.000000,0.000000,0.000000,-0.281340,0.001926,5346
10.388093,685549.673289,0.005001,air_chirp,0.000000,0.000000,-0.000886,0.000000,0.000000,0.000000,-0.307016,0.001281,5348
10.393092,685549.678525,0.005000,air_chirp,0.000000,0.000000,-0.000911,0.000000,0.000000,0.000000,-0.332933,0.001966,5350
10.398092,685549.683666,0.005000,air_chirp,0.000000,0.000000,-0.000936,0.000000,0.000000,0.000000,-0.339021,0.001540,5352
10.403092,685549.688895,0.005000,air_chirp,0.000000,0.000000,-0.000961,0.000000,0.000000,0.000000,-0.315271,0.002165,5354
10.408092,685549.694123,0.005000,air_chirp,0.000000,0.000000,-0.000985,0.000000,0.000000,0.000000,-0.311660,0.001758,5356
10.413092,685549.699253,0.005000,air_chirp,0.000000,0.000000,-0.001009,0.000000,0.000000,0.000000,-0.329294,0.001262,5358
10.418092,685549.704408,0.005000,air_chirp,0.000000,0.000000,-0.001032,0.000000,0.000000,0.000000,-0.333347,0.001855,5360
10.423093,685549.709638,0.005000,air_chirp,0.000000,0.000000,-0.001055,0.000000,0.000000,0.000000,-0.304868,0.001444,5362
10.428092,685549.714879,0.005000,air_chirp,0.000000,0.000000,-0.001078,0.000000,0.000000,0.000000,-0.302011,0.002036,5364
10.433092,685549.720124,0.005000,air_chirp,0.000000,0.000000,-0.001101,0.000000,0.000000,0.000000,-0.348999,0.001601,5366
10.438092,685549.725348,0.005000,air_chirp,0.000000,0.000000,-0.001123,0.000000,0.000000,0.000000,-0.359859,0.002230,5368
10.443092,685549.730482,0.005000,air_chirp,0.000000,0.000000,-0.001144,0.000000,0.000000,0.000000,-0.328218,0.001900,5370
10.448092,685549.735594,0.005000,air_chirp,0.000000,0.000000,-0.001165,0.000000,0.000000,0.000000,-0.348999,0.001499,5372
10.453092,685549.740807,0.005000,air_chirp,0.000000,0.000000,-0.001186,0.000000,0.000000,0.000000,-0.356836,0.002067,5374
10.458092,685549.746071,0.005000,air_chirp,0.000000,0.000000,-0.001207,0.000000,0.000000,0.000000,-0.305691,0.001639,5376
10.468092,685549.751295,0.010000,air_chirp,0.000000,0.000000,-0.001227,0.000000,0.000000,0.000000,-0.311085,0.001884,5380
10.473092,685549.756527,0.005000,air_chirp,0.000000,0.000000,-0.001246,0.000000,0.000000,0.000000,-0.337852,0.001276,5382
10.478092,685549.761899,0.005000,air_chirp,0.000000,0.000000,-0.001266,0.000000,0.000000,0.000000,-0.360504,0.001890,5384
10.483093,685549.767043,0.005001,air_chirp,0.000000,0.000000,-0.001284,0.000000,0.000000,0.000000,-0.350177,0.001469,5386
10.488092,685549.772318,0.005000,air_chirp,0.000000,0.000000,-0.001303,0.000000,0.000000,0.000000,-0.320876,0.002090,5388
10.493092,685549.777537,0.005000,air_chirp,0.000000,0.000000,-0.001320,0.000000,0.000000,0.000000,-0.338317,0.001672,5390
10.498093,685549.782787,0.005000,air_chirp,0.000000,0.000000,-0.001337,0.000000,0.000000,0.000000,-0.341921,0.001131,5392
10.503092,685549.788017,0.004999,air_chirp,0.000000,0.000000,-0.001354,0.000000,0.000000,0.000000,-0.351363,0.001796,5394
10.508092,685549.793271,0.005000,air_chirp,0.000000,0.000000,-0.001370,0.000000,0.000000,0.000000,-0.347475,0.001199,5396
10.513092,685549.798610,0.005000,air_chirp,0.000000,0.000000,-0.001386,0.000000,0.000000,0.000000,-0.318848,0.001870,5398
10.518093,685549.803880,0.005000,air_chirp,0.000000,0.000000,-0.001401,0.000000,0.000000,0.000000,-0.338425,0.001487,5400
10.523092,685549.809138,0.005000,air_chirp,0.000000,0.000000,-0.001416,0.000000,0.000000,0.000000,-0.349334,0.002093,5402
10.528093,685549.814352,0.005000,air_chirp,0.000000,0.000000,-0.001429,0.000000,0.000000,0.000000,-0.341076,0.001581,5404
10.533092,685549.819599,0.004999,air_chirp,0.000000,0.000000,-0.001443,0.000000,0.000000,0.000000,-0.377488,0.002182,5406
10.538092,685549.824864,0.005000,air_chirp,0.000000,0.000000,-0.001456,0.000000,0.000000,0.000000,-0.364117,0.001805,5408
10.543092,685549.830122,0.005000,air_chirp,0.000000,0.000000,-0.001468,0.000000,0.000000,0.000000,-0.280774,0.001265,5410
10.548092,685549.835239,0.005000,air_chirp,0.000000,0.000000,-0.001479,0.000000,0.000000,0.000000,-0.247349,0.001965,5412
10.553092,685549.840462,0.005001,air_chirp,0.000000,0.000000,-0.001490,0.000000,0.000000,0.000000,-0.273477,0.001552,5414
10.558092,685549.845676,0.005000,air_chirp,0.000000,0.000000,-0.001500,0.000000,0.000000,0.000000,-0.335078,0.002152,5416
10.563092,685549.850928,0.005000,air_chirp,0.000000,0.000000,-0.001510,0.000000,0.000000,0.000000,-0.331781,0.001762,5418
10.568093,685549.856210,0.005001,air_chirp,0.000000,0.000000,-0.001519,0.000000,0.000000,0.000000,-0.306784,0.001356,5420
10.573092,685549.861346,0.004999,air_chirp,0.000000,0.000000,-0.001528,0.000000,0.000000,0.000000,-0.344139,0.002008,5422
10.583092,685549.866482,0.010000,air_chirp,0.000000,0.000000,-0.001536,0.000000,0.000000,0.000000,-0.250414,0.002203,5426
10.588095,685549.871616,0.005003,air_chirp,0.000000,0.000000,-0.001543,0.000000,0.000000,0.000000,-0.174695,0.001786,5428
10.593095,685549.876749,0.005000,air_chirp,0.000000,0.000000,-0.001549,0.000000,0.000000,0.000000,-0.234513,0.002009,5430
10.598095,685549.881882,0.005000,air_chirp,0.000000,0.000000,-0.001555,0.000000,0.000000,0.000000,-0.311613,0.001295,5432
10.603094,685549.887017,0.005000,air_chirp,0.000000,0.000000,-0.001561,0.000000,0.000000,0.000000,-0.361819,0.001833,5434
10.608095,685549.892135,0.005001,air_chirp,0.000000,0.000000,-0.001565,0.000000,0.000000,0.000000,-0.390661,0.002151,5436
10.613093,685549.897252,0.004997,air_chirp,0.000000,0.000000,-0.001569,0.000000,0.000000,0.000000,-0.337840,0.001819,5438
10.618092,685549.902370,0.005000,air_chirp,0.000000,0.000000,-0.001573,0.000000,0.000000,0.000000,-0.322410,0.001966,5440
10.623092,685549.907491,0.005000,air_chirp,0.000000,0.000000,-0.001575,0.000000,0.000000,0.000000,-0.352380,0.006908,5442
10.628092,685549.912727,0.005000,air_chirp,0.000000,0.000000,-0.001578,0.000000,0.000000,0.000000,-0.316475,0.001122,5444
10.633093,685549.917882,0.005001,air_chirp,0.000000,0.000000,-0.001579,0.000000,0.000000,0.000000,-0.246980,0.001684,5446
10.638092,685549.923129,0.004999,air_chirp,0.000000,0.000000,-0.001580,0.000000,0.000000,0.000000,-0.225607,0.002261,5448
10.643092,685549.928404,0.005000,air_chirp,0.000000,0.000000,-0.001580,0.000000,0.000000,0.000000,-0.274011,0.001894,5450
10.648092,685549.933619,0.005000,air_chirp,0.000000,0.000000,-0.001580,0.000000,0.000000,0.000000,-0.343981,0.001460,5452
10.653092,685549.938866,0.005000,air_chirp,0.000000,0.000000,-0.001578,0.000000,0.000000,0.000000,-0.349918,0.002061,5454
10.658092,685549.944009,0.005000,air_chirp,0.000000,0.000000,-0.001576,0.000000,0.000000,0.000000,-0.328263,0.001593,5456
10.663093,685549.949135,0.005001,air_chirp,0.000000,0.000000,-0.001574,0.000000,0.000000,0.000000,-0.346095,0.002219,5458
10.668092,685549.954251,0.005000,air_chirp,0.000000,0.000000,-0.001571,0.000000,0.000000,0.000000,-0.303236,0.001783,5460
10.673097,685549.959461,0.005005,air_chirp,0.000000,0.000000,-0.001567,0.000000,0.000000,0.000000,-0.268465,0.002344,5462
10.678687,685549.964683,0.005590,air_chirp,0.000000,0.000000,-0.001562,0.000000,0.000000,0.000000,-0.282809,0.002429,5464
10.683558,685549.969929,0.004871,air_chirp,0.000000,0.000000,-0.001557,0.000000,0.000000,0.000000,-0.315018,0.002668,5466
10.688476,685549.975113,0.004918,air_chirp,0.000000,0.000000,-0.001551,0.000000,0.000000,0.000000,-0.303681,0.001990,5468
10.693205,685549.980327,0.004729,air_chirp,0.000000,0.000000,-0.001545,0.000000,0.000000,0.000000,-0.290590,0.002166,5470
10.698092,685549.985620,0.004887,air_chirp,0.000000,0.000000,-0.001537,0.000000,0.000000,0.000000,-0.373934,0.001442,5472
10.703092,685549.990883,0.005000,air_chirp,0.000000,0.000000,-0.001529,0.000000,0.000000,0.000000,-0.370256,0.001983,5474
10.708092,685549.996152,0.005000,air_chirp,0.000000,0.000000,-0.001520,0.000000,0.000000,0.000000,-0.278088,0.001526,5476
10.718092,685550.001271,0.010000,air_chirp,0.000000,0.000000,-0.001511,0.000000,0.000000,0.000000,-0.275668,0.001602,5480
10.723093,685550.006497,0.005000,air_chirp,0.000000,0.000000,-0.001501,0.000000,0.000000,0.000000,-0.326963,0.001994,5482
10.728092,685550.011627,0.005000,air_chirp,0.000000,0.000000,-0.001491,0.000000,0.000000,0.000000,-0.329976,0.001179,5484
10.733095,685550.016759,0.005003,air_chirp,0.000000,0.000000,-0.001479,0.000000,0.000000,0.000000,-0.325773,0.001788,5486
10.738095,685550.021890,0.005000,air_chirp,0.000000,0.000000,-0.001468,0.000000,0.000000,0.000000,-0.322026,0.001200,5488
10.743095,685550.027027,0.005000,air_chirp,0.000000,0.000000,-0.001455,0.000000,0.000000,0.000000,-0.358091,0.001855,5490
10.748095,685550.032220,0.005001,air_chirp,0.000000,0.000000,-0.001442,0.000000,0.000000,0.000000,-0.330061,0.001221,5492
10.753092,685550.037388,0.004997,air_chirp,0.000000,0.000000,-0.001428,0.000000,0.000000,0.000000,-0.260578,0.001859,5494
10.758092,685550.042546,0.005000,air_chirp,0.000000,0.000000,-0.001414,0.000000,0.000000,0.000000,-0.324079,0.001244,5496
10.763092,685550.047676,0.005000,air_chirp,0.000000,0.000000,-0.001399,0.000000,0.000000,0.000000,-0.398738,0.001846,5498
10.768097,685550.052789,0.005005,air_chirp,0.000000,0.000000,-0.001383,0.000000,0.000000,0.000000,-0.320429,0.001185,5500
10.773097,685550.058047,0.005000,air_chirp,0.000000,0.000000,-0.001366,0.000000,0.000000,0.000000,-0.232424,0.001818,5502
10.778097,685550.063291,0.005000,air_chirp,0.000000,0.000000,-0.001349,0.000000,0.000000,0.000000,-0.275909,0.000960,5504
10.783097,685550.068565,0.005000,air_chirp,0.000000,0.000000,-0.001331,0.000000,0.000000,0.000000,-0.362686,0.001546,5506
10.788092,685550.073734,0.004995,air_chirp,0.000000,0.000000,-0.001313,0.000000,0.000000,0.000000,-0.359794,0.002065,5508
10.793093,685550.078847,0.005000,air_chirp,0.000000,0.000000,-0.001294,0.000000,0.000000,0.000000,-0.317147,0.001619,5510
10.798093,685550.083967,0.005000,air_chirp,0.000000,0.000000,-0.001275,0.000000,0.000000,0.000000,-0.307385,0.002168,5512
10.803092,685550.089088,0.005000,air_chirp,0.000000,0.000000,-0.001255,0.000000,0.000000,0.000000,-0.273273,0.001750,5514
10.808092,685550.094211,0.005000,air_chirp,0.000000,0.000000,-0.001234,0.000000,0.000000,0.000000,-0.269648,0.002088,5516
10.813093,685550.099333,0.005000,air_chirp,0.000000,0.000000,-0.001213,0.000000,0.000000,0.000000,-0.383793,0.001560,5518
10.818092,685550.104457,0.005000,air_chirp,0.000000,0.000000,-0.001192,0.000000,0.000000,0.000000,-0.427347,0.001902,5520
10.823092,685550.109571,0.005000,air_chirp,0.000000,0.000000,-0.001170,0.000000,0.000000,0.000000,-0.328819,0.001258,5522
10.828092,685550.114687,0.005000,air_chirp,0.000000,0.000000,-0.001147,0.000000,0.000000,0.000000,-0.283144,0.001803,5524
10.833093,685550.119806,0.005001,air_chirp,0.000000,0.000000,-0.001124,0.000000,0.000000,0.000000,-0.324514,0.001227,5526
10.838093,685550.124958,0.005000,air_chirp,0.000000,0.000000,-0.001100,0.000000,0.000000,0.000000,-0.332581,0.001888,5528
10.843093,685550.130085,0.005000,air_chirp,0.000000,0.000000,-0.001076,0.000000,0.000000,0.000000,-0.300004,0.001305,5530
10.848092,685550.135219,0.005000,air_chirp,0.000000,0.000000,-0.001051,0.000000,0.000000,0.000000,-0.326153,0.001958,5532
10.853092,685550.140478,0.005000,air_chirp,0.000000,0.000000,-0.001025,0.000000,0.000000,0.000000,-0.345058,0.001542,5534
10.858093,685550.145749,0.005000,air_chirp,0.000000,0.000000,-0.000998,0.000000,0.000000,0.000000,-0.334679,0.006481,5536
10.863093,685550.151062,0.005000,air_chirp,0.000000,0.000000,-0.000971,0.000000,0.000000,0.000000,-0.304682,0.004417,5538
10.868093,685550.156213,0.005000,air_chirp,0.000000,0.000000,-0.000944,0.000000,0.000000,0.000000,-0.290686,0.001244,5540
10.878092,685550.161406,0.010000,air_chirp,0.000000,0.000000,-0.000916,0.000000,0.000000,0.000000,-0.271795,0.001519,5544
10.883092,685550.166729,0.005000,air_chirp,0.000000,0.000000,-0.000887,0.000000,0.000000,0.000000,-0.262166,0.002154,5546
10.888092,685550.171855,0.005000,air_chirp,0.000000,0.000000,-0.000859,0.000000,0.000000,0.000000,-0.324432,0.001718,5548
10.893093,685550.177135,0.005000,air_chirp,0.000000,0.000000,-0.000830,0.000000,0.000000,0.000000,-0.391940,0.001251,5550
10.898097,685550.182347,0.005005,air_chirp,0.000000,0.000000,-0.000800,0.000000,0.000000,0.000000,-0.358196,0.001959,5552
10.903093,685550.187607,0.004996,air_chirp,0.000000,0.000000,-0.000770,0.000000,0.000000,0.000000,-0.302114,0.001528,5554
10.908092,685550.192937,0.004999,air_chirp,0.000000,0.000000,-0.000738,0.000000,0.000000,0.000000,-0.293266,0.006463,5556
10.913093,685550.198074,0.005001,air_chirp,0.000000,0.000000,-0.000708,0.000000,0.000000,0.000000,-0.291511,0.001237,5558
10.918092,685550.203209,0.004999,air_chirp,0.000000,0.000000,-0.000677,0.000000,0.000000,0.000000,-0.277998,0.001959,5560
10.923092,685550.208348,0.005000,air_chirp,0.000000,0.000000,-0.000646,0.000000,0.000000,0.000000,-0.264618,0.001552,5562
10.928093,685550.213484,0.005000,air_chirp,0.000000,0.000000,-0.000615,0.000000,0.000000,0.000000,-0.301584,0.002158,5564
10.933092,685550.218620,0.005000,air_chirp,0.000000,0.000000,-0.000583,0.000000,0.000000,0.000000,-0.324826,0.001763,5566
10.938093,685550.223757,0.005001,air_chirp,0.000000,0.000000,-0.000551,0.000000,0.000000,0.000000,-0.326757,0.001270,5568
10.943092,685550.228893,0.005000,air_chirp,0.000000,0.000000,-0.000518,0.000000,0.000000,0.000000,-0.340601,0.001958,5570
10.948092,685550.234032,0.005000,air_chirp,0.000000,0.000000,-0.000485,0.000000,0.000000,0.000000,-0.328858,0.001520,5572
10.953093,685550.239169,0.005000,air_chirp,0.000000,0.000000,-0.000452,0.000000,0.000000,0.000000,-0.319198,0.006461,5574
10.958092,685550.244305,0.005000,air_chirp,0.000000,0.000000,-0.000419,0.000000,0.000000,0.000000,-0.332274,0.001297,5576
10.963093,685550.249499,0.005000,air_chirp,0.000000,0.000000,-0.000385,0.000000,0.000000,0.000000,-0.294493,0.002003,5578
10.968094,685550.254636,0.005001,air_chirp,0.000000,0.000000,-0.000351,0.000000,0.000000,0.000000,-0.268674,0.001611,5580
10.973092,685550.259860,0.004998,air_chirp,0.000000,0.000000,-0.000316,0.000000,0.000000,0.000000,-0.307537,0.001162,5582
10.978093,685550.264977,0.005001,air_chirp,0.000000,0.000000,-0.000282,0.000000,0.000000,0.000000,-0.292544,0.001684,5584
10.983092,685550.270145,0.004999,air_chirp,0.000000,0.000000,-0.000248,0.000000,0.000000,0.000000,-0.320431,0.001156,5586
10.988092,685550.275377,0.005000,air_chirp,0.000000,0.000000,-0.000212,0.000000,0.000000,0.000000,-0.367114,0.001719,5588
10.993092,685550.280619,0.005000,air_chirp,0.000000,0.000000,-0.000177,0.000000,0.000000,0.000000,-0.336468,0.001321,5590
10.998092,685550.285750,0.005000,air_chirp,0.000000,0.000000,-0.000142,0.000000,0.000000,0.000000,-0.315849,0.001883,5592
11.003092,685550.290883,0.005000,air_chirp,0.000000,0.000000,-0.000107,0.000000,0.000000,0.000000,-0.281850,0.001437,5594
11.008092,685550.296025,0.005000,air_chirp,0.000000,0.000000,-0.000072,0.000000,0.000000,0.000000,-0.244410,0.006385,5596
11.013093,685550.301157,0.005000,air_chirp,0.000000,0.000000,-0.000036,0.000000,0.000000,0.000000,-0.291095,0.001480,5598
11.018093,685550.306335,0.005000,air_chirp,0.000000,0.000000,-0.000000,0.000000,0.000000,0.000000,-0.340100,0.002079,5600
11.028095,685550.311600,0.010002,air_chirp,0.000000,0.000000,0.000036,0.000000,0.000000,0.000000,-0.300113,0.001291,5604
11.033092,685550.316731,0.004998,air_chirp,0.000000,0.000000,0.000071,0.000000,0.000000,0.000000,-0.331256,0.001876,5606
11.038094,685550.321863,0.005002,air_chirp,0.000000,0.000000,0.000107,0.000000,0.000000,0.000000,-0.343705,0.001500,5608
11.043095,685550.327018,0.005001,air_chirp,0.000000,0.000000,0.000143,0.000000,0.000000,0.000000,-0.318807,0.006517,5610
11.048093,685550.332295,0.004998,air_chirp,0.000000,0.000000,0.000179,0.000000,0.000000,0.000000,-0.303100,0.001375,5612
11.053093,685550.337414,0.005000,air_chirp,0.000000,0.000000,0.000215,0.000000,0.000000,0.000000,-0.288115,0.002021,5614
11.058093,685550.342548,0.005000,air_chirp,0.000000,0.000000,0.000250,0.000000,0.000000,0.000000,-0.292590,0.001600,5616
11.063092,685550.347684,0.005000,air_chirp,0.000000,0.000000,0.000286,0.000000,0.000000,0.000000,-0.298596,0.001157,5618
11.068092,685550.352835,0.005000,air_chirp,0.000000,0.000000,0.000321,0.000000,0.000000,0.000000,-0.309243,0.001731,5620
11.073093,685550.357937,0.005000,air_chirp,0.000000,0.000000,0.000357,0.000000,0.000000,0.000000,-0.308712,0.001147,5622
11.078092,685550.363062,0.005000,air_chirp,0.000000,0.000000,0.000392,0.000000,0.000000,0.000000,-0.319773,0.001694,5624
11.083092,685550.368169,0.005000,air_chirp,0.000000,0.000000,0.000427,0.000000,0.000000,0.000000,-0.340061,0.001200,5626
11.088092,685550.373358,0.005000,air_chirp,0.000000,0.000000,0.000462,0.000000,0.000000,0.000000,-0.325179,0.001933,5628
11.093148,685550.378576,0.005056,air_chirp,0.000000,0.000000,0.000498,0.000000,0.000000,0.000000,-0.320375,0.002191,5630
11.098092,685550.383808,0.004944,air_chirp,0.000000,0.000000,0.000533,0.000000,0.000000,0.000000,-0.318908,0.001241,5632
11.103092,685550.388966,0.005000,air_chirp,0.000000,0.000000,0.000568,0.000000,0.000000,0.000000,-0.319667,0.001827,5634
11.108092,685550.394110,0.005000,air_chirp,0.000000,0.000000,0.000602,0.000000,0.000000,0.000000,-0.331305,0.006771,5636
11.113092,685550.399214,0.005000,air_chirp,0.000000,0.000000,0.000636,0.000000,0.000000,0.000000,-0.292645,0.001990,5638
11.118092,685550.404306,0.005000,air_chirp,0.000000,0.000000,0.000670,0.000000,0.000000,0.000000,-0.288813,0.001471,5640
11.123093,685550.409440,0.005000,air_chirp,0.000000,0.000000,0.000704,0.000000,0.000000,0.000000,-0.323984,0.002054,5642
11.128094,685550.414540,0.005001,air_chirp,0.000000,0.000000,0.000737,0.000000,0.000000,0.000000,-0.316339,0.001650,5644
11.133092,685550.419695,0.004999,air_chirp,0.000000,0.000000,0.000770,0.000000,0.000000,0.000000,-0.318266,0.001153,5646
11.138092,685550.424799,0.005000,air_chirp,0.000000,0.000000,0.000803,0.000000,0.000000,0.000000,-0.312163,0.001693,5648
11.143093,685550.429900,0.005000,air_chirp,0.000000,0.000000,0.000835,0.000000,0.000000,0.000000,-0.301281,0.001223,5650
11.148092,685550.435026,0.005000,air_chirp,0.000000,0.000000,0.000867,0.000000,0.000000,0.000000,-0.295016,0.001828,5652
11.153093,685550.440155,0.005000,air_chirp,0.000000,0.000000,0.000899,0.000000,0.000000,0.000000,-0.314972,0.001212,5654
11.158092,685550.445278,0.005000,air_chirp,0.000000,0.000000,0.000931,0.000000,0.000000,0.000000,-0.329510,0.001772,5656
11.163092,685550.450402,0.005000,air_chirp,0.000000,0.000000,0.000962,0.000000,0.000000,0.000000,-0.313806,0.001228,5658
11.168092,685550.455521,0.005000,air_chirp,0.000000,0.000000,0.000992,0.000000,0.000000,0.000000,-0.331325,0.001838,5660
11.173092,685550.460640,0.005000,air_chirp,0.000000,0.000000,0.001023,0.000000,0.000000,0.000000,-0.349937,0.006776,5662
11.178092,685550.465782,0.005000,air_chirp,0.000000,0.000000,0.001053,0.000000,0.000000,0.000000,-0.329070,0.001944,5664
11.183092,685550.470894,0.005000,air_chirp,0.000000,0.000000,0.001082,0.000000,0.000000,0.000000,-0.304027,0.001185,5666
11.188092,685550.475992,0.005000,air_chirp,0.000000,0.000000,0.001111,0.000000,0.000000,0.000000,-0.300986,0.001772,5668
11.193092,685550.481122,0.005000,air_chirp,0.000000,0.000000,0.001139,0.000000,0.000000,0.000000,-0.324081,0.001240,5670
11.198092,685550.486224,0.005000,air_chirp,0.000000,0.000000,0.001167,0.000000,0.000000,0.000000,-0.349232,0.001891,5672
11.208093,685550.491331,0.010000,air_chirp,0.000000,0.000000,0.001195,0.000000,0.000000,0.000000,-0.293352,0.001064,5676
11.208093,685550.496481,0.000001,air_chirp,0.000000,0.000000,0.001222,0.000000,0.000000,0.000000,-0.293352,0.001064,5676
11.218093,685550.501584,0.010000,air_chirp,0.000000,0.000000,0.001248,0.000000,0.000000,0.000000,-0.338989,0.001136,5680
11.223092,685550.506716,0.004999,air_chirp,0.000000,0.000000,0.001274,0.000000,0.000000,0.000000,-0.336017,0.001728,5682
11.228092,685550.511842,0.005000,air_chirp,0.000000,0.000000,0.001299,0.000000,0.000000,0.000000,-0.330347,0.001156,5684
11.233092,685550.516990,0.005000,air_chirp,0.000000,0.000000,0.001324,0.000000,0.000000,0.000000,-0.310174,0.001827,5686
11.238093,685550.522260,0.005000,air_chirp,0.000000,0.000000,0.001349,0.000000,0.000000,0.000000,-0.296395,0.001270,5688
11.243092,685550.527481,0.005000,air_chirp,0.000000,0.000000,0.001373,0.000000,0.000000,0.000000,-0.309065,0.001878,5690
11.248092,685550.532715,0.005000,air_chirp,0.000000,0.000000,0.001397,0.000000,0.000000,0.000000,-0.341403,0.001465,5692
11.253092,685550.537833,0.005000,air_chirp,0.000000,0.000000,0.001419,0.000000,0.000000,0.000000,-0.369884,0.006405,5694
11.258092,685550.543061,0.005000,air_chirp,0.000000,0.000000,0.001441,0.000000,0.000000,0.000000,-0.328388,0.001949,5696
11.263093,685550.548195,0.005001,air_chirp,0.000000,0.000000,0.001462,0.000000,0.000000,0.000000,-0.305080,0.001540,5698
11.268092,685550.553320,0.004999,air_chirp,0.000000,0.000000,0.001483,0.000000,0.000000,0.000000,-0.326940,0.006459,5700
11.273092,685550.558441,0.005001,air_chirp,0.000000,0.000000,0.001502,0.000000,0.000000,0.000000,-0.334784,0.001623,5702
11.278093,685550.563563,0.005000,air_chirp,0.000000,0.000000,0.001521,0.000000,0.000000,0.000000,-0.309963,0.001210,5704
11.283092,685550.568683,0.005000,air_chirp,0.000000,0.000000,0.001539,0.000000,0.000000,0.000000,-0.239287,0.001873,5706
11.288097,685550.573802,0.005005,air_chirp,0.000000,0.000000,0.001557,0.000000,0.000000,0.000000,-0.228489,0.001213,5708
11.293093,685550.578920,0.004996,air_chirp,0.000000,0.000000,0.001574,0.000000,0.000000,0.000000,-0.311105,0.001740,5710
11.298092,685550.584040,0.004999,air_chirp,0.000000,0.000000,0.001590,0.000000,0.000000,0.000000,-0.394891,0.001316,5712
11.303093,685550.589159,0.005001,air_chirp,0.000000,0.000000,0.001605,0.000000,0.000000,0.000000,-0.319215,0.001848,5714
11.308093,685550.594270,0.005000,air_chirp,0.000000,0.000000,0.001620,0.000000,0.000000,0.000000,-0.205242,0.001422,5716
11.313093,685550.599382,0.005000,air_chirp,0.000000,0.000000,0.001634,0.000000,0.000000,0.000000,-0.266484,0.002018,5718
11.318092,685550.604504,0.004999,air_chirp,0.000000,0.000000,0.001647,0.000000,0.000000,0.000000,-0.341516,0.001546,5720
11.323092,685550.609622,0.005000,air_chirp,0.000000,0.000000,0.001659,0.000000,0.000000,0.000000,-0.297048,0.001990,5722
11.328092,685550.614741,0.005000,air_chirp,0.000000,0.000000,0.001671,0.000000,0.000000,0.000000,-0.272054,0.001448,5724
11.333092,685550.619859,0.005000,air_chirp,0.000000,0.000000,0.001681,0.000000,0.000000,0.000000,-0.298965,0.006393,5726
11.338092,685550.624977,0.005000,air_chirp,0.000000,0.000000,0.001691,0.000000,0.000000,0.000000,-0.282816,0.002064,5728
11.343092,685550.630095,0.005000,air_chirp,0.000000,0.000000,0.001700,0.000000,0.000000,0.000000,-0.343730,0.001642,5730
11.348092,685550.635214,0.005000,air_chirp,0.000000,0.000000,0.001709,0.000000,0.000000,0.000000,-0.428975,0.006582,5732
11.353092,685550.640332,0.005000,air_chirp,0.000000,0.000000,0.001716,0.000000,0.000000,0.000000,-0.341381,0.001238,5734
11.358092,685550.645449,0.005000,air_chirp,0.000000,0.000000,0.001723,0.000000,0.000000,0.000000,-0.277387,0.001805,5736
11.363092,685550.650578,0.005000,air_chirp,0.000000,0.000000,0.001728,0.000000,0.000000,0.000000,-0.309553,0.006743,5738
11.368092,685550.655685,0.005000,air_chirp,0.000000,0.000000,0.001733,0.000000,0.000000,0.000000,-0.317026,0.001271,5740
11.373093,685550.660792,0.005001,air_chirp,0.000000,0.000000,0.001737,0.000000,0.000000,0.000000,-0.308272,0.001856,5742
11.378092,685550.665893,0.004999,air_chirp,0.000000,0.000000,0.001741,0.000000,0.000000,0.000000,-0.390881,0.001266,5744
11.383093,685550.671008,0.005001,air_chirp,0.000000,0.000000,0.001743,0.000000,0.000000,0.000000,-0.381294,0.001867,5746
11.388092,685550.676133,0.004999,air_chirp,0.000000,0.000000,0.001744,0.000000,0.000000,0.000000,-0.278454,0.001205,5748
11.398092,685550.681304,0.010000,air_chirp,0.000000,0.000000,0.001745,0.000000,0.000000,0.000000,-0.350778,0.001289,5752
11.403093,685550.686462,0.005001,air_chirp,0.000000,0.000000,0.001745,0.000000,0.000000,0.000000,-0.346756,0.001822,5754
11.408095,685550.691618,0.005002,air_chirp,0.000000,0.000000,0.001744,0.000000,0.000000,0.000000,-0.281118,0.001361,5756
11.413093,685550.696750,0.004998,air_chirp,0.000000,0.000000,0.001742,0.000000,0.000000,0.000000,-0.206752,0.002011,5758
11.418093,685550.701860,0.005000,air_chirp,0.000000,0.000000,0.001739,0.000000,0.000000,0.000000,-0.293636,0.001577,5760
11.423093,685550.707112,0.005000,air_chirp,0.000000,0.000000,0.001735,0.000000,0.000000,0.000000,-0.377808,0.006515,5762
11.428094,685550.712232,0.005001,air_chirp,0.000000,0.000000,0.001730,0.000000,0.000000,0.000000,-0.385592,0.001180,5764
11.433093,685550.717371,0.004999,air_chirp,0.000000,0.000000,0.001724,0.000000,0.000000,0.000000,-0.370330,0.001774,5766
11.438093,685550.722544,0.005000,air_chirp,0.000000,0.000000,0.001718,0.000000,0.000000,0.000000,-0.352095,0.006720,5768
11.443092,685550.727776,0.004999,air_chirp,0.000000,0.000000,0.001710,0.000000,0.000000,0.000000,-0.314622,0.001246,5770
11.448092,685550.732995,0.005000,air_chirp,0.000000,0.000000,0.001702,0.000000,0.000000,0.000000,-0.275635,0.001816,5772
11.453092,685550.738117,0.005000,air_chirp,0.000000,0.000000,0.001693,0.000000,0.000000,0.000000,-0.328044,0.001256,5774
11.458092,685550.743357,0.005000,air_chirp,0.000000,0.000000,0.001683,0.000000,0.000000,0.000000,-0.387647,0.001941,5776
11.463092,685550.748490,0.005000,air_chirp,0.000000,0.000000,0.001672,0.000000,0.000000,0.000000,-0.365203,0.001525,5778
11.468093,685550.753602,0.005000,air_chirp,0.000000,0.000000,0.001660,0.000000,0.000000,0.000000,-0.336303,0.006471,5780
11.473092,685550.758830,0.005000,air_chirp,0.000000,0.000000,0.001647,0.000000,0.000000,0.000000,-0.334585,0.001482,5782
11.478092,685550.763970,0.005000,air_chirp,0.000000,0.000000,0.001633,0.000000,0.000000,0.000000,-0.334607,0.001113,5784
11.483092,685550.769080,0.005000,air_chirp,0.000000,0.000000,0.001619,0.000000,0.000000,0.000000,-0.333023,0.001717,5786
11.488092,685550.774223,0.005000,air_chirp,0.000000,0.000000,0.001604,0.000000,0.000000,0.000000,-0.307641,0.001244,5788
11.493092,685550.779355,0.005000,air_chirp,0.000000,0.000000,0.001587,0.000000,0.000000,0.000000,-0.315905,0.001839,5790
11.498094,685550.784473,0.005001,air_chirp,0.000000,0.000000,0.001570,0.000000,0.000000,0.000000,-0.290070,0.001358,5792
11.503093,685550.789593,0.004999,air_chirp,0.000000,0.000000,0.001552,0.000000,0.000000,0.000000,-0.281907,0.002022,5794
11.508093,685550.794715,0.005000,air_chirp,0.000000,0.000000,0.001534,0.000000,0.000000,0.000000,-0.360753,0.001558,5796
11.513093,685550.799836,0.005000,air_chirp,0.000000,0.000000,0.001514,0.000000,0.000000,0.000000,-0.391756,0.006514,5798
11.518093,685550.804959,0.005000,air_chirp,0.000000,0.000000,0.001494,0.000000,0.000000,0.000000,-0.346248,0.001192,5800
11.523093,685550.810084,0.005000,air_chirp,0.000000,0.000000,0.001473,0.000000,0.000000,0.000000,-0.367322,0.001820,5802
11.528092,685550.815204,0.004999,air_chirp,0.000000,0.000000,0.001451,0.000000,0.000000,0.000000,-0.331582,0.001217,5804
11.533093,685550.820358,0.005001,air_chirp,0.000000,0.000000,0.001428,0.000000,0.000000,0.000000,-0.209478,0.001851,5806
11.538093,685550.825478,0.005000,air_chirp,0.000000,0.000000,0.001404,0.000000,0.000000,0.000000,-0.271271,0.001240,5808
11.543093,685550.830596,0.005001,air_chirp,0.000000,0.000000,0.001380,0.000000,0.000000,0.000000,-0.302792,0.001834,5810
11.548093,685550.835716,0.005000,air_chirp,0.000000,0.000000,0.001355,0.000000,0.000000,0.000000,-0.301513,0.001258,5812
11.553093,685550.840821,0.005000,air_chirp,0.000000,0.000000,0.001329,0.000000,0.000000,0.000000,-0.387871,0.001857,5814
11.558093,685550.845922,0.005000,air_chirp,0.000000,0.000000,0.001303,0.000000,0.000000,0.000000,-0.388246,0.001421,5816
11.563093,685550.851027,0.004999,air_chirp,0.000000,0.000000,0.001276,0.000000,0.000000,0.000000,-0.345671,0.006363,5818
11.568093,685550.856128,0.005000,air_chirp,0.000000,0.000000,0.001248,0.000000,0.000000,0.000000,-0.286000,0.004398,5820
11.573093,685550.861259,0.005000,air_chirp,0.000000,0.000000,0.001219,0.000000,0.000000,0.000000,-0.294583,0.004325,5822
11.583092,685550.866359,0.009999,air_chirp,0.000000,0.000000,0.001190,0.000000,0.000000,0.000000,-0.305206,0.001869,5826
11.588092,685550.871459,0.005000,air_chirp,0.000000,0.000000,0.001160,0.000000,0.000000,0.000000,-0.301719,0.001227,5828
11.593093,685550.876560,0.005000,air_chirp,0.000000,0.000000,0.001129,0.000000,0.000000,0.000000,-0.317234,0.001837,5830
11.598092,685550.881661,0.004999,air_chirp,0.000000,0.000000,0.001098,0.000000,0.000000,0.000000,-0.345683,0.002008,5832
11.603092,685550.886761,0.005000,air_chirp,0.000000,0.000000,0.001066,0.000000,0.000000,0.000000,-0.356263,0.001545,5834
11.608092,685550.891877,0.005000,air_chirp,0.000000,0.000000,0.001033,0.000000,0.000000,0.000000,-0.349898,0.002108,5836
11.613093,685550.896976,0.005001,air_chirp,0.000000,0.000000,0.001000,0.000000,0.000000,0.000000,-0.316627,0.001591,5838
11.618092,685550.902118,0.004999,air_chirp,0.000000,0.000000,0.000966,0.000000,0.000000,0.000000,-0.282375,0.001923,5840
11.618092,685550.907276,0.000001,air_chirp,0.000000,0.000000,0.000931,0.000000,0.000000,0.000000,-0.282375,0.001923,5840
11.623093,685550.912383,0.005001,air_chirp,0.000000,0.000000,0.000896,0.000000,0.000000,0.000000,-0.299420,0.001213,5842
11.633894,685550.917520,0.010801,air_chirp,0.000000,0.000000,0.000860,0.000000,0.000000,0.000000,-0.310693,0.001914,5846
11.638180,685550.922659,0.004285,air_chirp,0.000000,0.000000,0.000824,0.000000,0.000000,0.000000,-0.323130,0.001785,5848
11.643093,685550.927754,0.004913,air_chirp,0.000000,0.000000,0.000787,0.000000,0.000000,0.000000,-0.323664,0.001227,5850
11.648092,685550.932884,0.004999,air_chirp,0.000000,0.000000,0.000750,0.000000,0.000000,0.000000,-0.288742,0.001883,5852
11.653092,685550.938027,0.005000,air_chirp,0.000000,0.000000,0.000713,0.000000,0.000000,0.000000,-0.275352,0.001276,5854
11.658093,685550.943150,0.005000,air_chirp,0.000000,0.000000,0.000675,0.000000,0.000000,0.000000,-0.287977,0.001943,5856
11.663094,685550.948275,0.005001,air_chirp,0.000000,0.000000,0.000636,0.000000,0.000000,0.000000,-0.290227,0.001272,5858
11.668092,685550.953397,0.004999,air_chirp,0.000000,0.000000,0.000597,0.000000,0.000000,0.000000,-0.312189,0.001888,5860
11.673093,685550.958519,0.005001,air_chirp,0.000000,0.000000,0.000558,0.000000,0.000000,0.000000,-0.348925,0.006831,5862
11.678093,685550.963636,0.005000,air_chirp,0.000000,0.000000,0.000518,0.000000,0.000000,0.000000,-0.349981,0.002066,5864
11.683093,685550.968799,0.004999,air_chirp,0.000000,0.000000,0.000478,0.000000,0.000000,0.000000,-0.322891,0.001575,5866
11.688092,685550.973908,0.005000,air_chirp,0.000000,0.000000,0.000437,0.000000,0.000000,0.000000,-0.330868,0.001929,5868
11.693092,685550.979065,0.005000,air_chirp,0.000000,0.000000,0.000396,0.000000,0.000000,0.000000,-0.366943,0.006866,5870
11.698092,685550.984298,0.005000,air_chirp,0.000000,0.000000,0.000354,0.000000,0.000000,0.000000,-0.413001,0.001930,5872
11.703093,685550.989541,0.005000,air_chirp,0.000000,0.000000,0.000312,0.000000,0.000000,0.000000,-0.414038,0.001276,5874
11.708092,685550.994812,0.005000,air_chirp,0.000000,0.000000,0.000269,0.000000,0.000000,0.000000,-0.331511,0.001820,5876
11.713093,685551.000035,0.005001,air_chirp,0.000000,0.000000,0.000227,0.000000,0.000000,0.000000,-0.299559,0.001299,5878
11.718092,685551.005172,0.004999,air_chirp,0.000000,0.000000,0.000184,0.000000,0.000000,0.000000,-0.319168,0.001791,5880
11.723092,685551.010286,0.005000,air_chirp,0.000000,0.000000,0.000142,0.000000,0.000000,0.000000,-0.351677,0.001242,5882
11.728093,685551.015415,0.005001,air_chirp,0.000000,0.000000,0.000100,0.000000,0.000000,0.000000,-0.333158,0.001855,5884
11.733092,685551.020660,0.004999,air_chirp,0.000000,0.000000,0.000056,0.000000,0.000000,0.000000,-0.328245,0.001351,5886
11.738092,685551.025888,0.005000,air_chirp,0.000000,0.000000,0.000013,0.000000,0.000000,0.000000,-0.339105,0.001981,5888
11.743092,685551.031177,0.005000,air_chirp,0.000000,0.000000,-0.000031,0.000000,0.000000,0.000000,-0.305769,0.001494,5890
11.753092,685551.036432,0.010000,air_chirp,0.000000,0.000000,-0.000076,0.000000,0.000000,0.000000,-0.396152,0.001575,5894
11.758093,685551.041655,0.005001,air_chirp,0.000000,0.000000,-0.000119,0.000000,0.000000,0.000000,-0.406273,0.006510,5896
11.763092,685551.046931,0.004999,air_chirp,0.000000,0.000000,-0.000163,0.000000,0.000000,0.000000,-0.365742,0.001290,5898
11.768092,685551.052202,0.005000,air_chirp,0.000000,0.000000,-0.000208,0.000000,0.000000,0.000000,-0.364905,0.001939,5900
11.773093,685551.057322,0.005000,air_chirp,0.000000,0.000000,-0.000250,0.000000,0.000000,0.000000,-0.408519,0.001307,5902
11.778092,685551.062596,0.004999,air_chirp,0.000000,0.000000,-0.000294,0.000000,0.000000,0.000000,-0.375302,0.001949,5904
11.783092,685551.067846,0.005000,air_chirp,0.000000,0.000000,-0.000338,0.000000,0.000000,0.000000,-0.336038,0.001508,5906
11.788092,685551.073056,0.005000,air_chirp,0.000000,0.000000,-0.000382,0.000000,0.000000,0.000000,-0.338476,0.002044,5908
11.793092,685551.078307,0.005000,air_chirp,0.000000,0.000000,-0.000425,0.000000,0.000000,0.000000,-0.358664,0.001597,5910
11.798092,685551.083443,0.005000,air_chirp,0.000000,0.000000,-0.000468,0.000000,0.000000,0.000000,-0.374722,0.006545,5912
11.803093,685551.088626,0.005001,air_chirp,0.000000,0.000000,-0.000510,0.000000,0.000000,0.000000,-0.301581,0.001280,5914
11.808110,685551.093849,0.005017,air_chirp,0.000000,0.000000,-0.000553,0.000000,0.000000,0.000000,-0.259002,0.001990,5916
11.813093,685551.099151,0.004984,air_chirp,0.000000,0.000000,-0.000596,0.000000,0.000000,0.000000,-0.325489,0.001436,5918
11.818093,685551.104269,0.005000,air_chirp,0.000000,0.000000,-0.000638,0.000000,0.000000,0.000000,-0.379545,0.002052,5920
11.823093,685551.109395,0.005000,air_chirp,0.000000,0.000000,-0.000679,0.000000,0.000000,0.000000,-0.357056,0.001588,5922
11.828093,685551.114609,0.005000,air_chirp,0.000000,0.000000,-0.000721,0.000000,0.000000,0.000000,-0.311974,0.006540,5924
11.833093,685551.119884,0.005000,air_chirp,0.000000,0.000000,-0.000762,0.000000,0.000000,0.000000,-0.328982,0.001536,5926
11.838093,685551.125145,0.005000,air_chirp,0.000000,0.000000,-0.000803,0.000000,0.000000,0.000000,-0.350877,0.006484,5928
11.843093,685551.130358,0.005000,air_chirp,0.000000,0.000000,-0.000844,0.000000,0.000000,0.000000,-0.347004,0.001993,5930
11.848093,685551.135567,0.005000,air_chirp,0.000000,0.000000,-0.000884,0.000000,0.000000,0.000000,-0.331581,0.001563,5932
11.853093,685551.140784,0.005000,air_chirp,0.000000,0.000000,-0.000924,0.000000,0.000000,0.000000,-0.329670,0.001123,5934
11.858092,685551.145999,0.004999,air_chirp,0.000000,0.000000,-0.000963,0.000000,0.000000,0.000000,-0.317706,0.001711,5936
11.868092,685551.151225,0.010000,air_chirp,0.000000,0.000000,-0.001002,0.000000,0.000000,0.000000,-0.284745,0.001682,5940
11.873093,685551.156437,0.005000,air_chirp,0.000000,0.000000,-0.001040,0.000000,0.000000,0.000000,-0.309621,0.002063,5942
11.873093,685551.161727,0.000001,air_chirp,0.000000,0.000000,-0.001079,0.000000,0.000000,0.000000,-0.309621,0.002063,5942
11.883874,685551.166944,0.010781,air_chirp,0.000000,0.000000,-0.001116,0.000000,0.000000,0.000000,-0.329821,0.002618,5946
11.888092,685551.172202,0.004219,air_chirp,0.000000,0.000000,-0.001153,0.000000,0.000000,0.000000,-0.299031,0.001386,5948
11.893093,685551.177431,0.005001,air_chirp,0.000000,0.000000,-0.001189,0.000000,0.000000,0.000000,-0.349436,0.001887,5950
11.898092,685551.182650,0.004999,air_chirp,0.000000,0.000000,-0.001224,0.000000,0.000000,0.000000,-0.347610,0.001226,5952
11.903092,685551.187871,0.005000,air_chirp,0.000000,0.000000,-0.001259,0.000000,0.000000,0.000000,-0.297486,0.001761,5954
11.908092,685551.193097,0.005000,air_chirp,0.000000,0.000000,-0.001293,0.000000,0.000000,0.000000,-0.293541,0.006696,5956
11.913093,685551.198212,0.005001,air_chirp,0.000000,0.000000,-0.001326,0.000000,0.000000,0.000000,-0.303119,0.001323,5958
11.918092,685551.203330,0.004999,air_chirp,0.000000,0.000000,-0.001358,0.000000,0.000000,0.000000,-0.318335,0.001920,5960
11.923093,685551.208447,0.005000,air_chirp,0.000000,0.000000,-0.001389,0.000000,0.000000,0.000000,-0.337047,0.001319,5962
11.928093,685551.213577,0.005000,air_chirp,0.000000,0.000000,-0.001420,0.000000,0.000000,0.000000,-0.348426,0.001893,5964
11.933093,685551.218693,0.005000,air_chirp,0.000000,0.000000,-0.001449,0.000000,0.000000,0.000000,-0.350001,0.001069,5966
11.938092,685551.223782,0.005000,air_chirp,0.000000,0.000000,-0.001478,0.000000,0.000000,0.000000,-0.318604,0.001596,5968
11.943093,685551.228890,0.005001,air_chirp,0.000000,0.000000,-0.001506,0.000000,0.000000,0.000000,-0.280899,0.006548,5970
11.948093,685551.234058,0.004999,air_chirp,0.000000,0.000000,-0.001534,0.000000,0.000000,0.000000,-0.287584,0.004433,5972
11.953092,685551.239137,0.005000,air_chirp,0.000000,0.000000,-0.001561,0.000000,0.000000,0.000000,-0.326160,0.001229,5974
11.958092,685551.244220,0.005000,air_chirp,0.000000,0.000000,-0.001586,0.000000,0.000000,0.000000,-0.342352,0.001890,5976
11.963093,685551.249305,0.005001,air_chirp,0.000000,0.000000,-0.001611,0.000000,0.000000,0.000000,-0.342660,0.001455,5978
11.968093,685551.254425,0.005000,air_chirp,0.000000,0.000000,-0.001635,0.000000,0.000000,0.000000,-0.356958,0.006389,5980
11.973093,685551.259569,0.005000,air_chirp,0.000000,0.000000,-0.001658,0.000000,0.000000,0.000000,-0.324115,0.001289,5982
11.978092,685551.264696,0.005000,air_chirp,0.000000,0.000000,-0.001680,0.000000,0.000000,0.000000,-0.350036,0.001904,5984
11.983092,685551.269814,0.005000,air_chirp,0.000000,0.000000,-0.001702,0.000000,0.000000,0.000000,-0.355755,0.001509,5986
11.988092,685551.274937,0.005000,air_chirp,0.000000,0.000000,-0.001722,0.000000,0.000000,0.000000,-0.297410,0.006450,5988
11.993093,685551.280078,0.005001,air_chirp,0.000000,0.000000,-0.001741,0.000000,0.000000,0.000000,-0.285348,0.001320,5990
11.998092,685551.285200,0.004999,air_chirp,0.000000,0.000000,-0.001760,0.000000,0.000000,0.000000,-0.289324,0.002007,5992
12.003092,685551.290309,0.005000,air_chirp,0.000000,0.000000,-0.001777,0.000000,0.000000,0.000000,-0.332902,0.001598,5994
12.008092,685551.295602,0.005000,air_chirp,0.000000,0.000000,-0.001794,0.000000,0.000000,0.000000,-0.352012,0.001152,5996
12.013093,685551.300788,0.005001,air_chirp,0.000000,0.000000,-0.001809,0.000000,0.000000,0.000000,-0.350057,0.001842,5998
12.018093,685551.305943,0.005000,air_chirp,0.000000,0.000000,-0.001824,0.000000,0.000000,0.000000,-0.297525,0.001176,6000
12.023092,685551.311092,0.005000,air_chirp,0.000000,0.000000,-0.001837,0.000000,0.000000,0.000000,-0.299007,0.001825,6002
12.033092,685551.316224,0.010000,air_chirp,0.000000,0.000000,-0.001849,0.000000,0.000000,0.000000,-0.310673,0.002007,6006
12.038092,685551.321358,0.005000,air_chirp,0.000000,0.000000,-0.001860,0.000000,0.000000,0.000000,-0.344358,0.001584,6008
12.043093,685551.326620,0.005001,air_chirp,0.000000,0.000000,-0.001870,0.000000,0.000000,0.000000,-0.409583,0.006532,6010
12.048092,685551.331840,0.004999,air_chirp,0.000000,0.000000,-0.001879,0.000000,0.000000,0.000000,-0.350566,0.001279,6012
12.053093,685551.337122,0.005000,air_chirp,0.000000,0.000000,-0.001887,0.000000,0.000000,0.000000,-0.356611,0.001853,6014
12.058093,685551.342399,0.005000,air_chirp,0.000000,0.000000,-0.001894,0.000000,0.000000,0.000000,-0.396351,0.001303,6016
12.063093,685551.347618,0.005000,air_chirp,0.000000,0.000000,-0.001900,0.000000,0.000000,0.000000,-0.363903,0.001923,6018
12.068092,685551.352846,0.004999,air_chirp,0.000000,0.000000,-0.001904,0.000000,0.000000,0.000000,-0.338782,0.001474,6020
12.073092,685551.358066,0.005000,air_chirp,0.000000,0.000000,-0.001907,0.000000,0.000000,0.000000,-0.314238,0.006418,6022
12.078092,685551.363284,0.005000,air_chirp,0.000000,0.000000,-0.001909,0.000000,0.000000,0.000000,-0.320775,0.001463,6024
12.083092,685551.368548,0.005000,air_chirp,0.000000,0.000000,-0.001910,0.000000,0.000000,0.000000,-0.329759,0.006403,6026
12.088092,685551.373766,0.005000,air_chirp,0.000000,0.000000,-0.001910,0.000000,0.000000,0.000000,-0.314289,0.001296,6028
12.093093,685551.379040,0.005001,air_chirp,0.000000,0.000000,-0.001908,0.000000,0.000000,0.000000,-0.296894,0.006246,6030
12.098093,685551.384254,0.004999,air_chirp,0.000000,0.000000,-0.001905,0.000000,0.000000,0.000000,-0.340535,0.004336,6032
12.103092,685551.389598,0.005000,air_chirp,0.000000,0.000000,-0.001901,0.000000,0.000000,0.000000,-0.351656,0.001292,6034
12.108094,685551.394733,0.005001,air_chirp,0.000000,0.000000,-0.001896,0.000000,0.000000,0.000000,-0.340972,0.002002,6036
12.113094,685551.399947,0.005000,air_chirp,0.000000,0.000000,-0.001890,0.000000,0.000000,0.000000,-0.382503,0.001568,6038
12.118092,685551.405159,0.004999,air_chirp,0.000000,0.000000,-0.001882,0.000000,0.000000,0.000000,-0.402377,0.006497,6040
12.123092,685551.410276,0.005000,air_chirp,0.000000,0.000000,-0.001874,0.000000,0.000000,0.000000,-0.319318,0.001580,6042
12.128092,685551.415498,0.005000,air_chirp,0.000000,0.000000,-0.001864,0.000000,0.000000,0.000000,-0.228158,0.006526,6044
12.133093,685551.420752,0.005000,air_chirp,0.000000,0.000000,-0.001852,0.000000,0.000000,0.000000,-0.280858,0.001262,6046
12.138092,685551.425997,0.005000,air_chirp,0.000000,0.000000,-0.001840,0.000000,0.000000,0.000000,-0.356351,0.001949,6048
12.143093,685551.431210,0.005001,air_chirp,0.000000,0.000000,-0.001827,0.000000,0.000000,0.000000,-0.322437,0.001502,6050
12.153093,685551.436425,0.009999,air_chirp,0.000000,0.000000,-0.001812,0.000000,0.000000,0.000000,-0.299356,0.001270,6054
12.158092,685551.441661,0.005000,air_chirp,0.000000,0.000000,-0.001796,0.000000,0.000000,0.000000,-0.358990,0.001941,6056
12.163093,685551.446923,0.005001,air_chirp,0.000000,0.000000,-0.001779,0.000000,0.000000,0.000000,-0.331742,0.001316,6058
12.168092,685551.452178,0.004999,air_chirp,0.000000,0.000000,-0.001760,0.000000,0.000000,0.000000,-0.274751,0.001953,6060
12.173092,685551.457393,0.005000,air_chirp,0.000000,0.000000,-0.001741,0.000000,0.000000,0.000000,-0.293098,0.001282,6062
12.178092,685551.462610,0.005000,air_chirp,0.000000,0.000000,-0.001720,0.000000,0.000000,0.000000,-0.297209,0.001881,6064
12.183093,685551.467866,0.005000,air_chirp,0.000000,0.000000,-0.001699,0.000000,0.000000,0.000000,-0.276495,0.006827,6066
12.188092,685551.473103,0.005000,air_chirp,0.000000,0.000000,-0.001676,0.000000,0.000000,0.000000,-0.326739,0.001933,6068
12.193093,685551.478239,0.005001,air_chirp,0.000000,0.000000,-0.001652,0.000000,0.000000,0.000000,-0.331966,0.001311,6070
12.198092,685551.483383,0.004999,air_chirp,0.000000,0.000000,-0.001627,0.000000,0.000000,0.000000,-0.272070,0.001938,6072
12.203093,685551.488552,0.005001,air_chirp,0.000000,0.000000,-0.001601,0.000000,0.000000,0.000000,-0.257650,0.001296,6074
12.208093,685551.493792,0.005000,air_chirp,0.000000,0.000000,-0.001574,0.000000,0.000000,0.000000,-0.276771,0.001952,6076
12.213093,685551.499072,0.005000,air_chirp,0.000000,0.000000,-0.001545,0.000000,0.000000,0.000000,-0.298531,0.001523,6078
12.218092,685551.504221,0.005000,air_chirp,0.000000,0.000000,-0.001517,0.000000,0.000000,0.000000,-0.300244,0.006463,6080
12.223093,685551.509334,0.005000,air_chirp,0.000000,0.000000,-0.001487,0.000000,0.000000,0.000000,-0.325536,0.001259,6082
12.228093,685551.514461,0.005000,air_chirp,0.000000,0.000000,-0.001456,0.000000,0.000000,0.000000,-0.353964,0.001841,6084
12.233092,685551.519583,0.005000,air_chirp,0.000000,0.000000,-0.001424,0.000000,0.000000,0.000000,-0.331128,0.001240,6086
12.238092,685551.524672,0.005000,air_chirp,0.000000,0.000000,-0.001392,0.000000,0.000000,0.000000,-0.350789,0.001857,6088
12.243093,685551.529794,0.005000,air_chirp,0.000000,0.000000,-0.001358,0.000000,0.000000,0.000000,-0.351226,0.001209,6090
12.248092,685551.534906,0.005000,air_chirp,0.000000,0.000000,-0.001324,0.000000,0.000000,0.000000,-0.303257,0.001802,6092
12.253092,685551.539991,0.005000,air_chirp,0.000000,0.000000,-0.001288,0.000000,0.000000,0.000000,-0.379613,0.001304,6094
12.258093,685551.545128,0.005001,air_chirp,0.000000,0.000000,-0.001252,0.000000,0.000000,0.000000,-0.364672,0.001946,6096
12.263093,685551.550226,0.005001,air_chirp,0.000000,0.000000,-0.001215,0.000000,0.000000,0.000000,-0.275272,0.001326,6098
12.268093,685551.555340,0.005000,air_chirp,0.000000,0.000000,-0.001177,0.000000,0.000000,0.000000,-0.318911,0.001950,6100
12.273092,685551.560674,0.005000,air_chirp,0.000000,0.000000,-0.001137,0.000000,0.000000,0.000000,-0.339317,0.001302,6102
12.278093,685551.565936,0.005000,air_chirp,0.000000,0.000000,-0.001096,0.000000,0.000000,0.000000,-0.283977,0.001950,6104
12.288092,685551.571183,0.009999,air_chirp,0.000000,0.000000,-0.001054,0.000000,0.000000,0.000000,-0.376229,0.006434,6108
12.293093,685551.576303,0.005001,air_chirp,0.000000,0.000000,-0.001013,0.000000,0.000000,0.000000,-0.350010,0.004385,6110
12.298092,685551.581420,0.004999,air_chirp,0.000000,0.000000,-0.000971,0.000000,0.000000,0.000000,-0.312253,0.001280,6112
12.303093,685551.586653,0.005000,air_chirp,0.000000,0.000000,-0.000928,0.000000,0.000000,0.000000,-0.332632,0.001888,6114
12.308093,685551.591772,0.005000,air_chirp,0.000000,0.000000,-0.000884,0.000000,0.000000,0.000000,-0.361797,0.006838,6116
12.313093,685551.597017,0.005001,air_chirp,0.000000,0.000000,-0.000839,0.000000,0.000000,0.000000,-0.352259,0.002015,6118
12.318093,685551.602238,0.005000,air_chirp,0.000000,0.000000,-0.000794,0.000000,0.000000,0.000000,-0.359359,0.001553,6120
12.323092,685551.607365,0.004999,air_chirp,0.000000,0.000000,-0.000748,0.000000,0.000000,0.000000,-0.379601,0.006474,6122
12.328092,685551.612598,0.005000,air_chirp,0.000000,0.000000,-0.000702,0.000000,0.000000,0.000000,-0.363102,0.001271,6124
12.333093,685551.617823,0.005000,air_chirp,0.000000,0.000000,-0.000654,0.000000,0.000000,0.000000,-0.361879,0.001863,6126
12.338093,685551.623061,0.005000,air_chirp,0.000000,0.000000,-0.000606,0.000000,0.000000,0.000000,-0.363359,0.001349,6128
12.343093,685551.628262,0.005000,air_chirp,0.000000,0.000000,-0.000559,0.000000,0.000000,0.000000,-0.346884,0.002012,6130
12.348093,685551.633383,0.005000,air_chirp,0.000000,0.000000,-0.000510,0.000000,0.000000,0.000000,-0.335674,0.001566,6132
12.353092,685551.638636,0.004999,air_chirp,0.000000,0.000000,-0.000461,0.000000,0.000000,0.000000,-0.324879,0.006508,6134
12.358092,685551.643763,0.005000,air_chirp,0.000000,0.000000,-0.000412,0.000000,0.000000,0.000000,-0.318323,0.001325,6136
12.363093,685551.648977,0.005001,air_chirp,0.000000,0.000000,-0.000362,0.000000,0.000000,0.000000,-0.312101,0.006280,6138
12.368092,685551.654240,0.005000,air_chirp,0.000000,0.000000,-0.000312,0.000000,0.000000,0.000000,-0.311611,0.004410,6140
12.373092,685551.659517,0.005000,air_chirp,0.000000,0.000000,-0.000260,0.000000,0.000000,0.000000,-0.315694,0.001337,6142
12.378092,685551.664820,0.005000,air_chirp,0.000000,0.000000,-0.000209,0.000000,0.000000,0.000000,-0.325947,0.001941,6144
12.383093,685551.670114,0.005001,air_chirp,0.000000,0.000000,-0.000157,0.000000,0.000000,0.000000,-0.342585,0.001284,6146
12.388092,685551.675279,0.004999,air_chirp,0.000000,0.000000,-0.000106,0.000000,0.000000,0.000000,-0.317686,0.001957,6148
12.393093,685551.680533,0.005001,air_chirp,0.000000,0.000000,-0.000054,0.000000,0.000000,0.000000,-0.279745,0.001537,6150
12.398092,685551.685769,0.004999,air_chirp,0.000000,0.000000,-0.000002,0.000000,0.000000,0.000000,-0.277008,0.006464,6152
12.403093,685551.690912,0.005000,air_chirp,0.000000,0.000000,0.000049,0.000000,0.000000,0.000000,-0.280695,0.001299,6154
12.408092,685551.696147,0.005000,air_chirp,0.000000,0.000000,0.000101,0.000000,0.000000,0.000000,-0.279944,0.002010,6156
12.413093,685551.701378,0.005001,air_chirp,0.000000,0.000000,0.000153,0.000000,0.000000,0.000000,-0.275327,0.001594,6158
12.423092,685551.706634,0.009999,air_chirp,0.000000,0.000000,0.000205,0.000000,0.000000,0.000000,-0.291481,0.001237,6162
12.428092,685551.711753,0.005000,air_chirp,0.000000,0.000000,0.000256,0.000000,0.000000,0.000000,-0.329276,0.001680,6164
12.433093,685551.716882,0.005001,air_chirp,0.000000,0.000000,0.000307,0.000000,0.000000,0.000000,-0.346771,0.001178,6166
12.438092,685551.722126,0.004999,air_chirp,0.000000,0.000000,0.000359,0.000000,0.000000,0.000000,-0.297821,0.001825,6168
12.443099,685551.727268,0.005007,air_chirp,0.000000,0.000000,0.000410,0.000000,0.000000,0.000000,-0.249519,0.006793,6170
12.448092,685551.732389,0.004993,air_chirp,0.000000,0.000000,0.000460,0.000000,0.000000,0.000000,-0.281080,0.001998,6172
12.453092,685551.737613,0.005000,air_chirp,0.000000,0.000000,0.000512,0.000000,0.000000,0.000000,-0.342494,0.001554,6174
12.458092,685551.742747,0.005000,air_chirp,0.000000,0.000000,0.000562,0.000000,0.000000,0.000000,-0.364809,0.002069,6176
12.463093,685551.747875,0.005001,air_chirp,0.000000,0.000000,0.000612,0.000000,0.000000,0.000000,-0.315166,0.001581,6178
12.468092,685551.752995,0.005000,air_chirp,0.000000,0.000000,0.000661,0.000000,0.000000,0.000000,-0.265944,0.006517,6180
12.473092,685551.758124,0.005000,air_chirp,0.000000,0.000000,0.000710,0.000000,0.000000,0.000000,-0.275899,0.002062,6182
12.478093,685551.763243,0.005001,air_chirp,0.000000,0.000000,0.000759,0.000000,0.000000,0.000000,-0.321094,0.001640,6184
12.483093,685551.768366,0.005000,air_chirp,0.000000,0.000000,0.000807,0.000000,0.000000,0.000000,-0.343458,0.001194,6186
12.488092,685551.773486,0.004999,air_chirp,0.000000,0.000000,0.000855,0.000000,0.000000,0.000000,-0.337094,0.001805,6188
12.493092,685551.778606,0.005000,air_chirp,0.000000,0.000000,0.000902,0.000000,0.000000,0.000000,-0.310717,0.001234,6190
12.498092,685551.783722,0.005000,air_chirp,0.000000,0.000000,0.000949,0.000000,0.000000,0.000000,-0.317221,0.001705,6192
12.503092,685551.788840,0.005000,air_chirp,0.000000,0.000000,0.000996,0.000000,0.000000,0.000000,-0.315914,0.001196,6194
12.508092,685551.793964,0.005000,air_chirp,0.000000,0.000000,0.001041,0.000000,0.000000,0.000000,-0.330240,0.001845,6196
12.513093,685551.799073,0.005001,air_chirp,0.000000,0.000000,0.001087,0.000000,0.000000,0.000000,-0.385719,0.001439,6198
12.518092,685551.804166,0.004999,air_chirp,0.000000,0.000000,0.001131,0.000000,0.000000,0.000000,-0.364238,0.002028,6200
12.523092,685551.809261,0.005000,air_chirp,0.000000,0.000000,0.001175,0.000000,0.000000,0.000000,-0.336700,0.001514,6202
12.528092,685551.814394,0.005000,air_chirp,0.000000,0.000000,0.001218,0.000000,0.000000,0.000000,-0.308459,0.001934,6204
12.533093,685551.819704,0.005001,air_chirp,0.000000,0.000000,0.001262,0.000000,0.000000,0.000000,-0.323146,0.001182,6206
12.538093,685551.824916,0.005000,air_chirp,0.000000,0.000000,0.001304,0.000000,0.000000,0.000000,-0.367287,0.001787,6208
12.543093,685551.830154,0.005000,air_chirp,0.000000,0.000000,0.001346,0.000000,0.000000,0.000000,-0.370761,0.006737,6210
12.548092,685551.835371,0.004999,air_chirp,0.000000,0.000000,0.001387,0.000000,0.000000,0.000000,-0.337335,0.001895,6212
12.553092,685551.840492,0.005000,air_chirp,0.000000,0.000000,0.001426,0.000000,0.000000,0.000000,-0.301005,0.006844,6214
12.558092,685551.845728,0.005000,air_chirp,0.000000,0.000000,0.001465,0.000000,0.000000,0.000000,-0.323669,0.001943,6216
12.563093,685551.851104,0.005001,air_chirp,0.000000,0.000000,0.001504,0.000000,0.000000,0.000000,-0.350976,0.006888,6218
12.573092,685551.856339,0.009999,air_chirp,0.000000,0.000000,0.001541,0.000000,0.000000,0.000000,-0.327277,0.006867,6222
12.578092,685551.861641,0.005000,air_chirp,0.000000,0.000000,0.001577,0.000000,0.000000,0.000000,-0.321876,0.001961,6224
12.583093,685551.866914,0.005001,air_chirp,0.000000,0.000000,0.001612,0.000000,0.000000,0.000000,-0.310553,0.001545,6226
12.588094,685551.872170,0.005001,air_chirp,0.000000,0.000000,0.001647,0.000000,0.000000,0.000000,-0.303115,0.006480,6228
12.593092,685551.877400,0.004999,air_chirp,0.000000,0.000000,0.001679,0.000000,0.000000,0.000000,-0.293581,0.001302,6230
12.598092,685551.882632,0.005000,air_chirp,0.000000,0.000000,0.001711,0.000000,0.000000,0.000000,-0.283883,0.006222,6232
12.603092,685551.887840,0.005000,air_chirp,0.000000,0.000000,0.001741,0.000000,0.000000,0.000000,-0.286595,0.004439,6234
12.608092,685551.893076,0.005000,air_chirp,0.000000,0.000000,0.001771,0.000000,0.000000,0.000000,-0.286372,0.004349,6236
12.613093,685551.898189,0.005001,air_chirp,0.000000,0.000000,0.001798,0.000000,0.000000,0.000000,-0.340919,0.001222,6238
12.618092,685551.903307,0.004998,air_chirp,0.000000,0.000000,0.001824,0.000000,0.000000,0.000000,-0.332800,0.001898,6240
12.623092,685551.908426,0.005000,air_chirp,0.000000,0.000000,0.001850,0.000000,0.000000,0.000000,-0.247320,0.001455,6242
12.628092,685551.913639,0.005000,air_chirp,0.000000,0.000000,0.001874,0.000000,0.000000,0.000000,-0.226640,0.006396,6244
12.633093,685551.918917,0.005001,air_chirp,0.000000,0.000000,0.001897,0.000000,0.000000,0.000000,-0.285953,0.004401,6246
12.638093,685551.924168,0.005000,air_chirp,0.000000,0.000000,0.001919,0.000000,0.000000,0.000000,-0.344756,0.001239,6248
12.643093,685551.929384,0.005000,air_chirp,0.000000,0.000000,0.001939,0.000000,0.000000,0.000000,-0.312868,0.001954,6250
12.648093,685551.934686,0.005000,air_chirp,0.000000,0.000000,0.001959,0.000000,0.000000,0.000000,-0.322337,0.001523,6252
12.653092,685551.939910,0.005000,air_chirp,0.000000,0.000000,0.001976,0.000000,0.000000,0.000000,-0.364772,0.006465,6254
12.658092,685551.945167,0.005000,air_chirp,0.000000,0.000000,0.001993,0.000000,0.000000,0.000000,-0.358696,0.001246,6256
12.663093,685551.950285,0.005001,air_chirp,0.000000,0.000000,0.002007,0.000000,0.000000,0.000000,-0.328545,0.001866,6258
12.668092,685551.955462,0.004999,air_chirp,0.000000,0.000000,0.002020,0.000000,0.000000,0.000000,-0.388526,0.001195,6260
12.673092,685551.960672,0.005000,air_chirp,0.000000,0.000000,0.002032,0.000000,0.000000,0.000000,-0.403455,0.001835,6262
12.678092,685551.965923,0.005000,air_chirp,0.000000,0.000000,0.002043,0.000000,0.000000,0.000000,-0.318174,0.001252,6264
12.688093,685551.971175,0.010000,air_chirp,0.000000,0.000000,0.002052,0.000000,0.000000,0.000000,-0.284329,0.001317,6268
12.693092,685551.976439,0.005000,air_chirp,0.000000,0.000000,0.002060,0.000000,0.000000,0.000000,-0.288380,0.001945,6270
12.698092,685551.981736,0.005000,air_chirp,0.000000,0.000000,0.002066,0.000000,0.000000,0.000000,-0.293347,0.001454,6272
12.703092,685551.986950,0.005000,air_chirp,0.000000,0.000000,0.002070,0.000000,0.000000,0.000000,-0.293737,0.006390,6274
12.708092,685551.992233,0.005000,air_chirp,0.000000,0.000000,0.002073,0.000000,0.000000,0.000000,-0.290965,0.001931,6276
12.713093,685551.997446,0.005000,air_chirp,0.000000,0.000000,0.002075,0.000000,0.000000,0.000000,-0.307831,0.001238,6278
12.718093,685552.002604,0.005000,air_chirp,0.000000,0.000000,0.002075,0.000000,0.000000,0.000000,-0.291509,0.001813,6280
12.723092,685552.007783,0.004999,air_chirp,0.000000,0.000000,0.002073,0.000000,0.000000,0.000000,-0.252688,0.006751,6282
12.728092,685552.013000,0.005000,air_chirp,0.000000,0.000000,0.002070,0.000000,0.000000,0.000000,-0.286671,0.001908,6284
12.733093,685552.018177,0.005000,air_chirp,0.000000,0.000000,0.002066,0.000000,0.000000,0.000000,-0.326384,0.006857,6286
12.738092,685552.023298,0.005000,air_chirp,0.000000,0.000000,0.002060,0.000000,0.000000,0.000000,-0.313469,0.004339,6288
12.743094,685552.028598,0.005001,air_chirp,0.000000,0.000000,0.002052,0.000000,0.000000,0.000000,-0.308957,0.001926,6290
12.748092,685552.033847,0.004999,air_chirp,0.000000,0.000000,0.002043,0.000000,0.000000,0.000000,-0.278047,0.001280,6292
12.753092,685552.039059,0.005000,air_chirp,0.000000,0.000000,0.002032,0.000000,0.000000,0.000000,-0.276055,0.001974,6294
12.758092,685552.044347,0.005000,air_chirp,0.000000,0.000000,0.002020,0.000000,0.000000,0.000000,-0.327613,0.001538,6296
12.763093,685552.049615,0.005001,air_chirp,0.000000,0.000000,0.002006,0.000000,0.000000,0.000000,-0.339846,0.006480,6298
12.768092,685552.054901,0.004999,air_chirp,0.000000,0.000000,0.001990,0.000000,0.000000,0.000000,-0.311429,0.004290,6300
12.773092,685552.060144,0.005000,air_chirp,0.000000,0.000000,0.001973,0.000000,0.000000,0.000000,-0.348659,0.004591,6302
12.778096,685552.065356,0.005003,air_chirp,0.000000,0.000000,0.001955,0.000000,0.000000,0.000000,-0.345070,0.001285,6304
12.783093,685552.070637,0.004997,air_chirp,0.000000,0.000000,0.001935,0.000000,0.000000,0.000000,-0.269421,0.006228,6306
12.788092,685552.075884,0.005000,air_chirp,0.000000,0.000000,0.001913,0.000000,0.000000,0.000000,-0.290163,0.004334,6308
12.793093,685552.081188,0.005000,air_chirp,0.000000,0.000000,0.001890,0.000000,0.000000,0.000000,-0.334103,0.001265,6310
12.803092,685552.086427,0.010000,air_chirp,0.000000,0.000000,0.001865,0.000000,0.000000,0.000000,-0.402791,0.001549,6314
12.808093,685552.091643,0.005001,air_chirp,0.000000,0.000000,0.001840,0.000000,0.000000,0.000000,-0.333342,0.006492,6316
12.813093,685552.096917,0.005000,air_chirp,0.000000,0.000000,0.001812,0.000000,0.000000,0.000000,-0.297948,0.001265,6318
12.818093,685552.102175,0.005000,air_chirp,0.000000,0.000000,0.001783,0.000000,0.000000,0.000000,-0.265235,0.001912,6320
12.823092,685552.107347,0.005000,air_chirp,0.000000,0.000000,0.001753,0.000000,0.000000,0.000000,-0.252945,0.001288,6322
12.828092,685552.112576,0.005000,air_chirp,0.000000,0.000000,0.001722,0.000000,0.000000,0.000000,-0.289843,0.001938,6324
12.833093,685552.117831,0.005001,air_chirp,0.000000,0.000000,0.001689,0.000000,0.000000,0.000000,-0.346550,0.001512,6326
12.838093,685552.123053,0.005000,air_chirp,0.000000,0.000000,0.001654,0.000000,0.000000,0.000000,-0.357236,0.006452,6328
12.843092,685552.128274,0.004999,air_chirp,0.000000,0.000000,0.001619,0.000000,0.000000,0.000000,-0.342726,0.001507,6330
12.848092,685552.133588,0.005000,air_chirp,0.000000,0.000000,0.001581,0.000000,0.000000,0.000000,-0.326234,0.006440,6332
12.853092,685552.138810,0.005000,air_chirp,0.000000,0.000000,0.001543,0.000000,0.000000,0.000000,-0.321755,0.001293,6334
12.858092,685552.144067,0.005000,air_chirp,0.000000,0.000000,0.001504,0.000000,0.000000,0.000000,-0.318223,0.006230,6336
12.863093,685552.149303,0.005000,air_chirp,0.000000,0.000000,0.001463,0.000000,0.000000,0.000000,-0.277746,0.001499,6338
12.868093,685552.154603,0.005000,air_chirp,0.000000,0.000000,0.001420,0.000000,0.000000,0.000000,-0.234361,0.006445,6340
12.873092,685552.159922,0.005000,air_chirp,0.000000,0.000000,0.001376,0.000000,0.000000,0.000000,-0.286371,0.001495,6342
12.878092,685552.165178,0.005000,air_chirp,0.000000,0.000000,0.001332,0.000000,0.000000,0.000000,-0.345888,0.006435,6344
12.883093,685552.170389,0.005000,air_chirp,0.000000,0.000000,0.001286,0.000000,0.000000,0.000000,-0.305521,0.004394,6346
12.888092,685552.175606,0.004999,air_chirp,0.000000,0.000000,0.001240,0.000000,0.000000,0.000000,-0.270648,0.004335,6348
12.893092,685552.180839,0.005000,air_chirp,0.000000,0.000000,0.001192,0.000000,0.000000,0.000000,-0.337085,0.001256,6350
12.903092,685552.186140,0.010000,air_chirp,0.000000,0.000000,0.001143,0.000000,0.000000,0.000000,-0.319784,0.001465,6354
12.908092,685552.191261,0.005000,air_chirp,0.000000,0.000000,0.001095,0.000000,0.000000,0.000000,-0.353207,0.006408,6356
12.913093,685552.196493,0.005000,air_chirp,0.000000,0.000000,0.001044,0.000000,0.000000,0.000000,-0.306348,0.001504,6358
12.918092,685552.201761,0.005000,air_chirp,0.000000,0.000000,0.000992,0.000000,0.000000,0.000000,-0.253171,0.006439,6360
12.923092,685552.207087,0.005000,air_chirp,0.000000,0.000000,0.000939,0.000000,0.000000,0.000000,-0.266146,0.004342,6362
12.928093,685552.212247,0.005001,air_chirp,0.000000,0.000000,0.000887,0.000000,0.000000,0.000000,-0.334454,0.001300,6364
12.933093,685552.217406,0.005000,air_chirp,0.000000,0.000000,0.000833,0.000000,0.000000,0.000000,-0.372045,0.001998,6366
12.938093,685552.222544,0.005000,air_chirp,0.000000,0.000000,0.000780,0.000000,0.000000,0.000000,-0.325120,0.001579,6368
12.943092,685552.227692,0.004999,air_chirp,0.000000,0.000000,0.000725,0.000000,0.000000,0.000000,-0.289457,0.006528,6370
12.948092,685552.233011,0.005000,air_chirp,0.000000,0.000000,0.000668,0.000000,0.000000,0.000000,-0.282962,0.004404,6372
12.953092,685552.238179,0.005000,air_chirp,0.000000,0.000000,0.000612,0.000000,0.000000,0.000000,-0.290882,0.001887,6374
12.958092,685552.243303,0.005000,air_chirp,0.000000,0.000000,0.000556,0.000000,0.000000,0.000000,-0.303625,0.006827,6376
12.963093,685552.248446,0.005001,air_chirp,0.000000,0.000000,0.000499,0.000000,0.000000,0.000000,-0.304628,0.004742,6378
12.968092,685552.253697,0.005000,air_chirp,0.000000,0.000000,0.000440,0.000000,0.000000,0.000000,-0.318955,0.004695,6380
12.973092,685552.258954,0.005000,air_chirp,0.000000,0.000000,0.000381,0.000000,0.000000,0.000000,-0.325602,0.001882,6382
12.978092,685552.264216,0.005000,air_chirp,0.000000,0.000000,0.000321,0.000000,0.000000,0.000000,-0.301684,0.001256,6384
12.983104,685552.269445,0.005012,air_chirp,0.000000,0.000000,0.000262,0.000000,0.000000,0.000000,-0.294621,0.001863,6386
12.988092,685552.274620,0.004988,air_chirp,0.000000,0.000000,0.000202,0.000000,0.000000,0.000000,-0.304596,0.006784,6388
12.993093,685552.279838,0.005001,air_chirp,0.000000,0.000000,0.000142,0.000000,0.000000,0.000000,-0.323225,0.004231,6390
12.998092,685552.285140,0.004999,air_chirp,0.000000,0.000000,0.000081,0.000000,0.000000,0.000000,-0.377798,0.001225,6392
13.003093,685552.290259,0.005001,air_chirp,0.000000,0.000000,0.000021,0.000000,0.000000,0.000000,-0.349111,0.001816,6394
13.008093,685552.295396,0.004999,air_chirp,0.000000,0.000000,-0.000038,0.000000,0.000000,0.000000,-0.285414,0.001315,6396
13.013093,685552.300627,0.005000,air_chirp,0.000000,0.000000,-0.000099,0.000000,0.000000,0.000000,-0.287208,0.006259,6398
13.018092,685552.305936,0.004999,air_chirp,0.000000,0.000000,-0.000161,0.000000,0.000000,0.000000,-0.325028,0.004393,6400
13.023093,685552.311196,0.005001,air_chirp,0.000000,0.000000,-0.000222,0.000000,0.000000,0.000000,-0.370607,0.001305,6402
13.033093,685552.316422,0.010000,air_chirp,0.000000,0.000000,-0.000283,0.000000,0.000000,0.000000,-0.366991,0.001527,6406
13.038092,685552.321681,0.004999,air_chirp,0.000000,0.000000,-0.000344,0.000000,0.000000,0.000000,-0.353241,0.006435,6408
13.043093,685552.326951,0.005001,air_chirp,0.000000,0.000000,-0.000406,0.000000,0.000000,0.000000,-0.347278,0.001502,6410
13.048092,685552.332230,0.004999,air_chirp,0.000000,0.000000,-0.000466,0.000000,0.000000,0.000000,-0.341929,0.006438,6412
13.053093,685552.337548,0.005001,air_chirp,0.000000,0.000000,-0.000528,0.000000,0.000000,0.000000,-0.346541,0.001339,6414
13.058093,685552.342757,0.005000,air_chirp,0.000000,0.000000,-0.000588,0.000000,0.000000,0.000000,-0.351937,0.006291,6416
13.063093,685552.348006,0.005000,air_chirp,0.000000,0.000000,-0.000647,0.000000,0.000000,0.000000,-0.325475,0.001323,6418
13.068093,685552.353220,0.005000,air_chirp,0.000000,0.000000,-0.000706,0.000000,0.000000,0.000000,-0.296507,0.006261,6420
13.073092,685552.358349,0.004999,air_chirp,0.000000,0.000000,-0.000764,0.000000,0.000000,0.000000,-0.324516,0.001215,6422
13.078093,685552.363595,0.005001,air_chirp,0.000000,0.000000,-0.000822,0.000000,0.000000,0.000000,-0.356838,0.001803,6424
13.083093,685552.368839,0.004999,air_chirp,0.000000,0.000000,-0.000880,0.000000,0.000000,0.000000,-0.335392,0.001214,6426
13.088093,685552.374139,0.005000,air_chirp,0.000000,0.000000,-0.000937,0.000000,0.000000,0.000000,-0.325188,0.001793,6428
13.093092,685552.379353,0.004999,air_chirp,0.000000,0.000000,-0.000994,0.000000,0.000000,0.000000,-0.313047,0.001277,6430
13.098093,685552.384604,0.005001,air_chirp,0.000000,0.000000,-0.001050,0.000000,0.000000,0.000000,-0.353398,0.001880,6432
13.103092,685552.389836,0.004999,air_chirp,0.000000,0.000000,-0.001105,0.000000,0.000000,0.000000,-0.378155,0.001296,6434
13.108092,685552.395075,0.005000,air_chirp,0.000000,0.000000,-0.001159,0.000000,0.000000,0.000000,-0.304969,0.001946,6436
13.113093,685552.400193,0.005001,air_chirp,0.000000,0.000000,-0.001212,0.000000,0.000000,0.000000,-0.289850,0.001514,6438
13.118092,685552.405310,0.004999,air_chirp,0.000000,0.000000,-0.001263,0.000000,0.000000,0.000000,-0.308069,0.006444,6440
13.123092,685552.410429,0.005000,air_chirp,0.000000,0.000000,-0.001314,0.000000,0.000000,0.000000,-0.340985,0.001295,6442
13.128093,685552.415672,0.005000,air_chirp,0.000000,0.000000,-0.001364,0.000000,0.000000,0.000000,-0.375057,0.001948,6444
13.133093,685552.420808,0.005000,air_chirp,0.000000,0.000000,-0.001413,0.000000,0.000000,0.000000,-0.356918,0.001567,6446
13.138092,685552.425984,0.004999,air_chirp,0.000000,0.000000,-0.001461,0.000000,0.000000,0.000000,-0.334669,0.006456,6448
13.143093,685552.431135,0.005000,air_chirp,0.000000,0.000000,-0.001508,0.000000,0.000000,0.000000,-0.315577,0.001490,6450
13.153092,685552.436249,0.010000,air_chirp,0.000000,0.000000,-0.001553,0.000000,0.000000,0.000000,-0.322771,0.001292,6454
13.153092,685552.441400,0.000001,air_chirp,0.000000,0.000000,-0.001597,0.000000,0.000000,0.000000,-0.322771,0.001292,6454
13.163093,685552.446545,0.010001,air_chirp,0.000000,0.000000,-0.001641,0.000000,0.000000,0.000000,-0.316836,0.001242,6458
13.168094,685552.451679,0.005001,air_chirp,0.000000,0.000000,-0.001683,0.000000,0.000000,0.000000,-0.302357,0.001856,6460
13.173094,685552.456908,0.005000,air_chirp,0.000000,0.000000,-0.001724,0.000000,0.000000,0.000000,-0.327365,0.006791,6462
13.173094,685552.462057,0.000001,air_chirp,0.000000,0.000000,-0.001764,0.000000,0.000000,0.000000,-0.327365,0.006791,6462
13.183216,685552.467267,0.010122,air_chirp,0.000000,0.000000,-0.001802,0.000000,0.000000,0.000000,-0.317987,0.001426,6466
13.188092,685552.472494,0.004876,air_chirp,0.000000,0.000000,-0.001839,0.000000,0.000000,0.000000,-0.336733,0.001865,6468
13.193093,685552.477717,0.005000,air_chirp,0.000000,0.000000,-0.001875,0.000000,0.000000,0.000000,-0.332965,0.001305,6470
13.198092,685552.482936,0.005000,air_chirp,0.000000,0.000000,-0.001910,0.000000,0.000000,0.000000,-0.328462,0.001834,6472
13.203092,685552.488161,0.005000,air_chirp,0.000000,0.000000,-0.001942,0.000000,0.000000,0.000000,-0.329952,0.006781,6474
13.208092,685552.493280,0.005000,air_chirp,0.000000,0.000000,-0.001973,0.000000,0.000000,0.000000,-0.335277,0.001864,6476
13.213093,685552.498397,0.005001,air_chirp,0.000000,0.000000,-0.002002,0.000000,0.000000,0.000000,-0.340904,0.006806,6478
13.218092,685552.503660,0.005000,air_chirp,0.000000,0.000000,-0.002030,0.000000,0.000000,0.000000,-0.320894,0.001569,6480
13.223092,685552.508910,0.005000,air_chirp,0.000000,0.000000,-0.002057,0.000000,0.000000,0.000000,-0.298868,0.006507,6482
13.228093,685552.514130,0.005001,air_chirp,0.000000,0.000000,-0.002081,0.000000,0.000000,0.000000,-0.308022,0.001127,6484
13.233092,685552.519296,0.004999,air_chirp,0.000000,0.000000,-0.002104,0.000000,0.000000,0.000000,-0.325565,0.001698,6486
13.238093,685552.524539,0.005001,air_chirp,0.000000,0.000000,-0.002126,0.000000,0.000000,0.000000,-0.402001,0.001147,6488
13.243092,685552.529672,0.004999,air_chirp,0.000000,0.000000,-0.002145,0.000000,0.000000,0.000000,-0.398828,0.001760,6490
13.248092,685552.534809,0.005000,air_chirp,0.000000,0.000000,-0.002162,0.000000,0.000000,0.000000,-0.320270,0.006705,6492
13.253092,685552.539943,0.005000,air_chirp,0.000000,0.000000,-0.002178,0.000000,0.000000,0.000000,-0.314087,0.004268,6494
13.258092,685552.545112,0.005000,air_chirp,0.000000,0.000000,-0.002192,0.000000,0.000000,0.000000,-0.291985,0.001947,6496
13.263093,685552.550252,0.005000,air_chirp,0.000000,0.000000,-0.002204,0.000000,0.000000,0.000000,-0.250282,0.001308,6498
13.268092,685552.555391,0.005000,air_chirp,0.000000,0.000000,-0.002215,0.000000,0.000000,0.000000,-0.284072,0.001895,6500
13.273093,685552.560581,0.005000,air_chirp,0.000000,0.000000,-0.002224,0.000000,0.000000,0.000000,-0.392939,0.001271,6502
13.278092,685552.565804,0.004999,air_chirp,0.000000,0.000000,-0.002231,0.000000,0.000000,0.000000,-0.384726,0.001965,6504
13.283094,685552.570942,0.005002,air_chirp,0.000000,0.000000,-0.002236,0.000000,0.000000,0.000000,-0.284714,0.001576,6506
13.288092,685552.576055,0.004999,air_chirp,0.000000,0.000000,-0.002239,0.000000,0.000000,0.000000,-0.245048,0.006513,6508
13.293092,685552.581184,0.005000,air_chirp,0.000000,0.000000,-0.002240,0.000000,0.000000,0.000000,-0.246063,0.001201,6510
13.303093,685552.586451,0.010000,air_chirp,0.000000,0.000000,-0.002239,0.000000,0.000000,0.000000,-0.348190,0.001223,6514
13.308092,685552.591578,0.005000,air_chirp,0.000000,0.000000,-0.002237,0.000000,0.000000,0.000000,-0.385203,0.001883,6516
13.313093,685552.596671,0.005001,air_chirp,0.000000,0.000000,-0.002233,0.000000,0.000000,0.000000,-0.338858,0.001314,6518
13.318093,685552.601842,0.004999,air_chirp,0.000000,0.000000,-0.002226,0.000000,0.000000,0.000000,-0.302473,0.001955,6520
13.323093,685552.606963,0.005000,air_chirp,0.000000,0.000000,-0.002218,0.000000,0.000000,0.000000,-0.320547,0.001516,6522
13.328093,685552.612151,0.005000,air_chirp,0.000000,0.000000,-0.002208,0.000000,0.000000,0.000000,-0.329384,0.006465,6524
13.333092,685552.617288,0.005000,air_chirp,0.000000,0.000000,-0.002196,0.000000,0.000000,0.000000,-0.285739,0.001623,6526
13.338092,685552.622428,0.005000,air_chirp,0.000000,0.000000,-0.002183,0.000000,0.000000,0.000000,-0.237963,0.006572,6528
13.343092,685552.627521,0.005000,air_chirp,0.000000,0.000000,-0.002167,0.000000,0.000000,0.000000,-0.310132,0.001320,6530
13.348092,685552.632660,0.005000,air_chirp,0.000000,0.000000,-0.002150,0.000000,0.000000,0.000000,-0.360533,0.002002,6532
13.353093,685552.637798,0.005001,air_chirp,0.000000,0.000000,-0.002131,0.000000,0.000000,0.000000,-0.322849,0.001584,6534
13.358092,685552.642946,0.004999,air_chirp,0.000000,0.000000,-0.002110,0.000000,0.000000,0.000000,-0.309440,0.006519,6536
13.363093,685552.648092,0.005001,air_chirp,0.000000,0.000000,-0.002087,0.000000,0.000000,0.000000,-0.306981,0.001468,6538
13.368092,685552.653178,0.004999,air_chirp,0.000000,0.000000,-0.002062,0.000000,0.000000,0.000000,-0.305383,0.006398,6540
13.373092,685552.658312,0.005000,air_chirp,0.000000,0.000000,-0.002036,0.000000,0.000000,0.000000,-0.357470,0.001231,6542
13.378092,685552.663446,0.005000,air_chirp,0.000000,0.000000,-0.002008,0.000000,0.000000,0.000000,-0.313329,0.001897,6544
13.383092,685552.668605,0.005000,air_chirp,0.000000,0.000000,-0.001977,0.000000,0.000000,0.000000,-0.258592,0.001459,6546
13.388093,685552.673817,0.005001,air_chirp,0.000000,0.000000,-0.001945,0.000000,0.000000,0.000000,-0.303473,0.006402,6548
13.393092,685552.679065,0.005000,air_chirp,0.000000,0.000000,-0.001911,0.000000,0.000000,0.000000,-0.301717,0.001948,6550
13.398092,685552.684284,0.005000,air_chirp,0.000000,0.000000,-0.001875,0.000000,0.000000,0.000000,-0.277237,0.001182,6552
13.403092,685552.689535,0.005000,air_chirp,0.000000,0.000000,-0.001837,0.000000,0.000000,0.000000,-0.326059,0.001734,6554
13.408092,685552.694781,0.005000,air_chirp,0.000000,0.000000,-0.001798,0.000000,0.000000,0.000000,-0.399703,0.001948,6556
13.413092,685552.699947,0.005000,air_chirp,0.000000,0.000000,-0.001758,0.000000,0.000000,0.000000,-0.405499,0.006898,6558
13.418093,685552.705054,0.005000,air_chirp,0.000000,0.000000,-0.001716,0.000000,0.000000,0.000000,-0.336831,0.001265,6560
13.423092,685552.710208,0.004999,air_chirp,0.000000,0.000000,-0.001672,0.000000,0.000000,0.000000,-0.262302,0.006207,6562
13.428093,685552.715387,0.005001,air_chirp,0.000000,0.000000,-0.001627,0.000000,0.000000,0.000000,-0.306315,0.001413,6564
13.433093,685552.720533,0.005000,air_chirp,0.000000,0.000000,-0.001581,0.000000,0.000000,0.000000,-0.359656,0.006342,6566
13.438093,685552.725659,0.005000,air_chirp,0.000000,0.000000,-0.001533,0.000000,0.000000,0.000000,-0.340918,0.001277,6568
13.443096,685552.730768,0.005004,air_chirp,0.000000,0.000000,-0.001484,0.000000,0.000000,0.000000,-0.316507,0.006274,6570
13.448092,685552.735872,0.004996,air_chirp,0.000000,0.000000,-0.001433,0.000000,0.000000,0.000000,-0.322911,0.001006,6572
13.453092,685552.740971,0.005000,air_chirp,0.000000,0.000000,-0.001382,0.000000,0.000000,0.000000,-0.346032,0.001529,6574
13.458092,685552.746089,0.005000,air_chirp,0.000000,0.000000,-0.001329,0.000000,0.000000,0.000000,-0.362143,0.006461,6576
13.468092,685552.751203,0.010000,air_chirp,0.000000,0.000000,-0.001274,0.000000,0.000000,0.000000,-0.301429,0.001881,6580
13.473092,685552.756330,0.005000,air_chirp,0.000000,0.000000,-0.001219,0.000000,0.000000,0.000000,-0.285557,0.006832,6582
13.478093,685552.761484,0.005001,air_chirp,0.000000,0.000000,-0.001162,0.000000,0.000000,0.000000,-0.263595,0.004282,6584
13.483092,685552.766621,0.004999,air_chirp,0.000000,0.000000,-0.001104,0.000000,0.000000,0.000000,-0.267705,0.004679,6586
13.488092,685552.771773,0.005000,air_chirp,0.000000,0.000000,-0.001044,0.000000,0.000000,0.000000,-0.302570,0.001756,6588
13.493093,685552.776915,0.005000,air_chirp,0.000000,0.000000,-0.000984,0.000000,0.000000,0.000000,-0.331510,0.001196,6590
13.498092,685552.782100,0.005000,air_chirp,0.000000,0.000000,-0.000923,0.000000,0.000000,0.000000,-0.340054,0.001634,6592
13.503092,685552.787201,0.005000,air_chirp,0.000000,0.000000,-0.000860,0.000000,0.000000,0.000000,-0.337365,0.001881,6594
13.508092,685552.792287,0.005000,air_chirp,0.000000,0.000000,-0.000798,0.000000,0.000000,0.000000,-0.345735,0.006817,6596
13.513093,685552.797470,0.005000,air_chirp,0.000000,0.000000,-0.000734,0.000000,0.000000,0.000000,-0.307649,0.004223,6598
13.518092,685552.802685,0.005000,air_chirp,0.000000,0.000000,-0.000669,0.000000,0.000000,0.000000,-0.297079,0.004289,6600
13.523092,685552.807923,0.005000,air_chirp,0.000000,0.000000,-0.000602,0.000000,0.000000,0.000000,-0.314437,0.004370,6602
13.528093,685552.813161,0.005001,air_chirp,0.000000,0.000000,-0.000535,0.000000,0.000000,0.000000,-0.273473,0.001296,6604
13.533092,685552.818417,0.004999,air_chirp,0.000000,0.000000,-0.000467,0.000000,0.000000,0.000000,-0.240900,0.006229,6606
13.538092,685552.823661,0.005000,air_chirp,0.000000,0.000000,-0.000398,0.000000,0.000000,0.000000,-0.283776,0.004416,6608
13.543093,685552.828824,0.005001,air_chirp,0.000000,0.000000,-0.000330,0.000000,0.000000,0.000000,-0.326618,0.001303,6610
13.548092,685552.834052,0.004999,air_chirp,0.000000,0.000000,-0.000261,0.000000,0.000000,0.000000,-0.324018,0.006240,6612
13.553092,685552.839275,0.005000,air_chirp,0.000000,0.000000,-0.000191,0.000000,0.000000,0.000000,-0.310976,0.001506,6614
13.558092,685552.844399,0.005000,air_chirp,0.000000,0.000000,-0.000123,0.000000,0.000000,0.000000,-0.297112,0.006445,6616
13.563093,685552.849553,0.005001,air_chirp,0.000000,0.000000,-0.000054,0.000000,0.000000,0.000000,-0.309141,0.001233,6618
13.568093,685552.854690,0.005000,air_chirp,0.000000,0.000000,0.000016,0.000000,0.000000,0.000000,-0.323208,0.001945,6620
13.573093,685552.859818,0.005000,air_chirp,0.000000,0.000000,0.000085,0.000000,0.000000,0.000000,-0.321129,0.001502,6622
13.578093,685552.864943,0.005000,air_chirp,0.000000,0.000000,0.000154,0.000000,0.000000,0.000000,-0.317778,0.001068,6624
13.583093,685552.870096,0.005000,air_chirp,0.000000,0.000000,0.000223,0.000000,0.000000,0.000000,-0.307210,0.001655,6626
13.588093,685552.875277,0.005000,air_chirp,0.000000,0.000000,0.000293,0.000000,0.000000,0.000000,-0.341688,0.001154,6628
13.593093,685552.880393,0.005000,air_chirp,0.000000,0.000000,0.000363,0.000000,0.000000,0.000000,-0.372757,0.001794,6630
13.598093,685552.885551,0.005000,air_chirp,0.000000,0.000000,0.000432,0.000000,0.000000,0.000000,-0.323344,0.001203,6632
13.603093,685552.890710,0.005000,air_chirp,0.000000,0.000000,0.000501,0.000000,0.000000,0.000000,-0.284756,0.001851,6634
13.608092,685552.895953,0.005000,air_chirp,0.000000,0.000000,0.000571,0.000000,0.000000,0.000000,-0.302747,0.001176,6636
13.613092,685552.901219,0.005000,air_chirp,0.000000,0.000000,0.000641,0.000000,0.000000,0.000000,-0.321560,0.001772,6638
13.623092,685552.906338,0.010000,air_chirp,0.000000,0.000000,0.000708,0.000000,0.000000,0.000000,-0.287220,0.006215,6642
13.628093,685552.911464,0.005001,air_chirp,0.000000,0.000000,0.000775,0.000000,0.000000,0.000000,-0.310408,0.001258,6644
13.633092,685552.916593,0.004999,air_chirp,0.000000,0.000000,0.000842,0.000000,0.000000,0.000000,-0.344810,0.001832,6646
13.638093,685552.921710,0.005000,air_chirp,0.000000,0.000000,0.000907,0.000000,0.000000,0.000000,-0.355589,0.006774,6648
13.643092,685552.926867,0.005000,air_chirp,0.000000,0.000000,0.000972,0.000000,0.000000,0.000000,-0.328870,0.004711,6650
13.648093,685552.931995,0.005000,air_chirp,0.000000,0.000000,0.001037,0.000000,0.000000,0.000000,-0.316761,0.001126,6652
13.653092,685552.937117,0.005000,air_chirp,0.000000,0.000000,0.001101,0.000000,0.000000,0.000000,-0.309053,0.001784,6654
13.658092,685552.942195,0.005000,air_chirp,0.000000,0.000000,0.001163,0.000000,0.000000,0.000000,-0.312185,0.001218,6656
13.663093,685552.947279,0.005001,air_chirp,0.000000,0.000000,0.001224,0.000000,0.000000,0.000000,-0.340489,0.006167,6658
13.668092,685552.952424,0.004999,air_chirp,0.000000,0.000000,0.001285,0.000000,0.000000,0.000000,-0.318475,0.004372,6660
13.673092,685552.957541,0.005000,air_chirp,0.000000,0.000000,0.001345,0.000000,0.000000,0.000000,-0.313174,0.001228,6662
13.678093,685552.962658,0.005001,air_chirp,0.000000,0.000000,0.001403,0.000000,0.000000,0.000000,-0.333430,0.006178,6664
13.683092,685552.967771,0.004999,air_chirp,0.000000,0.000000,0.001460,0.000000,0.000000,0.000000,-0.336647,0.001124,6666
13.688092,685552.972887,0.005000,air_chirp,0.000000,0.000000,0.001517,0.000000,0.000000,0.000000,-0.326575,0.001764,6668
13.693092,685552.978021,0.005000,air_chirp,0.000000,0.000000,0.001571,0.000000,0.000000,0.000000,-0.324268,0.001302,6670
13.698092,685552.983098,0.005000,air_chirp,0.000000,0.000000,0.001625,0.000000,0.000000,0.000000,-0.334522,0.006240,6672
13.703092,685552.988213,0.005000,air_chirp,0.000000,0.000000,0.001677,0.000000,0.000000,0.000000,-0.302921,0.004389,6674
13.708093,685552.993295,0.005000,air_chirp,0.000000,0.000000,0.001728,0.000000,0.000000,0.000000,-0.292307,0.001227,6676
13.713093,685552.998416,0.005000,air_chirp,0.000000,0.000000,0.001777,0.000000,0.000000,0.000000,-0.315752,0.006175,6678
13.718092,685553.003561,0.004999,air_chirp,0.000000,0.000000,0.001824,0.000000,0.000000,0.000000,-0.306214,0.004351,6680
13.723092,685553.008678,0.005000,air_chirp,0.000000,0.000000,0.001871,0.000000,0.000000,0.000000,-0.297361,0.001218,6682
13.728093,685553.013796,0.005000,air_chirp,0.000000,0.000000,0.001915,0.000000,0.000000,0.000000,-0.299947,0.006173,6684
13.733092,685553.018953,0.004999,air_chirp,0.000000,0.000000,0.001958,0.000000,0.000000,0.000000,-0.300151,0.004265,6686
13.738092,685553.024109,0.005000,air_chirp,0.000000,0.000000,0.002000,0.000000,0.000000,0.000000,-0.305798,0.001394,6688
13.743093,685553.029179,0.005000,air_chirp,0.000000,0.000000,0.002039,0.000000,0.000000,0.000000,-0.311873,0.006330,6690
13.748092,685553.034275,0.004999,air_chirp,0.000000,0.000000,0.002076,0.000000,0.000000,0.000000,-0.311463,0.001345,6692
13.753093,685553.039400,0.005000,air_chirp,0.000000,0.000000,0.002112,0.000000,0.000000,0.000000,-0.310542,0.006290,6694
13.758093,685553.044530,0.005000,air_chirp,0.000000,0.000000,0.002146,0.000000,0.000000,0.000000,-0.304631,0.001501,6696
13.763093,685553.049655,0.005000,air_chirp,0.000000,0.000000,0.002178,0.000000,0.000000,0.000000,-0.313543,0.001090,6698
13.768092,685553.054789,0.005000,air_chirp,0.000000,0.000000,0.002208,0.000000,0.000000,0.000000,-0.319141,0.001707,6700
13.773092,685553.059924,0.005000,air_chirp,0.000000,0.000000,0.002236,0.000000,0.000000,0.000000,-0.317356,0.001241,6702
13.778093,685553.065125,0.005000,air_chirp,0.000000,0.000000,0.002262,0.000000,0.000000,0.000000,-0.318518,0.001850,6704
13.783093,685553.070211,0.005000,air_chirp,0.000000,0.000000,0.002286,0.000000,0.000000,0.000000,-0.279523,0.001384,6706
13.788092,685553.075294,0.005000,air_chirp,0.000000,0.000000,0.002308,0.000000,0.000000,0.000000,-0.244159,0.006324,6708
13.793092,685553.080406,0.005000,air_chirp,0.000000,0.000000,0.002327,0.000000,0.000000,0.000000,-0.301637,0.004252,6710
13.798092,685553.085637,0.005000,air_chirp,0.000000,0.000000,0.002345,0.000000,0.000000,0.000000,-0.364839,0.004295,6712
13.803093,685553.090878,0.005000,air_chirp,0.000000,0.000000,0.002360,0.000000,0.000000,0.000000,-0.344551,0.001180,6714
13.808093,685553.096146,0.005000,air_chirp,0.000000,0.000000,0.002374,0.000000,0.000000,0.000000,-0.316582,0.001812,6716
13.818092,685553.101286,0.009999,air_chirp,0.000000,0.000000,0.002384,0.000000,0.000000,0.000000,-0.300863,0.001848,6720
13.823092,685553.106474,0.005000,air_chirp,0.000000,0.000000,0.002393,0.000000,0.000000,0.000000,-0.370125,0.006802,6722
13.828093,685553.111614,0.005000,air_chirp,0.000000,0.000000,0.002399,0.000000,0.000000,0.000000,-0.461266,0.004713,6724
13.833092,685553.116752,0.004999,air_chirp,0.000000,0.000000,0.002403,0.000000,0.000000,0.000000,-0.341357,0.001382,6726
13.838093,685553.121890,0.005001,air_chirp,0.000000,0.000000,0.002405,0.000000,0.000000,0.000000,-0.119149,0.006321,6728
13.843093,685553.127039,0.005000,air_chirp,0.000000,0.000000,0.002404,0.000000,0.000000,0.000000,-0.217531,0.001459,6730
13.848093,685553.132119,0.005000,air_chirp,0.000000,0.000000,0.002401,0.000000,0.000000,0.000000,-0.341145,0.006397,6732
13.853093,685553.137204,0.005000,air_chirp,0.000000,0.000000,0.002396,0.000000,0.000000,0.000000,-0.342384,0.001219,6734
13.858092,685553.142359,0.004999,air_chirp,0.000000,0.000000,0.002389,0.000000,0.000000,0.000000,-0.333992,0.001876,6736
13.863093,685553.147565,0.005001,air_chirp,0.000000,0.000000,0.002379,0.000000,0.000000,0.000000,-0.319580,0.001191,6738
13.868092,685553.152824,0.005000,air_chirp,0.000000,0.000000,0.002366,0.000000,0.000000,0.000000,-0.304693,0.001841,6740
13.873092,685553.158067,0.005000,air_chirp,0.000000,0.000000,0.002351,0.000000,0.000000,0.000000,-0.310048,0.001241,6742
13.878093,685553.163182,0.005000,air_chirp,0.000000,0.000000,0.002335,0.000000,0.000000,0.000000,-0.310566,0.001908,6744
13.883092,685553.168299,0.005000,air_chirp,0.000000,0.000000,0.002316,0.000000,0.000000,0.000000,-0.313927,0.001544,6746
13.888092,685553.173483,0.005000,air_chirp,0.000000,0.000000,0.002294,0.000000,0.000000,0.000000,-0.323944,0.006483,6748
13.893092,685553.178647,0.005000,air_chirp,0.000000,0.000000,0.002270,0.000000,0.000000,0.000000,-0.269467,0.004369,6750
13.898092,685553.183746,0.005000,air_chirp,0.000000,0.000000,0.002244,0.000000,0.000000,0.000000,-0.288576,0.001447,6752
13.903093,685553.188850,0.005000,air_chirp,0.000000,0.000000,0.002216,0.000000,0.000000,0.000000,-0.368740,0.006380,6754
13.908093,685553.193971,0.005000,air_chirp,0.000000,0.000000,0.002186,0.000000,0.000000,0.000000,-0.346243,0.001262,6756
13.913093,685553.199113,0.005000,air_chirp,0.000000,0.000000,0.002154,0.000000,0.000000,0.000000,-0.315666,0.006222,6758
13.918092,685553.204209,0.005000,air_chirp,0.000000,0.000000,0.002119,0.000000,0.000000,0.000000,-0.317467,0.001252,6760
13.923092,685553.209312,0.005000,air_chirp,0.000000,0.000000,0.002082,0.000000,0.000000,0.000000,-0.321816,0.006203,6762
13.928093,685553.214412,0.005001,air_chirp,0.000000,0.000000,0.002044,0.000000,0.000000,0.000000,-0.322844,0.004346,6764
13.933092,685553.219516,0.005000,air_chirp,0.000000,0.000000,0.002003,0.000000,0.000000,0.000000,-0.336621,0.001185,6766
13.938093,685553.224673,0.005000,air_chirp,0.000000,0.000000,0.001960,0.000000,0.000000,0.000000,-0.329019,0.001829,6768
13.943093,685553.229819,0.005000,air_chirp,0.000000,0.000000,0.001915,0.000000,0.000000,0.000000,-0.293154,0.001279,6770
13.948092,685553.234943,0.005000,air_chirp,0.000000,0.000000,0.001867,0.000000,0.000000,0.000000,-0.276761,0.006209,6772
13.953093,685553.240102,0.005001,air_chirp,0.000000,0.000000,0.001819,0.000000,0.000000,0.000000,-0.266474,0.004416,6774
13.958093,685553.245293,0.005000,air_chirp,0.000000,0.000000,0.001768,0.000000,0.000000,0.000000,-0.321441,0.001174,6776
13.963093,685553.250508,0.005000,air_chirp,0.000000,0.000000,0.001714,0.000000,0.000000,0.000000,-0.361336,0.001821,6778
13.968093,685553.255743,0.005000,air_chirp,0.000000,0.000000,0.001658,0.000000,0.000000,0.000000,-0.346522,0.001248,6780
13.973092,685553.261032,0.005000,air_chirp,0.000000,0.000000,0.001600,0.000000,0.000000,0.000000,-0.356610,0.001901,6782
13.978093,685553.266190,0.005000,air_chirp,0.000000,0.000000,0.001542,0.000000,0.000000,0.000000,-0.344198,0.001465,6784
13.988092,685553.271308,0.010000,air_chirp,0.000000,0.000000,0.001482,0.000000,0.000000,0.000000,-0.350126,0.001465,6788
13.993092,685553.276425,0.005000,air_chirp,0.000000,0.000000,0.001421,0.000000,0.000000,0.000000,-0.372936,0.006397,6790
13.998092,685553.281604,0.005000,air_chirp,0.000000,0.000000,0.001358,0.000000,0.000000,0.000000,-0.340807,0.004385,6792
14.003092,685553.286832,0.005000,air_chirp,0.000000,0.000000,0.001292,0.000000,0.000000,0.000000,-0.360779,0.004254,6794
14.008093,685553.291949,0.005000,air_chirp,0.000000,0.000000,0.001226,0.000000,0.000000,0.000000,-0.362717,0.001309,6796
14.013093,685553.297193,0.005000,air_chirp,0.000000,0.000000,0.001158,0.000000,0.000000,0.000000,-0.306812,0.006245,6798
14.018092,685553.302311,0.005000,air_chirp,0.000000,0.000000,0.001089,0.000000,0.000000,0.000000,-0.357397,0.004342,6800
14.023093,685553.307464,0.005000,air_chirp,0.000000,0.000000,0.001019,0.000000,0.000000,0.000000,-0.344773,0.001586,6802
14.028093,685553.312611,0.005000,air_chirp,0.000000,0.000000,0.000948,0.000000,0.000000,0.000000,-0.272191,0.006525,6804
14.033092,685553.317885,0.004999,air_chirp,0.000000,0.000000,0.000875,0.000000,0.000000,0.000000,-0.333969,0.001460,6806
14.038092,685553.323106,0.005000,air_chirp,0.000000,0.000000,0.000800,0.000000,0.000000,0.000000,-0.406321,0.006391,6808
14.043092,685553.328223,0.005000,air_chirp,0.000000,0.000000,0.000726,0.000000,0.000000,0.000000,-0.349105,0.004348,6810
14.048092,685553.333340,0.005000,air_chirp,0.000000,0.000000,0.000652,0.000000,0.000000,0.000000,-0.280146,0.004317,6812
14.053092,685553.338472,0.005000,air_chirp,0.000000,0.000000,0.000576,0.000000,0.000000,0.000000,-0.302343,0.004296,6814
14.058093,685553.343588,0.005000,air_chirp,0.000000,0.000000,0.000500,0.000000,0.000000,0.000000,-0.313690,0.004355,6816
14.063093,685553.348739,0.005000,air_chirp,0.000000,0.000000,0.000423,0.000000,0.000000,0.000000,-0.301656,0.001261,6818
14.068093,685553.353959,0.005000,air_chirp,0.000000,0.000000,0.000344,0.000000,0.000000,0.000000,-0.319481,0.001872,6820
14.073092,685553.359237,0.005000,air_chirp,0.000000,0.000000,0.000263,0.000000,0.000000,0.000000,-0.338179,0.001286,6822
14.078099,685553.364425,0.005007,air_chirp,0.000000,0.000000,0.000185,0.000000,0.000000,0.000000,-0.344815,0.006274,6824
14.083367,685553.369603,0.005268,air_chirp,0.000000,0.000000,0.000105,0.000000,0.000000,0.000000,-0.318393,0.001833,6826
14.088092,685553.374738,0.004725,air_chirp,0.000000,0.000000,0.000025,0.000000,0.000000,0.000000,-0.312155,0.000950,6828
14.093092,685553.379893,0.005000,air_chirp,0.000000,0.000000,-0.000054,0.000000,0.000000,0.000000,-0.344399,0.001202,6830
14.098092,685553.385043,0.005000,air_chirp,0.000000,0.000000,-0.000134,0.000000,0.000000,0.000000,-0.341884,0.001791,6832
14.103092,685553.390138,0.005000,air_chirp,0.000000,0.000000,-0.000214,0.000000,0.000000,0.000000,-0.326683,0.006730,6834
14.108097,685553.395254,0.005005,air_chirp,0.000000,0.000000,-0.000293,0.000000,0.000000,0.000000,-0.343168,0.004778,6836
14.113093,685553.400503,0.004997,air_chirp,0.000000,0.000000,-0.000373,0.000000,0.000000,0.000000,-0.354483,0.001575,6838
14.118093,685553.405778,0.004999,air_chirp,0.000000,0.000000,-0.000455,0.000000,0.000000,0.000000,-0.347710,0.006515,6840
14.123092,685553.410999,0.004999,air_chirp,0.000000,0.000000,-0.000535,0.000000,0.000000,0.000000,-0.324907,0.001688,6842
14.128093,685553.416112,0.005001,air_chirp,0.000000,0.000000,-0.000613,0.000000,0.000000,0.000000,-0.300843,0.006622,6844
14.138092,685553.421249,0.010000,air_chirp,0.000000,0.000000,-0.000691,0.000000,0.000000,0.000000,-0.301573,0.001231,6848
14.138092,685553.426349,0.000001,air_chirp,0.000000,0.000000,-0.000768,0.000000,0.000000,0.000000,-0.301573,0.001231,6848
14.148092,685553.431446,0.010000,air_chirp,0.000000,0.000000,-0.000845,0.000000,0.000000,0.000000,-0.304771,0.001668,6852
14.153093,685553.436593,0.005001,air_chirp,0.000000,0.000000,-0.000920,0.000000,0.000000,0.000000,-0.363663,0.001123,6854
14.158092,685553.441790,0.004999,air_chirp,0.000000,0.000000,-0.000997,0.000000,0.000000,0.000000,-0.377338,0.001728,6856
14.163093,685553.447018,0.005000,air_chirp,0.000000,0.000000,-0.001072,0.000000,0.000000,0.000000,-0.328563,0.006673,6858
14.168093,685553.452188,0.005000,air_chirp,0.000000,0.000000,-0.001146,0.000000,0.000000,0.000000,-0.322334,0.001616,6860
14.173092,685553.457325,0.004999,air_chirp,0.000000,0.000000,-0.001218,0.000000,0.000000,0.000000,-0.319453,0.006552,6862
14.178093,685553.462504,0.005001,air_chirp,0.000000,0.000000,-0.001290,0.000000,0.000000,0.000000,-0.347764,0.001280,6864
14.183092,685553.467677,0.004999,air_chirp,0.000000,0.000000,-0.001360,0.000000,0.000000,0.000000,-0.363498,0.001738,6866
14.188092,685553.472816,0.005000,air_chirp,0.000000,0.000000,-0.001429,0.000000,0.000000,0.000000,-0.335034,0.001163,6868
14.193092,685553.477982,0.005000,air_chirp,0.000000,0.000000,-0.001497,0.000000,0.000000,0.000000,-0.294158,0.001683,6870
14.198092,685553.483112,0.005000,air_chirp,0.000000,0.000000,-0.001563,0.000000,0.000000,0.000000,-0.266974,0.006628,6872
14.203093,685553.488211,0.005000,air_chirp,0.000000,0.000000,-0.001627,0.000000,0.000000,0.000000,-0.312585,0.004745,6874
14.208092,685553.493315,0.005000,air_chirp,0.000000,0.000000,-0.001690,0.000000,0.000000,0.000000,-0.323327,0.001295,6876
14.213093,685553.498466,0.005001,air_chirp,0.000000,0.000000,-0.001750,0.000000,0.000000,0.000000,-0.283575,0.006244,6878
14.218093,685553.503597,0.004999,air_chirp,0.000000,0.000000,-0.001810,0.000000,0.000000,0.000000,-0.285373,0.004278,6880
14.223092,685553.508750,0.005000,air_chirp,0.000000,0.000000,-0.001868,0.000000,0.000000,0.000000,-0.320503,0.004224,6882
14.228092,685553.513854,0.005000,air_chirp,0.000000,0.000000,-0.001924,0.000000,0.000000,0.000000,-0.338094,0.001210,6884
14.233092,685553.518953,0.005000,air_chirp,0.000000,0.000000,-0.001977,0.000000,0.000000,0.000000,-0.335869,0.001817,6886
14.238093,685553.524093,0.005000,air_chirp,0.000000,0.000000,-0.002029,0.000000,0.000000,0.000000,-0.342295,0.001285,6888
14.243092,685553.529197,0.005000,air_chirp,0.000000,0.000000,-0.002078,0.000000,0.000000,0.000000,-0.337776,0.006225,6890
14.248092,685553.534288,0.005000,air_chirp,0.000000,0.000000,-0.002126,0.000000,0.000000,0.000000,-0.353831,0.004311,6892
14.253092,685553.539420,0.005000,air_chirp,0.000000,0.000000,-0.002171,0.000000,0.000000,0.000000,-0.387957,0.004305,6894
14.258092,685553.544564,0.005000,air_chirp,0.000000,0.000000,-0.002215,0.000000,0.000000,0.000000,-0.388115,0.004284,6896
14.263093,685553.549764,0.005000,air_chirp,0.000000,0.000000,-0.002256,0.000000,0.000000,0.000000,-0.351235,0.004355,6898
14.268092,685553.554977,0.005000,air_chirp,0.000000,0.000000,-0.002296,0.000000,0.000000,0.000000,-0.293916,0.004365,6900
14.273092,685553.560159,0.005000,air_chirp,0.000000,0.000000,-0.002332,0.000000,0.000000,0.000000,-0.322679,0.004154,6902
14.278093,685553.565274,0.005000,air_chirp,0.000000,0.000000,-0.002366,0.000000,0.000000,0.000000,-0.404221,0.004361,6904
14.283092,685553.570391,0.005000,air_chirp,0.000000,0.000000,-0.002397,0.000000,0.000000,0.000000,-0.400615,0.001444,6906
14.288092,685553.575584,0.005000,air_chirp,0.000000,0.000000,-0.002427,0.000000,0.000000,0.000000,-0.359496,0.001688,6908
14.293092,685553.580818,0.005000,air_chirp,0.000000,0.000000,-0.002453,0.000000,0.000000,0.000000,-0.334950,0.006619,6910
14.298092,685553.586114,0.005000,air_chirp,0.000000,0.000000,-0.002478,0.000000,0.000000,0.000000,-0.295843,0.001194,6912
14.308092,685553.591231,0.010000,air_chirp,0.000000,0.000000,-0.002499,0.000000,0.000000,0.000000,-0.393427,0.006721,6916
14.313092,685553.596358,0.005000,air_chirp,0.000000,0.000000,-0.002517,0.000000,0.000000,0.000000,-0.398936,0.004261,6918
14.318092,685553.601522,0.005000,air_chirp,0.000000,0.000000,-0.002533,0.000000,0.000000,0.000000,-0.345387,0.001279,6920
14.323092,685553.606636,0.005000,air_chirp,0.000000,0.000000,-0.002546,0.000000,0.000000,0.000000,-0.287190,0.006223,6922
14.328092,685553.611873,0.005000,air_chirp,0.000000,0.000000,-0.002556,0.000000,0.000000,0.000000,-0.295482,0.001503,6924
14.333092,685553.617098,0.005000,air_chirp,0.000000,0.000000,-0.002564,0.000000,0.000000,0.000000,-0.309006,0.006431,6926
14.338093,685553.622215,0.005000,air_chirp,0.000000,0.000000,-0.002568,0.000000,0.000000,0.000000,-0.313032,0.001316,6928
14.343092,685553.627332,0.005000,air_chirp,0.000000,0.000000,-0.002570,0.000000,0.000000,0.000000,-0.316309,0.006267,6930
14.348092,685553.632483,0.005000,air_chirp,0.000000,0.000000,-0.002569,0.000000,0.000000,0.000000,-0.310995,0.004369,6932
14.353092,685553.637700,0.005000,air_chirp,0.000000,0.000000,-0.002565,0.000000,0.000000,0.000000,-0.350098,0.001282,6934
14.358092,685553.642929,0.005000,air_chirp,0.000000,0.000000,-0.002558,0.000000,0.000000,0.000000,-0.398268,0.006224,6936
14.363092,685553.648159,0.005000,air_chirp,0.000000,0.000000,-0.002549,0.000000,0.000000,0.000000,-0.357459,0.001522,6938
14.368093,685553.653277,0.005000,air_chirp,0.000000,0.000000,-0.002536,0.000000,0.000000,0.000000,-0.309648,0.006469,6940
14.373092,685553.658415,0.004999,air_chirp,0.000000,0.000000,-0.002521,0.000000,0.000000,0.000000,-0.327108,0.004426,6942
14.378092,685553.663627,0.005000,air_chirp,0.000000,0.000000,-0.002503,0.000000,0.000000,0.000000,-0.384987,0.001328,6944
14.383093,685553.668871,0.005001,air_chirp,0.000000,0.000000,-0.002481,0.000000,0.000000,0.000000,-0.424824,0.006275,6946
14.388092,685553.674063,0.005000,air_chirp,0.000000,0.000000,-0.002458,0.000000,0.000000,0.000000,-0.384085,0.001494,6948
14.393092,685553.679178,0.005000,air_chirp,0.000000,0.000000,-0.002431,0.000000,0.000000,0.000000,-0.337005,0.006431,6950
14.398092,685553.684281,0.005000,air_chirp,0.000000,0.000000,-0.002402,0.000000,0.000000,0.000000,-0.321958,0.001496,6952
14.403092,685553.689413,0.005000,air_chirp,0.000000,0.000000,-0.002370,0.000000,0.000000,0.000000,-0.309432,0.006430,6954
14.408092,685553.694540,0.005000,air_chirp,0.000000,0.000000,-0.002336,0.000000,0.000000,0.000000,-0.325841,0.001471,6956
14.413092,685553.699685,0.005000,air_chirp,0.000000,0.000000,-0.002298,0.000000,0.000000,0.000000,-0.344527,0.006412,6958
14.418093,685553.704822,0.005001,air_chirp,0.000000,0.000000,-0.002258,0.000000,0.000000,0.000000,-0.335026,0.004413,6960
14.423092,685553.709962,0.005000,air_chirp,0.000000,0.000000,-0.002216,0.000000,0.000000,0.000000,-0.290757,0.001224,6962
14.428092,685553.715126,0.005000,air_chirp,0.000000,0.000000,-0.002171,0.000000,0.000000,0.000000,-0.254725,0.006155,6964
14.433092,685553.720230,0.005000,air_chirp,0.000000,0.000000,-0.002123,0.000000,0.000000,0.000000,-0.278314,0.004417,6966
14.438093,685553.725323,0.005001,air_chirp,0.000000,0.000000,-0.002073,0.000000,0.000000,0.000000,-0.319167,0.001316,6968
14.443092,685553.730467,0.004999,air_chirp,0.000000,0.000000,-0.002021,0.000000,0.000000,0.000000,-0.334954,0.006254,6970
14.448092,685553.735615,0.005000,air_chirp,0.000000,0.000000,-0.001966,0.000000,0.000000,0.000000,-0.322180,0.001507,6972
14.453093,685553.740750,0.005001,air_chirp,0.000000,0.000000,-0.001909,0.000000,0.000000,0.000000,-0.307159,0.006461,6974
14.458092,685553.745884,0.004998,air_chirp,0.000000,0.000000,-0.001850,0.000000,0.000000,0.000000,-0.314415,0.004417,6976
14.463093,685553.751020,0.005001,air_chirp,0.000000,0.000000,-0.001788,0.000000,0.000000,0.000000,-0.277735,0.001323,6978
14.473092,685553.756128,0.009999,air_chirp,0.000000,0.000000,-0.001725,0.000000,0.000000,0.000000,-0.313276,0.001331,6982
14.473092,685553.761268,0.000001,air_chirp,0.000000,0.000000,-0.001659,0.000000,0.000000,0.000000,-0.313276,0.001331,6982
14.483093,685553.766378,0.010000,air_chirp,0.000000,0.000000,-0.001591,0.000000,0.000000,0.000000,-0.336140,0.001447,6986
14.488094,685553.771510,0.005002,air_chirp,0.000000,0.000000,-0.001522,0.000000,0.000000,0.000000,-0.251358,0.006411,6988
14.493092,685553.776797,0.004998,air_chirp,0.000000,0.000000,-0.001449,0.000000,0.000000,0.000000,-0.245973,0.004143,6990
14.498092,685553.782043,0.005000,air_chirp,0.000000,0.000000,-0.001373,0.000000,0.000000,0.000000,-0.285793,0.001254,6992
14.503092,685553.787209,0.005000,air_chirp,0.000000,0.000000,-0.001298,0.000000,0.000000,0.000000,-0.327883,0.006185,6994
14.508094,685553.792329,0.005001,air_chirp,0.000000,0.000000,-0.001221,0.000000,0.000000,0.000000,-0.322668,0.001282,6996
14.513093,685553.797498,0.004999,air_chirp,0.000000,0.000000,-0.001142,0.000000,0.000000,0.000000,-0.313731,0.006225,6998
14.518093,685553.802733,0.005000,air_chirp,0.000000,0.000000,-0.001061,0.000000,0.000000,0.000000,-0.324204,0.004399,7000
14.523092,685553.807962,0.005000,air_chirp,0.000000,0.000000,-0.000978,0.000000,0.000000,0.000000,-0.347260,0.004286,7002
14.528092,685553.813162,0.005000,air_chirp,0.000000,0.000000,-0.000894,0.000000,0.000000,0.000000,-0.383017,0.001308,7004
14.533092,685553.818282,0.005000,air_chirp,0.000000,0.000000,-0.000811,0.000000,0.000000,0.000000,-0.408717,0.006234,7006
14.538092,685553.823398,0.005000,air_chirp,0.000000,0.000000,-0.000726,0.000000,0.000000,0.000000,-0.340660,0.001325,7008
14.543092,685553.828576,0.005000,air_chirp,0.000000,0.000000,-0.000640,0.000000,0.000000,0.000000,-0.265224,0.006259,7010
14.548092,685553.833730,0.005000,air_chirp,0.000000,0.000000,-0.000553,0.000000,0.000000,0.000000,-0.280676,0.001378,7012
14.553093,685553.838946,0.005000,air_chirp,0.000000,0.000000,-0.000464,0.000000,0.000000,0.000000,-0.303282,0.006309,7014
14.558093,685553.844198,0.005000,air_chirp,0.000000,0.000000,-0.000374,0.000000,0.000000,0.000000,-0.324967,0.004424,7016
14.563093,685553.849427,0.005000,air_chirp,0.000000,0.000000,-0.000283,0.000000,0.000000,0.000000,-0.322903,0.004308,7018
14.568093,685553.854733,0.005000,air_chirp,0.000000,0.000000,-0.000190,0.000000,0.000000,0.000000,-0.324723,0.004327,7020
14.573093,685553.860059,0.005000,air_chirp,0.000000,0.000000,-0.000098,0.000000,0.000000,0.000000,-0.327557,0.004363,7022
14.578093,685553.865295,0.005001,air_chirp,0.000000,0.000000,-0.000005,0.000000,0.000000,0.000000,-0.310196,0.004322,7024
14.583670,685553.870419,0.005577,air_chirp,0.000000,0.000000,0.000085,0.000000,0.000000,0.000000,-0.308312,0.001550,7026
14.589144,685553.875570,0.005474,air_chirp,0.000000,0.000000,0.000175,0.000000,0.000000,0.000000,-0.340186,0.002672,7028
14.594313,685553.880709,0.005169,air_chirp,0.000000,0.000000,0.000266,0.000000,0.000000,0.000000,-0.337269,0.002391,7030
14.598627,685553.885846,0.004314,air_chirp,0.000000,0.000000,0.000356,0.000000,0.000000,0.000000,-0.286794,0.001268,7032
14.603092,685553.890978,0.004465,air_chirp,0.000000,0.000000,0.000446,0.000000,0.000000,0.000000,-0.288222,0.001348,7034
14.608092,685553.896102,0.005000,air_chirp,0.000000,0.000000,0.000535,0.000000,0.000000,0.000000,-0.300629,0.006288,7036
14.613093,685553.901198,0.005001,air_chirp,0.000000,0.000000,0.000625,0.000000,0.000000,0.000000,-0.328361,0.001496,7038
14.618093,685553.906282,0.005000,air_chirp,0.000000,0.000000,0.000713,0.000000,0.000000,0.000000,-0.357298,0.006436,7040
14.628092,685553.911369,0.010000,air_chirp,0.000000,0.000000,0.000800,0.000000,0.000000,0.000000,-0.311609,0.001082,7044
14.633092,685553.916557,0.005000,air_chirp,0.000000,0.000000,0.000888,0.000000,0.000000,0.000000,-0.353885,0.006027,7046
14.638092,685553.921830,0.005000,air_chirp,0.000000,0.000000,0.000976,0.000000,0.000000,0.000000,-0.394268,0.004426,7048
14.643092,685553.927059,0.005000,air_chirp,0.000000,0.000000,0.001064,0.000000,0.000000,0.000000,-0.379926,0.004265,7050
14.648092,685553.932203,0.005000,air_chirp,0.000000,0.000000,0.001148,0.000000,0.000000,0.000000,-0.312413,0.004311,7052
14.653092,685553.937331,0.005000,air_chirp,0.000000,0.000000,0.001231,0.000000,0.000000,0.000000,-0.302117,0.004330,7054
14.658093,685553.942478,0.005001,air_chirp,0.000000,0.000000,0.001313,0.000000,0.000000,0.000000,-0.328633,0.001323,7056
14.663093,685553.947632,0.005000,air_chirp,0.000000,0.000000,0.001394,0.000000,0.000000,0.000000,-0.351221,0.006257,7058
14.668093,685553.952874,0.005000,air_chirp,0.000000,0.000000,0.001475,0.000000,0.000000,0.000000,-0.311137,0.001268,7060
14.673092,685553.958130,0.004999,air_chirp,0.000000,0.000000,0.001553,0.000000,0.000000,0.000000,-0.266120,0.006204,7062
14.678092,685553.963249,0.005000,air_chirp,0.000000,0.000000,0.001629,0.000000,0.000000,0.000000,-0.251787,0.001362,7064
14.683092,685553.968366,0.005000,air_chirp,0.000000,0.000000,0.001703,0.000000,0.000000,0.000000,-0.239869,0.006301,7066
14.688093,685553.973520,0.005001,air_chirp,0.000000,0.000000,0.001775,0.000000,0.000000,0.000000,-0.266292,0.004303,7068
14.693093,685553.978759,0.004999,air_chirp,0.000000,0.000000,0.001846,0.000000,0.000000,0.000000,-0.287639,0.001258,7070
14.698092,685553.983977,0.005000,air_chirp,0.000000,0.000000,0.001915,0.000000,0.000000,0.000000,-0.281225,0.006208,7072
14.703092,685553.989202,0.005000,air_chirp,0.000000,0.000000,0.001982,0.000000,0.000000,0.000000,-0.291440,0.004264,7074
14.708092,685553.994322,0.005000,air_chirp,0.000000,0.000000,0.002045,0.000000,0.000000,0.000000,-0.321991,0.001302,7076
14.713093,685553.999442,0.005001,air_chirp,0.000000,0.000000,0.002106,0.000000,0.000000,0.000000,-0.343424,0.006243,7078
14.718096,685554.004701,0.005002,air_chirp,0.000000,0.000000,0.002166,0.000000,0.000000,0.000000,-0.331240,0.001233,7080
14.723092,685554.009924,0.004997,air_chirp,0.000000,0.000000,0.002223,0.000000,0.000000,0.000000,-0.316411,0.006175,7082
14.728092,685554.015176,0.005000,air_chirp,0.000000,0.000000,0.002278,0.000000,0.000000,0.000000,-0.293045,0.004743,7084
14.733092,685554.020295,0.005000,air_chirp,0.000000,0.000000,0.002329,0.000000,0.000000,0.000000,-0.269007,0.004172,7086
14.738092,685554.025414,0.005000,air_chirp,0.000000,0.000000,0.002377,0.000000,0.000000,0.000000,-0.305230,0.004378,7088
14.743092,685554.030647,0.005000,air_chirp,0.000000,0.000000,0.002423,0.000000,0.000000,0.000000,-0.319223,0.001480,7090
14.748093,685554.035927,0.005000,air_chirp,0.000000,0.000000,0.002466,0.000000,0.000000,0.000000,-0.293351,0.006420,7092
14.753093,685554.041233,0.005000,air_chirp,0.000000,0.000000,0.002507,0.000000,0.000000,0.000000,-0.282856,0.001219,7094
14.763093,685554.046354,0.010000,air_chirp,0.000000,0.000000,0.002543,0.000000,0.000000,0.000000,-0.265201,0.004405,7098
14.768093,685554.051493,0.005000,air_chirp,0.000000,0.000000,0.002577,0.000000,0.000000,0.000000,-0.268356,0.004128,7100
14.773092,685554.056762,0.004999,air_chirp,0.000000,0.000000,0.002608,0.000000,0.000000,0.000000,-0.287557,0.004327,7102
14.778092,685554.062046,0.005000,air_chirp,0.000000,0.000000,0.002636,0.000000,0.000000,0.000000,-0.339645,0.001267,7104
14.783093,685554.067204,0.005000,air_chirp,0.000000,0.000000,0.002660,0.000000,0.000000,0.000000,-0.386825,0.006208,7106
14.788093,685554.072324,0.005000,air_chirp,0.000000,0.000000,0.002680,0.000000,0.000000,0.000000,-0.314458,0.004307,7108
14.793093,685554.077454,0.005000,air_chirp,0.000000,0.000000,0.002698,0.000000,0.000000,0.000000,-0.278114,0.001264,7110
14.798093,685554.082613,0.005000,air_chirp,0.000000,0.000000,0.002712,0.000000,0.000000,0.000000,-0.320687,0.006209,7112
14.803092,685554.087829,0.005000,air_chirp,0.000000,0.000000,0.002723,0.000000,0.000000,0.000000,-0.326371,0.001278,7114
14.808093,685554.093065,0.005001,air_chirp,0.000000,0.000000,0.002730,0.000000,0.000000,0.000000,-0.329152,0.006221,7116
14.813093,685554.098216,0.005000,air_chirp,0.000000,0.000000,0.002734,0.000000,0.000000,0.000000,-0.354282,0.001265,7118
14.818093,685554.103344,0.005001,air_chirp,0.000000,0.000000,0.002735,0.000000,0.000000,0.000000,-0.330679,0.001816,7120
14.823092,685554.108505,0.004999,air_chirp,0.000000,0.000000,0.002732,0.000000,0.000000,0.000000,-0.278330,0.006756,7122
14.828092,685554.113744,0.005000,air_chirp,0.000000,0.000000,0.002726,0.000000,0.000000,0.000000,-0.341682,0.001986,7124
14.833092,685554.118953,0.005000,air_chirp,0.000000,0.000000,0.002716,0.000000,0.000000,0.000000,-0.372250,0.001501,7126
14.838092,685554.124108,0.005000,air_chirp,0.000000,0.000000,0.002703,0.000000,0.000000,0.000000,-0.332765,0.006442,7128
14.843092,685554.129228,0.005000,air_chirp,0.000000,0.000000,0.002686,0.000000,0.000000,0.000000,-0.333458,0.001315,7130
14.848092,685554.134348,0.005000,air_chirp,0.000000,0.000000,0.002667,0.000000,0.000000,0.000000,-0.337313,0.006250,7132
14.853092,685554.139482,0.005000,air_chirp,0.000000,0.000000,0.002644,0.000000,0.000000,0.000000,-0.321846,0.004234,7134
14.858092,685554.144747,0.005001,air_chirp,0.000000,0.000000,0.002616,0.000000,0.000000,0.000000,-0.293966,0.001264,7136
14.863093,685554.150085,0.005000,air_chirp,0.000000,0.000000,0.002585,0.000000,0.000000,0.000000,-0.280878,0.006208,7138
14.868125,685554.155208,0.005033,air_chirp,0.000000,0.000000,0.002552,0.000000,0.000000,0.000000,-0.297916,0.004765,7140
14.873092,685554.160326,0.004966,air_chirp,0.000000,0.000000,0.002515,0.000000,0.000000,0.000000,-0.267738,0.004246,7142
14.878092,685554.165445,0.005000,air_chirp,0.000000,0.000000,0.002476,0.000000,0.000000,0.000000,-0.279997,0.001296,7144
14.883092,685554.170617,0.005000,air_chirp,0.000000,0.000000,0.002432,0.000000,0.000000,0.000000,-0.345182,0.006241,7146
14.888092,685554.175868,0.005000,air_chirp,0.000000,0.000000,0.002385,0.000000,0.000000,0.000000,-0.371383,0.004418,7148
14.893092,685554.181116,0.005000,air_chirp,0.000000,0.000000,0.002335,0.000000,0.000000,0.000000,-0.351791,0.001283,7150
14.903093,685554.186235,0.010000,air_chirp,0.000000,0.000000,0.002282,0.000000,0.000000,0.000000,-0.352304,0.001554,7154
14.908092,685554.191377,0.004999,air_chirp,0.000000,0.000000,0.002227,0.000000,0.000000,0.000000,-0.404093,0.006472,7156
14.913093,685554.196516,0.005001,air_chirp,0.000000,0.000000,0.002168,0.000000,0.000000,0.000000,-0.387324,0.001308,7158
14.918092,685554.201740,0.004999,air_chirp,0.000000,0.000000,0.002106,0.000000,0.000000,0.000000,-0.365159,0.006280,7160
14.923093,685554.206974,0.005001,air_chirp,0.000000,0.000000,0.002041,0.000000,0.000000,0.000000,-0.319000,0.001335,7162
14.928092,685554.212198,0.004999,air_chirp,0.000000,0.000000,0.001973,0.000000,0.000000,0.000000,-0.270953,0.006268,7164
14.933092,685554.217322,0.005000,air_chirp,0.000000,0.000000,0.001903,0.000000,0.000000,0.000000,-0.321249,0.001234,7166
14.938092,685554.222441,0.005000,air_chirp,0.000000,0.000000,0.001831,0.000000,0.000000,0.000000,-0.379285,0.006176,7168
14.943092,685554.227685,0.005000,air_chirp,0.000000,0.000000,0.001755,0.000000,0.000000,0.000000,-0.362408,0.004342,7170
14.948092,685554.232911,0.005000,air_chirp,0.000000,0.000000,0.001677,0.000000,0.000000,0.000000,-0.342993,0.004314,7172
14.953092,685554.238146,0.005000,air_chirp,0.000000,0.000000,0.001596,0.000000,0.000000,0.000000,-0.337017,0.004353,7174
14.958092,685554.243268,0.005000,air_chirp,0.000000,0.000000,0.001514,0.000000,0.000000,0.000000,-0.318787,0.001305,7176
14.963093,685554.248389,0.005000,air_chirp,0.000000,0.000000,0.001431,0.000000,0.000000,0.000000,-0.307400,0.006249,7178
14.968092,685554.253581,0.004999,air_chirp,0.000000,0.000000,0.001345,0.000000,0.000000,0.000000,-0.310245,0.004480,7180
14.973092,685554.258897,0.005000,air_chirp,0.000000,0.000000,0.001254,0.000000,0.000000,0.000000,-0.340168,0.001165,7182
14.978092,685554.264195,0.005000,air_chirp,0.000000,0.000000,0.001162,0.000000,0.000000,0.000000,-0.368482,0.006106,7184
14.983092,685554.269382,0.005000,air_chirp,0.000000,0.000000,0.001069,0.000000,0.000000,0.000000,-0.303188,0.004360,7186
14.989897,685554.274544,0.006805,air_chirp,0.000000,0.000000,0.000976,0.000000,0.000000,0.000000,-0.309894,0.003246,7188
14.994012,685554.279852,0.004115,air_chirp,0.000000,0.000000,0.000878,0.000000,0.000000,0.000000,-0.376173,0.001979,7190
14.998135,685554.285128,0.004123,air_chirp,0.000000,0.000000,0.000780,0.000000,0.000000,0.000000,-0.349961,0.001779,7192
15.003092,685554.290256,0.004957,air_chirp,0.000000,0.000000,0.000683,0.000000,0.000000,0.000000,-0.345783,0.001302,7194
15.008092,685554.295379,0.005000,air_chirp,0.000000,0.000000,0.000585,0.000000,0.000000,0.000000,-0.361152,0.006235,7196
15.013093,685554.300517,0.005001,air_chirp,0.000000,0.000000,0.000487,0.000000,0.000000,0.000000,-0.372499,0.001385,7198
15.018092,685554.305757,0.004999,air_chirp,0.000000,0.000000,0.000385,0.000000,0.000000,0.000000,-0.383529,0.006316,7200
15.023093,685554.311035,0.005001,air_chirp,0.000000,0.000000,0.000282,0.000000,0.000000,0.000000,-0.340855,0.001279,7202
15.033092,685554.316184,0.010000,air_chirp,0.000000,0.000000,0.000180,0.000000,0.000000,0.000000,-0.328077,0.004405,7206
15.038093,685554.321306,0.005001,air_chirp,0.000000,0.000000,0.000079,0.000000,0.000000,0.000000,-0.329414,0.001301,7208
15.043092,685554.326425,0.004999,air_chirp,0.000000,0.000000,-0.000023,0.000000,0.000000,0.000000,-0.290359,0.006239,7210
15.048092,685554.331588,0.005000,air_chirp,0.000000,0.000000,-0.000125,0.000000,0.000000,0.000000,-0.298584,0.004415,7212
15.053092,685554.336848,0.005000,air_chirp,0.000000,0.000000,-0.000229,0.000000,0.000000,0.000000,-0.355360,0.001324,7214
15.058093,685554.342084,0.005001,air_chirp,0.000000,0.000000,-0.000334,0.000000,0.000000,0.000000,-0.404659,0.006251,7216
15.063093,685554.347249,0.005000,air_chirp,0.000000,0.000000,-0.000435,0.000000,0.000000,0.000000,-0.379164,0.001257,7218
15.068092,685554.352368,0.004999,air_chirp,0.000000,0.000000,-0.000537,0.000000,0.000000,0.000000,-0.347782,0.006189,7220
15.073092,685554.357514,0.005000,air_chirp,0.000000,0.000000,-0.000637,0.000000,0.000000,0.000000,-0.359862,0.001321,7222
15.078092,685554.362759,0.005000,air_chirp,0.000000,0.000000,-0.000739,0.000000,0.000000,0.000000,-0.375363,0.006259,7224
15.083607,685554.367977,0.005515,air_chirp,0.000000,0.000000,-0.000841,0.000000,0.000000,0.000000,-0.391946,0.001661,7226
15.088535,685554.373209,0.004929,air_chirp,0.000000,0.000000,-0.000941,0.000000,0.000000,0.000000,-0.386734,0.002093,7228
15.093092,685554.378340,0.004557,air_chirp,0.000000,0.000000,-0.001039,0.000000,0.000000,0.000000,-0.345212,0.000761,7230
15.098092,685554.383474,0.005000,air_chirp,0.000000,0.000000,-0.001135,0.000000,0.000000,0.000000,-0.322714,0.005686,7232
15.103092,685554.388607,0.005000,air_chirp,0.000000,0.000000,-0.001230,0.000000,0.000000,0.000000,-0.351172,0.001245,7234
15.108092,685554.393743,0.005000,air_chirp,0.000000,0.000000,-0.001323,0.000000,0.000000,0.000000,-0.383640,0.006181,7236
15.113093,685554.398878,0.005001,air_chirp,0.000000,0.000000,-0.001415,0.000000,0.000000,0.000000,-0.349204,0.001199,7238
15.118092,685554.404013,0.004999,air_chirp,0.000000,0.000000,-0.001505,0.000000,0.000000,0.000000,-0.309502,0.006137,7240
15.123092,685554.409147,0.005000,air_chirp,0.000000,0.000000,-0.001594,0.000000,0.000000,0.000000,-0.354809,0.004716,7242
15.128092,685554.414284,0.005000,air_chirp,0.000000,0.000000,-0.001680,0.000000,0.000000,0.000000,-0.387355,0.004187,7244
15.133092,685554.419417,0.005000,air_chirp,0.000000,0.000000,-0.001764,0.000000,0.000000,0.000000,-0.330481,0.004227,7246
15.138092,685554.424550,0.005000,air_chirp,0.000000,0.000000,-0.001846,0.000000,0.000000,0.000000,-0.291012,0.004303,7248
15.143092,685554.429683,0.005000,air_chirp,0.000000,0.000000,-0.001926,0.000000,0.000000,0.000000,-0.335763,0.004365,7250
15.148092,685554.434820,0.005000,air_chirp,0.000000,0.000000,-0.002004,0.000000,0.000000,0.000000,-0.322272,0.001196,7252
15.153093,685554.439945,0.005001,air_chirp,0.000000,0.000000,-0.002078,0.000000,0.000000,0.000000,-0.261331,0.006135,7254
15.158092,685554.445079,0.005000,air_chirp,0.000000,0.000000,-0.002150,0.000000,0.000000,0.000000,-0.284489,0.001174,7256
15.163093,685554.450226,0.005000,air_chirp,0.000000,0.000000,-0.002220,0.000000,0.000000,0.000000,-0.314265,0.006121,7258
15.168092,685554.455361,0.004999,air_chirp,0.000000,0.000000,-0.002287,0.000000,0.000000,0.000000,-0.336955,0.001152,7260
15.173092,685554.460492,0.005000,air_chirp,0.000000,0.000000,-0.002350,0.000000,0.000000,0.000000,-0.359086,0.006097,7262
15.178092,685554.465625,0.005000,air_chirp,0.000000,0.000000,-0.002411,0.000000,0.000000,0.000000,-0.357474,0.004440,7264
15.183093,685554.470761,0.005001,air_chirp,0.000000,0.000000,-0.002468,0.000000,0.000000,0.000000,-0.330513,0.001241,7266
15.188092,685554.475898,0.005000,air_chirp,0.000000,0.000000,-0.002522,0.000000,0.000000,0.000000,-0.304910,0.006166,7268
15.193093,685554.481225,0.005000,air_chirp,0.000000,0.000000,-0.002573,0.000000,0.000000,0.000000,-0.323702,0.004419,7270
15.203093,685554.486581,0.010000,air_chirp,0.000000,0.000000,-0.002624,0.000000,0.000000,0.000000,-0.353038,0.001290,7274
15.208092,685554.491894,0.005000,air_chirp,0.000000,0.000000,-0.002669,0.000000,0.000000,0.000000,-0.358887,0.006219,7276
15.213093,685554.497206,0.005001,air_chirp,0.000000,0.000000,-0.002710,0.000000,0.000000,0.000000,-0.330164,0.004448,7278
15.218092,685554.502386,0.004999,air_chirp,0.000000,0.000000,-0.002747,0.000000,0.000000,0.000000,-0.325082,0.001306,7280
15.223092,685554.507702,0.004999,air_chirp,0.000000,0.000000,-0.002780,0.000000,0.000000,0.000000,-0.351045,0.006240,7282
15.228092,685554.513014,0.005000,air_chirp,0.000000,0.000000,-0.002810,0.000000,0.000000,0.000000,-0.369935,0.001299,7284
15.233092,685554.518311,0.005000,air_chirp,0.000000,0.000000,-0.002835,0.000000,0.000000,0.000000,-0.388269,0.006249,7286
15.238092,685554.523611,0.005000,air_chirp,0.000000,0.000000,-0.002856,0.000000,0.000000,0.000000,-0.394484,0.004418,7288
15.243092,685554.528980,0.005000,air_chirp,0.000000,0.000000,-0.002873,0.000000,0.000000,0.000000,-0.340646,0.001274,7290
15.248092,685554.534282,0.005000,air_chirp,0.000000,0.000000,-0.002886,0.000000,0.000000,0.000000,-0.277311,0.006217,7292
15.253092,685554.539609,0.005000,air_chirp,0.000000,0.000000,-0.002895,0.000000,0.000000,0.000000,-0.282946,0.004388,7294
15.258093,685554.544930,0.005000,air_chirp,0.000000,0.000000,-0.002899,0.000000,0.000000,0.000000,-0.317474,0.004755,7296
15.263093,685554.550274,0.005000,air_chirp,0.000000,0.000000,-0.002899,0.000000,0.000000,0.000000,-0.328862,0.004210,7298
15.268092,685554.555630,0.004999,air_chirp,0.000000,0.000000,-0.002895,0.000000,0.000000,0.000000,-0.318577,0.001221,7300
15.273092,685554.560955,0.005000,air_chirp,0.000000,0.000000,-0.002887,0.000000,0.000000,0.000000,-0.321382,0.006162,7302
15.283092,685554.566298,0.010000,air_chirp,0.000000,0.000000,-0.002873,0.000000,0.000000,0.000000,-0.370707,0.001201,7306
15.288093,685554.571596,0.005001,air_chirp,0.000000,0.000000,-0.002856,0.000000,0.000000,0.000000,-0.370779,0.006156,7308
15.293093,685554.576870,0.005000,air_chirp,0.000000,0.000000,-0.002835,0.000000,0.000000,0.000000,-0.397828,0.001417,7310
15.298093,685554.582211,0.005000,air_chirp,0.000000,0.000000,-0.002809,0.000000,0.000000,0.000000,-0.427000,0.006370,7312
15.303271,685554.587368,0.005178,air_chirp,0.000000,0.000000,-0.002779,0.000000,0.000000,0.000000,-0.354600,0.001745,7314
15.308190,685554.592515,0.004919,air_chirp,0.000000,0.000000,-0.002746,0.000000,0.000000,0.000000,-0.274206,0.001033,7316
15.313093,685554.597710,0.004903,air_chirp,0.000000,0.000000,-0.002709,0.000000,0.000000,0.000000,-0.289960,0.001525,7318
15.318093,685554.602851,0.005000,air_chirp,0.000000,0.000000,-0.002668,0.000000,0.000000,0.000000,-0.353759,0.000955,7320
15.323093,685554.608009,0.005000,air_chirp,0.000000,0.000000,-0.002623,0.000000,0.000000,0.000000,-0.378607,0.001465,7322
15.328094,685554.613179,0.005001,air_chirp,0.000000,0.000000,-0.002574,0.000000,0.000000,0.000000,-0.359912,0.006415,7324
15.333092,685554.618329,0.004999,air_chirp,0.000000,0.000000,-0.002521,0.000000,0.000000,0.000000,-0.316140,0.004350,7326
15.338092,685554.623669,0.005000,air_chirp,0.000000,0.000000,-0.002463,0.000000,0.000000,0.000000,-0.232579,0.001148,7328
15.343093,685554.628893,0.005001,air_chirp,0.000000,0.000000,-0.002402,0.000000,0.000000,0.000000,-0.188188,0.006096,7330
15.348093,685554.634174,0.005000,air_chirp,0.000000,0.000000,-0.002337,0.000000,0.000000,0.000000,-0.184694,0.004302,7332
15.353093,685554.639297,0.005000,air_chirp,0.000000,0.000000,-0.002270,0.000000,0.000000,0.000000,-0.245975,0.004165,7334
15.358102,685554.644419,0.005010,air_chirp,0.000000,0.000000,-0.002200,0.000000,0.000000,0.000000,-0.357908,0.001366,7336
15.363094,685554.649574,0.004991,air_chirp,0.000000,0.000000,-0.002126,0.000000,0.000000,0.000000,-0.412271,0.006187,7338
15.368092,685554.654799,0.004998,air_chirp,0.000000,0.000000,-0.002048,0.000000,0.000000,0.000000,-0.369966,0.004392,7340
15.373093,685554.659918,0.005001,air_chirp,0.000000,0.000000,-0.001968,0.000000,0.000000,0.000000,-0.309702,0.001285,7342
15.378092,685554.665186,0.005000,air_chirp,0.000000,0.000000,-0.001883,0.000000,0.000000,0.000000,-0.294606,0.006225,7344
15.383093,685554.670423,0.005000,air_chirp,0.000000,0.000000,-0.001796,0.000000,0.000000,0.000000,-0.278401,0.004377,7346
15.388092,685554.675555,0.004999,air_chirp,0.000000,0.000000,-0.001707,0.000000,0.000000,0.000000,-0.293185,0.001045,7348
15.393092,685554.680820,0.005000,air_chirp,0.000000,0.000000,-0.001614,0.000000,0.000000,0.000000,-0.353047,0.001570,7350
15.398092,685554.686066,0.005000,air_chirp,0.000000,0.000000,-0.001518,0.000000,0.000000,0.000000,-0.385380,0.006509,7352
15.408092,685554.691203,0.010000,air_chirp,0.000000,0.000000,-0.001422,0.000000,0.000000,0.000000,-0.306783,0.004386,7356
15.413093,685554.696335,0.005001,air_chirp,0.000000,0.000000,-0.001323,0.000000,0.000000,0.000000,-0.298188,0.004604,7358
15.418093,685554.701541,0.005000,air_chirp,0.000000,0.000000,-0.001222,0.000000,0.000000,0.000000,-0.283401,0.001260,7360
15.423093,685554.706722,0.005000,air_chirp,0.000000,0.000000,-0.001118,0.000000,0.000000,0.000000,-0.224291,0.006211,7362
15.428093,685554.711876,0.005000,air_chirp,0.000000,0.000000,-0.001013,0.000000,0.000000,0.000000,-0.303003,0.004236,7364
15.433093,685554.717056,0.005000,air_chirp,0.000000,0.000000,-0.000907,0.000000,0.000000,0.000000,-0.313638,0.004312,7366
15.438093,685554.722345,0.005000,air_chirp,0.000000,0.000000,-0.000795,0.000000,0.000000,0.000000,-0.266576,0.001296,7368
15.443092,685554.727510,0.005000,air_chirp,0.000000,0.000000,-0.000685,0.000000,0.000000,0.000000,-0.293896,0.006230,7370
15.448092,685554.732725,0.005000,air_chirp,0.000000,0.000000,-0.000573,0.000000,0.000000,0.000000,-0.277579,0.004402,7372
15.453093,685554.737941,0.005001,air_chirp,0.000000,0.000000,-0.000460,0.000000,0.000000,0.000000,-0.281164,0.004384,7374
15.458092,685554.743215,0.005000,air_chirp,0.000000,0.000000,-0.000345,0.000000,0.000000,0.000000,-0.293397,0.001257,7376
15.463093,685554.748422,0.005001,air_chirp,0.000000,0.000000,-0.000230,0.000000,0.000000,0.000000,-0.282976,0.006210,7378
15.468092,685554.753709,0.004999,air_chirp,0.000000,0.000000,-0.000113,0.000000,0.000000,0.000000,-0.281719,0.004414,7380
15.473092,685554.758840,0.005000,air_chirp,0.000000,0.000000,0.000001,0.000000,0.000000,0.000000,-0.331373,0.001299,7382
15.478092,685554.764079,0.005000,air_chirp,0.000000,0.000000,0.000118,0.000000,0.000000,0.000000,-0.385470,0.006236,7384
15.483093,685554.769309,0.005001,air_chirp,0.000000,0.000000,0.000234,0.000000,0.000000,0.000000,-0.332072,0.001446,7386
15.488092,685554.774448,0.005000,air_chirp,0.000000,0.000000,0.000348,0.000000,0.000000,0.000000,-0.270214,0.006383,7388
15.493092,685554.779743,0.005000,air_chirp,0.000000,0.000000,0.000466,0.000000,0.000000,0.000000,-0.316366,0.001314,7390
15.498092,685554.784981,0.005000,air_chirp,0.000000,0.000000,0.000582,0.000000,0.000000,0.000000,-0.371018,0.006256,7392
15.503092,685554.790176,0.005000,air_chirp,0.000000,0.000000,0.000695,0.000000,0.000000,0.000000,-0.340791,0.004365,7394
15.508092,685554.795297,0.005000,air_chirp,0.000000,0.000000,0.000807,0.000000,0.000000,0.000000,-0.306410,0.004393,7396
15.513097,685554.800416,0.005005,air_chirp,0.000000,0.000000,0.000918,0.000000,0.000000,0.000000,-0.342075,0.001551,7398
15.518092,685554.805666,0.004995,air_chirp,0.000000,0.000000,0.001030,0.000000,0.000000,0.000000,-0.338235,0.000880,7400
15.523092,685554.810905,0.005000,air_chirp,0.000000,0.000000,0.001141,0.000000,0.000000,0.000000,-0.322907,0.001505,7402
15.528092,685554.816168,0.005000,air_chirp,0.000000,0.000000,0.001250,0.000000,0.000000,0.000000,-0.349165,0.006440,7404
15.538093,685554.821412,0.010001,air_chirp,0.000000,0.000000,0.001358,0.000000,0.000000,0.000000,-0.306924,0.006432,7408
15.543093,685554.826574,0.005000,air_chirp,0.000000,0.000000,0.001462,0.000000,0.000000,0.000000,-0.285601,0.001420,7410
15.548092,685554.831692,0.004999,air_chirp,0.000000,0.000000,0.001564,0.000000,0.000000,0.000000,-0.264403,0.006358,7412
15.553093,685554.836817,0.005000,air_chirp,0.000000,0.000000,0.001663,0.000000,0.000000,0.000000,-0.309401,0.001294,7414
15.558092,685554.841930,0.005000,air_chirp,0.000000,0.000000,0.001760,0.000000,0.000000,0.000000,-0.359610,0.006235,7416
15.563092,685554.847041,0.005000,air_chirp,0.000000,0.000000,0.001854,0.000000,0.000000,0.000000,-0.314286,0.001245,7418
15.568092,685554.852165,0.005000,air_chirp,0.000000,0.000000,0.001946,0.000000,0.000000,0.000000,-0.261445,0.006189,7420
15.573092,685554.857296,0.005000,air_chirp,0.000000,0.000000,0.002035,0.000000,0.000000,0.000000,-0.308391,0.004407,7422
15.578092,685554.862383,0.005000,air_chirp,0.000000,0.000000,0.002121,0.000000,0.000000,0.000000,-0.347429,0.001604,7424
15.583093,685554.867519,0.005000,air_chirp,0.000000,0.000000,0.002204,0.000000,0.000000,0.000000,-0.299218,0.001151,7426
15.588092,685554.872636,0.005000,air_chirp,0.000000,0.000000,0.002284,0.000000,0.000000,0.000000,-0.281809,0.001559,7428
15.593092,685554.877748,0.005000,air_chirp,0.000000,0.000000,0.002361,0.000000,0.000000,0.000000,-0.302346,0.006502,7430
15.598092,685554.882861,0.005000,air_chirp,0.000000,0.000000,0.002434,0.000000,0.000000,0.000000,-0.292504,0.001249,7432
15.603092,685554.887973,0.005000,air_chirp,0.000000,0.000000,0.002504,0.000000,0.000000,0.000000,-0.280271,0.006189,7434
15.608092,685554.893093,0.005000,air_chirp,0.000000,0.000000,0.002570,0.000000,0.000000,0.000000,-0.276821,0.001225,7436
15.613093,685554.898177,0.005001,air_chirp,0.000000,0.000000,0.002633,0.000000,0.000000,0.000000,-0.274061,0.006182,7438
15.618093,685554.903257,0.005000,air_chirp,0.000000,0.000000,0.002691,0.000000,0.000000,0.000000,-0.301012,0.001169,7440
15.623093,685554.908342,0.005000,air_chirp,0.000000,0.000000,0.002745,0.000000,0.000000,0.000000,-0.330301,0.006103,7442
15.628093,685554.913494,0.005000,air_chirp,0.000000,0.000000,0.002796,0.000000,0.000000,0.000000,-0.366238,0.001244,7444
15.633093,685554.918614,0.005000,air_chirp,0.000000,0.000000,0.002843,0.000000,0.000000,0.000000,-0.376425,0.000844,7446
15.638093,685554.923691,0.005000,air_chirp,0.000000,0.000000,0.002885,0.000000,0.000000,0.000000,-0.320944,0.001239,7448
15.643093,685554.928769,0.005000,air_chirp,0.000000,0.000000,0.002923,0.000000,0.000000,0.000000,-0.286568,0.006175,7450
15.648093,685554.933884,0.005000,air_chirp,0.000000,0.000000,0.002956,0.000000,0.000000,0.000000,-0.330500,0.001486,7452
15.653092,685554.939006,0.004999,air_chirp,0.000000,0.000000,0.002986,0.000000,0.000000,0.000000,-0.380594,0.006423,7454
15.658093,685554.944124,0.005001,air_chirp,0.000000,0.000000,0.003010,0.000000,0.000000,0.000000,-0.390763,0.001270,7456
15.663093,685554.949267,0.005000,air_chirp,0.000000,0.000000,0.003031,0.000000,0.000000,0.000000,-0.397791,0.006214,7458
15.668093,685554.954614,0.005000,air_chirp,0.000000,0.000000,0.003047,0.000000,0.000000,0.000000,-0.383691,0.004361,7460
15.673092,685554.959895,0.005000,air_chirp,0.000000,0.000000,0.003058,0.000000,0.000000,0.000000,-0.331059,0.004360,7462
15.678092,685554.965046,0.005000,air_chirp,0.000000,0.000000,0.003064,0.000000,0.000000,0.000000,-0.297551,0.001272,7464
15.683093,685554.970139,0.005001,air_chirp,0.000000,0.000000,0.003065,0.000000,0.000000,0.000000,-0.302416,0.006215,7466
15.688093,685554.975260,0.005000,air_chirp,0.000000,0.000000,0.003061,0.000000,0.000000,0.000000,-0.356525,0.001489,7468
15.693092,685554.980498,0.004999,air_chirp,0.000000,0.000000,0.003053,0.000000,0.000000,0.000000,-0.414511,0.006422,7470
15.698092,685554.985657,0.005000,air_chirp,0.000000,0.000000,0.003040,0.000000,0.000000,0.000000,-0.424353,0.004427,7472
15.703093,685554.990799,0.005001,air_chirp,0.000000,0.000000,0.003022,0.000000,0.000000,0.000000,-0.361034,0.001253,7474
15.708093,685554.996108,0.005000,air_chirp,0.000000,0.000000,0.002998,0.000000,0.000000,0.000000,-0.286679,0.006199,7476
15.718093,685555.001238,0.010000,air_chirp,0.000000,0.000000,0.002971,0.000000,0.000000,0.000000,-0.342521,0.001241,7480
15.723093,685555.006363,0.005000,air_chirp,0.000000,0.000000,0.002938,0.000000,0.000000,0.000000,-0.354160,0.006185,7482
15.728093,685555.011518,0.005000,air_chirp,0.000000,0.000000,0.002901,0.000000,0.000000,0.000000,-0.315633,0.004307,7484
15.733093,685555.016667,0.005000,air_chirp,0.000000,0.000000,0.002860,0.000000,0.000000,0.000000,-0.288944,0.004174,7486
15.738093,685555.021785,0.005000,air_chirp,0.000000,0.000000,0.002813,0.000000,0.000000,0.000000,-0.270446,0.001314,7488
15.743093,685555.026927,0.005000,air_chirp,0.000000,0.000000,0.002763,0.000000,0.000000,0.000000,-0.236808,0.006243,7490
15.748093,685555.032071,0.005000,air_chirp,0.000000,0.000000,0.002707,0.000000,0.000000,0.000000,-0.279127,0.004411,7492
15.753093,685555.037173,0.005000,air_chirp,0.000000,0.000000,0.002648,0.000000,0.000000,0.000000,-0.322630,0.004353,7494
15.758093,685555.042297,0.005000,air_chirp,0.000000,0.000000,0.002585,0.000000,0.000000,0.000000,-0.358766,0.001208,7496
15.763093,685555.047523,0.005000,air_chirp,0.000000,0.000000,0.002517,0.000000,0.000000,0.000000,-0.399115,0.006149,7498
15.768092,685555.052636,0.004999,air_chirp,0.000000,0.000000,0.002443,0.000000,0.000000,0.000000,-0.358935,0.004254,7500
15.773092,685555.057739,0.005000,air_chirp,0.000000,0.000000,0.002368,0.000000,0.000000,0.000000,-0.312417,0.004151,7502
15.778093,685555.062864,0.005001,air_chirp,0.000000,0.000000,0.002288,0.000000,0.000000,0.000000,-0.288394,0.001114,7504
15.783092,685555.068020,0.004999,air_chirp,0.000000,0.000000,0.002204,0.000000,0.000000,0.000000,-0.266141,0.006055,7506
15.788092,685555.073120,0.005000,air_chirp,0.000000,0.000000,0.002116,0.000000,0.000000,0.000000,-0.340504,0.004435,7508
15.793092,685555.078217,0.005000,air_chirp,0.000000,0.000000,0.002026,0.000000,0.000000,0.000000,-0.415796,0.001314,7510
15.798092,685555.083314,0.005000,air_chirp,0.000000,0.000000,0.001932,0.000000,0.000000,0.000000,-0.415046,0.006242,7512
15.803094,685555.088453,0.005002,air_chirp,0.000000,0.000000,0.001835,0.000000,0.000000,0.000000,-0.338425,0.001250,7514
15.808092,685555.093584,0.004998,air_chirp,0.000000,0.000000,0.001734,0.000000,0.000000,0.000000,-0.255833,0.006196,7516
15.813093,685555.098686,0.005000,air_chirp,0.000000,0.000000,0.001630,0.000000,0.000000,0.000000,-0.302657,0.001211,7518
15.818093,685555.103821,0.005000,air_chirp,0.000000,0.000000,0.001524,0.000000,0.000000,0.000000,-0.359667,0.006152,7520
15.823093,685555.108970,0.005000,air_chirp,0.000000,0.000000,0.001415,0.000000,0.000000,0.000000,-0.397205,0.001490,7522
15.828093,685555.114130,0.005000,air_chirp,0.000000,0.000000,0.001302,0.000000,0.000000,0.000000,-0.433210,0.006433,7524
15.833093,685555.119230,0.005000,air_chirp,0.000000,0.000000,0.001188,0.000000,0.000000,0.000000,-0.368844,0.004451,7526
15.838093,685555.124425,0.005000,air_chirp,0.000000,0.000000,0.001072,0.000000,0.000000,0.000000,-0.304575,0.001242,7528
15.843093,685555.129553,0.004999,air_chirp,0.000000,0.000000,0.000952,0.000000,0.000000,0.000000,-0.307515,0.006186,7530
15.848092,685555.134708,0.005000,air_chirp,0.000000,0.000000,0.000832,0.000000,0.000000,0.000000,-0.335280,0.001280,7532
15.853093,685555.139807,0.005000,air_chirp,0.000000,0.000000,0.000711,0.000000,0.000000,0.000000,-0.364999,0.006215,7534
15.858093,685555.144932,0.005000,air_chirp,0.000000,0.000000,0.000588,0.000000,0.000000,0.000000,-0.387967,0.004424,7536
15.863093,685555.150095,0.005000,air_chirp,0.000000,0.000000,0.000464,0.000000,0.000000,0.000000,-0.378778,0.001286,7538
15.868092,685555.155247,0.004999,air_chirp,0.000000,0.000000,0.000338,0.000000,0.000000,0.000000,-0.346429,0.006227,7540
15.873093,685555.160367,0.005001,air_chirp,0.000000,0.000000,0.000212,0.000000,0.000000,0.000000,-0.309234,0.001278,7542
15.878093,685555.165505,0.005000,air_chirp,0.000000,0.000000,0.000085,0.000000,0.000000,0.000000,-0.271657,0.006203,7544
15.883093,685555.170646,0.005000,air_chirp,0.000000,0.000000,-0.000042,0.000000,0.000000,0.000000,-0.290802,0.004387,7546
15.888093,685555.175756,0.005000,air_chirp,0.000000,0.000000,-0.000169,0.000000,0.000000,0.000000,-0.330794,0.004394,7548
15.893093,685555.180895,0.005000,air_chirp,0.000000,0.000000,-0.000296,0.000000,0.000000,0.000000,-0.378717,0.004294,7550
15.898093,685555.186045,0.005000,air_chirp,0.000000,0.000000,-0.000423,0.000000,0.000000,0.000000,-0.359216,0.001425,7552
15.903093,685555.191130,0.005000,air_chirp,0.000000,0.000000,-0.000550,0.000000,0.000000,0.000000,-0.306016,0.006375,7554
15.913093,685555.196217,0.009999,air_chirp,0.000000,0.000000,-0.000674,0.000000,0.000000,0.000000,-0.284446,0.004106,7558
15.918093,685555.201297,0.005000,air_chirp,0.000000,0.000000,-0.000798,0.000000,0.000000,0.000000,-0.313873,0.004343,7560
15.923093,685555.206430,0.005000,air_chirp,0.000000,0.000000,-0.000921,0.000000,0.000000,0.000000,-0.374578,0.001285,7562
15.928092,685555.211514,0.005000,air_chirp,0.000000,0.000000,-0.001044,0.000000,0.000000,0.000000,-0.407594,0.006226,7564
15.933092,685555.216632,0.005000,air_chirp,0.000000,0.000000,-0.001164,0.000000,0.000000,0.000000,-0.382836,0.001469,7566
15.938092,685555.221779,0.005000,air_chirp,0.000000,0.000000,-0.001283,0.000000,0.000000,0.000000,-0.353531,0.006410,7568
15.943093,685555.226911,0.005000,air_chirp,0.000000,0.000000,-0.001401,0.000000,0.000000,0.000000,-0.337684,0.004395,7570
15.948093,685555.232067,0.005000,air_chirp,0.000000,0.000000,-0.001517,0.000000,0.000000,0.000000,-0.342093,0.001186,7572
15.953092,685555.237163,0.005000,air_chirp,0.000000,0.000000,-0.001631,0.000000,0.000000,0.000000,-0.361636,0.006124,7574
15.958093,685555.242251,0.005001,air_chirp,0.000000,0.000000,-0.001741,0.000000,0.000000,0.000000,-0.367563,0.001248,7576
15.963093,685555.247345,0.005000,air_chirp,0.000000,0.000000,-0.001848,0.000000,0.000000,0.000000,-0.372418,0.006184,7578
15.968093,685555.252454,0.005000,air_chirp,0.000000,0.000000,-0.001953,0.000000,0.000000,0.000000,-0.350263,0.001300,7580
15.973093,685555.257598,0.005001,air_chirp,0.000000,0.000000,-0.002055,0.000000,0.000000,0.000000,-0.325983,0.006243,7582
15.978093,685555.262732,0.005000,air_chirp,0.000000,0.000000,-0.002154,0.000000,0.000000,0.000000,-0.285317,0.001236,7584
15.983093,685555.267866,0.005000,air_chirp,0.000000,0.000000,-0.002250,0.000000,0.000000,0.000000,-0.243361,0.006167,7586
15.988093,685555.272978,0.005000,air_chirp,0.000000,0.000000,-0.002342,0.000000,0.000000,0.000000,-0.264445,0.004443,7588
15.993093,685555.278037,0.005000,air_chirp,0.000000,0.000000,-0.002429,0.000000,0.000000,0.000000,-0.299706,0.004379,7590
15.998093,685555.283132,0.005000,air_chirp,0.000000,0.000000,-0.002513,0.000000,0.000000,0.000000,-0.327509,0.004392,7592
16.003093,685555.288226,0.005000,air_chirp,0.000000,0.000000,-0.002593,0.000000,0.000000,0.000000,-0.367523,0.004359,7594
16.008092,685555.293323,0.005000,air_chirp,0.000000,0.000000,-0.002669,0.000000,0.000000,0.000000,-0.365353,0.001241,7596
16.013093,685555.298510,0.005000,air_chirp,0.000000,0.000000,-0.002741,0.000000,0.000000,0.000000,-0.337850,0.006172,7598
16.018093,685555.303606,0.005000,air_chirp,0.000000,0.000000,-0.002808,0.000000,0.000000,0.000000,-0.319326,0.001288,7600
16.023092,685555.308741,0.004999,air_chirp,0.000000,0.000000,-0.002871,0.000000,0.000000,0.000000,-0.301509,0.006227,7602
16.028093,685555.313873,0.005000,air_chirp,0.000000,0.000000,-0.002929,0.000000,0.000000,0.000000,-0.321368,0.001264,7604
16.033093,685555.319030,0.005000,air_chirp,0.000000,0.000000,-0.002983,0.000000,0.000000,0.000000,-0.344192,0.006204,7606
16.038093,685555.324158,0.005000,air_chirp,0.000000,0.000000,-0.003031,0.000000,0.000000,0.000000,-0.417734,0.004438,7608
16.043093,685555.329253,0.005000,air_chirp,0.000000,0.000000,-0.003074,0.000000,0.000000,0.000000,-0.410171,0.001289,7610
16.048093,685555.334369,0.005000,air_chirp,0.000000,0.000000,-0.003112,0.000000,0.000000,0.000000,-0.324479,0.006226,7612
16.053092,685555.339502,0.005000,air_chirp,0.000000,0.000000,-0.003145,0.000000,0.000000,0.000000,-0.334805,0.000930,7614
16.058093,685555.344639,0.005001,air_chirp,0.000000,0.000000,-0.003173,0.000000,0.000000,0.000000,-0.366046,0.001565,7616
16.063093,685555.349758,0.005000,air_chirp,0.000000,0.000000,-0.003195,0.000000,0.000000,0.000000,-0.381862,0.006503,7618
16.068093,685555.354902,0.005000,air_chirp,0.000000,0.000000,-0.003212,0.000000,0.000000,0.000000,-0.383107,0.004418,7620
16.073093,685555.360038,0.005000,air_chirp,0.000000,0.000000,-0.003223,0.000000,0.000000,0.000000,-0.371656,0.001225,7622
16.078093,685555.365201,0.005000,air_chirp,0.000000,0.000000,-0.003229,0.000000,0.000000,0.000000,-0.359205,0.006171,7624
16.083092,685555.370320,0.004999,air_chirp,0.000000,0.000000,-0.003229,0.000000,0.000000,0.000000,-0.318769,0.000951,7626
16.088093,685555.375424,0.005000,air_chirp,0.000000,0.000000,-0.003224,0.000000,0.000000,0.000000,-0.343324,0.001535,7628
16.093093,685555.380556,0.005000,air_chirp,0.000000,0.000000,-0.003213,0.000000,0.000000,0.000000,-0.412450,0.006475,7630
16.098098,685555.385656,0.005005,air_chirp,0.000000,0.000000,-0.003197,0.000000,0.000000,0.000000,-0.353081,0.001557,7632
16.103092,685555.390782,0.004994,air_chirp,0.000000,0.000000,-0.003175,0.000000,0.000000,0.000000,-0.285426,0.001037,7634
16.108093,685555.395935,0.005001,air_chirp,0.000000,0.000000,-0.003148,0.000000,0.000000,0.000000,-0.315921,0.001669,7636
16.118093,685555.401136,0.009999,air_chirp,0.000000,0.000000,-0.003115,0.000000,0.000000,0.000000,-0.413919,0.006146,7640
16.123093,685555.406248,0.005000,air_chirp,0.000000,0.000000,-0.003076,0.000000,0.000000,0.000000,-0.401280,0.004428,7642
16.128093,685555.411365,0.005000,air_chirp,0.000000,0.000000,-0.003032,0.000000,0.000000,0.000000,-0.400838,0.001295,7644
16.133093,685555.416508,0.005000,air_chirp,0.000000,0.000000,-0.002983,0.000000,0.000000,0.000000,-0.416619,0.006229,7646
16.133093,685555.421611,0.000001,air_chirp,0.000000,0.000000,-0.002929,0.000000,0.000000,0.000000,-0.416619,0.006229,7646
16.143098,685555.426840,0.010005,air_chirp,0.000000,0.000000,-0.002868,0.000000,0.000000,0.000000,-0.341023,0.001138,7650
16.143098,685555.432073,0.000001,air_chirp,0.000000,0.000000,-0.002802,0.000000,0.000000,0.000000,-0.341023,0.001138,7650
16.148093,685555.437194,0.004995,air_chirp,0.000000,0.000000,-0.002732,0.000000,0.000000,0.000000,-0.293074,0.001640,7652
16.158586,685555.442324,0.010493,air_chirp,0.000000,0.000000,-0.002657,0.000000,0.000000,0.000000,-0.349336,0.002177,7656
16.163092,685555.447410,0.004506,air_chirp,0.000000,0.000000,-0.002577,0.000000,0.000000,0.000000,-0.355052,0.001241,7658
16.168092,685555.452571,0.005000,air_chirp,0.000000,0.000000,-0.002493,0.000000,0.000000,0.000000,-0.328826,0.006179,7660
16.173092,685555.457805,0.005000,air_chirp,0.000000,0.000000,-0.002402,0.000000,0.000000,0.000000,-0.330161,0.004384,7662
16.178096,685555.463032,0.005003,air_chirp,0.000000,0.000000,-0.002307,0.000000,0.000000,0.000000,-0.325293,0.001295,7664
16.183092,685555.468184,0.004997,air_chirp,0.000000,0.000000,-0.002209,0.000000,0.000000,0.000000,-0.316538,0.006200,7666
16.188092,685555.473309,0.005000,air_chirp,0.000000,0.000000,-0.002106,0.000000,0.000000,0.000000,-0.321136,0.004568,7668
16.193092,685555.478447,0.005000,air_chirp,0.000000,0.000000,-0.002000,0.000000,0.000000,0.000000,-0.347324,0.001046,7670
16.198092,685555.483599,0.005000,air_chirp,0.000000,0.000000,-0.001890,0.000000,0.000000,0.000000,-0.369924,0.005986,7672
16.203093,685555.488816,0.005001,air_chirp,0.000000,0.000000,-0.001775,0.000000,0.000000,0.000000,-0.340832,0.004417,7674
16.208093,685555.494068,0.005000,air_chirp,0.000000,0.000000,-0.001655,0.000000,0.000000,0.000000,-0.309246,0.001306,7676
16.213093,685555.499200,0.005000,air_chirp,0.000000,0.000000,-0.001536,0.000000,0.000000,0.000000,-0.308335,0.006268,7678
16.218092,685555.504332,0.004999,air_chirp,0.000000,0.000000,-0.001413,0.000000,0.000000,0.000000,-0.289031,0.004336,7680
16.223092,685555.509468,0.005000,air_chirp,0.000000,0.000000,-0.001287,0.000000,0.000000,0.000000,-0.336957,0.004244,7682
16.228093,685555.514650,0.005001,air_chirp,0.000000,0.000000,-0.001158,0.000000,0.000000,0.000000,-0.423541,0.001241,7684
16.233092,685555.519865,0.005000,air_chirp,0.000000,0.000000,-0.001024,0.000000,0.000000,0.000000,-0.444490,0.006186,7686
16.238092,685555.525085,0.005000,air_chirp,0.000000,0.000000,-0.000889,0.000000,0.000000,0.000000,-0.446139,0.004382,7688
16.243093,685555.530216,0.005001,air_chirp,0.000000,0.000000,-0.000755,0.000000,0.000000,0.000000,-0.373949,0.001298,7690
16.248092,685555.535339,0.005000,air_chirp,0.000000,0.000000,-0.000618,0.000000,0.000000,0.000000,-0.295948,0.006240,7692
16.253092,685555.540482,0.005000,air_chirp,0.000000,0.000000,-0.000481,0.000000,0.000000,0.000000,-0.270021,0.004189,7694
16.258093,685555.545789,0.005000,air_chirp,0.000000,0.000000,-0.000338,0.000000,0.000000,0.000000,-0.281763,0.004380,7696
16.263093,685555.551086,0.005000,air_chirp,0.000000,0.000000,-0.000194,0.000000,0.000000,0.000000,-0.286134,0.004358,7698
16.273092,685555.556206,0.009999,air_chirp,0.000000,0.000000,-0.000053,0.000000,0.000000,0.000000,-0.363063,0.004292,7702
16.278092,685555.561333,0.005000,air_chirp,0.000000,0.000000,0.000088,0.000000,0.000000,0.000000,-0.338611,0.004704,7704
16.283092,685555.566483,0.005000,air_chirp,0.000000,0.000000,0.000229,0.000000,0.000000,0.000000,-0.314766,0.004274,7706
16.288092,685555.571642,0.005000,air_chirp,0.000000,0.000000,0.000371,0.000000,0.000000,0.000000,-0.300938,0.001298,7708
16.293093,685555.576893,0.005001,air_chirp,0.000000,0.000000,0.000514,0.000000,0.000000,0.000000,-0.284417,0.006241,7710
16.298092,685555.582156,0.004999,air_chirp,0.000000,0.000000,0.000656,0.000000,0.000000,0.000000,-0.306410,0.001508,7712
16.303093,685555.587278,0.005001,air_chirp,0.000000,0.000000,0.000796,0.000000,0.000000,0.000000,-0.331433,0.006453,7714
16.308094,685555.592396,0.005001,air_chirp,0.000000,0.000000,0.000934,0.000000,0.000000,0.000000,-0.315957,0.004430,7716
16.313093,685555.597571,0.004999,air_chirp,0.000000,0.000000,0.001070,0.000000,0.000000,0.000000,-0.316921,0.001438,7718
16.318092,685555.602851,0.004999,air_chirp,0.000000,0.000000,0.001209,0.000000,0.000000,0.000000,-0.336626,0.006348,7720
16.323092,685555.608093,0.005000,air_chirp,0.000000,0.000000,0.001344,0.000000,0.000000,0.000000,-0.291087,0.001509,7722
16.328092,685555.613225,0.005000,air_chirp,0.000000,0.000000,0.001475,0.000000,0.000000,0.000000,-0.240413,0.006447,7724
16.333092,685555.618348,0.005000,air_chirp,0.000000,0.000000,0.001602,0.000000,0.000000,0.000000,-0.317088,0.004428,7726
16.338092,685555.623500,0.005000,air_chirp,0.000000,0.000000,0.001727,0.000000,0.000000,0.000000,-0.374295,0.001216,7728
16.343092,685555.628631,0.005000,air_chirp,0.000000,0.000000,0.001850,0.000000,0.000000,0.000000,-0.349308,0.006153,7730
16.348092,685555.633879,0.005000,air_chirp,0.000000,0.000000,0.001972,0.000000,0.000000,0.000000,-0.298663,0.001455,7732
16.353093,685555.639171,0.005001,air_chirp,0.000000,0.000000,0.002091,0.000000,0.000000,0.000000,-0.246000,0.006409,7734
16.358093,685555.644303,0.005000,air_chirp,0.000000,0.000000,0.002203,0.000000,0.000000,0.000000,-0.284531,0.004203,7736
16.363095,685555.649431,0.005003,air_chirp,0.000000,0.000000,0.002311,0.000000,0.000000,0.000000,-0.379666,0.004377,7738
16.368093,685555.654615,0.004998,air_chirp,0.000000,0.000000,0.002415,0.000000,0.000000,0.000000,-0.361294,0.001162,7740
16.373092,685555.659857,0.004999,air_chirp,0.000000,0.000000,0.002517,0.000000,0.000000,0.000000,-0.284562,0.006095,7742
16.378092,685555.665085,0.005000,air_chirp,0.000000,0.000000,0.002614,0.000000,0.000000,0.000000,-0.310911,0.004466,7744
16.383092,685555.670202,0.005000,air_chirp,0.000000,0.000000,0.002704,0.000000,0.000000,0.000000,-0.362875,0.001161,7746
16.388092,685555.675330,0.005000,air_chirp,0.000000,0.000000,0.002790,0.000000,0.000000,0.000000,-0.384467,0.006100,7748
16.393092,685555.680479,0.005000,air_chirp,0.000000,0.000000,0.002870,0.000000,0.000000,0.000000,-0.351365,0.001054,7750
16.398092,685555.685735,0.005000,air_chirp,0.000000,0.000000,0.002947,0.000000,0.000000,0.000000,-0.290728,0.001709,7752
16.403093,685555.691045,0.005001,air_chirp,0.000000,0.000000,0.003019,0.000000,0.000000,0.000000,-0.290588,0.001240,7754
16.408092,685555.696195,0.004999,air_chirp,0.000000,0.000000,0.003083,0.000000,0.000000,0.000000,-0.343050,0.001749,7756
16.413093,685555.701318,0.005001,air_chirp,0.000000,0.000000,0.003142,0.000000,0.000000,0.000000,-0.357981,0.001263,7758
16.423093,685555.706441,0.010000,air_chirp,0.000000,0.000000,0.003194,0.000000,0.000000,0.000000,-0.298509,0.001425,7762
16.428093,685555.711682,0.005000,air_chirp,0.000000,0.000000,0.003242,0.000000,0.000000,0.000000,-0.248974,0.006371,7764
16.433092,685555.716904,0.005000,air_chirp,0.000000,0.000000,0.003283,0.000000,0.000000,0.000000,-0.276505,0.004349,7766
16.438092,685555.722146,0.005000,air_chirp,0.000000,0.000000,0.003318,0.000000,0.000000,0.000000,-0.305108,0.004362,7768
16.443092,685555.727274,0.005000,air_chirp,0.000000,0.000000,0.003346,0.000000,0.000000,0.000000,-0.312005,0.001349,7770
16.448093,685555.732405,0.005000,air_chirp,0.000000,0.000000,0.003368,0.000000,0.000000,0.000000,-0.322185,0.006286,7772
16.453093,685555.737585,0.005000,air_chirp,0.000000,0.000000,0.003383,0.000000,0.000000,0.000000,-0.322987,0.004372,7774
16.458093,685555.742812,0.005000,air_chirp,0.000000,0.000000,0.003393,0.000000,0.000000,0.000000,-0.321523,0.004373,7776
16.463094,685555.747934,0.005001,air_chirp,0.000000,0.000000,0.003395,0.000000,0.000000,0.000000,-0.384175,0.004355,7778
16.468092,685555.753169,0.004998,air_chirp,0.000000,0.000000,0.003391,0.000000,0.000000,0.000000,-0.427693,0.004305,7780
16.473093,685555.758325,0.005000,air_chirp,0.000000,0.000000,0.003380,0.000000,0.000000,0.000000,-0.334239,0.000951,7782
16.478092,685555.763620,0.005000,air_chirp,0.000000,0.000000,0.003363,0.000000,0.000000,0.000000,-0.295810,0.001477,7784
16.483092,685555.768870,0.005000,air_chirp,0.000000,0.000000,0.003338,0.000000,0.000000,0.000000,-0.332886,0.006422,7786
16.488093,685555.773986,0.005000,air_chirp,0.000000,0.000000,0.003308,0.000000,0.000000,0.000000,-0.368671,0.004414,7788
16.493093,685555.779172,0.005000,air_chirp,0.000000,0.000000,0.003271,0.000000,0.000000,0.000000,-0.400677,0.001273,7790
16.498092,685555.784298,0.005000,air_chirp,0.000000,0.000000,0.003228,0.000000,0.000000,0.000000,-0.399518,0.006217,7792
16.503093,685555.789419,0.005001,air_chirp,0.000000,0.000000,0.003179,0.000000,0.000000,0.000000,-0.317813,0.001300,7794
16.508092,685555.794604,0.004999,air_chirp,0.000000,0.000000,0.003123,0.000000,0.000000,0.000000,-0.229769,0.006232,7796
16.513093,685555.799722,0.005001,air_chirp,0.000000,0.000000,0.003061,0.000000,0.000000,0.000000,-0.268804,0.004439,7798
16.518092,685555.804867,0.004999,air_chirp,0.000000,0.000000,0.002993,0.000000,0.000000,0.000000,-0.325951,0.004382,7800
16.523093,685555.810100,0.005000,air_chirp,0.000000,0.000000,0.002918,0.000000,0.000000,0.000000,-0.388666,0.001266,7802
16.528092,685555.815311,0.005000,air_chirp,0.000000,0.000000,0.002837,0.000000,0.000000,0.000000,-0.443708,0.006192,7804
16.533092,685555.820529,0.005000,air_chirp,0.000000,0.000000,0.002750,0.000000,0.000000,0.000000,-0.420643,0.004360,7806
16.538092,685555.825754,0.005000,air_chirp,0.000000,0.000000,0.002658,0.000000,0.000000,0.000000,-0.377198,0.001243,7808
16.543092,685555.830968,0.005000,air_chirp,0.000000,0.000000,0.002560,0.000000,0.000000,0.000000,-0.359545,0.006187,7810
16.548092,685555.836174,0.005000,air_chirp,0.000000,0.000000,0.002456,0.000000,0.000000,0.000000,-0.330476,0.001276,7812
16.558093,685555.841293,0.010001,air_chirp,0.000000,0.000000,0.002350,0.000000,0.000000,0.000000,-0.328888,0.004421,7816
16.563093,685555.846402,0.005000,air_chirp,0.000000,0.000000,0.002239,0.000000,0.000000,0.000000,-0.372341,0.001486,7818
16.568092,685555.851505,0.004999,air_chirp,0.000000,0.000000,0.002123,0.000000,0.000000,0.000000,-0.386240,0.006419,7820
16.573092,685555.856624,0.005000,air_chirp,0.000000,0.000000,0.002004,0.000000,0.000000,0.000000,-0.333702,0.001486,7822
16.578093,685555.861780,0.005001,air_chirp,0.000000,0.000000,0.001879,0.000000,0.000000,0.000000,-0.275936,0.006428,7824
16.583092,685555.866882,0.004999,air_chirp,0.000000,0.000000,0.001751,0.000000,0.000000,0.000000,-0.280020,0.001225,7826
16.588092,685555.871985,0.005000,air_chirp,0.000000,0.000000,0.001619,0.000000,0.000000,0.000000,-0.288973,0.006164,7828
16.593092,685555.877085,0.005000,air_chirp,0.000000,0.000000,0.001484,0.000000,0.000000,0.000000,-0.271859,0.001188,7830
16.598092,685555.882197,0.005000,air_chirp,0.000000,0.000000,0.001347,0.000000,0.000000,0.000000,-0.252693,0.006132,7832
16.603093,685555.887302,0.005001,air_chirp,0.000000,0.000000,0.001205,0.000000,0.000000,0.000000,-0.376675,0.004384,7834
16.608093,685555.892412,0.005000,air_chirp,0.000000,0.000000,0.001062,0.000000,0.000000,0.000000,-0.442261,0.001275,7836
16.613093,685555.897539,0.005000,air_chirp,0.000000,0.000000,0.000916,0.000000,0.000000,0.000000,-0.377761,0.006222,7838
16.618092,685555.902659,0.004999,air_chirp,0.000000,0.000000,0.000767,0.000000,0.000000,0.000000,-0.394785,0.004417,7840
16.623093,685555.907801,0.005001,air_chirp,0.000000,0.000000,0.000616,0.000000,0.000000,0.000000,-0.345235,0.001484,7842
16.628092,685555.912923,0.005000,air_chirp,0.000000,0.000000,0.000464,0.000000,0.000000,0.000000,-0.268343,0.006421,7844
16.633092,685555.918165,0.005000,air_chirp,0.000000,0.000000,0.000308,0.000000,0.000000,0.000000,-0.344907,0.001465,7846
16.638093,685555.923283,0.005001,air_chirp,0.000000,0.000000,0.000154,0.000000,0.000000,0.000000,-0.433547,0.006416,7848
16.643093,685555.928413,0.005000,air_chirp,0.000000,0.000000,-0.000001,0.000000,0.000000,0.000000,-0.382373,0.001345,7850
16.648093,685555.933535,0.005000,air_chirp,0.000000,0.000000,-0.000156,0.000000,0.000000,0.000000,-0.320194,0.006277,7852
16.653093,685555.938657,0.005000,air_chirp,0.000000,0.000000,-0.000311,0.000000,0.000000,0.000000,-0.332353,0.004305,7854
16.658093,685555.943776,0.005000,air_chirp,0.000000,0.000000,-0.000465,0.000000,0.000000,0.000000,-0.356056,0.001253,7856
16.663093,685555.948898,0.005000,air_chirp,0.000000,0.000000,-0.000619,0.000000,0.000000,0.000000,-0.363613,0.006193,7858
16.668092,685555.954021,0.005000,air_chirp,0.000000,0.000000,-0.000773,0.000000,0.000000,0.000000,-0.387257,0.004421,7860
16.673092,685555.959140,0.005000,air_chirp,0.000000,0.000000,-0.000924,0.000000,0.000000,0.000000,-0.343653,0.001250,7862
16.678095,685555.964259,0.005002,air_chirp,0.000000,0.000000,-0.001075,0.000000,0.000000,0.000000,-0.271708,0.006221,7864
16.683093,685555.969379,0.004998,air_chirp,0.000000,0.000000,-0.001223,0.000000,0.000000,0.000000,-0.306051,0.001054,7866
16.688092,685555.974497,0.005000,air_chirp,0.000000,0.000000,-0.001369,0.000000,0.000000,0.000000,-0.348759,0.005992,7868
16.693092,685555.979615,0.005000,air_chirp,0.000000,0.000000,-0.001513,0.000000,0.000000,0.000000,-0.368259,0.001472,7870
16.698092,685555.984734,0.005000,air_chirp,0.000000,0.000000,-0.001654,0.000000,0.000000,0.000000,-0.385932,0.006415,7872
16.703096,685555.989854,0.005003,air_chirp,0.000000,0.000000,-0.001792,0.000000,0.000000,0.000000,-0.346579,0.004336,7874
16.708093,685555.995010,0.004997,air_chirp,0.000000,0.000000,-0.001927,0.000000,0.000000,0.000000,-0.290214,0.001286,7876
16.713093,685556.000135,0.005000,air_chirp,0.000000,0.000000,-0.002059,0.000000,0.000000,0.000000,-0.273253,0.006232,7878
16.718092,685556.005254,0.004999,air_chirp,0.000000,0.000000,-0.002186,0.000000,0.000000,0.000000,-0.310866,0.004374,7880
16.723092,685556.010384,0.005000,air_chirp,0.000000,0.000000,-0.002309,0.000000,0.000000,0.000000,-0.341282,0.001480,7882
16.728093,685556.015510,0.005001,air_chirp,0.000000,0.000000,-0.002427,0.000000,0.000000,0.000000,-0.332185,0.006420,7884
16.733093,685556.020774,0.005001,air_chirp,0.000000,0.000000,-0.002544,0.000000,0.000000,0.000000,-0.319219,0.001482,7886
16.738092,685556.025966,0.004999,air_chirp,0.000000,0.000000,-0.002655,0.000000,0.000000,0.000000,-0.305949,0.006409,7888
16.748092,685556.031233,0.010000,air_chirp,0.000000,0.000000,-0.002761,0.000000,0.000000,0.000000,-0.344609,0.006181,7892
16.753093,685556.036494,0.005001,air_chirp,0.000000,0.000000,-0.002861,0.000000,0.000000,0.000000,-0.358504,0.001490,7894
16.758092,685556.041776,0.004999,air_chirp,0.000000,0.000000,-0.002956,0.000000,0.000000,0.000000,-0.371875,0.006422,7896
16.763092,685556.047071,0.005000,air_chirp,0.000000,0.000000,-0.003045,0.000000,0.000000,0.000000,-0.325978,0.004382,7898
16.768092,685556.052208,0.005000,air_chirp,0.000000,0.000000,-0.003126,0.000000,0.000000,0.000000,-0.289971,0.004177,7900
16.773093,685556.057327,0.005001,air_chirp,0.000000,0.000000,-0.003199,0.000000,0.000000,0.000000,-0.312297,0.001234,7902
16.778094,685556.062606,0.005001,air_chirp,0.000000,0.000000,-0.003268,0.000000,0.000000,0.000000,-0.324660,0.006217,7904
16.783097,685556.067899,0.005003,air_chirp,0.000000,0.000000,-0.003330,0.000000,0.000000,0.000000,-0.345621,0.000903,7906
16.788092,685556.073147,0.004995,air_chirp,0.000000,0.000000,-0.003385,0.000000,0.000000,0.000000,-0.366819,0.001340,7908
16.793092,685556.078367,0.005000,air_chirp,0.000000,0.000000,-0.003432,0.000000,0.000000,0.000000,-0.368047,0.006253,7910
16.798093,685556.083595,0.005000,air_chirp,0.000000,0.000000,-0.003473,0.000000,0.000000,0.000000,-0.329449,0.001325,7912
16.803092,685556.088829,0.004999,air_chirp,0.000000,0.000000,-0.003505,0.000000,0.000000,0.000000,-0.287716,0.006247,7914
16.808092,685556.094044,0.005000,air_chirp,0.000000,0.000000,-0.003530,0.000000,0.000000,0.000000,-0.304487,0.001528,7916
16.813093,685556.099161,0.005001,air_chirp,0.000000,0.000000,-0.003547,0.000000,0.000000,0.000000,-0.325861,0.006445,7918
16.818092,685556.104278,0.004999,air_chirp,0.000000,0.000000,-0.003557,0.000000,0.000000,0.000000,-0.342424,0.001520,7920
16.823092,685556.109396,0.005000,air_chirp,0.000000,0.000000,-0.003560,0.000000,0.000000,0.000000,-0.358608,0.006468,7922
16.828092,685556.114637,0.005000,air_chirp,0.000000,0.000000,-0.003555,0.000000,0.000000,0.000000,-0.340631,0.001338,7924
16.833092,685556.119892,0.005000,air_chirp,0.000000,0.000000,-0.003542,0.000000,0.000000,0.000000,-0.319965,0.006290,7926
16.838093,685556.125162,0.005000,air_chirp,0.000000,0.000000,-0.003521,0.000000,0.000000,0.000000,-0.360809,0.004406,7928
16.843092,685556.130404,0.004999,air_chirp,0.000000,0.000000,-0.003493,0.000000,0.000000,0.000000,-0.406493,0.004251,7930
16.848093,685556.135732,0.005001,air_chirp,0.000000,0.000000,-0.003456,0.000000,0.000000,0.000000,-0.367685,0.001282,7932
16.853092,685556.140976,0.004999,air_chirp,0.000000,0.000000,-0.003413,0.000000,0.000000,0.000000,-0.322227,0.006220,7934
16.863092,685556.146218,0.010000,air_chirp,0.000000,0.000000,-0.003361,0.000000,0.000000,0.000000,-0.377998,0.001314,7938
16.868093,685556.151451,0.005000,air_chirp,0.000000,0.000000,-0.003302,0.000000,0.000000,0.000000,-0.372896,0.006251,7940
16.873092,685556.156702,0.005000,air_chirp,0.000000,0.000000,-0.003236,0.000000,0.000000,0.000000,-0.351380,0.001468,7942
16.878092,685556.162087,0.005000,air_chirp,0.000000,0.000000,-0.003161,0.000000,0.000000,0.000000,-0.328571,0.006413,7944
16.883093,685556.167242,0.005000,air_chirp,0.000000,0.000000,-0.003080,0.000000,0.000000,0.000000,-0.299312,0.004379,7946
16.888092,685556.172522,0.004999,air_chirp,0.000000,0.000000,-0.002992,0.000000,0.000000,0.000000,-0.264843,0.004352,7948
16.893092,685556.177637,0.005001,air_chirp,0.000000,0.000000,-0.002899,0.000000,0.000000,0.000000,-0.308304,0.001338,7950
16.898092,685556.182799,0.005000,air_chirp,0.000000,0.000000,-0.002800,0.000000,0.000000,0.000000,-0.362600,0.006254,7952
16.903092,685556.187947,0.005000,air_chirp,0.000000,0.000000,-0.002694,0.000000,0.000000,0.000000,-0.346872,0.001625,7954
16.908092,685556.193085,0.005000,air_chirp,0.000000,0.000000,-0.002583,0.000000,0.000000,0.000000,-0.325634,0.006555,7956
16.913093,685556.198220,0.005000,air_chirp,0.000000,0.000000,-0.002466,0.000000,0.000000,0.000000,-0.323866,0.001400,7958
16.918092,685556.203355,0.004999,air_chirp,0.000000,0.000000,-0.002343,0.000000,0.000000,0.000000,-0.323630,0.006343,7960
16.923092,685556.208518,0.005000,air_chirp,0.000000,0.000000,-0.002215,0.000000,0.000000,0.000000,-0.311444,0.001326,7962
16.928092,685556.213729,0.005000,air_chirp,0.000000,0.000000,-0.002080,0.000000,0.000000,0.000000,-0.298316,0.006260,7964
16.933092,685556.218956,0.005000,air_chirp,0.000000,0.000000,-0.001940,0.000000,0.000000,0.000000,-0.295671,0.001229,7966
16.938092,685556.224058,0.005000,air_chirp,0.000000,0.000000,-0.001798,0.000000,0.000000,0.000000,-0.293850,0.006161,7968
16.943095,685556.229162,0.005002,air_chirp,0.000000,0.000000,-0.001653,0.000000,0.000000,0.000000,-0.313656,0.000819,7970
16.948093,685556.234248,0.004998,air_chirp,0.000000,0.000000,-0.001503,0.000000,0.000000,0.000000,-0.334437,0.001281,7972
16.953093,685556.239398,0.005000,air_chirp,0.000000,0.000000,-0.001351,0.000000,0.000000,0.000000,-0.335346,0.006220,7974
16.958092,685556.244505,0.005000,air_chirp,0.000000,0.000000,-0.001194,0.000000,0.000000,0.000000,-0.358801,0.004444,7976
16.963093,685556.249626,0.005001,air_chirp,0.000000,0.000000,-0.001035,0.000000,0.000000,0.000000,-0.364482,0.004369,7978
16.968093,685556.254744,0.004999,air_chirp,0.000000,0.000000,-0.000873,0.000000,0.000000,0.000000,-0.300806,0.004100,7980
16.973092,685556.259864,0.005000,air_chirp,0.000000,0.000000,-0.000709,0.000000,0.000000,0.000000,-0.261717,0.004216,7982
16.978092,685556.264984,0.005000,air_chirp,0.000000,0.000000,-0.000543,0.000000,0.000000,0.000000,-0.269140,0.004391,7984
16.983093,685556.270055,0.005001,air_chirp,0.000000,0.000000,-0.000377,0.000000,0.000000,0.000000,-0.282775,0.001424,7986
16.988093,685556.275175,0.005000,air_chirp,0.000000,0.000000,-0.000208,0.000000,0.000000,0.000000,-0.296899,0.006367,7988
16.993092,685556.280309,0.004999,air_chirp,0.000000,0.000000,-0.000039,0.000000,0.000000,0.000000,-0.298644,0.004448,7990
16.998092,685556.285432,0.005000,air_chirp,0.000000,0.000000,0.000132,0.000000,0.000000,0.000000,-0.276298,0.001497,7992
17.003092,685556.290553,0.005000,air_chirp,0.000000,0.000000,0.000302,0.000000,0.000000,0.000000,-0.290223,0.001047,7994
17.008092,685556.295685,0.005000,air_chirp,0.000000,0.000000,0.000471,0.000000,0.000000,0.000000,-0.346419,0.001632,7996
17.013093,685556.300796,0.005000,air_chirp,0.000000,0.000000,0.000641,0.000000,0.000000,0.000000,-0.367142,0.006559,7998
17.018092,685556.305896,0.005000,air_chirp,0.000000,0.000000,0.000808,0.000000,0.000000,0.000000,-0.326150,0.004841,8000
17.023092,685556.311007,0.005000,air_chirp,0.000000,0.000000,0.000974,0.000000,0.000000,0.000000,-0.273529,0.004224,8002
17.028093,685556.316121,0.005000,air_chirp,0.000000,0.000000,0.001139,0.000000,0.000000,0.000000,-0.277610,0.004176,8004
17.038093,685556.321227,0.010000,air_chirp,0.000000,0.000000,0.001301,0.000000,0.000000,0.000000,-0.311891,0.001227,8008
17.043092,685556.326334,0.005000,air_chirp,0.000000,0.000000,0.001460,0.000000,0.000000,0.000000,-0.314054,0.006163,8010
17.048092,685556.331442,0.005000,air_chirp,0.000000,0.000000,0.001617,0.000000,0.000000,0.000000,-0.329235,0.001483,8012
17.053093,685556.336620,0.005000,air_chirp,0.000000,0.000000,0.001772,0.000000,0.000000,0.000000,-0.345440,0.006410,8014
17.058092,685556.341761,0.005000,air_chirp,0.000000,0.000000,0.001922,0.000000,0.000000,0.000000,-0.340447,0.001497,8016
17.063092,685556.346976,0.005000,air_chirp,0.000000,0.000000,0.002071,0.000000,0.000000,0.000000,-0.333786,0.006434,8018
17.068092,685556.352275,0.005000,air_chirp,0.000000,0.000000,0.002218,0.000000,0.000000,0.000000,-0.340832,0.001520,8020
17.073093,685556.357435,0.005000,air_chirp,0.000000,0.000000,0.002356,0.000000,0.000000,0.000000,-0.348956,0.006462,8022
17.078093,685556.362590,0.005000,air_chirp,0.000000,0.000000,0.002489,0.000000,0.000000,0.000000,-0.299077,0.001236,8024
17.083092,685556.367743,0.004999,air_chirp,0.000000,0.000000,0.002617,0.000000,0.000000,0.000000,-0.244633,0.006165,8026
17.088093,685556.372874,0.005000,air_chirp,0.000000,0.000000,0.002739,0.000000,0.000000,0.000000,-0.280854,0.004468,8028
17.093093,685556.378034,0.005000,air_chirp,0.000000,0.000000,0.002854,0.000000,0.000000,0.000000,-0.328779,0.001401,8030
17.098094,685556.383163,0.005001,air_chirp,0.000000,0.000000,0.002964,0.000000,0.000000,0.000000,-0.337120,0.006402,8032
17.103092,685556.388282,0.004999,air_chirp,0.000000,0.000000,0.003067,0.000000,0.000000,0.000000,-0.315995,0.001336,8034
17.108092,685556.393424,0.005000,air_chirp,0.000000,0.000000,0.003163,0.000000,0.000000,0.000000,-0.292552,0.006279,8036
17.113092,685556.398578,0.005000,air_chirp,0.000000,0.000000,0.003253,0.000000,0.000000,0.000000,-0.307481,0.004380,8038
17.118093,685556.403831,0.005000,air_chirp,0.000000,0.000000,0.003337,0.000000,0.000000,0.000000,-0.297255,0.004333,8040
17.123092,685556.409066,0.005000,air_chirp,0.000000,0.000000,0.003412,0.000000,0.000000,0.000000,-0.284946,0.001462,8042
17.128092,685556.414213,0.005000,air_chirp,0.000000,0.000000,0.003480,0.000000,0.000000,0.000000,-0.300648,0.006392,8044
17.133092,685556.419334,0.005000,air_chirp,0.000000,0.000000,0.003539,0.000000,0.000000,0.000000,-0.299984,0.004400,8046
17.138092,685556.424474,0.005000,air_chirp,0.000000,0.000000,0.003590,0.000000,0.000000,0.000000,-0.329408,0.004286,8048
17.143092,685556.429645,0.005000,air_chirp,0.000000,0.000000,0.003633,0.000000,0.000000,0.000000,-0.347179,0.004713,8050
17.148093,685556.434910,0.005000,air_chirp,0.000000,0.000000,0.003669,0.000000,0.000000,0.000000,-0.348369,0.004192,8052
17.153092,685556.440146,0.005000,air_chirp,0.000000,0.000000,0.003696,0.000000,0.000000,0.000000,-0.384957,0.001535,8054
17.158092,685556.445274,0.005000,air_chirp,0.000000,0.000000,0.003714,0.000000,0.000000,0.000000,-0.408619,0.006477,8056
17.163092,685556.450398,0.005000,air_chirp,0.000000,0.000000,0.003724,0.000000,0.000000,0.000000,-0.351578,0.004764,8058
17.168092,685556.455560,0.005000,air_chirp,0.000000,0.000000,0.003724,0.000000,0.000000,0.000000,-0.243597,0.004207,8060
17.173092,685556.460716,0.005000,air_chirp,0.000000,0.000000,0.003717,0.000000,0.000000,0.000000,-0.287835,0.004300,8062
17.178093,685556.465947,0.005001,air_chirp,0.000000,0.000000,0.003700,0.000000,0.000000,0.000000,-0.260766,0.001290,8064
17.188093,685556.471188,0.010000,air_chirp,0.000000,0.000000,0.003675,0.000000,0.000000,0.000000,-0.259209,0.001064,8068
17.193092,685556.476307,0.005000,air_chirp,0.000000,0.000000,0.003641,0.000000,0.000000,0.000000,-0.378203,0.001682,8070
17.198092,685556.481426,0.005000,air_chirp,0.000000,0.000000,0.003600,0.000000,0.000000,0.000000,-0.310296,0.001245,8072
17.203093,685556.486616,0.005001,air_chirp,0.000000,0.000000,0.003549,0.000000,0.000000,0.000000,-0.257476,0.006191,8074
17.208092,685556.491886,0.004999,air_chirp,0.000000,0.000000,0.003488,0.000000,0.000000,0.000000,-0.288336,0.001468,8076
17.213092,685556.497121,0.005000,air_chirp,0.000000,0.000000,0.003420,0.000000,0.000000,0.000000,-0.325782,0.006409,8078
17.218092,685556.502241,0.005000,air_chirp,0.000000,0.000000,0.003345,0.000000,0.000000,0.000000,-0.300894,0.001446,8080
17.223092,685556.507360,0.005000,air_chirp,0.000000,0.000000,0.003262,0.000000,0.000000,0.000000,-0.271101,0.006379,8082
17.228092,685556.512514,0.005000,air_chirp,0.000000,0.000000,0.003171,0.000000,0.000000,0.000000,-0.330575,0.001278,8084
17.233092,685556.517680,0.005000,air_chirp,0.000000,0.000000,0.003072,0.000000,0.000000,0.000000,-0.397074,0.006215,8086
17.238092,685556.522895,0.005000,air_chirp,0.000000,0.000000,0.002964,0.000000,0.000000,0.000000,-0.351126,0.001506,8088
17.243092,685556.528134,0.005000,air_chirp,0.000000,0.000000,0.002848,0.000000,0.000000,0.000000,-0.296327,0.006443,8090
17.248092,685556.533258,0.005000,air_chirp,0.000000,0.000000,0.002728,0.000000,0.000000,0.000000,-0.285989,0.001517,8092
17.253092,685556.538386,0.005000,air_chirp,0.000000,0.000000,0.002602,0.000000,0.000000,0.000000,-0.279149,0.006448,8094
17.258092,685556.543544,0.005000,air_chirp,0.000000,0.000000,0.002468,0.000000,0.000000,0.000000,-0.261486,0.001578,8096
17.263093,685556.548663,0.005000,air_chirp,0.000000,0.000000,0.002329,0.000000,0.000000,0.000000,-0.242971,0.006516,8098
17.268094,685556.553904,0.005001,air_chirp,0.000000,0.000000,0.002181,0.000000,0.000000,0.000000,-0.364588,0.001506,8100
17.273092,685556.559139,0.004998,air_chirp,0.000000,0.000000,0.002027,0.000000,0.000000,0.000000,-0.497235,0.006425,8102
17.278093,685556.564258,0.005001,air_chirp,0.000000,0.000000,0.001872,0.000000,0.000000,0.000000,-0.404422,0.001243,8104
17.283092,685556.569376,0.004999,air_chirp,0.000000,0.000000,0.001712,0.000000,0.000000,0.000000,-0.293865,0.006180,8106
17.288092,685556.574529,0.005000,air_chirp,0.000000,0.000000,0.001547,0.000000,0.000000,0.000000,-0.357913,0.001027,8108
17.293092,685556.579745,0.005000,air_chirp,0.000000,0.000000,0.001376,0.000000,0.000000,0.000000,-0.435702,0.005959,8110
17.298093,685556.584986,0.005000,air_chirp,0.000000,0.000000,0.001200,0.000000,0.000000,0.000000,-0.396517,0.004436,8112
17.303093,685556.590192,0.005000,air_chirp,0.000000,0.000000,0.001022,0.000000,0.000000,0.000000,-0.421295,0.001286,8114
17.308093,685556.595314,0.005001,air_chirp,0.000000,0.000000,0.000843,0.000000,0.000000,0.000000,-0.496413,0.006229,8116
17.313093,685556.600433,0.005000,air_chirp,0.000000,0.000000,0.000663,0.000000,0.000000,0.000000,-0.398185,0.001309,8118
17.318093,685556.605554,0.005000,air_chirp,0.000000,0.000000,0.000481,0.000000,0.000000,0.000000,-0.286314,0.006244,8120
17.323092,685556.610713,0.005000,air_chirp,0.000000,0.000000,0.000296,0.000000,0.000000,0.000000,-0.280602,0.001495,8122
17.328092,685556.615943,0.005000,air_chirp,0.000000,0.000000,0.000107,0.000000,0.000000,0.000000,-0.283246,0.006437,8124
17.338093,685556.621210,0.010000,air_chirp,0.000000,0.000000,-0.000083,0.000000,0.000000,0.000000,-0.392396,0.006546,8128
17.343092,685556.626332,0.005000,air_chirp,0.000000,0.000000,-0.000270,0.000000,0.000000,0.000000,-0.383058,0.004341,8130
17.348092,685556.631449,0.005000,air_chirp,0.000000,0.000000,-0.000455,0.000000,0.000000,0.000000,-0.389174,0.001194,8132
17.353092,685556.636642,0.005000,air_chirp,0.000000,0.000000,-0.000641,0.000000,0.000000,0.000000,-0.410295,0.006133,8134
17.358092,685556.641871,0.005000,air_chirp,0.000000,0.000000,-0.000829,0.000000,0.000000,0.000000,-0.372679,0.004433,8136
17.363092,685556.647188,0.005000,air_chirp,0.000000,0.000000,-0.001017,0.000000,0.000000,0.000000,-0.329687,0.004297,8138
17.368092,685556.652308,0.005000,air_chirp,0.000000,0.000000,-0.001198,0.000000,0.000000,0.000000,-0.336086,0.004305,8140
17.373092,685556.657429,0.005000,air_chirp,0.000000,0.000000,-0.001376,0.000000,0.000000,0.000000,-0.381073,0.001285,8142
17.378092,685556.662602,0.005000,air_chirp,0.000000,0.000000,-0.001551,0.000000,0.000000,0.000000,-0.418562,0.006227,8144
17.383092,685556.667822,0.005000,air_chirp,0.000000,0.000000,-0.001726,0.000000,0.000000,0.000000,-0.421513,0.004426,8146
17.388092,685556.673063,0.005000,air_chirp,0.000000,0.000000,-0.001897,0.000000,0.000000,0.000000,-0.369809,0.001279,8148
17.393093,685556.678210,0.005000,air_chirp,0.000000,0.000000,-0.002060,0.000000,0.000000,0.000000,-0.313804,0.006226,8150
17.398093,685556.683329,0.005000,air_chirp,0.000000,0.000000,-0.002218,0.000000,0.000000,0.000000,-0.309239,0.004215,8152
17.403092,685556.688497,0.004999,air_chirp,0.000000,0.000000,-0.002372,0.000000,0.000000,0.000000,-0.300612,0.004250,8154
17.408092,685556.693657,0.005000,air_chirp,0.000000,0.000000,-0.002521,0.000000,0.000000,0.000000,-0.311118,0.004234,8156
17.413094,685556.698881,0.005001,air_chirp,0.000000,0.000000,-0.002665,0.000000,0.000000,0.000000,-0.321070,0.001293,8158
17.418096,685556.704141,0.005002,air_chirp,0.000000,0.000000,-0.002803,0.000000,0.000000,0.000000,-0.311684,0.006227,8160
17.423092,685556.709269,0.004996,air_chirp,0.000000,0.000000,-0.002933,0.000000,0.000000,0.000000,-0.341622,0.004360,8162
17.428093,685556.714392,0.005001,air_chirp,0.000000,0.000000,-0.003055,0.000000,0.000000,0.000000,-0.359041,0.004341,8164
17.433092,685556.719554,0.004999,air_chirp,0.000000,0.000000,-0.003169,0.000000,0.000000,0.000000,-0.358178,0.004360,8166
17.438092,685556.724796,0.005000,air_chirp,0.000000,0.000000,-0.003279,0.000000,0.000000,0.000000,-0.360492,0.004364,8168
17.443092,685556.730017,0.005000,air_chirp,0.000000,0.000000,-0.003380,0.000000,0.000000,0.000000,-0.357731,0.004397,8170
17.448094,685556.735214,0.005001,air_chirp,0.000000,0.000000,-0.003472,0.000000,0.000000,0.000000,-0.382030,0.001242,8172
17.453092,685556.740342,0.004999,air_chirp,0.000000,0.000000,-0.003555,0.000000,0.000000,0.000000,-0.400405,0.006167,8174
17.458092,685556.745488,0.005000,air_chirp,0.000000,0.000000,-0.003628,0.000000,0.000000,0.000000,-0.384056,0.004364,8176
17.463093,685556.750786,0.005001,air_chirp,0.000000,0.000000,-0.003696,0.000000,0.000000,0.000000,-0.328929,0.001171,8178
17.468092,685556.755997,0.004999,air_chirp,0.000000,0.000000,-0.003751,0.000000,0.000000,0.000000,-0.288545,0.006100,8180
17.473093,685556.761123,0.005001,air_chirp,0.000000,0.000000,-0.003798,0.000000,0.000000,0.000000,-0.349890,0.001401,8182
17.478093,685556.766228,0.004999,air_chirp,0.000000,0.000000,-0.003835,0.000000,0.000000,0.000000,-0.419241,0.006337,8184
17.483094,685556.771322,0.005001,air_chirp,0.000000,0.000000,-0.003863,0.000000,0.000000,0.000000,-0.367716,0.004393,8186
17.493093,685556.776440,0.009999,air_chirp,0.000000,0.000000,-0.003881,0.000000,0.000000,0.000000,-0.355061,0.004019,8190
17.498092,685556.781564,0.005000,air_chirp,0.000000,0.000000,-0.003889,0.000000,0.000000,0.000000,-0.374747,0.001241,8192
17.503092,685556.786724,0.005000,air_chirp,0.000000,0.000000,-0.003888,0.000000,0.000000,0.000000,-0.347495,0.006195,8194
17.508093,685556.791940,0.005001,air_chirp,0.000000,0.000000,-0.003877,0.000000,0.000000,0.000000,-0.348121,0.001409,8196
17.513093,685556.797167,0.005001,air_chirp,0.000000,0.000000,-0.003856,0.000000,0.000000,0.000000,-0.350941,0.006344,8198
17.518092,685556.802288,0.004999,air_chirp,0.000000,0.000000,-0.003825,0.000000,0.000000,0.000000,-0.358159,0.001322,8200
17.523092,685556.807408,0.005000,air_chirp,0.000000,0.000000,-0.003785,0.000000,0.000000,0.000000,-0.365723,0.006246,8202
17.528092,685556.812649,0.005000,air_chirp,0.000000,0.000000,-0.003735,0.000000,0.000000,0.000000,-0.363105,0.001389,8204
17.533111,685556.817894,0.005018,air_chirp,0.000000,0.000000,-0.003674,0.000000,0.000000,0.000000,-0.359687,0.006409,8206
17.538092,685556.823149,0.004981,air_chirp,0.000000,0.000000,-0.003603,0.000000,0.000000,0.000000,-0.414849,0.004224,8208
17.543093,685556.828269,0.005000,air_chirp,0.000000,0.000000,-0.003524,0.000000,0.000000,0.000000,-0.395062,0.001208,8210
17.548093,685556.833389,0.005000,air_chirp,0.000000,0.000000,-0.003437,0.000000,0.000000,0.000000,-0.313945,0.006154,8212
17.553093,685556.838540,0.005000,air_chirp,0.000000,0.000000,-0.003340,0.000000,0.000000,0.000000,-0.309555,0.001309,8214
17.558092,685556.843763,0.005000,air_chirp,0.000000,0.000000,-0.003233,0.000000,0.000000,0.000000,-0.311204,0.006249,8216
17.563092,685556.848889,0.005000,air_chirp,0.000000,0.000000,-0.003120,0.000000,0.000000,0.000000,-0.321163,0.004437,8218
17.568092,685556.854144,0.005000,air_chirp,0.000000,0.000000,-0.002995,0.000000,0.000000,0.000000,-0.340458,0.001331,8220
17.573092,685556.859272,0.005000,air_chirp,0.000000,0.000000,-0.002865,0.000000,0.000000,0.000000,-0.350660,0.006269,8222
17.578093,685556.864403,0.005000,air_chirp,0.000000,0.000000,-0.002728,0.000000,0.000000,0.000000,-0.278415,0.001310,8224
17.583092,685556.869569,0.005000,air_chirp,0.000000,0.000000,-0.002583,0.000000,0.000000,0.000000,-0.199682,0.006250,8226
17.588092,685556.874879,0.005000,air_chirp,0.000000,0.000000,-0.002426,0.000000,0.000000,0.000000,-0.277653,0.001388,8228
17.593092,685556.880119,0.005000,air_chirp,0.000000,0.000000,-0.002264,0.000000,0.000000,0.000000,-0.367958,0.006332,8230
17.598093,685556.885241,0.005000,air_chirp,0.000000,0.000000,-0.002100,0.000000,0.000000,0.000000,-0.341265,0.004393,8232
17.603092,685556.890363,0.005000,air_chirp,0.000000,0.000000,-0.001930,0.000000,0.000000,0.000000,-0.320256,0.001421,8234
17.608092,685556.895538,0.005000,air_chirp,0.000000,0.000000,-0.001754,0.000000,0.000000,0.000000,-0.333495,0.006358,8236
17.613093,685556.900783,0.005001,air_chirp,0.000000,0.000000,-0.001569,0.000000,0.000000,0.000000,-0.342223,0.001192,8238
17.618092,685556.906016,0.005000,air_chirp,0.000000,0.000000,-0.001380,0.000000,0.000000,0.000000,-0.350596,0.006131,8240
17.623092,685556.911186,0.005000,air_chirp,0.000000,0.000000,-0.001190,0.000000,0.000000,0.000000,-0.388545,0.004299,8242
17.633093,685556.916306,0.010000,air_chirp,0.000000,0.000000,-0.000998,0.000000,0.000000,0.000000,-0.331057,0.004385,8246
17.638093,685556.921460,0.005000,air_chirp,0.000000,0.000000,-0.000802,0.000000,0.000000,0.000000,-0.365039,0.004312,8248
17.643092,685556.926679,0.005000,air_chirp,0.000000,0.000000,-0.000603,0.000000,0.000000,0.000000,-0.249147,0.004374,8250
17.648093,685556.931940,0.005000,air_chirp,0.000000,0.000000,-0.000396,0.000000,0.000000,0.000000,-0.230808,0.001253,8252
17.653093,685556.937216,0.005000,air_chirp,0.000000,0.000000,-0.000189,0.000000,0.000000,0.000000,-0.271026,0.006199,8254
17.658092,685556.942338,0.005000,air_chirp,0.000000,0.000000,0.000013,0.000000,0.000000,0.000000,-0.347960,0.004429,8256
17.663092,685556.947458,0.005000,air_chirp,0.000000,0.000000,0.000215,0.000000,0.000000,0.000000,-0.414433,0.001385,8258
17.668092,685556.952678,0.005000,air_chirp,0.000000,0.000000,0.000421,0.000000,0.000000,0.000000,-0.406314,0.006332,8260
17.673093,685556.957840,0.005000,air_chirp,0.000000,0.000000,0.000623,0.000000,0.000000,0.000000,-0.352627,0.001146,8262
17.678092,685556.962977,0.004999,air_chirp,0.000000,0.000000,0.000825,0.000000,0.000000,0.000000,-0.295353,0.006132,8264
17.683092,685556.968078,0.005000,air_chirp,0.000000,0.000000,0.001022,0.000000,0.000000,0.000000,-0.267877,0.001404,8266
17.688093,685556.973194,0.005001,air_chirp,0.000000,0.000000,0.001218,0.000000,0.000000,0.000000,-0.242746,0.006347,8268
17.693093,685556.978315,0.005001,air_chirp,0.000000,0.000000,0.001412,0.000000,0.000000,0.000000,-0.308958,0.001028,8270
17.698093,685556.983521,0.005000,air_chirp,0.000000,0.000000,0.001604,0.000000,0.000000,0.000000,-0.333977,0.001586,8272
17.703092,685556.988785,0.004999,air_chirp,0.000000,0.000000,0.001796,0.000000,0.000000,0.000000,-0.307439,0.001058,8274
17.708092,685556.993926,0.005000,air_chirp,0.000000,0.000000,0.001978,0.000000,0.000000,0.000000,-0.325226,0.005998,8276
17.713093,685556.999202,0.005000,air_chirp,0.000000,0.000000,0.002159,0.000000,0.000000,0.000000,-0.295231,0.004361,8278
17.718092,685557.004322,0.005000,air_chirp,0.000000,0.000000,0.002332,0.000000,0.000000,0.000000,-0.273904,0.001237,8280
17.723092,685557.009442,0.005000,air_chirp,0.000000,0.000000,0.002497,0.000000,0.000000,0.000000,-0.284653,0.006171,8282
17.728093,685557.014608,0.005001,air_chirp,0.000000,0.000000,0.002657,0.000000,0.000000,0.000000,-0.318367,0.004440,8284
17.733092,685557.019878,0.004999,air_chirp,0.000000,0.000000,0.002814,0.000000,0.000000,0.000000,-0.355952,0.004201,8286
17.738092,685557.025180,0.005000,air_chirp,0.000000,0.000000,0.002965,0.000000,0.000000,0.000000,-0.358600,0.001258,8288
17.743093,685557.030300,0.005001,air_chirp,0.000000,0.000000,0.003102,0.000000,0.000000,0.000000,-0.356433,0.006187,8290
17.748092,685557.035420,0.005000,air_chirp,0.000000,0.000000,0.003232,0.000000,0.000000,0.000000,-0.313895,0.004335,8292
17.753092,685557.040580,0.005000,air_chirp,0.000000,0.000000,0.003354,0.000000,0.000000,0.000000,-0.275989,0.001259,8294
17.758092,685557.045830,0.005000,air_chirp,0.000000,0.000000,0.003469,0.000000,0.000000,0.000000,-0.280816,0.006198,8296
17.763093,685557.051095,0.005000,air_chirp,0.000000,0.000000,0.003575,0.000000,0.000000,0.000000,-0.290969,0.004428,8298
17.768093,685557.056216,0.005000,air_chirp,0.000000,0.000000,0.003669,0.000000,0.000000,0.000000,-0.317928,0.001257,8300
17.778092,685557.061333,0.010000,air_chirp,0.000000,0.000000,0.003753,0.000000,0.000000,0.000000,-0.294993,0.004391,8304
17.783092,685557.066452,0.005000,air_chirp,0.000000,0.000000,0.003827,0.000000,0.000000,0.000000,-0.273291,0.001450,8306
17.788093,685557.071627,0.005000,air_chirp,0.000000,0.000000,0.003891,0.000000,0.000000,0.000000,-0.296040,0.006395,8308
17.793092,685557.076885,0.005000,air_chirp,0.000000,0.000000,0.003946,0.000000,0.000000,0.000000,-0.322711,0.001280,8310
17.798092,685557.082162,0.005000,air_chirp,0.000000,0.000000,0.003990,0.000000,0.000000,0.000000,-0.349689,0.006226,8312
17.803092,685557.087283,0.005000,air_chirp,0.000000,0.000000,0.004022,0.000000,0.000000,0.000000,-0.384617,0.001309,8314
17.808092,685557.092421,0.005000,air_chirp,0.000000,0.000000,0.004044,0.000000,0.000000,0.000000,-0.420169,0.006251,8316
17.813093,685557.097572,0.005000,air_chirp,0.000000,0.000000,0.004054,0.000000,0.000000,0.000000,-0.296523,0.004400,8318
17.818093,685557.102799,0.005000,air_chirp,0.000000,0.000000,0.004053,0.000000,0.000000,0.000000,-0.274242,0.001279,8320
17.823092,685557.108036,0.005000,air_chirp,0.000000,0.000000,0.004041,0.000000,0.000000,0.000000,-0.386383,0.006216,8322
17.828093,685557.113186,0.005001,air_chirp,0.000000,0.000000,0.004018,0.000000,0.000000,0.000000,-0.397460,0.001227,8324
17.833092,685557.118303,0.004999,air_chirp,0.000000,0.000000,0.003984,0.000000,0.000000,0.000000,-0.400583,0.006150,8326
17.838092,685557.123421,0.005000,air_chirp,0.000000,0.000000,0.003939,0.000000,0.000000,0.000000,-0.297884,0.001318,8328
17.843092,685557.128592,0.005000,air_chirp,0.000000,0.000000,0.003883,0.000000,0.000000,0.000000,-0.186857,0.006261,8330
17.848092,685557.133827,0.005000,air_chirp,0.000000,0.000000,0.003815,0.000000,0.000000,0.000000,-0.242536,0.004333,8332
17.853092,685557.139041,0.005000,air_chirp,0.000000,0.000000,0.003736,0.000000,0.000000,0.000000,-0.316401,0.004379,8334
17.858093,685557.144267,0.005001,air_chirp,0.000000,0.000000,0.003646,0.000000,0.000000,0.000000,-0.358696,0.004389,8336
17.863092,685557.149387,0.005000,air_chirp,0.000000,0.000000,0.003548,0.000000,0.000000,0.000000,-0.357125,0.004341,8338
17.868093,685557.154626,0.005001,air_chirp,0.000000,0.000000,0.003438,0.000000,0.000000,0.000000,-0.301315,0.001267,8340
17.873092,685557.159935,0.004999,air_chirp,0.000000,0.000000,0.003316,0.000000,0.000000,0.000000,-0.277551,0.006200,8342
17.878093,685557.165165,0.005001,air_chirp,0.000000,0.000000,0.003185,0.000000,0.000000,0.000000,-0.336799,0.001260,8344
17.883092,685557.170282,0.004999,air_chirp,0.000000,0.000000,0.003049,0.000000,0.000000,0.000000,-0.402581,0.006191,8346
17.888092,685557.175398,0.005000,air_chirp,0.000000,0.000000,0.002903,0.000000,0.000000,0.000000,-0.416234,0.001434,8348
17.893092,685557.180552,0.005000,air_chirp,0.000000,0.000000,0.002749,0.000000,0.000000,0.000000,-0.425785,0.006369,8350
17.898095,685557.185843,0.005003,air_chirp,0.000000,0.000000,0.002582,0.000000,0.000000,0.000000,-0.340115,0.001279,8352
17.903093,685557.190982,0.004998,air_chirp,0.000000,0.000000,0.002413,0.000000,0.000000,0.000000,-0.246952,0.006236,8354
17.913092,685557.196202,0.009999,air_chirp,0.000000,0.000000,0.002232,0.000000,0.000000,0.000000,-0.412776,0.006088,8358
17.918092,685557.201320,0.005000,air_chirp,0.000000,0.000000,0.002049,0.000000,0.000000,0.000000,-0.402904,0.004398,8360
17.923092,685557.206436,0.005000,air_chirp,0.000000,0.000000,0.001860,0.000000,0.000000,0.000000,-0.385206,0.004357,8362
17.928092,685557.211551,0.005000,air_chirp,0.000000,0.000000,0.001666,0.000000,0.000000,0.000000,-0.359583,0.001227,8364
17.933092,685557.216721,0.005000,air_chirp,0.000000,0.000000,0.001466,0.000000,0.000000,0.000000,-0.333336,0.006163,8366
17.938093,685557.221836,0.005001,air_chirp,0.000000,0.000000,0.001261,0.000000,0.000000,0.000000,-0.328874,0.004442,8368
17.943093,685557.226973,0.005000,air_chirp,0.000000,0.000000,0.001052,0.000000,0.000000,0.000000,-0.304295,0.001296,8370
17.948092,685557.232060,0.005000,air_chirp,0.000000,0.000000,0.000842,0.000000,0.000000,0.000000,-0.280528,0.006235,8372
17.953093,685557.237156,0.005000,air_chirp,0.000000,0.000000,0.000628,0.000000,0.000000,0.000000,-0.360547,0.004812,8374
17.958093,685557.242286,0.005001,air_chirp,0.000000,0.000000,0.000413,0.000000,0.000000,0.000000,-0.462581,0.004373,8376
17.963094,685557.247418,0.005001,air_chirp,0.000000,0.000000,0.000194,0.000000,0.000000,0.000000,-0.404269,0.001248,8378
17.968093,685557.252564,0.004999,air_chirp,0.000000,0.000000,-0.000025,0.000000,0.000000,0.000000,-0.319490,0.006176,8380
17.973093,685557.257687,0.005000,air_chirp,0.000000,0.000000,-0.000246,0.000000,0.000000,0.000000,-0.332617,0.001248,8382
17.978092,685557.262814,0.005000,air_chirp,0.000000,0.000000,-0.000465,0.000000,0.000000,0.000000,-0.353451,0.006183,8384
17.983092,685557.267967,0.005000,air_chirp,0.000000,0.000000,-0.000683,0.000000,0.000000,0.000000,-0.338060,0.004342,8386
17.988093,685557.273222,0.005000,air_chirp,0.000000,0.000000,-0.000906,0.000000,0.000000,0.000000,-0.338009,0.004376,8388
17.993092,685557.278352,0.005000,air_chirp,0.000000,0.000000,-0.001121,0.000000,0.000000,0.000000,-0.363638,0.001268,8390
17.998093,685557.283492,0.005000,air_chirp,0.000000,0.000000,-0.001333,0.000000,0.000000,0.000000,-0.373097,0.006219,8392
18.003093,685557.288642,0.005000,air_chirp,0.000000,0.000000,-0.001543,0.000000,0.000000,0.000000,-0.374978,0.001220,8394
18.008092,685557.293812,0.004999,air_chirp,0.000000,0.000000,-0.001749,0.000000,0.000000,0.000000,-0.376262,0.006163,8396
18.013092,685557.298948,0.005000,air_chirp,0.000000,0.000000,-0.001950,0.000000,0.000000,0.000000,-0.382029,0.004246,8398
18.018093,685557.304107,0.005000,air_chirp,0.000000,0.000000,-0.002145,0.000000,0.000000,0.000000,-0.325364,0.004202,8400
18.023092,685557.309211,0.005000,air_chirp,0.000000,0.000000,-0.002335,0.000000,0.000000,0.000000,-0.294009,0.004321,8402
18.028092,685557.314310,0.005000,air_chirp,0.000000,0.000000,-0.002517,0.000000,0.000000,0.000000,-0.343300,0.001445,8404
18.033092,685557.319406,0.005000,air_chirp,0.000000,0.000000,-0.002692,0.000000,0.000000,0.000000,-0.363048,0.006386,8406
18.038093,685557.324549,0.005001,air_chirp,0.000000,0.000000,-0.002860,0.000000,0.000000,0.000000,-0.356862,0.001310,8408
18.043092,685557.329685,0.005000,air_chirp,0.000000,0.000000,-0.003022,0.000000,0.000000,0.000000,-0.348635,0.006247,8410
18.048100,685557.334792,0.005008,air_chirp,0.000000,0.000000,-0.003174,0.000000,0.000000,0.000000,-0.334307,0.004436,8412
18.053092,685557.339960,0.004992,air_chirp,0.000000,0.000000,-0.003318,0.000000,0.000000,0.000000,-0.334505,0.004291,8414
18.058092,685557.345123,0.005000,air_chirp,0.000000,0.000000,-0.003453,0.000000,0.000000,0.000000,-0.382326,0.001345,8416
18.063093,685557.350220,0.005000,air_chirp,0.000000,0.000000,-0.003578,0.000000,0.000000,0.000000,-0.418887,0.006318,8418
18.068092,685557.355309,0.004999,air_chirp,0.000000,0.000000,-0.003692,0.000000,0.000000,0.000000,-0.373983,0.004348,8420
18.073092,685557.360398,0.005000,air_chirp,0.000000,0.000000,-0.003795,0.000000,0.000000,0.000000,-0.358907,0.004301,8422
18.078093,685557.365556,0.005000,air_chirp,0.000000,0.000000,-0.003889,0.000000,0.000000,0.000000,-0.392431,0.004330,8424
18.083092,685557.370815,0.004999,air_chirp,0.000000,0.000000,-0.003973,0.000000,0.000000,0.000000,-0.345984,0.004356,8426
18.088092,685557.376038,0.005000,air_chirp,0.000000,0.000000,-0.004045,0.000000,0.000000,0.000000,-0.378975,0.001284,8428
18.098092,685557.381224,0.010000,air_chirp,0.000000,0.000000,-0.004104,0.000000,0.000000,0.000000,-0.384429,0.001374,8432
18.103093,685557.386391,0.005001,air_chirp,0.000000,0.000000,-0.004152,0.000000,0.000000,0.000000,-0.289852,0.006320,8434
18.108092,685557.391530,0.004999,air_chirp,0.000000,0.000000,-0.004187,0.000000,0.000000,0.000000,-0.335188,0.004333,8436
18.113092,685557.396766,0.005000,air_chirp,0.000000,0.000000,-0.004210,0.000000,0.000000,0.000000,-0.351839,0.004265,8438
18.118092,685557.402040,0.005000,air_chirp,0.000000,0.000000,-0.004220,0.000000,0.000000,0.000000,-0.293781,0.004182,8440
18.123092,685557.407180,0.005000,air_chirp,0.000000,0.000000,-0.004217,0.000000,0.000000,0.000000,-0.328902,0.004758,8442
18.128092,685557.412319,0.005000,air_chirp,0.000000,0.000000,-0.004202,0.000000,0.000000,0.000000,-0.420552,0.001261,8444
18.133092,685557.417462,0.005000,air_chirp,0.000000,0.000000,-0.004174,0.000000,0.000000,0.000000,-0.457287,0.006201,8446
18.138093,685557.422646,0.005001,air_chirp,0.000000,0.000000,-0.004134,0.000000,0.000000,0.000000,-0.394020,0.004411,8448
18.143092,685557.427822,0.004999,air_chirp,0.000000,0.000000,-0.004081,0.000000,0.000000,0.000000,-0.344044,0.004320,8450
18.148092,685557.433059,0.005000,air_chirp,0.000000,0.000000,-0.004016,0.000000,0.000000,0.000000,-0.361271,0.004304,8452
18.153092,685557.438199,0.005000,air_chirp,0.000000,0.000000,-0.003939,0.000000,0.000000,0.000000,-0.374942,0.004289,8454
18.158092,685557.443338,0.005000,air_chirp,0.000000,0.000000,-0.003850,0.000000,0.000000,0.000000,-0.388334,0.004301,8456
18.163093,685557.448479,0.005001,air_chirp,0.000000,0.000000,-0.003749,0.000000,0.000000,0.000000,-0.397932,0.004757,8458
18.168093,685557.453676,0.005000,air_chirp,0.000000,0.000000,-0.003636,0.000000,0.000000,0.000000,-0.354712,0.004364,8460
18.173092,685557.458854,0.005000,air_chirp,0.000000,0.000000,-0.003512,0.000000,0.000000,0.000000,-0.319582,0.004721,8462
18.178093,685557.464103,0.005000,air_chirp,0.000000,0.000000,-0.003376,0.000000,0.000000,0.000000,-0.340979,0.001324,8464
18.183092,685557.469245,0.004999,air_chirp,0.000000,0.000000,-0.003231,0.000000,0.000000,0.000000,-0.346034,0.006264,8466
18.188092,685557.474386,0.005000,air_chirp,0.000000,0.000000,-0.003077,0.000000,0.000000,0.000000,-0.324258,0.004378,8468
18.193092,685557.479525,0.005000,air_chirp,0.000000,0.000000,-0.002913,0.000000,0.000000,0.000000,-0.334468,0.001332,8470
18.198092,685557.484704,0.005000,air_chirp,0.000000,0.000000,-0.002739,0.000000,0.000000,0.000000,-0.369369,0.006275,8472
18.203092,685557.489983,0.005000,air_chirp,0.000000,0.000000,-0.002553,0.000000,0.000000,0.000000,-0.372089,0.004811,8474
18.208094,685557.495137,0.005002,air_chirp,0.000000,0.000000,-0.002362,0.000000,0.000000,0.000000,-0.346347,0.001301,8476
18.213092,685557.500260,0.004998,air_chirp,0.000000,0.000000,-0.002164,0.000000,0.000000,0.000000,-0.318392,0.006227,8478
18.218092,685557.505394,0.005000,air_chirp,0.000000,0.000000,-0.001961,0.000000,0.000000,0.000000,-0.277955,0.004431,8480
18.223092,685557.510578,0.005000,air_chirp,0.000000,0.000000,-0.001750,0.000000,0.000000,0.000000,-0.276321,0.004356,8482
18.228093,685557.515693,0.005001,air_chirp,0.000000,0.000000,-0.001532,0.000000,0.000000,0.000000,-0.339310,0.004110,8484
18.233093,685557.520825,0.005000,air_chirp,0.000000,0.000000,-0.001311,0.000000,0.000000,0.000000,-0.314879,0.001210,8486
18.238092,685557.525986,0.005000,air_chirp,0.000000,0.000000,-0.001085,0.000000,0.000000,0.000000,-0.260236,0.006157,8488
18.248093,685557.531168,0.010000,air_chirp,0.000000,0.000000,-0.000854,0.000000,0.000000,0.000000,-0.313887,0.001288,8492
18.253093,685557.536299,0.005000,air_chirp,0.000000,0.000000,-0.000620,0.000000,0.000000,0.000000,-0.329145,0.006223,8494
18.258092,685557.541415,0.005000,air_chirp,0.000000,0.000000,-0.000386,0.000000,0.000000,0.000000,-0.365415,0.001494,8496
18.263093,685557.546603,0.005000,air_chirp,0.000000,0.000000,-0.000150,0.000000,0.000000,0.000000,-0.403339,0.006428,8498
18.268092,685557.551748,0.005000,air_chirp,0.000000,0.000000,0.000090,0.000000,0.000000,0.000000,-0.349711,0.004405,8500
18.273092,685557.556882,0.005000,air_chirp,0.000000,0.000000,0.000328,0.000000,0.000000,0.000000,-0.287932,0.004386,8502
18.278092,685557.562041,0.005000,air_chirp,0.000000,0.000000,0.000566,0.000000,0.000000,0.000000,-0.339211,0.001453,8504
18.283092,685557.567181,0.005000,air_chirp,0.000000,0.000000,0.000802,0.000000,0.000000,0.000000,-0.400335,0.006397,8506
18.288092,685557.572315,0.005000,air_chirp,0.000000,0.000000,0.001037,0.000000,0.000000,0.000000,-0.363295,0.004951,8508
18.293092,685557.577432,0.005000,air_chirp,0.000000,0.000000,0.001268,0.000000,0.000000,0.000000,-0.326766,0.004751,8510
18.298092,685557.582564,0.005000,air_chirp,0.000000,0.000000,0.001495,0.000000,0.000000,0.000000,-0.319358,0.004339,8512
18.303092,685557.587681,0.005000,air_chirp,0.000000,0.000000,0.001718,0.000000,0.000000,0.000000,-0.303948,0.001253,8514
18.308093,685557.592803,0.005000,air_chirp,0.000000,0.000000,0.001935,0.000000,0.000000,0.000000,-0.300679,0.006196,8516
18.313093,685557.597915,0.005000,air_chirp,0.000000,0.000000,0.002149,0.000000,0.000000,0.000000,-0.311989,0.004808,8518
18.318093,685557.603067,0.005000,air_chirp,0.000000,0.000000,0.002356,0.000000,0.000000,0.000000,-0.318208,0.001180,8520
18.323093,685557.608203,0.005000,air_chirp,0.000000,0.000000,0.002556,0.000000,0.000000,0.000000,-0.312460,0.006125,8522
18.328092,685557.613342,0.004999,air_chirp,0.000000,0.000000,0.002749,0.000000,0.000000,0.000000,-0.322805,0.004274,8524
18.333092,685557.618566,0.005000,air_chirp,0.000000,0.000000,0.002935,0.000000,0.000000,0.000000,-0.326549,0.004294,8526
18.338093,685557.623773,0.005001,air_chirp,0.000000,0.000000,0.003115,0.000000,0.000000,0.000000,-0.370794,0.001431,8528
18.343092,685557.629006,0.004999,air_chirp,0.000000,0.000000,0.003284,0.000000,0.000000,0.000000,-0.426092,0.006375,8530
18.348093,685557.634190,0.005001,air_chirp,0.000000,0.000000,0.003442,0.000000,0.000000,0.000000,-0.381337,0.004756,8532
18.353092,685557.639329,0.005000,air_chirp,0.000000,0.000000,0.003588,0.000000,0.000000,0.000000,-0.320109,0.004268,8534
18.358092,685557.644494,0.005000,air_chirp,0.000000,0.000000,0.003723,0.000000,0.000000,0.000000,-0.311973,0.004316,8536
18.363092,685557.649785,0.005000,air_chirp,0.000000,0.000000,0.003849,0.000000,0.000000,0.000000,-0.319065,0.004901,8538
18.368092,685557.655057,0.005000,air_chirp,0.000000,0.000000,0.003963,0.000000,0.000000,0.000000,-0.333834,0.004222,8540
18.373092,685557.660196,0.005000,air_chirp,0.000000,0.000000,0.004062,0.000000,0.000000,0.000000,-0.344183,0.004135,8542
18.378093,685557.665371,0.005000,air_chirp,0.000000,0.000000,0.004149,0.000000,0.000000,0.000000,-0.325898,0.004256,8544
18.383092,685557.670516,0.004999,air_chirp,0.000000,0.000000,0.004222,0.000000,0.000000,0.000000,-0.313563,0.004361,8546
18.388096,685557.675687,0.005003,air_chirp,0.000000,0.000000,0.004282,0.000000,0.000000,0.000000,-0.322617,0.001277,8548
18.393092,685557.680835,0.004997,air_chirp,0.000000,0.000000,0.004328,0.000000,0.000000,0.000000,-0.327723,0.006208,8550
18.398092,685557.685973,0.005000,air_chirp,0.000000,0.000000,0.004361,0.000000,0.000000,0.000000,-0.345825,0.004812,8552
18.403092,685557.691040,0.005000,air_chirp,0.000000,0.000000,0.004380,0.000000,0.000000,0.000000,-0.344708,0.001158,8554
18.408092,685557.696142,0.005000,air_chirp,0.000000,0.000000,0.004385,0.000000,0.000000,0.000000,-0.324379,0.006102,8556
18.418092,685557.701278,0.010000,air_chirp,0.000000,0.000000,0.004377,0.000000,0.000000,0.000000,-0.302614,0.001315,8560
18.423092,685557.706390,0.005000,air_chirp,0.000000,0.000000,0.004354,0.000000,0.000000,0.000000,-0.278552,0.006257,8562
18.428092,685557.711528,0.005000,air_chirp,0.000000,0.000000,0.004318,0.000000,0.000000,0.000000,-0.319003,0.001324,8564
18.433093,685557.716684,0.005000,air_chirp,0.000000,0.000000,0.004268,0.000000,0.000000,0.000000,-0.364530,0.006256,8566
18.438092,685557.721815,0.005000,air_chirp,0.000000,0.000000,0.004203,0.000000,0.000000,0.000000,-0.357118,0.004367,8568
18.443092,685557.726961,0.005000,air_chirp,0.000000,0.000000,0.004126,0.000000,0.000000,0.000000,-0.300612,0.004388,8570
18.448092,685557.732038,0.005000,air_chirp,0.000000,0.000000,0.004035,0.000000,0.000000,0.000000,-0.318610,0.001433,8572
18.453093,685557.737150,0.005000,air_chirp,0.000000,0.000000,0.003932,0.000000,0.000000,0.000000,-0.387399,0.006375,8574
18.458093,685557.742280,0.005000,air_chirp,0.000000,0.000000,0.003816,0.000000,0.000000,0.000000,-0.342246,0.004314,8576
18.463093,685557.747419,0.005000,air_chirp,0.000000,0.000000,0.003687,0.000000,0.000000,0.000000,-0.290986,0.004364,8578
18.468093,685557.752568,0.005000,air_chirp,0.000000,0.000000,0.003545,0.000000,0.000000,0.000000,-0.273359,0.001303,8580
18.473092,685557.757687,0.004999,air_chirp,0.000000,0.000000,0.003392,0.000000,0.000000,0.000000,-0.255517,0.006240,8582
18.478093,685557.762769,0.005001,air_chirp,0.000000,0.000000,0.003229,0.000000,0.000000,0.000000,-0.326813,0.001354,8584
18.483093,685557.767918,0.004999,air_chirp,0.000000,0.000000,0.003055,0.000000,0.000000,0.000000,-0.405124,0.006291,8586
18.488092,685557.773072,0.005000,air_chirp,0.000000,0.000000,0.002870,0.000000,0.000000,0.000000,-0.340815,0.001379,8588
18.493092,685557.778173,0.005000,air_chirp,0.000000,0.000000,0.002675,0.000000,0.000000,0.000000,-0.265280,0.006320,8590
18.498092,685557.783272,0.005000,air_chirp,0.000000,0.000000,0.002472,0.000000,0.000000,0.000000,-0.302607,0.004812,8592
18.503095,685557.788411,0.005003,air_chirp,0.000000,0.000000,0.002261,0.000000,0.000000,0.000000,-0.370014,0.004335,8594
18.508092,685557.793541,0.004998,air_chirp,0.000000,0.000000,0.002041,0.000000,0.000000,0.000000,-0.354798,0.004755,8596
18.513092,685557.798684,0.005000,air_chirp,0.000000,0.000000,0.001814,0.000000,0.000000,0.000000,-0.356795,0.004328,8598
18.518093,685557.803810,0.005001,air_chirp,0.000000,0.000000,0.001580,0.000000,0.000000,0.000000,-0.365518,0.001242,8600
18.523092,685557.808949,0.004999,air_chirp,0.000000,0.000000,0.001342,0.000000,0.000000,0.000000,-0.329856,0.006176,8602
18.528093,685557.814101,0.005000,air_chirp,0.000000,0.000000,0.001097,0.000000,0.000000,0.000000,-0.309303,0.001208,8604
18.533092,685557.819184,0.004999,air_chirp,0.000000,0.000000,0.000849,0.000000,0.000000,0.000000,-0.289940,0.006132,8606
18.538093,685557.824268,0.005000,air_chirp,0.000000,0.000000,0.000601,0.000000,0.000000,0.000000,-0.310101,0.004391,8608
18.543093,685557.829376,0.005000,air_chirp,0.000000,0.000000,0.000349,0.000000,0.000000,0.000000,-0.362266,0.001371,8610
18.548092,685557.834544,0.005000,air_chirp,0.000000,0.000000,0.000094,0.000000,0.000000,0.000000,-0.395265,0.006306,8612
18.553093,685557.839681,0.005000,air_chirp,0.000000,0.000000,-0.000163,0.000000,0.000000,0.000000,-0.411920,0.004818,8614
18.558092,685557.844810,0.005000,air_chirp,0.000000,0.000000,-0.000420,0.000000,0.000000,0.000000,-0.427289,0.004345,8616
18.563092,685557.849934,0.005000,air_chirp,0.000000,0.000000,-0.000674,0.000000,0.000000,0.000000,-0.371916,0.001188,8618
18.568092,685557.855022,0.005000,air_chirp,0.000000,0.000000,-0.000927,0.000000,0.000000,0.000000,-0.310976,0.006121,8620
18.573092,685557.860190,0.005000,air_chirp,0.000000,0.000000,-0.001176,0.000000,0.000000,0.000000,-0.275622,0.004760,8622
18.578092,685557.865314,0.005000,air_chirp,0.000000,0.000000,-0.001426,0.000000,0.000000,0.000000,-0.329359,0.004198,8624
18.583092,685557.870482,0.005000,air_chirp,0.000000,0.000000,-0.001669,0.000000,0.000000,0.000000,-0.353778,0.001082,8626
18.588092,685557.875583,0.005000,air_chirp,0.000000,0.000000,-0.001908,0.000000,0.000000,0.000000,-0.288813,0.006020,8628
18.593092,685557.880718,0.005001,air_chirp,0.000000,0.000000,-0.002140,0.000000,0.000000,0.000000,-0.335201,0.004823,8630
18.598092,685557.885846,0.005000,air_chirp,0.000000,0.000000,-0.002366,0.000000,0.000000,0.000000,-0.360698,0.001277,8632
18.603092,685557.891065,0.005000,air_chirp,0.000000,0.000000,-0.002587,0.000000,0.000000,0.000000,-0.333050,0.006226,8634
18.613092,685557.896183,0.010000,air_chirp,0.000000,0.000000,-0.002797,0.000000,0.000000,0.000000,-0.324491,0.001181,8638
18.618092,685557.901301,0.005000,air_chirp,0.000000,0.000000,-0.002998,0.000000,0.000000,0.000000,-0.409904,0.006118,8640
18.623092,685557.906419,0.005000,air_chirp,0.000000,0.000000,-0.003189,0.000000,0.000000,0.000000,-0.355543,0.004440,8642
18.628092,685557.911569,0.005000,air_chirp,0.000000,0.000000,-0.003370,0.000000,0.000000,0.000000,-0.296228,0.004762,8644
18.633093,685557.916822,0.005000,air_chirp,0.000000,0.000000,-0.003544,0.000000,0.000000,0.000000,-0.313685,0.001426,8646
18.638092,685557.922035,0.004999,air_chirp,0.000000,0.000000,-0.003705,0.000000,0.000000,0.000000,-0.331137,0.006357,8648
18.643092,685557.927182,0.005000,air_chirp,0.000000,0.000000,-0.003852,0.000000,0.000000,0.000000,-0.350242,0.004819,8650
18.648093,685557.932299,0.005000,air_chirp,0.000000,0.000000,-0.003986,0.000000,0.000000,0.000000,-0.421264,0.004771,8652
18.653092,685557.937417,0.005000,air_chirp,0.000000,0.000000,-0.004105,0.000000,0.000000,0.000000,-0.402030,0.001078,8654
18.658093,685557.942541,0.005001,air_chirp,0.000000,0.000000,-0.004212,0.000000,0.000000,0.000000,-0.323905,0.006020,8656
18.663093,685557.947776,0.004999,air_chirp,0.000000,0.000000,-0.004306,0.000000,0.000000,0.000000,-0.311265,0.004776,8658
18.668093,685557.952998,0.005000,air_chirp,0.000000,0.000000,-0.004385,0.000000,0.000000,0.000000,-0.365412,0.001450,8660
18.673093,685557.958158,0.005000,air_chirp,0.000000,0.000000,-0.004449,0.000000,0.000000,0.000000,-0.431308,0.006393,8662
18.678093,685557.963273,0.005000,air_chirp,0.000000,0.000000,-0.004497,0.000000,0.000000,0.000000,-0.376744,0.001260,8664
18.683093,685557.968390,0.005000,air_chirp,0.000000,0.000000,-0.004530,0.000000,0.000000,0.000000,-0.312699,0.006195,8666
18.688092,685557.973545,0.004999,air_chirp,0.000000,0.000000,-0.004547,0.000000,0.000000,0.000000,-0.334913,0.004398,8668
18.693093,685557.978769,0.005001,air_chirp,0.000000,0.000000,-0.004549,0.000000,0.000000,0.000000,-0.385883,0.004757,8670
18.698093,685557.983885,0.005000,air_chirp,0.000000,0.000000,-0.004535,0.000000,0.000000,0.000000,-0.373660,0.004392,8672
18.703093,685557.989145,0.005000,air_chirp,0.000000,0.000000,-0.004505,0.000000,0.000000,0.000000,-0.365198,0.004757,8674
18.708092,685557.994263,0.004999,air_chirp,0.000000,0.000000,-0.004460,0.000000,0.000000,0.000000,-0.338471,0.001262,8676
18.713093,685557.999380,0.005000,air_chirp,0.000000,0.000000,-0.004400,0.000000,0.000000,0.000000,-0.279605,0.006207,8678
18.718093,685558.004558,0.005000,air_chirp,0.000000,0.000000,-0.004324,0.000000,0.000000,0.000000,-0.301017,0.004801,8680
18.723095,685558.009706,0.005002,air_chirp,0.000000,0.000000,-0.004232,0.000000,0.000000,0.000000,-0.391108,0.004367,8682
18.728093,685558.014947,0.004998,air_chirp,0.000000,0.000000,-0.004125,0.000000,0.000000,0.000000,-0.437357,0.004251,8684
18.733092,685558.020214,0.004999,air_chirp,0.000000,0.000000,-0.004001,0.000000,0.000000,0.000000,-0.368373,0.001064,8686
18.738093,685558.025334,0.005000,air_chirp,0.000000,0.000000,-0.003866,0.000000,0.000000,0.000000,-0.313523,0.006011,8688
18.743093,685558.030451,0.005000,air_chirp,0.000000,0.000000,-0.003718,0.000000,0.000000,0.000000,-0.309206,0.004802,8690
18.748093,685558.035614,0.005000,air_chirp,0.000000,0.000000,-0.003556,0.000000,0.000000,0.000000,-0.326273,0.001465,8692
18.753092,685558.040855,0.004999,air_chirp,0.000000,0.000000,-0.003378,0.000000,0.000000,0.000000,-0.345022,0.006387,8694
18.758093,685558.046123,0.005001,air_chirp,0.000000,0.000000,-0.003186,0.000000,0.000000,0.000000,-0.336793,0.004805,8696
18.768093,685558.051284,0.010000,air_chirp,0.000000,0.000000,-0.002987,0.000000,0.000000,0.000000,-0.381491,0.001267,8700
18.773093,685558.056480,0.005000,air_chirp,0.000000,0.000000,-0.002776,0.000000,0.000000,0.000000,-0.342827,0.006200,8702
18.778093,685558.061620,0.005000,air_chirp,0.000000,0.000000,-0.002555,0.000000,0.000000,0.000000,-0.287587,0.004786,8704
18.783092,685558.066713,0.004999,air_chirp,0.000000,0.000000,-0.002327,0.000000,0.000000,0.000000,-0.265586,0.004295,8706
18.788093,685558.071813,0.005000,air_chirp,0.000000,0.000000,-0.002091,0.000000,0.000000,0.000000,-0.346898,0.001201,8708
18.793092,685558.076905,0.005000,air_chirp,0.000000,0.000000,-0.001848,0.000000,0.000000,0.000000,-0.401799,0.006143,8710
18.798092,685558.081989,0.005000,air_chirp,0.000000,0.000000,-0.001598,0.000000,0.000000,0.000000,-0.370276,0.004419,8712
18.803092,685558.087076,0.005000,air_chirp,0.000000,0.000000,-0.001342,0.000000,0.000000,0.000000,-0.345622,0.004407,8714
18.808092,685558.092165,0.005000,air_chirp,0.000000,0.000000,-0.001081,0.000000,0.000000,0.000000,-0.348270,0.001213,8716
18.813092,685558.097293,0.005000,air_chirp,0.000000,0.000000,-0.000816,0.000000,0.000000,0.000000,-0.339397,0.006156,8718
18.818092,685558.102412,0.005000,air_chirp,0.000000,0.000000,-0.000545,0.000000,0.000000,0.000000,-0.322345,0.001233,8720
18.823093,685558.107523,0.005000,air_chirp,0.000000,0.000000,-0.000272,0.000000,0.000000,0.000000,-0.304649,0.006172,8722
18.828093,685558.112634,0.005000,air_chirp,0.000000,0.000000,0.000001,0.000000,0.000000,0.000000,-0.327673,0.001466,8724
18.833093,685558.117746,0.005000,air_chirp,0.000000,0.000000,0.000276,0.000000,0.000000,0.000000,-0.353902,0.006414,8726
18.838092,685558.122858,0.004999,air_chirp,0.000000,0.000000,0.000550,0.000000,0.000000,0.000000,-0.364070,0.001475,8728
18.843093,685558.127983,0.005000,air_chirp,0.000000,0.000000,0.000822,0.000000,0.000000,0.000000,-0.372974,0.006335,8730
18.848092,685558.133115,0.005000,air_chirp,0.000000,0.000000,0.001094,0.000000,0.000000,0.000000,-0.340512,0.001508,8732
18.853093,685558.138257,0.005000,air_chirp,0.000000,0.000000,0.001362,0.000000,0.000000,0.000000,-0.304794,0.006383,8734
18.858092,685558.143389,0.005000,air_chirp,0.000000,0.000000,0.001626,0.000000,0.000000,0.000000,-0.305452,0.001428,8736
18.863098,685558.148550,0.005005,air_chirp,0.000000,0.000000,0.001884,0.000000,0.000000,0.000000,-0.308972,0.006377,8738
18.868093,685558.153714,0.004995,air_chirp,0.000000,0.000000,0.002138,0.000000,0.000000,0.000000,-0.354142,0.004419,8740
18.873092,685558.158873,0.005000,air_chirp,0.000000,0.000000,0.002384,0.000000,0.000000,0.000000,-0.351994,0.001137,8742
18.878093,685558.164007,0.005001,air_chirp,0.000000,0.000000,0.002622,0.000000,0.000000,0.000000,-0.301227,0.006075,8744
18.883093,685558.169141,0.004999,air_chirp,0.000000,0.000000,0.002850,0.000000,0.000000,0.000000,-0.327233,0.001442,8746
18.888093,685558.174231,0.005000,air_chirp,0.000000,0.000000,0.003068,0.000000,0.000000,0.000000,-0.359281,0.006379,8748
18.893092,685558.179345,0.004999,air_chirp,0.000000,0.000000,0.003274,0.000000,0.000000,0.000000,-0.361804,0.004300,8750
18.898092,685558.184477,0.005000,air_chirp,0.000000,0.000000,0.003470,0.000000,0.000000,0.000000,-0.367942,0.004266,8752
18.903093,685558.189567,0.005000,air_chirp,0.000000,0.000000,0.003653,0.000000,0.000000,0.000000,-0.319588,0.004754,8754
18.908093,685558.194698,0.005000,air_chirp,0.000000,0.000000,0.003824,0.000000,0.000000,0.000000,-0.264476,0.004214,8756
18.913092,685558.199859,0.005000,air_chirp,0.000000,0.000000,0.003982,0.000000,0.000000,0.000000,-0.336605,0.004194,8758
18.918092,685558.205002,0.005000,air_chirp,0.000000,0.000000,0.004127,0.000000,0.000000,0.000000,-0.415274,0.004890,8760
18.923092,685558.210092,0.005000,air_chirp,0.000000,0.000000,0.004256,0.000000,0.000000,0.000000,-0.355949,0.004345,8762
18.928092,685558.215184,0.005000,air_chirp,0.000000,0.000000,0.004370,0.000000,0.000000,0.000000,-0.306385,0.001252,8764
18.933093,685558.220275,0.005001,air_chirp,0.000000,0.000000,0.004468,0.000000,0.000000,0.000000,-0.323106,0.006199,8766
18.938092,685558.225368,0.004999,air_chirp,0.000000,0.000000,0.004550,0.000000,0.000000,0.000000,-0.315866,0.004385,8768
18.943093,685558.230503,0.005002,air_chirp,0.000000,0.000000,0.004616,0.000000,0.000000,0.000000,-0.295542,0.004743,8770
18.948092,685558.235635,0.004999,air_chirp,0.000000,0.000000,0.004665,0.000000,0.000000,0.000000,-0.289672,0.001435,8772
18.953092,685558.240763,0.005000,air_chirp,0.000000,0.000000,0.004698,0.000000,0.000000,0.000000,-0.296136,0.006376,8774
18.958092,685558.245915,0.005000,air_chirp,0.000000,0.000000,0.004714,0.000000,0.000000,0.000000,-0.303139,0.004441,8776
18.963092,685558.251012,0.005000,air_chirp,0.000000,0.000000,0.004712,0.000000,0.000000,0.000000,-0.314765,0.004308,8778
18.968092,685558.256119,0.005000,air_chirp,0.000000,0.000000,0.004694,0.000000,0.000000,0.000000,-0.295381,0.004355,8780
18.973092,685558.261209,0.005000,air_chirp,0.000000,0.000000,0.004658,0.000000,0.000000,0.000000,-0.331659,0.001219,8782
18.983093,685558.266299,0.010000,air_chirp,0.000000,0.000000,0.004605,0.000000,0.000000,0.000000,-0.366237,0.001310,8786
18.988092,685558.271397,0.004999,air_chirp,0.000000,0.000000,0.004536,0.000000,0.000000,0.000000,-0.327682,0.006248,8788
18.993092,685558.276497,0.005000,air_chirp,0.000000,0.000000,0.004450,0.000000,0.000000,0.000000,-0.296260,0.004423,8790
18.998092,685558.281620,0.005000,air_chirp,0.000000,0.000000,0.004347,0.000000,0.000000,0.000000,-0.256955,0.004259,8792
19.003093,685558.286764,0.005001,air_chirp,0.000000,0.000000,0.004228,0.000000,0.000000,0.000000,-0.316813,0.001365,8794
19.008093,685558.291885,0.005000,air_chirp,0.000000,0.000000,0.004092,0.000000,0.000000,0.000000,-0.392920,0.006296,8796
19.013093,685558.296998,0.005000,air_chirp,0.000000,0.000000,0.003942,0.000000,0.000000,0.000000,-0.360140,0.001310,8798
19.018093,685558.302117,0.005000,air_chirp,0.000000,0.000000,0.003777,0.000000,0.000000,0.000000,-0.318791,0.006245,8800
19.023092,685558.307198,0.005000,air_chirp,0.000000,0.000000,0.003597,0.000000,0.000000,0.000000,-0.317353,0.004421,8802
19.028092,685558.312283,0.005000,air_chirp,0.000000,0.000000,0.003406,0.000000,0.000000,0.000000,-0.313286,0.004392,8804
19.033092,685558.317411,0.005000,air_chirp,0.000000,0.000000,0.003201,0.000000,0.000000,0.000000,-0.280172,0.004351,8806
19.038092,685558.322530,0.005000,air_chirp,0.000000,0.000000,0.002982,0.000000,0.000000,0.000000,-0.329279,0.004236,8808
19.043092,685558.327674,0.005000,air_chirp,0.000000,0.000000,0.002752,0.000000,0.000000,0.000000,-0.408537,0.004293,8810
19.048093,685558.332808,0.005000,air_chirp,0.000000,0.000000,0.002510,0.000000,0.000000,0.000000,-0.359879,0.001288,8812
19.053092,685558.337927,0.005000,air_chirp,0.000000,0.000000,0.002259,0.000000,0.000000,0.000000,-0.304497,0.006236,8814
19.058093,685558.343206,0.005000,air_chirp,0.000000,0.000000,0.001992,0.000000,0.000000,0.000000,-0.311459,0.000924,8816
19.063093,685558.348323,0.005000,air_chirp,0.000000,0.000000,0.001724,0.000000,0.000000,0.000000,-0.323326,0.005870,8818
19.068092,685558.353459,0.005000,air_chirp,0.000000,0.000000,0.001449,0.000000,0.000000,0.000000,-0.307523,0.004402,8820
19.073092,685558.358601,0.005000,air_chirp,0.000000,0.000000,0.001167,0.000000,0.000000,0.000000,-0.332918,0.004352,8822
19.078277,685558.363882,0.005185,air_chirp,0.000000,0.000000,0.000873,0.000000,0.000000,0.000000,-0.390529,0.001106,8824
19.083940,685558.369133,0.005663,air_chirp,0.000000,0.000000,0.000576,0.000000,0.000000,0.000000,-0.399680,0.001322,8826
19.089384,685558.374250,0.005444,air_chirp,0.000000,0.000000,0.000282,0.000000,0.000000,0.000000,-0.366737,0.002345,8828
19.094063,685558.379367,0.004680,air_chirp,0.000000,0.000000,-0.000012,0.000000,0.000000,0.000000,-0.343416,0.001740,8830
19.098893,685558.384518,0.004829,air_chirp,0.000000,0.000000,-0.000307,0.000000,0.000000,0.000000,-0.360998,0.002153,8832
19.103708,685558.389703,0.004815,air_chirp,0.000000,0.000000,-0.000604,0.000000,0.000000,0.000000,-0.384286,0.001569,8834
19.108481,685558.394860,0.004773,air_chirp,0.000000,0.000000,-0.000900,0.000000,0.000000,0.000000,-0.407560,0.001497,8836
19.113092,685558.400147,0.004611,air_chirp,0.000000,0.000000,-0.001199,0.000000,0.000000,0.000000,-0.423031,0.006043,8838
19.118092,685558.405259,0.005000,air_chirp,0.000000,0.000000,-0.001485,0.000000,0.000000,0.000000,-0.340402,0.001266,8840
19.123092,685558.410405,0.005000,air_chirp,0.000000,0.000000,-0.001766,0.000000,0.000000,0.000000,-0.250052,0.006208,8842
19.128092,685558.415531,0.005000,air_chirp,0.000000,0.000000,-0.002041,0.000000,0.000000,0.000000,-0.295722,0.001330,8844
19.133092,685558.420655,0.005000,air_chirp,0.000000,0.000000,-0.002308,0.000000,0.000000,0.000000,-0.352096,0.006274,8846
19.138092,685558.425781,0.005000,air_chirp,0.000000,0.000000,-0.002567,0.000000,0.000000,0.000000,-0.343590,0.001496,8848
19.143092,685558.431058,0.005000,air_chirp,0.000000,0.000000,-0.002824,0.000000,0.000000,0.000000,-0.329977,0.006438,8850
19.153092,685558.436308,0.010000,air_chirp,0.000000,0.000000,-0.003068,0.000000,0.000000,0.000000,-0.339615,0.006116,8854
19.158092,685558.441438,0.005000,air_chirp,0.000000,0.000000,-0.003297,0.000000,0.000000,0.000000,-0.301559,0.004387,8856
19.163092,685558.446609,0.005000,air_chirp,0.000000,0.000000,-0.003513,0.000000,0.000000,0.000000,-0.260073,0.004330,8858
19.168093,685558.451847,0.005001,air_chirp,0.000000,0.000000,-0.003721,0.000000,0.000000,0.000000,-0.311648,0.001303,8860
19.173092,685558.457058,0.005000,air_chirp,0.000000,0.000000,-0.003912,0.000000,0.000000,0.000000,-0.370548,0.006243,8862
19.178092,685558.462173,0.005000,air_chirp,0.000000,0.000000,-0.004084,0.000000,0.000000,0.000000,-0.406361,0.004765,8864
19.183092,685558.467275,0.005000,air_chirp,0.000000,0.000000,-0.004241,0.000000,0.000000,0.000000,-0.440356,0.004666,8866
19.188092,685558.472369,0.005000,air_chirp,0.000000,0.000000,-0.004382,0.000000,0.000000,0.000000,-0.406977,0.004292,8868
19.193092,685558.477499,0.005000,air_chirp,0.000000,0.000000,-0.004506,0.000000,0.000000,0.000000,-0.370145,0.004295,8870
19.198386,685558.482614,0.005294,air_chirp,0.000000,0.000000,-0.004614,0.000000,0.000000,0.000000,-0.336483,0.000963,8872
19.203092,685558.487820,0.004706,air_chirp,0.000000,0.000000,-0.004705,0.000000,0.000000,0.000000,-0.350614,0.001309,8874
19.208092,685558.493033,0.005000,air_chirp,0.000000,0.000000,-0.004778,0.000000,0.000000,0.000000,-0.401118,0.006242,8876
19.213092,685558.498196,0.005000,air_chirp,0.000000,0.000000,-0.004831,0.000000,0.000000,0.000000,-0.344143,0.004740,8878
19.218108,685558.503317,0.005016,air_chirp,0.000000,0.000000,-0.004865,0.000000,0.000000,0.000000,-0.327381,0.004726,8880
19.223461,685558.508483,0.005354,air_chirp,0.000000,0.000000,-0.004880,0.000000,0.000000,0.000000,-0.359544,0.004436,8882
19.228094,685558.513766,0.004632,air_chirp,0.000000,0.000000,-0.004875,0.000000,0.000000,0.000000,-0.348579,0.004363,8884
19.233093,685558.519031,0.004999,air_chirp,0.000000,0.000000,-0.004850,0.000000,0.000000,0.000000,-0.405107,0.004729,8886
19.238092,685558.524147,0.005000,air_chirp,0.000000,0.000000,-0.004806,0.000000,0.000000,0.000000,-0.440303,0.004314,8888
19.243093,685558.529259,0.005001,air_chirp,0.000000,0.000000,-0.004744,0.000000,0.000000,0.000000,-0.350606,0.004218,8890
19.248092,685558.534356,0.004999,air_chirp,0.000000,0.000000,-0.004663,0.000000,0.000000,0.000000,-0.265172,0.003707,8892
19.253100,685558.539471,0.005008,air_chirp,0.000000,0.000000,-0.004564,0.000000,0.000000,0.000000,-0.289414,0.004175,8894
19.258092,685558.544606,0.004992,air_chirp,0.000000,0.000000,-0.004446,0.000000,0.000000,0.000000,-0.359966,0.003694,8896
19.263093,685558.549769,0.005001,air_chirp,0.000000,0.000000,-0.004310,0.000000,0.000000,0.000000,-0.435463,0.004345,8898
19.268093,685558.554909,0.005000,air_chirp,0.000000,0.000000,-0.004156,0.000000,0.000000,0.000000,-0.454964,0.004008,8900
19.273093,685558.560047,0.005000,air_chirp,0.000000,0.000000,-0.003985,0.000000,0.000000,0.000000,-0.361987,0.003605,8902
19.278092,685558.565140,0.004999,air_chirp,0.000000,0.000000,-0.003799,0.000000,0.000000,0.000000,-0.244606,0.004256,8904
19.283093,685558.570230,0.005000,air_chirp,0.000000,0.000000,-0.003599,0.000000,0.000000,0.000000,-0.226304,0.003830,8906
19.288092,685558.575318,0.005000,air_chirp,0.000000,0.000000,-0.003384,0.000000,0.000000,0.000000,-0.290759,0.004320,8908
19.293092,685558.580448,0.005000,air_chirp,0.000000,0.000000,-0.003156,0.000000,0.000000,0.000000,-0.364392,0.003897,8910
19.298092,685558.585616,0.005000,air_chirp,0.000000,0.000000,-0.002912,0.000000,0.000000,0.000000,-0.375367,0.004324,8912
19.303102,685558.590789,0.005010,air_chirp,0.000000,0.000000,-0.002655,0.000000,0.000000,0.000000,-0.325928,0.004094,8914
19.308092,685558.595933,0.004990,air_chirp,0.000000,0.000000,-0.002386,0.000000,0.000000,0.000000,-0.311881,0.003512,8916
19.313093,685558.601098,0.005001,air_chirp,0.000000,0.000000,-0.002108,0.000000,0.000000,0.000000,-0.287464,0.004117,8918
19.323093,685558.606186,0.010000,air_chirp,0.000000,0.000000,-0.001821,0.000000,0.000000,0.000000,-0.304858,0.004328,8922
19.328095,685558.611281,0.005002,air_chirp,0.000000,0.000000,-0.001530,0.000000,0.000000,0.000000,-0.286429,0.003924,8924
19.333093,685558.616374,0.004998,air_chirp,0.000000,0.000000,-0.001231,0.000000,0.000000,0.000000,-0.294555,0.003509,8926
19.338092,685558.621463,0.005000,air_chirp,0.000000,0.000000,-0.000928,0.000000,0.000000,0.000000,-0.272301,0.004107,8928
19.343093,685558.626593,0.005000,air_chirp,0.000000,0.000000,-0.000619,0.000000,0.000000,0.000000,-0.239069,0.003684,8930
19.348092,685558.631722,0.005000,air_chirp,0.000000,0.000000,-0.000306,0.000000,0.000000,0.000000,-0.275912,0.004295,8932
19.353102,685558.636886,0.005010,air_chirp,0.000000,0.000000,0.000010,0.000000,0.000000,0.000000,-0.319923,0.004062,8934
19.358092,685558.642031,0.004990,air_chirp,0.000000,0.000000,0.000328,0.000000,0.000000,0.000000,-0.343688,0.003460,8936
19.363092,685558.647122,0.005000,air_chirp,0.000000,0.000000,0.000643,0.000000,0.000000,0.000000,-0.374367,0.004072,8938
19.368092,685558.652217,0.005000,air_chirp,0.000000,0.000000,0.000954,0.000000,0.000000,0.000000,-0.394794,0.003651,8940
19.373092,685558.657323,0.005000,air_chirp,0.000000,0.000000,0.001262,0.000000,0.000000,0.000000,-0.348135,0.004275,8942
19.378094,685558.662483,0.005002,air_chirp,0.000000,0.000000,0.001567,0.000000,0.000000,0.000000,-0.311103,0.003926,8944
19.383097,685558.667625,0.005003,air_chirp,0.000000,0.000000,0.001868,0.000000,0.000000,0.000000,-0.323094,0.004373,8946
19.388104,685558.672733,0.005006,air_chirp,0.000000,0.000000,0.002161,0.000000,0.000000,0.000000,-0.353982,0.003968,8948
19.388104,685558.677892,0.000001,air_chirp,0.000000,0.000000,0.002445,0.000000,0.000000,0.000000,-0.353982,0.003968,8948
19.393520,685558.683054,0.005417,air_chirp,0.000000,0.000000,0.002721,0.000000,0.000000,0.000000,-0.386356,0.004527,8950
19.399227,685558.688134,0.005707,air_chirp,0.000000,0.000000,0.002987,0.000000,0.000000,0.000000,-0.377951,0.004814,8952
19.404936,685558.693212,0.005709,air_chirp,0.000000,0.000000,0.003237,0.000000,0.000000,0.000000,-0.365439,0.000467,8954
19.410500,685558.698293,0.005564,air_chirp,0.000000,0.000000,0.003475,0.000000,0.000000,0.000000,-0.330183,0.001655,8956
19.416022,685558.703419,0.005522,air_chirp,0.000000,0.000000,0.003699,0.000000,0.000000,0.000000,-0.313837,0.001841,8958
19.421649,685558.708538,0.005627,air_chirp,0.000000,0.000000,0.003910,0.000000,0.000000,0.000000,-0.342451,0.001984,8960
19.426253,685558.713677,0.004604,air_chirp,0.000000,0.000000,0.004106,0.000000,0.000000,0.000000,-0.325713,0.002211,8962
19.434962,685558.718772,0.008709,air_chirp,0.000000,0.000000,0.004285,0.000000,0.000000,0.000000,-0.336393,0.001095,8966
19.439277,685558.723904,0.004315,air_chirp,0.000000,0.000000,0.004446,0.000000,0.000000,0.000000,-0.353261,0.005345,8968
19.443367,685558.729033,0.004090,air_chirp,0.000000,0.000000,0.004590,0.000000,0.000000,0.000000,-0.351530,0.003909,8970
19.448092,685558.734121,0.004725,air_chirp,0.000000,0.000000,0.004715,0.000000,0.000000,0.000000,-0.334824,0.004065,8972
19.453092,685558.739215,0.005000,air_chirp,0.000000,0.000000,0.004820,0.000000,0.000000,0.000000,-0.323240,0.003606,8974
19.458092,685558.744321,0.005000,air_chirp,0.000000,0.000000,0.004905,0.000000,0.000000,0.000000,-0.310654,0.004245,8976
19.463111,685558.749442,0.005019,air_chirp,0.000000,0.000000,0.004971,0.000000,0.000000,0.000000,-0.265532,0.003931,8978
19.468092,685558.754579,0.004981,air_chirp,0.000000,0.000000,0.005016,0.000000,0.000000,0.000000,-0.262234,0.003409,8980
19.473092,685558.759711,0.005000,air_chirp,0.000000,0.000000,0.005041,0.000000,0.000000,0.000000,-0.318832,0.003979,8982
19.478092,685558.764805,0.005000,air_chirp,0.000000,0.000000,0.005044,0.000000,0.000000,0.000000,-0.355377,0.003518,8984
19.483093,685558.769901,0.005001,air_chirp,0.000000,0.000000,0.005027,0.000000,0.000000,0.000000,-0.353034,0.004107,8986
19.488092,685558.775034,0.005000,air_chirp,0.000000,0.000000,0.004988,0.000000,0.000000,0.000000,-0.326408,0.003629,8988
19.493092,685558.780121,0.005000,air_chirp,0.000000,0.000000,0.004929,0.000000,0.000000,0.000000,-0.248514,0.004214,8990
19.498092,685558.785201,0.005000,air_chirp,0.000000,0.000000,0.004849,0.000000,0.000000,0.000000,-0.221679,0.003752,8992
19.503798,685558.790290,0.005706,air_chirp,0.000000,0.000000,0.004749,0.000000,0.000000,0.000000,-0.341852,0.005028,8994
19.509440,685558.795407,0.005641,air_chirp,0.000000,0.000000,0.004629,0.000000,0.000000,0.000000,-0.400227,0.000533,8996
19.514298,685558.800591,0.004859,air_chirp,0.000000,0.000000,0.004488,0.000000,0.000000,0.000000,-0.370025,0.005333,8998
19.518559,685558.805713,0.004261,air_chirp,0.000000,0.000000,0.004327,0.000000,0.000000,0.000000,-0.333123,0.004074,9000
19.523092,685558.810857,0.004533,air_chirp,0.000000,0.000000,0.004148,0.000000,0.000000,0.000000,-0.327947,0.003821,9002
19.528092,685558.816008,0.005000,air_chirp,0.000000,0.000000,0.003951,0.000000,0.000000,0.000000,-0.338102,0.004112,9004
19.533093,685558.821103,0.005001,air_chirp,0.000000,0.000000,0.003736,0.000000,0.000000,0.000000,-0.317209,0.003528,9006
19.543092,685558.826187,0.009999,air_chirp,0.000000,0.000000,0.003508,0.000000,0.000000,0.000000,-0.205554,0.004273,9010
19.548092,685558.831315,0.005000,air_chirp,0.000000,0.000000,0.003264,0.000000,0.000000,0.000000,-0.305157,0.003744,9012
19.553092,685558.836461,0.005000,air_chirp,0.000000,0.000000,0.003004,0.000000,0.000000,0.000000,-0.417097,0.003958,9014
19.558093,685558.841604,0.005001,air_chirp,0.000000,0.000000,0.002730,0.000000,0.000000,0.000000,-0.387241,0.004305,9016
19.563126,685558.846757,0.005032,air_chirp,0.000000,0.000000,0.002443,0.000000,0.000000,0.000000,-0.316278,0.003844,9018
19.568092,685558.852007,0.004967,air_chirp,0.000000,0.000000,0.002138,0.000000,0.000000,0.000000,-0.303561,0.004079,9020
19.573092,685558.857182,0.005000,air_chirp,0.000000,0.000000,0.001829,0.000000,0.000000,0.000000,-0.358151,0.003552,9022
19.578092,685558.862305,0.005000,air_chirp,0.000000,0.000000,0.001514,0.000000,0.000000,0.000000,-0.387114,0.004121,9024
19.583093,685558.867422,0.005001,air_chirp,0.000000,0.000000,0.001192,0.000000,0.000000,0.000000,-0.377488,0.003563,9026
19.588092,685558.872536,0.004999,air_chirp,0.000000,0.000000,0.000865,0.000000,0.000000,0.000000,-0.358483,0.004103,9028
19.593092,685558.877634,0.005000,air_chirp,0.000000,0.000000,0.000533,0.000000,0.000000,0.000000,-0.336126,0.003526,9030
19.598092,685558.882754,0.005000,air_chirp,0.000000,0.000000,0.000199,0.000000,0.000000,0.000000,-0.385710,0.004041,9032
19.603092,685558.887879,0.005000,air_chirp,0.000000,0.000000,-0.000137,0.000000,0.000000,0.000000,-0.407634,0.003484,9034
19.608092,685558.893011,0.005000,air_chirp,0.000000,0.000000,-0.000474,0.000000,0.000000,0.000000,-0.396394,0.004044,9036
19.613111,685558.898164,0.005018,air_chirp,0.000000,0.000000,-0.000810,0.000000,0.000000,0.000000,-0.379370,0.003610,9038
19.618092,685558.903305,0.004981,air_chirp,0.000000,0.000000,-0.001144,0.000000,0.000000,0.000000,-0.299525,0.004107,9040
19.623093,685558.908447,0.005001,air_chirp,0.000000,0.000000,-0.001474,0.000000,0.000000,0.000000,-0.333848,0.003606,9042
19.628092,685558.913571,0.004999,air_chirp,0.000000,0.000000,-0.001797,0.000000,0.000000,0.000000,-0.436390,0.004146,9044
19.633092,685558.918691,0.005000,air_chirp,0.000000,0.000000,-0.002112,0.000000,0.000000,0.000000,-0.396224,0.003634,9046
19.638092,685558.923846,0.005000,air_chirp,0.000000,0.000000,-0.002420,0.000000,0.000000,0.000000,-0.324421,0.004155,9048
19.643092,685558.928984,0.005000,air_chirp,0.000000,0.000000,-0.002717,0.000000,0.000000,0.000000,-0.323323,0.003614,9050
19.648092,685558.934126,0.005000,air_chirp,0.000000,0.000000,-0.003004,0.000000,0.000000,0.000000,-0.336078,0.004130,9052
19.653092,685558.939262,0.005000,air_chirp,0.000000,0.000000,-0.003278,0.000000,0.000000,0.000000,-0.309437,0.003631,9054
19.658092,685558.944397,0.005000,air_chirp,0.000000,0.000000,-0.003537,0.000000,0.000000,0.000000,-0.314009,0.004117,9056
19.663104,685558.949552,0.005011,air_chirp,0.000000,0.000000,-0.003782,0.000000,0.000000,0.000000,-0.383539,0.003585,9058
19.668092,685558.954706,0.004989,air_chirp,0.000000,0.000000,-0.004011,0.000000,0.000000,0.000000,-0.358592,0.004049,9060
19.673093,685558.959918,0.005001,air_chirp,0.000000,0.000000,-0.004224,0.000000,0.000000,0.000000,-0.304088,0.003512,9062
19.678092,685558.965052,0.004999,air_chirp,0.000000,0.000000,-0.004418,0.000000,0.000000,0.000000,-0.335578,0.004042,9064
19.683093,685558.970290,0.005001,air_chirp,0.000000,0.000000,-0.004591,0.000000,0.000000,0.000000,-0.383017,0.003430,9066
19.688092,685558.975492,0.004999,air_chirp,0.000000,0.000000,-0.004749,0.000000,0.000000,0.000000,-0.388295,0.003976,9068
19.693092,685558.980651,0.005000,air_chirp,0.000000,0.000000,-0.004882,0.000000,0.000000,0.000000,-0.385834,0.003404,9070
19.698092,685558.985922,0.005000,air_chirp,0.000000,0.000000,-0.004994,0.000000,0.000000,0.000000,-0.393676,0.003947,9072
19.708093,685558.991203,0.010000,air_chirp,0.000000,0.000000,-0.005084,0.000000,0.000000,0.000000,-0.398430,0.003926,9076
19.713100,685558.996324,0.005008,air_chirp,0.000000,0.000000,-0.005149,0.000000,0.000000,0.000000,-0.400459,0.004201,9078
19.718092,685559.001439,0.004992,air_chirp,0.000000,0.000000,-0.005191,0.000000,0.000000,0.000000,-0.395735,0.003613,9080
19.723092,685559.006590,0.005000,air_chirp,0.000000,0.000000,-0.005209,0.000000,0.000000,0.000000,-0.390480,0.004187,9082
19.728092,685559.011818,0.005000,air_chirp,0.000000,0.000000,-0.005204,0.000000,0.000000,0.000000,-0.381330,0.003568,9084
19.733093,685559.017111,0.005001,air_chirp,0.000000,0.000000,-0.005175,0.000000,0.000000,0.000000,-0.371873,0.004108,9086
19.738092,685559.022264,0.004999,air_chirp,0.000000,0.000000,-0.005122,0.000000,0.000000,0.000000,-0.421669,0.003597,9088
19.743092,685559.027385,0.005000,air_chirp,0.000000,0.000000,-0.005047,0.000000,0.000000,0.000000,-0.432452,0.004031,9090
19.748092,685559.032537,0.005000,air_chirp,0.000000,0.000000,-0.004948,0.000000,0.000000,0.000000,-0.430603,0.003523,9092
19.753092,685559.037715,0.005000,air_chirp,0.000000,0.000000,-0.004827,0.000000,0.000000,0.000000,-0.390620,0.004042,9094
19.758092,685559.042846,0.005000,air_chirp,0.000000,0.000000,-0.004683,0.000000,0.000000,0.000000,-0.256901,0.003507,9096
19.763100,685559.047968,0.005009,air_chirp,0.000000,0.000000,-0.004518,0.000000,0.000000,0.000000,-0.283348,0.004080,9098
19.768092,685559.053079,0.004992,air_chirp,0.000000,0.000000,-0.004334,0.000000,0.000000,0.000000,-0.392067,0.003511,9100
19.773093,685559.058160,0.005001,air_chirp,0.000000,0.000000,-0.004130,0.000000,0.000000,0.000000,-0.373489,0.004023,9102
19.778092,685559.063270,0.004999,air_chirp,0.000000,0.000000,-0.003908,0.000000,0.000000,0.000000,-0.362828,0.003449,9104
19.783093,685559.068457,0.005001,air_chirp,0.000000,0.000000,-0.003665,0.000000,0.000000,0.000000,-0.365629,0.004004,9106
19.788092,685559.073659,0.004999,air_chirp,0.000000,0.000000,-0.003403,0.000000,0.000000,0.000000,-0.278139,0.003435,9108
19.793092,685559.078786,0.005000,air_chirp,0.000000,0.000000,-0.003124,0.000000,0.000000,0.000000,-0.262920,0.003984,9110
19.798092,685559.084038,0.005000,air_chirp,0.000000,0.000000,-0.002827,0.000000,0.000000,0.000000,-0.292971,0.003472,9112
19.803092,685559.089213,0.005000,air_chirp,0.000000,0.000000,-0.002521,0.000000,0.000000,0.000000,-0.331140,0.003938,9114
19.808092,685559.094332,0.005000,air_chirp,0.000000,0.000000,-0.002203,0.000000,0.000000,0.000000,-0.355641,0.004240,9116
19.813100,685559.099447,0.005007,air_chirp,0.000000,0.000000,-0.001877,0.000000,0.000000,0.000000,-0.304414,0.003748,9118
19.818092,685559.104642,0.004993,air_chirp,0.000000,0.000000,-0.001538,0.000000,0.000000,0.000000,-0.306861,0.004225,9120
19.823093,685559.109866,0.005000,air_chirp,0.000000,0.000000,-0.001186,0.000000,0.000000,0.000000,-0.305807,0.003673,9122
19.828092,685559.115098,0.005000,air_chirp,0.000000,0.000000,-0.000830,0.000000,0.000000,0.000000,-0.305641,0.004169,9124
19.833093,685559.120216,0.005001,air_chirp,0.000000,0.000000,-0.000474,0.000000,0.000000,0.000000,-0.338066,0.003719,9126
19.838092,685559.125334,0.004999,air_chirp,0.000000,0.000000,-0.000117,0.000000,0.000000,0.000000,-0.335835,0.004253,9128
19.843092,685559.130449,0.005000,air_chirp,0.000000,0.000000,0.000242,0.000000,0.000000,0.000000,-0.351828,0.003744,9130
19.848092,685559.135609,0.005000,air_chirp,0.000000,0.000000,0.000601,0.000000,0.000000,0.000000,-0.319683,0.004110,9132
19.853092,685559.140829,0.005000,air_chirp,0.000000,0.000000,0.000965,0.000000,0.000000,0.000000,-0.282190,0.003630,9134
19.858092,685559.146155,0.005000,air_chirp,0.000000,0.000000,0.001329,0.000000,0.000000,0.000000,-0.326856,0.004016,9136
19.868092,685559.151270,0.010000,air_chirp,0.000000,0.000000,0.001678,0.000000,0.000000,0.000000,-0.268098,0.003922,9140
19.873093,685559.156369,0.005000,air_chirp,0.000000,0.000000,0.002018,0.000000,0.000000,0.000000,-0.298962,0.003416,9142
19.878093,685559.161465,0.005000,air_chirp,0.000000,0.000000,0.002347,0.000000,0.000000,0.000000,-0.321052,0.003979,9144
19.883093,685559.166635,0.005000,air_chirp,0.000000,0.000000,0.002667,0.000000,0.000000,0.000000,-0.299279,0.003409,9146
19.888092,685559.171766,0.004999,air_chirp,0.000000,0.000000,0.002979,0.000000,0.000000,0.000000,-0.323169,0.003977,9148
19.893092,685559.176858,0.005000,air_chirp,0.000000,0.000000,0.003275,0.000000,0.000000,0.000000,-0.350653,0.003390,9150
19.898092,685559.181991,0.005000,air_chirp,0.000000,0.000000,0.003555,0.000000,0.000000,0.000000,-0.349356,0.003929,9152
19.903092,685559.187114,0.005000,air_chirp,0.000000,0.000000,0.003822,0.000000,0.000000,0.000000,-0.345795,0.003375,9154
19.908092,685559.192204,0.005000,air_chirp,0.000000,0.000000,0.004069,0.000000,0.000000,0.000000,-0.320710,0.003947,9156
19.913093,685559.197299,0.005001,air_chirp,0.000000,0.000000,0.004297,0.000000,0.000000,0.000000,-0.297344,0.003489,9158
19.918092,685559.202392,0.004999,air_chirp,0.000000,0.000000,0.004506,0.000000,0.000000,0.000000,-0.320012,0.004001,9160
19.923093,685559.207535,0.005000,air_chirp,0.000000,0.000000,0.004694,0.000000,0.000000,0.000000,-0.307607,0.003474,9162
19.928092,685559.212661,0.005000,air_chirp,0.000000,0.000000,0.004863,0.000000,0.000000,0.000000,-0.319062,0.004059,9164
19.933095,685559.217795,0.005002,air_chirp,0.000000,0.000000,0.005008,0.000000,0.000000,0.000000,-0.384872,0.003595,9166
19.938092,685559.222892,0.004997,air_chirp,0.000000,0.000000,0.005130,0.000000,0.000000,0.000000,-0.377203,0.004130,9168
19.943092,685559.227985,0.005000,air_chirp,0.000000,0.000000,0.005228,0.000000,0.000000,0.000000,-0.294763,0.003661,9170
19.948092,685559.233033,0.005000,air_chirp,0.000000,0.000000,0.005300,0.000000,0.000000,0.000000,-0.223750,0.004183,9172
19.953092,685559.238200,0.005000,air_chirp,0.000000,0.000000,0.005349,0.000000,0.000000,0.000000,-0.229480,0.003720,9174
19.958092,685559.243322,0.005000,air_chirp,0.000000,0.000000,0.005373,0.000000,0.000000,0.000000,-0.258722,0.004242,9176
19.963092,685559.248452,0.005000,air_chirp,0.000000,0.000000,0.005371,0.000000,0.000000,0.000000,-0.348710,0.003784,9178
19.968092,685559.253593,0.005000,air_chirp,0.000000,0.000000,0.005344,0.000000,0.000000,0.000000,-0.384555,0.004314,9180
19.973093,685559.258723,0.005000,air_chirp,0.000000,0.000000,0.005291,0.000000,0.000000,0.000000,-0.294494,0.002752,9182
19.978092,685559.263858,0.005000,air_chirp,0.000000,0.000000,0.005213,0.000000,0.000000,0.000000,-0.202299,0.002232,9184
19.983092,685559.268982,0.005000,air_chirp,0.000000,0.000000,0.005109,0.000000,0.000000,0.000000,-0.213650,0.002763,9186
19.988092,685559.274093,0.005000,air_chirp,0.000000,0.000000,0.004982,0.000000,0.000000,0.000000,-0.335769,0.003219,9188
19.993093,685559.279185,0.005001,air_chirp,0.000000,0.000000,0.004830,0.000000,0.000000,0.000000,-0.384154,0.002657,9190
19.998092,685559.284285,0.004999,air_chirp,0.000000,0.000000,0.004656,0.000000,0.000000,0.000000,-0.368470,0.003189,9192
20.003092,685559.289448,0.005000,air_chirp,0.000000,0.000000,0.004459,0.000000,0.000000,0.000000,-0.346460,0.002668,9194
20.008092,685559.294584,0.005000,air_chirp,0.000000,0.000000,0.004237,0.000000,0.000000,0.000000,-0.320527,0.003150,9196
20.013092,685559.299724,0.005000,air_chirp,0.000000,0.000000,0.003996,0.000000,0.000000,0.000000,-0.342981,0.002687,9198
20.018093,685559.304855,0.005000,air_chirp,0.000000,0.000000,0.003735,0.000000,0.000000,0.000000,-0.340374,0.003183,9200
20.023093,685559.309984,0.005000,air_chirp,0.000000,0.000000,0.003456,0.000000,0.000000,0.000000,-0.268009,0.002520,9202
20.028093,685559.315089,0.005000,air_chirp,0.000000,0.000000,0.003162,0.000000,0.000000,0.000000,-0.277571,0.002938,9204
20.033092,685559.320183,0.004999,air_chirp,0.000000,0.000000,0.002849,0.000000,0.000000,0.000000,-0.341868,0.002377,9206
20.038092,685559.325278,0.005000,air_chirp,0.000000,0.000000,0.002525,0.000000,0.000000,0.000000,-0.357403,0.002939,9208
20.043093,685559.330411,0.005000,air_chirp,0.000000,0.000000,0.002187,0.000000,0.000000,0.000000,-0.354325,0.002454,9210
20.048092,685559.335534,0.005000,air_chirp,0.000000,0.000000,0.001836,0.000000,0.000000,0.000000,-0.391141,0.003066,9212
20.053092,685559.340662,0.005000,air_chirp,0.000000,0.000000,0.001476,0.000000,0.000000,0.000000,-0.388451,0.002516,9214
20.058093,685559.345787,0.005001,air_chirp,0.000000,0.000000,0.001108,0.000000,0.000000,0.000000,-0.357228,0.003121,9216
20.063092,685559.350880,0.004999,air_chirp,0.000000,0.000000,0.000734,0.000000,0.000000,0.000000,-0.324039,0.002652,9218
20.068092,685559.356032,0.005000,air_chirp,0.000000,0.000000,0.000356,0.000000,0.000000,0.000000,-0.336480,0.003146,9220
20.073093,685559.361134,0.005001,air_chirp,0.000000,0.000000,-0.000026,0.000000,0.000000,0.000000,-0.383783,0.002683,9222
20.083093,685559.366232,0.010000,air_chirp,0.000000,0.000000,-0.000405,0.000000,0.000000,0.000000,-0.377438,0.002742,9226
20.088092,685559.371356,0.005000,air_chirp,0.000000,0.000000,-0.000784,0.000000,0.000000,0.000000,-0.332574,0.003242,9228
20.093092,685559.376488,0.005000,air_chirp,0.000000,0.000000,-0.001162,0.000000,0.000000,0.000000,-0.311418,0.002824,9230
20.098092,685559.381614,0.005000,air_chirp,0.000000,0.000000,-0.001535,0.000000,0.000000,0.000000,-0.416739,0.002232,9232
20.103093,685559.386767,0.005000,air_chirp,0.000000,0.000000,-0.001900,0.000000,0.000000,0.000000,-0.460350,0.002764,9234
20.108092,685559.391924,0.005000,air_chirp,0.000000,0.000000,-0.002259,0.000000,0.000000,0.000000,-0.420546,0.003245,9236
20.113092,685559.397044,0.005000,air_chirp,0.000000,0.000000,-0.002607,0.000000,0.000000,0.000000,-0.319920,0.002718,9238
20.118092,685559.402140,0.005000,air_chirp,0.000000,0.000000,-0.002942,0.000000,0.000000,0.000000,-0.305460,0.003000,9240
20.123092,685559.407268,0.005000,air_chirp,0.000000,0.000000,-0.003261,0.000000,0.000000,0.000000,-0.400178,0.002298,9242
20.128092,685559.412397,0.005000,air_chirp,0.000000,0.000000,-0.003566,0.000000,0.000000,0.000000,-0.405601,0.002667,9244
20.133092,685559.417521,0.005000,air_chirp,0.000000,0.000000,-0.003854,0.000000,0.000000,0.000000,-0.381278,0.002965,9246
20.138092,685559.422691,0.005000,air_chirp,0.000000,0.000000,-0.004124,0.000000,0.000000,0.000000,-0.351861,0.002302,9248
20.143092,685559.427815,0.005000,air_chirp,0.000000,0.000000,-0.004375,0.000000,0.000000,0.000000,-0.322719,0.002781,9250
20.148092,685559.432944,0.005000,air_chirp,0.000000,0.000000,-0.004603,0.000000,0.000000,0.000000,-0.342813,0.002281,9252
20.153092,685559.438082,0.005000,air_chirp,0.000000,0.000000,-0.004808,0.000000,0.000000,0.000000,-0.359267,0.002946,9254
20.158092,685559.443171,0.005000,air_chirp,0.000000,0.000000,-0.004990,0.000000,0.000000,0.000000,-0.421627,0.002578,9256
20.163092,685559.448299,0.005000,air_chirp,0.000000,0.000000,-0.005147,0.000000,0.000000,0.000000,-0.440581,0.003111,9258
20.168092,685559.453427,0.005000,air_chirp,0.000000,0.000000,-0.005279,0.000000,0.000000,0.000000,-0.372965,0.002683,9260
20.173092,685559.458551,0.005000,air_chirp,0.000000,0.000000,-0.005384,0.000000,0.000000,0.000000,-0.335893,0.002201,9262
20.178094,685559.463670,0.005002,air_chirp,0.000000,0.000000,-0.005463,0.000000,0.000000,0.000000,-0.322764,0.002738,9264
20.183092,685559.468784,0.004998,air_chirp,0.000000,0.000000,-0.005515,0.000000,0.000000,0.000000,-0.382639,0.002244,9266
20.188092,685559.473916,0.005000,air_chirp,0.000000,0.000000,-0.005539,0.000000,0.000000,0.000000,-0.424439,0.002832,9268
20.193092,685559.479012,0.005000,air_chirp,0.000000,0.000000,-0.005535,0.000000,0.000000,0.000000,-0.397935,0.002364,9270
20.198092,685559.484157,0.005000,air_chirp,0.000000,0.000000,-0.005503,0.000000,0.000000,0.000000,-0.420682,0.003014,9272
20.203093,685559.489244,0.005000,air_chirp,0.000000,0.000000,-0.005443,0.000000,0.000000,0.000000,-0.463415,0.002613,9274
20.208092,685559.494359,0.005000,air_chirp,0.000000,0.000000,-0.005357,0.000000,0.000000,0.000000,-0.431509,0.002185,9276
20.213092,685559.499581,0.005000,air_chirp,0.000000,0.000000,-0.005240,0.000000,0.000000,0.000000,-0.428617,0.002917,9278
20.218092,685559.504784,0.005000,air_chirp,0.000000,0.000000,-0.005096,0.000000,0.000000,0.000000,-0.396802,0.002347,9280
20.223092,685559.510000,0.005000,air_chirp,0.000000,0.000000,-0.004924,0.000000,0.000000,0.000000,-0.308223,0.003006,9282
20.228778,685559.515178,0.005686,air_chirp,0.000000,0.000000,-0.004728,0.000000,0.000000,0.000000,-0.338814,0.003299,9284
20.234371,685559.520470,0.005594,air_chirp,0.000000,0.000000,-0.004502,0.000000,0.000000,0.000000,-0.390995,0.003419,9286
20.239878,685559.525716,0.005506,air_chirp,0.000000,0.000000,-0.004252,0.000000,0.000000,0.000000,-0.351699,0.003457,9288
20.245283,685559.530831,0.005405,air_chirp,0.000000,0.000000,-0.003987,0.000000,0.000000,0.000000,-0.325433,0.003402,9290
20.249541,685559.536056,0.004258,air_chirp,0.000000,0.000000,-0.003695,0.000000,0.000000,0.000000,-0.368808,0.002278,9292
20.258092,685559.541270,0.008551,air_chirp,0.000000,0.000000,-0.003382,0.000000,0.000000,0.000000,-0.288837,0.001013,9296
20.263092,685559.546388,0.005000,air_chirp,0.000000,0.000000,-0.003057,0.000000,0.000000,0.000000,-0.289589,0.005951,9298
20.268094,685559.551597,0.005002,air_chirp,0.000000,0.000000,-0.002714,0.000000,0.000000,0.000000,-0.345295,0.004738,9300
20.273092,685559.556813,0.004998,air_chirp,0.000000,0.000000,-0.002348,0.000000,0.000000,0.000000,-0.392753,0.004753,9302
20.278092,685559.562092,0.005000,air_chirp,0.000000,0.000000,-0.001969,0.000000,0.000000,0.000000,-0.331984,0.004764,9304
20.283092,685559.567210,0.005000,air_chirp,0.000000,0.000000,-0.001587,0.000000,0.000000,0.000000,-0.233182,0.004230,9306
20.288092,685559.572334,0.005000,air_chirp,0.000000,0.000000,-0.001198,0.000000,0.000000,0.000000,-0.259590,0.003856,9308
20.293094,685559.577597,0.005002,air_chirp,0.000000,0.000000,-0.000792,0.000000,0.000000,0.000000,-0.357550,0.003355,9310
20.298092,685559.582813,0.004998,air_chirp,0.000000,0.000000,-0.000382,0.000000,0.000000,0.000000,-0.367116,0.003945,9312
20.303092,685559.588031,0.005000,air_chirp,0.000000,0.000000,0.000030,0.000000,0.000000,0.000000,-0.349607,0.003505,9314
20.308092,685559.593187,0.005000,air_chirp,0.000000,0.000000,0.000438,0.000000,0.000000,0.000000,-0.358791,0.004111,9316
20.313093,685559.598349,0.005000,air_chirp,0.000000,0.000000,0.000845,0.000000,0.000000,0.000000,-0.287869,0.003672,9318
20.318092,685559.603493,0.005000,air_chirp,0.000000,0.000000,0.001244,0.000000,0.000000,0.000000,-0.214639,0.004334,9320
20.323092,685559.608748,0.005000,air_chirp,0.000000,0.000000,0.001649,0.000000,0.000000,0.000000,-0.243510,0.003951,9322
20.328093,685559.613970,0.005000,air_chirp,0.000000,0.000000,0.002043,0.000000,0.000000,0.000000,-0.312501,0.003495,9324
20.333092,685559.619090,0.004999,air_chirp,0.000000,0.000000,0.002420,0.000000,0.000000,0.000000,-0.371732,0.004166,9326
20.338093,685559.624225,0.005001,air_chirp,0.000000,0.000000,0.002783,0.000000,0.000000,0.000000,-0.389722,0.003768,9328
20.343092,685559.629458,0.004999,air_chirp,0.000000,0.000000,0.003142,0.000000,0.000000,0.000000,-0.332174,0.003266,9330
20.348092,685559.634718,0.005000,air_chirp,0.000000,0.000000,0.003485,0.000000,0.000000,0.000000,-0.282416,0.003952,9332
20.353097,685559.639934,0.005005,air_chirp,0.000000,0.000000,0.003807,0.000000,0.000000,0.000000,-0.293961,0.003519,9334
20.358092,685559.645184,0.004995,air_chirp,0.000000,0.000000,0.004109,0.000000,0.000000,0.000000,-0.329586,0.004056,9336
20.363092,685559.650302,0.005000,air_chirp,0.000000,0.000000,0.004385,0.000000,0.000000,0.000000,-0.398602,0.003723,9338
20.368092,685559.655596,0.005000,air_chirp,0.000000,0.000000,0.004646,0.000000,0.000000,0.000000,-0.386424,0.004179,9340
20.373093,685559.660807,0.005001,air_chirp,0.000000,0.000000,0.004877,0.000000,0.000000,0.000000,-0.336729,0.003733,9342
20.378092,685559.665956,0.004999,air_chirp,0.000000,0.000000,0.005079,0.000000,0.000000,0.000000,-0.306484,0.004367,9344
20.388093,685559.671209,0.010000,air_chirp,0.000000,0.000000,0.005258,0.000000,0.000000,0.000000,-0.372894,0.003513,9348
20.393092,685559.676427,0.004999,air_chirp,0.000000,0.000000,0.005408,0.000000,0.000000,0.000000,-0.323794,0.004113,9350
20.398093,685559.681615,0.005001,air_chirp,0.000000,0.000000,0.005526,0.000000,0.000000,0.000000,-0.219700,0.003629,9352
20.403101,685559.686768,0.005008,air_chirp,0.000000,0.000000,0.005616,0.000000,0.000000,0.000000,-0.215632,0.004282,9354
20.408092,685559.692039,0.004991,air_chirp,0.000000,0.000000,0.005676,0.000000,0.000000,0.000000,-0.264194,0.003856,9356
20.413093,685559.697297,0.005000,air_chirp,0.000000,0.000000,0.005703,0.000000,0.000000,0.000000,-0.282927,0.003468,9358
20.418092,685559.702414,0.004999,air_chirp,0.000000,0.000000,0.005700,0.000000,0.000000,0.000000,-0.284450,0.004012,9360
20.423093,685559.707570,0.005001,air_chirp,0.000000,0.000000,0.005665,0.000000,0.000000,0.000000,-0.284619,0.003616,9362
20.428092,685559.712790,0.004999,air_chirp,0.000000,0.000000,0.005599,0.000000,0.000000,0.000000,-0.324669,0.004188,9364
20.433093,685559.718035,0.005000,air_chirp,0.000000,0.000000,0.005501,0.000000,0.000000,0.000000,-0.355725,0.003811,9366
20.438092,685559.723311,0.005000,air_chirp,0.000000,0.000000,0.005371,0.000000,0.000000,0.000000,-0.330106,0.003412,9368
20.443092,685559.728470,0.005000,air_chirp,0.000000,0.000000,0.005214,0.000000,0.000000,0.000000,-0.296557,0.004058,9370
20.448092,685559.733691,0.005000,air_chirp,0.000000,0.000000,0.005025,0.000000,0.000000,0.000000,-0.271911,0.003587,9372
20.453093,685559.738908,0.005000,air_chirp,0.000000,0.000000,0.004808,0.000000,0.000000,0.000000,-0.320597,0.004069,9374
20.458093,685559.744156,0.005001,air_chirp,0.000000,0.000000,0.004564,0.000000,0.000000,0.000000,-0.403165,0.003639,9376
20.463092,685559.749280,0.004999,air_chirp,0.000000,0.000000,0.004297,0.000000,0.000000,0.000000,-0.389658,0.004299,9378
20.468093,685559.754420,0.005001,air_chirp,0.000000,0.000000,0.004008,0.000000,0.000000,0.000000,-0.317736,0.003902,9380
20.473104,685559.759589,0.005011,air_chirp,0.000000,0.000000,0.003694,0.000000,0.000000,0.000000,-0.297690,0.003448,9382
20.478093,685559.764748,0.004989,air_chirp,0.000000,0.000000,0.003358,0.000000,0.000000,0.000000,-0.319450,0.004083,9384
20.483094,685559.769889,0.005001,air_chirp,0.000000,0.000000,0.003006,0.000000,0.000000,0.000000,-0.308081,0.003636,9386
20.488093,685559.775039,0.004999,air_chirp,0.000000,0.000000,0.002636,0.000000,0.000000,0.000000,-0.264146,0.004235,9388
20.493093,685559.780141,0.005000,air_chirp,0.000000,0.000000,0.002251,0.000000,0.000000,0.000000,-0.302901,0.003795,9390
20.498093,685559.785228,0.005000,air_chirp,0.000000,0.000000,0.001856,0.000000,0.000000,0.000000,-0.397722,0.003301,9392
20.503093,685559.790312,0.005000,air_chirp,0.000000,0.000000,0.001452,0.000000,0.000000,0.000000,-0.443025,0.003889,9394
20.508094,685559.795459,0.005001,air_chirp,0.000000,0.000000,0.001038,0.000000,0.000000,0.000000,-0.469153,0.004250,9396
20.513094,685559.800612,0.005000,air_chirp,0.000000,0.000000,0.000612,0.000000,0.000000,0.000000,-0.435015,0.003856,9398
20.518092,685559.805768,0.004999,air_chirp,0.000000,0.000000,0.000181,0.000000,0.000000,0.000000,-0.344218,0.003289,9400
20.523100,685559.810909,0.005008,air_chirp,0.000000,0.000000,-0.000249,0.000000,0.000000,0.000000,-0.338423,0.003831,9402
20.528093,685559.816053,0.004993,air_chirp,0.000000,0.000000,-0.000679,0.000000,0.000000,0.000000,-0.387983,0.003288,9404
20.533092,685559.821185,0.004999,air_chirp,0.000000,0.000000,-0.001106,0.000000,0.000000,0.000000,-0.408073,0.003840,9406
20.543092,685559.826322,0.010000,air_chirp,0.000000,0.000000,-0.001527,0.000000,0.000000,0.000000,-0.312535,0.004003,9410
20.548094,685559.831456,0.005002,air_chirp,0.000000,0.000000,-0.001941,0.000000,0.000000,0.000000,-0.367770,0.003568,9412
20.553094,685559.836587,0.005000,air_chirp,0.000000,0.000000,-0.002345,0.000000,0.000000,0.000000,-0.380498,0.004169,9414
20.558096,685559.841718,0.005001,air_chirp,0.000000,0.000000,-0.002736,0.000000,0.000000,0.000000,-0.416267,0.003731,9416
20.563094,685559.846848,0.004999,air_chirp,0.000000,0.000000,-0.003113,0.000000,0.000000,0.000000,-0.416717,0.004267,9418
20.568095,685559.851979,0.005000,air_chirp,0.000000,0.000000,-0.003473,0.000000,0.000000,0.000000,-0.350496,0.003818,9420
20.573097,685559.857063,0.005002,air_chirp,0.000000,0.000000,-0.003811,0.000000,0.000000,0.000000,-0.361086,0.003450,9422
20.578093,685559.862198,0.004996,air_chirp,0.000000,0.000000,-0.004133,0.000000,0.000000,0.000000,-0.351240,0.003996,9424
20.583093,685559.867335,0.005000,air_chirp,0.000000,0.000000,-0.004431,0.000000,0.000000,0.000000,-0.352282,0.003562,9426
20.588093,685559.872457,0.005000,air_chirp,0.000000,0.000000,-0.004706,0.000000,0.000000,0.000000,-0.349049,0.004124,9428
20.593092,685559.877570,0.005000,air_chirp,0.000000,0.000000,-0.004954,0.000000,0.000000,0.000000,-0.332890,0.003545,9430
20.598092,685559.882683,0.005000,air_chirp,0.000000,0.000000,-0.005175,0.000000,0.000000,0.000000,-0.379928,0.003840,9432
20.603093,685559.887853,0.005000,air_chirp,0.000000,0.000000,-0.005368,0.000000,0.000000,0.000000,-0.426710,0.004174,9434
20.608093,685559.892983,0.005000,air_chirp,0.000000,0.000000,-0.005531,0.000000,0.000000,0.000000,-0.464285,0.003718,9436
20.613093,685559.898052,0.005000,air_chirp,0.000000,0.000000,-0.005662,0.000000,0.000000,0.000000,-0.494074,0.003230,9438
20.618092,685559.903183,0.005000,air_chirp,0.000000,0.000000,-0.005762,0.000000,0.000000,0.000000,-0.393833,0.003618,9440
20.623092,685559.908317,0.005000,air_chirp,0.000000,0.000000,-0.005830,0.000000,0.000000,0.000000,-0.297037,0.004197,9442
20.628093,685559.913449,0.005001,air_chirp,0.000000,0.000000,-0.005865,0.000000,0.000000,0.000000,-0.352975,0.003728,9444
20.633092,685559.918581,0.005000,air_chirp,0.000000,0.000000,-0.005867,0.000000,0.000000,0.000000,-0.465543,0.004316,9446
20.638093,685559.923713,0.005000,air_chirp,0.000000,0.000000,-0.005836,0.000000,0.000000,0.000000,-0.451121,0.003897,9448
20.643092,685559.928846,0.005000,air_chirp,0.000000,0.000000,-0.005772,0.000000,0.000000,0.000000,-0.368324,0.003460,9450
20.648093,685559.933980,0.005001,air_chirp,0.000000,0.000000,-0.005674,0.000000,0.000000,0.000000,-0.383627,0.004070,9452
20.653093,685559.939069,0.005000,air_chirp,0.000000,0.000000,-0.005545,0.000000,0.000000,0.000000,-0.394300,0.003650,9454
20.658093,685559.944205,0.005000,air_chirp,0.000000,0.000000,-0.005383,0.000000,0.000000,0.000000,-0.398611,0.004210,9456
20.663093,685559.949341,0.005000,air_chirp,0.000000,0.000000,-0.005190,0.000000,0.000000,0.000000,-0.381329,0.003847,9458
20.668092,685559.954476,0.004999,air_chirp,0.000000,0.000000,-0.004967,0.000000,0.000000,0.000000,-0.321730,0.003357,9460
20.673093,685559.959609,0.005001,air_chirp,0.000000,0.000000,-0.004715,0.000000,0.000000,0.000000,-0.338064,0.003931,9462
20.678095,685559.964801,0.005002,air_chirp,0.000000,0.000000,-0.004432,0.000000,0.000000,0.000000,-0.357663,0.003463,9464
20.683093,685559.970038,0.004998,air_chirp,0.000000,0.000000,-0.004120,0.000000,0.000000,0.000000,-0.306754,0.004082,9466
20.688093,685559.975189,0.005000,air_chirp,0.000000,0.000000,-0.003788,0.000000,0.000000,0.000000,-0.348666,0.003664,9468
20.693093,685559.980307,0.005000,air_chirp,0.000000,0.000000,-0.003434,0.000000,0.000000,0.000000,-0.348431,0.004254,9470
20.698093,685559.985424,0.005000,air_chirp,0.000000,0.000000,-0.003061,0.000000,0.000000,0.000000,-0.316237,0.003846,9472
20.703092,685559.990610,0.004999,air_chirp,0.000000,0.000000,-0.002668,0.000000,0.000000,0.000000,-0.328127,0.003443,9474
20.708093,685559.995839,0.005001,air_chirp,0.000000,0.000000,-0.002248,0.000000,0.000000,0.000000,-0.303739,0.004143,9476
20.713093,685560.000959,0.005000,air_chirp,0.000000,0.000000,-0.001826,0.000000,0.000000,0.000000,-0.307544,0.003758,9478
20.718092,685560.006205,0.004999,air_chirp,0.000000,0.000000,-0.001384,0.000000,0.000000,0.000000,-0.251360,0.003260,9480
20.723094,685560.011326,0.005002,air_chirp,0.000000,0.000000,-0.000940,0.000000,0.000000,0.000000,-0.199683,0.003903,9482
20.733094,685560.016477,0.009999,air_chirp,0.000000,0.000000,-0.000490,0.000000,0.000000,0.000000,-0.494824,0.003834,9486
20.738092,685560.021612,0.004999,air_chirp,0.000000,0.000000,-0.000035,0.000000,0.000000,0.000000,-0.441255,0.003924,9488
20.743092,685560.026760,0.005000,air_chirp,0.000000,0.000000,0.000419,0.000000,0.000000,0.000000,-0.335588,0.004010,9490
20.748092,685560.031884,0.005000,air_chirp,0.000000,0.000000,0.000874,0.000000,0.000000,0.000000,-0.291982,0.004210,9492
20.753092,685560.036997,0.005000,air_chirp,0.000000,0.000000,0.001322,0.000000,0.000000,0.000000,-0.287176,0.003574,9494
20.758092,685560.042100,0.005000,air_chirp,0.000000,0.000000,0.001762,0.000000,0.000000,0.000000,-0.249416,0.003844,9496
20.763092,685560.047177,0.005000,air_chirp,0.000000,0.000000,0.002192,0.000000,0.000000,0.000000,-0.269487,0.003975,9498
20.768092,685560.052300,0.005000,air_chirp,0.000000,0.000000,0.002609,0.000000,0.000000,0.000000,-0.324737,0.004008,9500
20.773093,685560.057423,0.005000,air_chirp,0.000000,0.000000,0.003015,0.000000,0.000000,0.000000,-0.328594,0.004014,9502
20.778092,685560.062550,0.005000,air_chirp,0.000000,0.000000,0.003403,0.000000,0.000000,0.000000,-0.303469,0.004156,9504
20.783093,685560.067664,0.005001,air_chirp,0.000000,0.000000,0.003773,0.000000,0.000000,0.000000,-0.290648,0.003426,9506
20.788093,685560.072818,0.004999,air_chirp,0.000000,0.000000,0.004121,0.000000,0.000000,0.000000,-0.354534,0.003803,9508
20.793092,685560.077940,0.004999,air_chirp,0.000000,0.000000,0.004447,0.000000,0.000000,0.000000,-0.364893,0.003980,9510
20.798092,685560.083081,0.005000,air_chirp,0.000000,0.000000,0.004746,0.000000,0.000000,0.000000,-0.339478,0.004264,9512
20.803093,685560.088158,0.005001,air_chirp,0.000000,0.000000,0.005018,0.000000,0.000000,0.000000,-0.307178,0.003680,9514
20.808093,685560.093234,0.005000,air_chirp,0.000000,0.000000,0.005258,0.000000,0.000000,0.000000,-0.305669,0.003936,9516
20.813092,685560.098336,0.004999,air_chirp,0.000000,0.000000,0.005468,0.000000,0.000000,0.000000,-0.356292,0.004168,9518
20.818092,685560.103436,0.005000,air_chirp,0.000000,0.000000,0.005648,0.000000,0.000000,0.000000,-0.360103,0.003375,9520
20.823092,685560.108587,0.005000,air_chirp,0.000000,0.000000,0.005794,0.000000,0.000000,0.000000,-0.313068,0.003814,9522
20.828092,685560.113739,0.005000,air_chirp,0.000000,0.000000,0.005908,0.000000,0.000000,0.000000,-0.236186,0.003998,9524
20.833092,685560.118889,0.005000,air_chirp,0.000000,0.000000,0.005986,0.000000,0.000000,0.000000,-0.235142,0.004192,9526
20.838093,685560.124028,0.005001,air_chirp,0.000000,0.000000,0.006028,0.000000,0.000000,0.000000,-0.269960,0.003460,9528
20.843093,685560.129117,0.005000,air_chirp,0.000000,0.000000,0.006033,0.000000,0.000000,0.000000,-0.286898,0.003990,9530
20.848092,685560.134192,0.005000,air_chirp,0.000000,0.000000,0.006004,0.000000,0.000000,0.000000,-0.313557,0.003492,9532
20.853092,685560.139309,0.005000,air_chirp,0.000000,0.000000,0.005938,0.000000,0.000000,0.000000,-0.325497,0.004139,9534
20.858093,685560.144424,0.005000,air_chirp,0.000000,0.000000,0.005837,0.000000,0.000000,0.000000,-0.245571,0.003681,9536
20.863092,685560.149548,0.004999,air_chirp,0.000000,0.000000,0.005700,0.000000,0.000000,0.000000,-0.158414,0.004339,9538
20.868093,685560.154675,0.005001,air_chirp,0.000000,0.000000,0.005529,0.000000,0.000000,0.000000,-0.250991,0.003961,9540
20.873092,685560.159794,0.004999,air_chirp,0.000000,0.000000,0.005324,0.000000,0.000000,0.000000,-0.357714,0.003501,9542
20.878092,685560.164912,0.005000,air_chirp,0.000000,0.000000,0.005087,0.000000,0.000000,0.000000,-0.326300,0.004093,9544
20.883093,685560.170024,0.005000,air_chirp,0.000000,0.000000,0.004818,0.000000,0.000000,0.000000,-0.306558,0.003636,9546
20.888093,685560.175102,0.005000,air_chirp,0.000000,0.000000,0.004521,0.000000,0.000000,0.000000,-0.326904,0.004239,9548
20.893092,685560.180242,0.005000,air_chirp,0.000000,0.000000,0.004198,0.000000,0.000000,0.000000,-0.307261,0.003889,9550
20.898092,685560.185356,0.005000,air_chirp,0.000000,0.000000,0.003844,0.000000,0.000000,0.000000,-0.355765,0.003443,9552
20.903093,685560.190486,0.005000,air_chirp,0.000000,0.000000,0.003469,0.000000,0.000000,0.000000,-0.392926,0.004060,9554
20.908092,685560.195622,0.005000,air_chirp,0.000000,0.000000,0.003070,0.000000,0.000000,0.000000,-0.325418,0.003574,9556
20.913092,685560.200764,0.005000,air_chirp,0.000000,0.000000,0.002651,0.000000,0.000000,0.000000,-0.285557,0.004230,9558
20.918093,685560.205923,0.005001,air_chirp,0.000000,0.000000,0.002214,0.000000,0.000000,0.000000,-0.267989,0.003651,9560
20.923092,685560.211073,0.004999,air_chirp,0.000000,0.000000,0.001761,0.000000,0.000000,0.000000,-0.291701,0.004278,9562
20.928092,685560.216169,0.005000,air_chirp,0.000000,0.000000,0.001300,0.000000,0.000000,0.000000,-0.397121,0.003839,9564
20.938092,685560.221251,0.010000,air_chirp,0.000000,0.000000,0.000833,0.000000,0.000000,0.000000,-0.490604,0.004005,9568
20.943093,685560.226389,0.005000,air_chirp,0.000000,0.000000,0.000360,0.000000,0.000000,0.000000,-0.424390,0.003578,9570
20.948092,685560.231497,0.005000,air_chirp,0.000000,0.000000,-0.000119,0.000000,0.000000,0.000000,-0.378718,0.004188,9572
20.953093,685560.236706,0.005001,air_chirp,0.000000,0.000000,-0.000600,0.000000,0.000000,0.000000,-0.392889,0.003799,9574
20.958092,685560.241825,0.005000,air_chirp,0.000000,0.000000,-0.001082,0.000000,0.000000,0.000000,-0.363145,0.003303,9576
20.963092,685560.247165,0.005000,air_chirp,0.000000,0.000000,-0.001565,0.000000,0.000000,0.000000,-0.334535,0.004018,9578
20.968093,685560.252283,0.005001,air_chirp,0.000000,0.000000,-0.002034,0.000000,0.000000,0.000000,-0.370354,0.003317,9580
20.973092,685560.257409,0.004999,air_chirp,0.000000,0.000000,-0.002483,0.000000,0.000000,0.000000,-0.388627,0.003899,9582
20.978092,685560.262588,0.005000,air_chirp,0.000000,0.000000,-0.002922,0.000000,0.000000,0.000000,-0.366189,0.003412,9584
20.983092,685560.267809,0.005000,air_chirp,0.000000,0.000000,-0.003349,0.000000,0.000000,0.000000,-0.400245,0.004045,9586
20.988092,685560.273048,0.005000,air_chirp,0.000000,0.000000,-0.003756,0.000000,0.000000,0.000000,-0.490495,0.003593,9588
20.993092,685560.278164,0.005000,air_chirp,0.000000,0.000000,-0.004131,0.000000,0.000000,0.000000,-0.436182,0.004226,9590
20.998092,685560.283294,0.005000,air_chirp,0.000000,0.000000,-0.004480,0.000000,0.000000,0.000000,-0.318349,0.003759,9592
21.003092,685560.288423,0.005000,air_chirp,0.000000,0.000000,-0.004804,0.000000,0.000000,0.000000,-0.330683,0.004037,9594
21.008092,685560.293557,0.005000,air_chirp,0.000000,0.000000,-0.005097,0.000000,0.000000,0.000000,-0.420501,0.003453,9596
21.013093,685560.298688,0.005000,air_chirp,0.000000,0.000000,-0.005360,0.000000,0.000000,0.000000,-0.462030,0.003964,9598
21.018093,685560.303822,0.005001,air_chirp,0.000000,0.000000,-0.005589,0.000000,0.000000,0.000000,-0.409973,0.003100,9600
21.023092,685560.308941,0.004999,air_chirp,0.000000,0.000000,-0.005784,0.000000,0.000000,0.000000,-0.350550,0.003645,9602
21.028092,685560.314067,0.005000,air_chirp,0.000000,0.000000,-0.005942,0.000000,0.000000,0.000000,-0.381923,0.003942,9604
21.033093,685560.319238,0.005001,air_chirp,0.000000,0.000000,-0.006064,0.000000,0.000000,0.000000,-0.420441,0.003245,9606
21.038092,685560.324374,0.005000,air_chirp,0.000000,0.000000,-0.006148,0.000000,0.000000,0.000000,-0.442959,0.003816,9608
21.043092,685560.329509,0.005000,air_chirp,0.000000,0.000000,-0.006193,0.000000,0.000000,0.000000,-0.445295,0.003325,9610
21.048092,685560.334645,0.005000,air_chirp,0.000000,0.000000,-0.006198,0.000000,0.000000,0.000000,-0.358785,0.003782,9612
21.053092,685560.339786,0.005000,air_chirp,0.000000,0.000000,-0.006164,0.000000,0.000000,0.000000,-0.312471,0.004013,9614
21.058093,685560.344922,0.005001,air_chirp,0.000000,0.000000,-0.006091,0.000000,0.000000,0.000000,-0.340058,0.003203,9616
21.063092,685560.350063,0.004999,air_chirp,0.000000,0.000000,-0.005979,0.000000,0.000000,0.000000,-0.430575,0.003823,9618
21.068093,685560.355197,0.005001,air_chirp,0.000000,0.000000,-0.005829,0.000000,0.000000,0.000000,-0.500649,0.004170,9620
21.073092,685560.360332,0.004999,air_chirp,0.000000,0.000000,-0.005641,0.000000,0.000000,0.000000,-0.394532,0.003735,9622
21.078092,685560.365467,0.005000,air_chirp,0.000000,0.000000,-0.005417,0.000000,0.000000,0.000000,-0.350232,0.003184,9624
21.083093,685560.370601,0.005000,air_chirp,0.000000,0.000000,-0.005158,0.000000,0.000000,0.000000,-0.370259,0.003683,9626
21.088092,685560.375733,0.004999,air_chirp,0.000000,0.000000,-0.004865,0.000000,0.000000,0.000000,-0.358159,0.003934,9628
21.093092,685560.380872,0.005000,air_chirp,0.000000,0.000000,-0.004540,0.000000,0.000000,0.000000,-0.416860,0.003219,9630
21.098093,685560.386020,0.005000,air_chirp,0.000000,0.000000,-0.004186,0.000000,0.000000,0.000000,-0.403498,0.003791,9632
21.103093,685560.391153,0.005000,air_chirp,0.000000,0.000000,-0.003803,0.000000,0.000000,0.000000,-0.336916,0.003262,9634
21.108092,685560.396289,0.005000,air_chirp,0.000000,0.000000,-0.003395,0.000000,0.000000,0.000000,-0.368703,0.003894,9636
21.118093,685560.401421,0.010001,air_chirp,0.000000,0.000000,-0.002965,0.000000,0.000000,0.000000,-0.358922,0.004074,9640
21.123095,685560.406556,0.005001,air_chirp,0.000000,0.000000,-0.002515,0.000000,0.000000,0.000000,-0.212118,0.003660,9642
21.128095,685560.411689,0.005001,air_chirp,0.000000,0.000000,-0.002048,0.000000,0.000000,0.000000,-0.266796,0.004271,9644
21.133094,685560.416819,0.004999,air_chirp,0.000000,0.000000,-0.001567,0.000000,0.000000,0.000000,-0.303482,0.003870,9646
21.138094,685560.421951,0.005000,air_chirp,0.000000,0.000000,-0.001075,0.000000,0.000000,0.000000,-0.253281,0.003425,9648
21.143094,685560.427071,0.005000,air_chirp,0.000000,0.000000,-0.000576,0.000000,0.000000,0.000000,-0.308511,0.004096,9650
21.148092,685560.432204,0.004998,air_chirp,0.000000,0.000000,-0.000071,0.000000,0.000000,0.000000,-0.299283,0.003676,9652
21.153092,685560.437339,0.005000,air_chirp,0.000000,0.000000,0.000436,0.000000,0.000000,0.000000,-0.255762,0.004244,9654
21.158092,685560.442464,0.005000,air_chirp,0.000000,0.000000,0.000941,0.000000,0.000000,0.000000,-0.284494,0.003910,9656
21.163092,685560.447578,0.005000,air_chirp,0.000000,0.000000,0.001439,0.000000,0.000000,0.000000,-0.340425,0.003518,9658
21.168093,685560.452717,0.005001,air_chirp,0.000000,0.000000,0.001931,0.000000,0.000000,0.000000,-0.347367,0.004085,9660
21.173093,685560.457878,0.005000,air_chirp,0.000000,0.000000,0.002411,0.000000,0.000000,0.000000,-0.350453,0.003671,9662
21.178093,685560.463016,0.005001,air_chirp,0.000000,0.000000,0.002877,0.000000,0.000000,0.000000,-0.362170,0.004269,9664
21.183092,685560.468140,0.004999,air_chirp,0.000000,0.000000,0.003325,0.000000,0.000000,0.000000,-0.327435,0.003901,9666
21.188092,685560.473270,0.005000,air_chirp,0.000000,0.000000,0.003749,0.000000,0.000000,0.000000,-0.295975,0.003475,9668
21.193093,685560.478406,0.005001,air_chirp,0.000000,0.000000,0.004151,0.000000,0.000000,0.000000,-0.365059,0.004077,9670
21.198093,685560.483537,0.005001,air_chirp,0.000000,0.000000,0.004527,0.000000,0.000000,0.000000,-0.399320,0.003680,9672
21.203093,685560.488670,0.004999,air_chirp,0.000000,0.000000,0.004874,0.000000,0.000000,0.000000,-0.353978,0.003170,9674
21.208092,685560.493787,0.005000,air_chirp,0.000000,0.000000,0.005189,0.000000,0.000000,0.000000,-0.352898,0.003790,9676
21.213093,685560.498919,0.005000,air_chirp,0.000000,0.000000,0.005469,0.000000,0.000000,0.000000,-0.297616,0.004173,9678
21.218093,685560.504053,0.005000,air_chirp,0.000000,0.000000,0.005715,0.000000,0.000000,0.000000,-0.246670,0.003551,9680
21.223093,685560.509187,0.005000,air_chirp,0.000000,0.000000,0.005924,0.000000,0.000000,0.000000,-0.305206,0.003935,9682
21.228092,685560.514323,0.004999,air_chirp,0.000000,0.000000,0.006094,0.000000,0.000000,0.000000,-0.358111,0.003297,9684
21.233093,685560.519456,0.005001,air_chirp,0.000000,0.000000,0.006223,0.000000,0.000000,0.000000,-0.341148,0.003847,9686
21.238092,685560.524587,0.004999,air_chirp,0.000000,0.000000,0.006312,0.000000,0.000000,0.000000,-0.279040,0.004300,9688
21.243093,685560.529718,0.005000,air_chirp,0.000000,0.000000,0.006358,0.000000,0.000000,0.000000,-0.254541,0.003785,9690
21.248093,685560.534855,0.005001,air_chirp,0.000000,0.000000,0.006362,0.000000,0.000000,0.000000,-0.262393,0.004006,9692
21.253092,685560.539990,0.004999,air_chirp,0.000000,0.000000,0.006324,0.000000,0.000000,0.000000,-0.340490,0.003339,9694
21.258092,685560.545125,0.005000,air_chirp,0.000000,0.000000,0.006243,0.000000,0.000000,0.000000,-0.372702,0.003841,9696
21.263092,685560.550258,0.005000,air_chirp,0.000000,0.000000,0.006120,0.000000,0.000000,0.000000,-0.322989,0.004190,9698
21.268093,685560.555394,0.005001,air_chirp,0.000000,0.000000,0.005956,0.000000,0.000000,0.000000,-0.256329,0.003678,9700
21.273092,685560.560531,0.004999,air_chirp,0.000000,0.000000,0.005752,0.000000,0.000000,0.000000,-0.266477,0.004255,9702
21.278092,685560.565672,0.005000,air_chirp,0.000000,0.000000,0.005508,0.000000,0.000000,0.000000,-0.337654,0.003732,9704
21.283093,685560.570805,0.005001,air_chirp,0.000000,0.000000,0.005227,0.000000,0.000000,0.000000,-0.346620,0.003939,9706
21.288092,685560.575957,0.004999,air_chirp,0.000000,0.000000,0.004909,0.000000,0.000000,0.000000,-0.356847,0.004225,9708
21.293092,685560.581083,0.005000,air_chirp,0.000000,0.000000,0.004559,0.000000,0.000000,0.000000,-0.349436,0.003711,9710
21.303093,685560.586225,0.010000,air_chirp,0.000000,0.000000,0.004175,0.000000,0.000000,0.000000,-0.299537,0.003647,9714
21.308093,685560.591361,0.005001,air_chirp,0.000000,0.000000,0.003763,0.000000,0.000000,0.000000,-0.281512,0.004166,9716
21.313094,685560.596494,0.005001,air_chirp,0.000000,0.000000,0.003325,0.000000,0.000000,0.000000,-0.315531,0.003752,9718
21.318095,685560.601628,0.005000,air_chirp,0.000000,0.000000,0.002864,0.000000,0.000000,0.000000,-0.319079,0.003253,9720
21.323094,685560.606765,0.004999,air_chirp,0.000000,0.000000,0.002382,0.000000,0.000000,0.000000,-0.256006,0.003924,9722
21.328095,685560.611897,0.005001,air_chirp,0.000000,0.000000,0.001883,0.000000,0.000000,0.000000,-0.273322,0.003483,9724
21.333094,685560.617037,0.005000,air_chirp,0.000000,0.000000,0.001370,0.000000,0.000000,0.000000,-0.329967,0.004090,9726
21.338097,685560.622186,0.005002,air_chirp,0.000000,0.000000,0.000845,0.000000,0.000000,0.000000,-0.405834,0.003705,9728
21.343093,685560.627324,0.004996,air_chirp,0.000000,0.000000,0.000314,0.000000,0.000000,0.000000,-0.481920,0.003254,9730
21.348093,685560.632451,0.005000,air_chirp,0.000000,0.000000,-0.000219,0.000000,0.000000,0.000000,-0.523226,0.003904,9732
21.353092,685560.637564,0.005000,air_chirp,0.000000,0.000000,-0.000751,0.000000,0.000000,0.000000,-0.488334,0.003435,9734
21.358092,685560.642679,0.005000,air_chirp,0.000000,0.000000,-0.001278,0.000000,0.000000,0.000000,-0.357848,0.004085,9736
21.363092,685560.647792,0.005000,air_chirp,0.000000,0.000000,-0.001797,0.000000,0.000000,0.000000,-0.324883,0.003673,9738
21.368093,685560.652904,0.005001,air_chirp,0.000000,0.000000,-0.002305,0.000000,0.000000,0.000000,-0.303322,0.003203,9740
21.373092,685560.658039,0.004999,air_chirp,0.000000,0.000000,-0.002798,0.000000,0.000000,0.000000,-0.304485,0.003866,9742
21.378094,685560.663175,0.005001,air_chirp,0.000000,0.000000,-0.003275,0.000000,0.000000,0.000000,-0.413750,0.003461,9744
21.383092,685560.668312,0.004999,air_chirp,0.000000,0.000000,-0.003731,0.000000,0.000000,0.000000,-0.429664,0.004079,9746
21.388092,685560.673429,0.005000,air_chirp,0.000000,0.000000,-0.004161,0.000000,0.000000,0.000000,-0.331580,0.003632,9748
21.393092,685560.678567,0.005000,air_chirp,0.000000,0.000000,-0.004562,0.000000,0.000000,0.000000,-0.293690,0.003166,9750
21.398092,685560.683700,0.005000,air_chirp,0.000000,0.000000,-0.004934,0.000000,0.000000,0.000000,-0.330707,0.003774,9752
21.403092,685560.688838,0.005000,air_chirp,0.000000,0.000000,-0.005272,0.000000,0.000000,0.000000,-0.370183,0.003337,9754
21.408093,685560.693972,0.005000,air_chirp,0.000000,0.000000,-0.005574,0.000000,0.000000,0.000000,-0.366879,0.004025,9756
21.413093,685560.699068,0.005000,air_chirp,0.000000,0.000000,-0.005836,0.000000,0.000000,0.000000,-0.379025,0.003687,9758
21.418093,685560.704205,0.005001,air_chirp,0.000000,0.000000,-0.006060,0.000000,0.000000,0.000000,-0.426856,0.004226,9760
21.423092,685560.709340,0.004999,air_chirp,0.000000,0.000000,-0.006242,0.000000,0.000000,0.000000,-0.427670,0.003783,9762
21.428092,685560.714474,0.005000,air_chirp,0.000000,0.000000,-0.006380,0.000000,0.000000,0.000000,-0.461521,0.003338,9764
21.433092,685560.719610,0.005000,air_chirp,0.000000,0.000000,-0.006474,0.000000,0.000000,0.000000,-0.449746,0.004011,9766
21.438093,685560.724729,0.005001,air_chirp,0.000000,0.000000,-0.006523,0.000000,0.000000,0.000000,-0.390409,0.003599,9768
21.443092,685560.729963,0.004999,air_chirp,0.000000,0.000000,-0.006526,0.000000,0.000000,0.000000,-0.404418,0.004205,9770
21.448093,685560.735192,0.005000,air_chirp,0.000000,0.000000,-0.006481,0.000000,0.000000,0.000000,-0.424201,0.003855,9772
21.453092,685560.740414,0.005000,air_chirp,0.000000,0.000000,-0.006389,0.000000,0.000000,0.000000,-0.415728,0.003397,9774
21.458092,685560.745547,0.005000,air_chirp,0.000000,0.000000,-0.006253,0.000000,0.000000,0.000000,-0.387624,0.004055,9776
21.463092,685560.750712,0.005000,air_chirp,0.000000,0.000000,-0.006072,0.000000,0.000000,0.000000,-0.381897,0.003615,9778
21.468093,685560.755849,0.005001,air_chirp,0.000000,0.000000,-0.005847,0.000000,0.000000,0.000000,-0.400243,0.003240,9780
21.473092,685560.760976,0.004999,air_chirp,0.000000,0.000000,-0.005581,0.000000,0.000000,0.000000,-0.419112,0.003918,9782
21.478092,685560.766097,0.005000,air_chirp,0.000000,0.000000,-0.005278,0.000000,0.000000,0.000000,-0.409775,0.003485,9784
21.488092,685560.771177,0.010000,air_chirp,0.000000,0.000000,-0.004933,0.000000,0.000000,0.000000,-0.377729,0.003694,9788
21.493092,685560.776254,0.005000,air_chirp,0.000000,0.000000,-0.004558,0.000000,0.000000,0.000000,-0.364898,0.003248,9790
21.498092,685560.781367,0.005000,air_chirp,0.000000,0.000000,-0.004150,0.000000,0.000000,0.000000,-0.319579,0.003955,9792
21.503093,685560.786445,0.005000,air_chirp,0.000000,0.000000,-0.003709,0.000000,0.000000,0.000000,-0.340129,0.003522,9794
21.508092,685560.791600,0.005000,air_chirp,0.000000,0.000000,-0.003242,0.000000,0.000000,0.000000,-0.384506,0.003086,9796
21.513092,685560.796741,0.005000,air_chirp,0.000000,0.000000,-0.002747,0.000000,0.000000,0.000000,-0.393670,0.002754,9798
21.518093,685560.801897,0.005000,air_chirp,0.000000,0.000000,-0.002231,0.000000,0.000000,0.000000,-0.329337,0.002272,9800
21.523092,685560.807022,0.005000,air_chirp,0.000000,0.000000,-0.001698,0.000000,0.000000,0.000000,-0.263437,0.002961,9802
21.528093,685560.812118,0.005000,air_chirp,0.000000,0.000000,-0.001154,0.000000,0.000000,0.000000,-0.220398,0.002535,9804
21.533092,685560.817207,0.004999,air_chirp,0.000000,0.000000,-0.000605,0.000000,0.000000,0.000000,-0.183986,0.003114,9806
21.538092,685560.822290,0.005000,air_chirp,0.000000,0.000000,-0.000050,0.000000,0.000000,0.000000,-0.180172,0.002676,9808
21.543092,685560.827420,0.005000,air_chirp,0.000000,0.000000,0.000506,0.000000,0.000000,0.000000,-0.241940,0.002254,9810
21.548092,685560.832530,0.005000,air_chirp,0.000000,0.000000,0.001065,0.000000,0.000000,0.000000,-0.343069,0.002961,9812
21.553092,685560.837639,0.005000,air_chirp,0.000000,0.000000,0.001614,0.000000,0.000000,0.000000,-0.328176,0.002550,9814
21.558094,685560.842726,0.005001,air_chirp,0.000000,0.000000,0.002152,0.000000,0.000000,0.000000,-0.269602,0.003202,9816
21.563093,685560.847946,0.004999,air_chirp,0.000000,0.000000,0.002680,0.000000,0.000000,0.000000,-0.249922,0.002882,9818
21.568093,685560.853077,0.005000,air_chirp,0.000000,0.000000,0.003192,0.000000,0.000000,0.000000,-0.294281,0.002410,9820
21.573093,685560.858193,0.005000,air_chirp,0.000000,0.000000,0.003679,0.000000,0.000000,0.000000,-0.376814,0.002999,9822
21.578093,685560.863308,0.005000,air_chirp,0.000000,0.000000,0.004139,0.000000,0.000000,0.000000,-0.357029,0.002581,9824
21.583092,685560.868423,0.004999,air_chirp,0.000000,0.000000,0.004569,0.000000,0.000000,0.000000,-0.312241,0.003181,9826
21.588093,685560.873538,0.005000,air_chirp,0.000000,0.000000,0.004966,0.000000,0.000000,0.000000,-0.371863,0.002752,9828
21.593092,685560.878730,0.005000,air_chirp,0.000000,0.000000,0.005330,0.000000,0.000000,0.000000,-0.378470,0.002351,9830
21.598093,685560.883894,0.005001,air_chirp,0.000000,0.000000,0.005659,0.000000,0.000000,0.000000,-0.328362,0.002901,9832
21.603093,685560.889147,0.005000,air_chirp,0.000000,0.000000,0.005951,0.000000,0.000000,0.000000,-0.341920,0.002412,9834
21.608093,685560.894265,0.005000,air_chirp,0.000000,0.000000,0.006191,0.000000,0.000000,0.000000,-0.360487,0.003073,9836
21.613093,685560.899389,0.005000,air_chirp,0.000000,0.000000,0.006386,0.000000,0.000000,0.000000,-0.323535,0.002677,9838
21.618094,685560.904550,0.005001,air_chirp,0.000000,0.000000,0.006534,0.000000,0.000000,0.000000,-0.285720,0.002195,9840
21.623093,685560.909778,0.004999,air_chirp,0.000000,0.000000,0.006637,0.000000,0.000000,0.000000,-0.277515,0.002717,9842
21.628092,685560.914989,0.005000,air_chirp,0.000000,0.000000,0.006689,0.000000,0.000000,0.000000,-0.259367,0.002972,9844
21.633092,685560.920203,0.005000,air_chirp,0.000000,0.000000,0.006690,0.000000,0.000000,0.000000,-0.283586,0.002447,9846
21.638092,685560.925320,0.005000,air_chirp,0.000000,0.000000,0.006641,0.000000,0.000000,0.000000,-0.313557,0.002826,9848
21.643092,685560.930437,0.005000,air_chirp,0.000000,0.000000,0.006543,0.000000,0.000000,0.000000,-0.290149,0.002156,9850
21.648092,685560.935588,0.005000,air_chirp,0.000000,0.000000,0.006396,0.000000,0.000000,0.000000,-0.278588,0.002736,9852
21.653092,685560.940844,0.005000,air_chirp,0.000000,0.000000,0.006196,0.000000,0.000000,0.000000,-0.283496,0.002945,9854
21.658093,685560.946056,0.005000,air_chirp,0.000000,0.000000,0.005950,0.000000,0.000000,0.000000,-0.240427,0.002100,9856
21.663092,685560.951173,0.005000,air_chirp,0.000000,0.000000,0.005662,0.000000,0.000000,0.000000,-0.286246,0.002568,9858
21.673092,685560.956271,0.010000,air_chirp,0.000000,0.000000,0.005333,0.000000,0.000000,0.000000,-0.391147,0.002194,9862
21.678092,685560.961368,0.005000,air_chirp,0.000000,0.000000,0.004965,0.000000,0.000000,0.000000,-0.304516,0.002776,9864
21.683092,685560.966461,0.005000,air_chirp,0.000000,0.000000,0.004560,0.000000,0.000000,0.000000,-0.323045,0.002999,9866
21.688092,685560.971594,0.005000,air_chirp,0.000000,0.000000,0.004120,0.000000,0.000000,0.000000,-0.375564,0.002289,9868
21.693092,685560.976712,0.005000,air_chirp,0.000000,0.000000,0.003645,0.000000,0.000000,0.000000,-0.338636,0.002764,9870
21.698092,685560.981853,0.005000,air_chirp,0.000000,0.000000,0.003144,0.000000,0.000000,0.000000,-0.260386,0.002969,9872
21.703092,685560.986984,0.005000,air_chirp,0.000000,0.000000,0.002616,0.000000,0.000000,0.000000,-0.225885,0.002203,9874
21.708093,685560.992096,0.005001,air_chirp,0.000000,0.000000,0.002072,0.000000,0.000000,0.000000,-0.250135,0.002833,9876
21.713093,685560.997185,0.005000,air_chirp,0.000000,0.000000,0.001506,0.000000,0.000000,0.000000,-0.305536,0.003042,9878
21.718092,685561.002284,0.004999,air_chirp,0.000000,0.000000,0.000934,0.000000,0.000000,0.000000,-0.388039,0.002289,9880
21.723092,685561.007432,0.005000,air_chirp,0.000000,0.000000,0.000351,0.000000,0.000000,0.000000,-0.470647,0.002799,9882
21.728092,685561.012573,0.005000,air_chirp,0.000000,0.000000,-0.000240,0.000000,0.000000,0.000000,-0.504660,0.002947,9884
21.733096,685561.017696,0.005004,air_chirp,0.000000,0.000000,-0.000828,0.000000,0.000000,0.000000,-0.483203,0.002464,9886
21.738092,685561.022842,0.004996,air_chirp,0.000000,0.000000,-0.001412,0.000000,0.000000,0.000000,-0.457379,0.003051,9888
21.743093,685561.028041,0.005000,air_chirp,0.000000,0.000000,-0.001987,0.000000,0.000000,0.000000,-0.386191,0.002666,9890
21.748093,685561.033119,0.005000,air_chirp,0.000000,0.000000,-0.002553,0.000000,0.000000,0.000000,-0.327636,0.001999,9892
21.753092,685561.038195,0.005000,air_chirp,0.000000,0.000000,-0.003088,0.000000,0.000000,0.000000,-0.388194,0.002404,9894
21.758093,685561.043305,0.005000,air_chirp,0.000000,0.000000,-0.003602,0.000000,0.000000,0.000000,-0.412059,0.002903,9896
21.763092,685561.048449,0.004999,air_chirp,0.000000,0.000000,-0.004094,0.000000,0.000000,0.000000,-0.406847,0.003094,9898
21.768092,685561.053657,0.005000,air_chirp,0.000000,0.000000,-0.004560,0.000000,0.000000,0.000000,-0.387418,0.002323,9900
21.773092,685561.058869,0.005001,air_chirp,0.000000,0.000000,-0.005000,0.000000,0.000000,0.000000,-0.330581,0.002745,9902
21.778093,685561.064143,0.005000,air_chirp,0.000000,0.000000,-0.005400,0.000000,0.000000,0.000000,-0.335719,0.002990,9904
21.783092,685561.069262,0.004999,air_chirp,0.000000,0.000000,-0.005748,0.000000,0.000000,0.000000,-0.328792,0.002238,9906
21.788092,685561.074379,0.005000,air_chirp,0.000000,0.000000,-0.006053,0.000000,0.000000,0.000000,-0.317730,0.002810,9908
21.793092,685561.079544,0.005000,air_chirp,0.000000,0.000000,-0.006312,0.000000,0.000000,0.000000,-0.374732,0.003028,9910
21.798093,685561.084699,0.005000,air_chirp,0.000000,0.000000,-0.006525,0.000000,0.000000,0.000000,-0.429507,0.002321,9912
21.803092,685561.089921,0.004999,air_chirp,0.000000,0.000000,-0.006688,0.000000,0.000000,0.000000,-0.488642,0.002794,9914
21.808094,685561.095140,0.005002,air_chirp,0.000000,0.000000,-0.006798,0.000000,0.000000,0.000000,-0.539867,0.002944,9916
21.813092,685561.100256,0.004998,air_chirp,0.000000,0.000000,-0.006853,0.000000,0.000000,0.000000,-0.490970,0.002167,9918
21.818093,685561.105373,0.005000,air_chirp,0.000000,0.000000,-0.006855,0.000000,0.000000,0.000000,-0.363989,0.002695,9920
21.823093,685561.110535,0.005000,air_chirp,0.000000,0.000000,-0.006805,0.000000,0.000000,0.000000,-0.317962,0.002986,9922
21.828092,685561.115767,0.004999,air_chirp,0.000000,0.000000,-0.006698,0.000000,0.000000,0.000000,-0.440276,0.002306,9924
21.833093,685561.121031,0.005000,air_chirp,0.000000,0.000000,-0.006536,0.000000,0.000000,0.000000,-0.472267,0.002800,9926
21.843092,685561.126166,0.010000,air_chirp,0.000000,0.000000,-0.006326,0.000000,0.000000,0.000000,-0.367255,0.002265,9930
21.848093,685561.131288,0.005000,air_chirp,0.000000,0.000000,-0.006067,0.000000,0.000000,0.000000,-0.305506,0.002849,9932
21.853092,685561.136422,0.005000,air_chirp,0.000000,0.000000,-0.005760,0.000000,0.000000,0.000000,-0.368002,0.002325,9934
21.858093,685561.141621,0.005000,air_chirp,0.000000,0.000000,-0.005403,0.000000,0.000000,0.000000,-0.449817,0.003011,9936
21.863092,685561.146911,0.005000,air_chirp,0.000000,0.000000,-0.004994,0.000000,0.000000,0.000000,-0.389614,0.002626,9938
21.868092,685561.152254,0.005000,air_chirp,0.000000,0.000000,-0.004539,0.000000,0.000000,0.000000,-0.320444,0.002126,9940
21.873092,685561.157446,0.005000,air_chirp,0.000000,0.000000,-0.004061,0.000000,0.000000,0.000000,-0.343398,0.002805,9942
21.878092,685561.162596,0.005000,air_chirp,0.000000,0.000000,-0.003545,0.000000,0.000000,0.000000,-0.368293,0.002131,9944
21.883092,685561.167803,0.005000,air_chirp,0.000000,0.000000,-0.002998,0.000000,0.000000,0.000000,-0.290307,0.002650,9946
21.888092,685561.173051,0.005000,air_chirp,0.000000,0.000000,-0.002421,0.000000,0.000000,0.000000,-0.204225,0.002915,9948
21.893092,685561.178314,0.005000,air_chirp,0.000000,0.000000,-0.001821,0.000000,0.000000,0.000000,-0.350755,0.002302,9950
21.898092,685561.183524,0.005000,air_chirp,0.000000,0.000000,-0.001211,0.000000,0.000000,0.000000,-0.456364,0.002807,9952
21.903092,685561.188814,0.005000,air_chirp,0.000000,0.000000,-0.000581,0.000000,0.000000,0.000000,-0.357102,0.003131,9954
21.908093,685561.194037,0.005001,air_chirp,0.000000,0.000000,0.000046,0.000000,0.000000,0.000000,-0.241742,0.002632,9956
21.913092,685561.199204,0.004999,air_chirp,0.000000,0.000000,0.000665,0.000000,0.000000,0.000000,-0.265039,0.002967,9958
21.918092,685561.204321,0.005000,air_chirp,0.000000,0.000000,0.001282,0.000000,0.000000,0.000000,-0.350056,0.002194,9960
21.923093,685561.209447,0.005000,air_chirp,0.000000,0.000000,0.001885,0.000000,0.000000,0.000000,-0.305516,0.002706,9962
21.928093,685561.214626,0.005000,air_chirp,0.000000,0.000000,0.002479,0.000000,0.000000,0.000000,-0.291460,0.002183,9964
21.933093,685561.219779,0.005000,air_chirp,0.000000,0.000000,0.003056,0.000000,0.000000,0.000000,-0.309650,0.002743,9966
21.938092,685561.224976,0.005000,air_chirp,0.000000,0.000000,0.003609,0.000000,0.000000,0.000000,-0.222444,0.002246,9968
21.943092,685561.230210,0.005000,air_chirp,0.000000,0.000000,0.004145,0.000000,0.000000,0.000000,-0.238945,0.002945,9970
21.948092,685561.235328,0.005000,air_chirp,0.000000,0.000000,0.004632,0.000000,0.000000,0.000000,-0.302404,0.002511,9972
21.953092,685561.240465,0.005000,air_chirp,0.000000,0.000000,0.005083,0.000000,0.000000,0.000000,-0.348268,0.003107,9974
21.958093,685561.245621,0.005001,air_chirp,0.000000,0.000000,0.005498,0.000000,0.000000,0.000000,-0.343514,0.002693,9976
21.963092,685561.250735,0.004999,air_chirp,0.000000,0.000000,0.005866,0.000000,0.000000,0.000000,-0.335456,0.002266,9978
21.968092,685561.256004,0.005000,air_chirp,0.000000,0.000000,0.006195,0.000000,0.000000,0.000000,-0.360166,0.002893,9980
21.973092,685561.261211,0.005000,air_chirp,0.000000,0.000000,0.006471,0.000000,0.000000,0.000000,-0.312481,0.002431,9982
21.983093,685561.266352,0.010000,air_chirp,0.000000,0.000000,0.006690,0.000000,0.000000,0.000000,-0.321230,0.002666,9986
21.988092,685561.271490,0.005000,air_chirp,0.000000,0.000000,0.006856,0.000000,0.000000,0.000000,-0.293937,0.002189,9988
21.993092,685561.276675,0.005000,air_chirp,0.000000,0.000000,0.006967,0.000000,0.000000,0.000000,-0.242289,0.002830,9990
21.998092,685561.281896,0.005000,air_chirp,0.000000,0.000000,0.007021,0.000000,0.000000,0.000000,-0.226647,0.002382,9992
22.003092,685561.287137,0.005000,air_chirp,0.000000,0.000000,0.007016,0.000000,0.000000,0.000000,-0.250393,0.003041,9994
22.008093,685561.292255,0.005001,air_chirp,0.000000,0.000000,0.006953,0.000000,0.000000,0.000000,-0.348475,0.002614,9996
22.013092,685561.297373,0.004999,air_chirp,0.000000,0.000000,0.006833,0.000000,0.000000,0.000000,-0.321628,0.002209,9998
22.018092,685561.302513,0.005000,air_chirp,0.000000,0.000000,0.006658,0.000000,0.000000,0.000000,-0.236685,0.002750,10000
22.023092,685561.307669,0.005000,air_chirp,0.000000,0.000000,0.006426,0.000000,0.000000,0.000000,-0.238867,0.002914,10002
22.028092,685561.312936,0.005000,air_chirp,0.000000,0.000000,0.006134,0.000000,0.000000,0.000000,-0.277905,0.003041,10004
22.033092,685561.318175,0.005000,air_chirp,0.000000,0.000000,0.005791,0.000000,0.000000,0.000000,-0.326629,0.002271,10006
22.038092,685561.323293,0.005000,air_chirp,0.000000,0.000000,0.005407,0.000000,0.000000,0.000000,-0.383444,0.002808,10008
22.043093,685561.328410,0.005000,air_chirp,0.000000,0.000000,0.004978,0.000000,0.000000,0.000000,-0.393676,0.003057,10010
22.048092,685561.333560,0.005000,air_chirp,0.000000,0.000000,0.004505,0.000000,0.000000,0.000000,-0.285826,0.002559,10012
22.053093,685561.338808,0.005000,air_chirp,0.000000,0.000000,0.003983,0.000000,0.000000,0.000000,-0.248315,0.002844,10014
22.058093,685561.344119,0.005001,air_chirp,0.000000,0.000000,0.003419,0.000000,0.000000,0.000000,-0.311231,0.002962,10016
22.063092,685561.349265,0.004999,air_chirp,0.000000,0.000000,0.002845,0.000000,0.000000,0.000000,-0.350566,0.002295,10018
22.068092,685561.354412,0.005000,air_chirp,0.000000,0.000000,0.002243,0.000000,0.000000,0.000000,-0.306446,0.002791,10020
22.073093,685561.359578,0.005000,air_chirp,0.000000,0.000000,0.001619,0.000000,0.000000,0.000000,-0.255758,0.002920,10022
22.078092,685561.364806,0.005000,air_chirp,0.000000,0.000000,0.000970,0.000000,0.000000,0.000000,-0.247187,0.002236,10024
22.083092,685561.370043,0.005000,air_chirp,0.000000,0.000000,0.000314,0.000000,0.000000,0.000000,-0.322300,0.002786,10026
22.088092,685561.375227,0.005000,air_chirp,0.000000,0.000000,-0.000339,0.000000,0.000000,0.000000,-0.430557,0.002901,10028
22.093092,685561.380346,0.005000,air_chirp,0.000000,0.000000,-0.000987,0.000000,0.000000,0.000000,-0.441460,0.002035,10030
22.098092,685561.385463,0.005000,air_chirp,0.000000,0.000000,-0.001625,0.000000,0.000000,0.000000,-0.474645,0.002450,10032
22.103092,685561.390668,0.005000,air_chirp,0.000000,0.000000,-0.002253,0.000000,0.000000,0.000000,-0.445993,0.002828,10034
22.108093,685561.395919,0.005001,air_chirp,0.000000,0.000000,-0.002882,0.000000,0.000000,0.000000,-0.398322,0.002576,10036
22.113092,685561.401039,0.004999,air_chirp,0.000000,0.000000,-0.003469,0.000000,0.000000,0.000000,-0.427879,0.002924,10038
22.123092,685561.406242,0.010000,air_chirp,0.000000,0.000000,-0.004032,0.000000,0.000000,0.000000,-0.375183,0.002854,10042
22.128092,685561.411360,0.005000,air_chirp,0.000000,0.000000,-0.004559,0.000000,0.000000,0.000000,-0.447383,0.002888,10044
22.133092,685561.416649,0.005000,air_chirp,0.000000,0.000000,-0.005060,0.000000,0.000000,0.000000,-0.414863,0.001977,10046
22.138092,685561.421887,0.005000,air_chirp,0.000000,0.000000,-0.005514,0.000000,0.000000,0.000000,-0.350585,0.002435,10048
22.143092,685561.427160,0.005000,air_chirp,0.000000,0.000000,-0.005921,0.000000,0.000000,0.000000,-0.322302,0.002837,10050
22.148093,685561.432280,0.005000,air_chirp,0.000000,0.000000,-0.006271,0.000000,0.000000,0.000000,-0.340188,0.003109,10052
22.153092,685561.437398,0.005000,air_chirp,0.000000,0.000000,-0.006566,0.000000,0.000000,0.000000,-0.419038,0.002561,10054
22.158093,685561.442565,0.005000,air_chirp,0.000000,0.000000,-0.006807,0.000000,0.000000,0.000000,-0.482227,0.002886,10056
22.163092,685561.447791,0.004999,air_chirp,0.000000,0.000000,-0.006995,0.000000,0.000000,0.000000,-0.477949,0.003047,10058
22.168092,685561.453020,0.005000,air_chirp,0.000000,0.000000,-0.007120,0.000000,0.000000,0.000000,-0.425427,0.002348,10060
22.173092,685561.458243,0.005000,air_chirp,0.000000,0.000000,-0.007183,0.000000,0.000000,0.000000,-0.327912,0.002754,10062
22.178092,685561.463370,0.005000,air_chirp,0.000000,0.000000,-0.007183,0.000000,0.000000,0.000000,-0.349068,0.002950,10064
22.183092,685561.468548,0.005000,air_chirp,0.000000,0.000000,-0.007122,0.000000,0.000000,0.000000,-0.420588,0.002233,10066
22.188092,685561.473846,0.005000,air_chirp,0.000000,0.000000,-0.006995,0.000000,0.000000,0.000000,-0.447309,0.002801,10068
22.193092,685561.479158,0.005000,air_chirp,0.000000,0.000000,-0.006803,0.000000,0.000000,0.000000,-0.470505,0.002927,10070
22.198093,685561.484416,0.005000,air_chirp,0.000000,0.000000,-0.006550,0.000000,0.000000,0.000000,-0.465481,0.002171,10072
22.203092,685561.489746,0.005000,air_chirp,0.000000,0.000000,-0.006235,0.000000,0.000000,0.000000,-0.406268,0.002754,10074
22.208093,685561.495025,0.005001,air_chirp,0.000000,0.000000,-0.005863,0.000000,0.000000,0.000000,-0.331597,0.003011,10076
22.213092,685561.500285,0.004999,air_chirp,0.000000,0.000000,-0.005441,0.000000,0.000000,0.000000,-0.323598,0.002236,10078
22.218093,685561.505407,0.005001,air_chirp,0.000000,0.000000,-0.004980,0.000000,0.000000,0.000000,-0.325399,0.002801,10080
22.223093,685561.510556,0.005000,air_chirp,0.000000,0.000000,-0.004474,0.000000,0.000000,0.000000,-0.342680,0.002936,10082
22.228092,685561.515808,0.005000,air_chirp,0.000000,0.000000,-0.003916,0.000000,0.000000,0.000000,-0.331831,0.002005,10084
22.238092,685561.521151,0.010000,air_chirp,0.000000,0.000000,-0.003315,0.000000,0.000000,0.000000,-0.393373,0.002853,10088
22.243092,685561.526272,0.005000,air_chirp,0.000000,0.000000,-0.002701,0.000000,0.000000,0.000000,-0.386567,0.003032,10090
22.248092,685561.531390,0.005000,air_chirp,0.000000,0.000000,-0.002067,0.000000,0.000000,0.000000,-0.320787,0.002420,10092
22.253092,685561.536581,0.005000,air_chirp,0.000000,0.000000,-0.001411,0.000000,0.000000,0.000000,-0.239181,0.002862,10094
22.258093,685561.541806,0.005001,air_chirp,0.000000,0.000000,-0.000723,0.000000,0.000000,0.000000,-0.253769,0.002921,10096
22.263092,685561.547046,0.004999,air_chirp,0.000000,0.000000,-0.000033,0.000000,0.000000,0.000000,-0.304382,0.002188,10098
22.268092,685561.552225,0.005000,air_chirp,0.000000,0.000000,0.000648,0.000000,0.000000,0.000000,-0.341809,0.002681,10100
22.273092,685561.557400,0.005000,air_chirp,0.000000,0.000000,0.001332,0.000000,0.000000,0.000000,-0.315736,0.002913,10102
22.278092,685561.562555,0.005000,air_chirp,0.000000,0.000000,0.001995,0.000000,0.000000,0.000000,-0.267264,0.002025,10104
22.283092,685561.567805,0.005000,air_chirp,0.000000,0.000000,0.002660,0.000000,0.000000,0.000000,-0.227056,0.002584,10106
22.288092,685561.572960,0.005000,air_chirp,0.000000,0.000000,0.003287,0.000000,0.000000,0.000000,-0.228684,0.002942,10108
22.293093,685561.578188,0.005000,air_chirp,0.000000,0.000000,0.003894,0.000000,0.000000,0.000000,-0.279920,0.002084,10110
22.298092,685561.583306,0.005000,air_chirp,0.000000,0.000000,0.004460,0.000000,0.000000,0.000000,-0.318953,0.002643,10112
22.303092,685561.588466,0.005000,air_chirp,0.000000,0.000000,0.004985,0.000000,0.000000,0.000000,-0.299266,0.002956,10114
22.308094,685561.593593,0.005001,air_chirp,0.000000,0.000000,0.005470,0.000000,0.000000,0.000000,-0.316820,0.002330,10116
22.313092,685561.598724,0.004999,air_chirp,0.000000,0.000000,0.005906,0.000000,0.000000,0.000000,-0.374835,0.002781,10118
22.318092,685561.603820,0.005000,air_chirp,0.000000,0.000000,0.006290,0.000000,0.000000,0.000000,-0.372892,0.002233,10120
22.323092,685561.608971,0.005000,air_chirp,0.000000,0.000000,0.006618,0.000000,0.000000,0.000000,-0.351461,0.002822,10122
22.328092,685561.614080,0.005000,air_chirp,0.000000,0.000000,0.006889,0.000000,0.000000,0.000000,-0.360290,0.002366,10124
22.333092,685561.619160,0.005000,air_chirp,0.000000,0.000000,0.007101,0.000000,0.000000,0.000000,-0.371501,0.002871,10126
22.338093,685561.624224,0.005001,air_chirp,0.000000,0.000000,0.007248,0.000000,0.000000,0.000000,-0.366635,0.003080,10128
22.343093,685561.629337,0.005000,air_chirp,0.000000,0.000000,0.007334,0.000000,0.000000,0.000000,-0.291597,0.002575,10130
22.348093,685561.634466,0.005000,air_chirp,0.000000,0.000000,0.007355,0.000000,0.000000,0.000000,-0.216783,0.002161,10132
22.353093,685561.639592,0.005000,air_chirp,0.000000,0.000000,0.007311,0.000000,0.000000,0.000000,-0.248905,0.002756,10134
22.358104,685561.644718,0.005011,air_chirp,0.000000,0.000000,0.007202,0.000000,0.000000,0.000000,-0.299630,0.002354,10136
22.363093,685561.649838,0.004989,air_chirp,0.000000,0.000000,0.007028,0.000000,0.000000,0.000000,-0.318389,0.002946,10138
22.368093,685561.654972,0.005000,air_chirp,0.000000,0.000000,0.006792,0.000000,0.000000,0.000000,-0.354501,0.002527,10140
22.373093,685561.660074,0.005000,air_chirp,0.000000,0.000000,0.006496,0.000000,0.000000,0.000000,-0.318274,0.002125,10142
22.378093,685561.665151,0.005000,air_chirp,0.000000,0.000000,0.006140,0.000000,0.000000,0.000000,-0.247457,0.002719,10144
22.383092,685561.670228,0.005000,air_chirp,0.000000,0.000000,0.005732,0.000000,0.000000,0.000000,-0.264235,0.002274,10146
22.388093,685561.675304,0.005001,air_chirp,0.000000,0.000000,0.005273,0.000000,0.000000,0.000000,-0.311085,0.002887,10148
22.393093,685561.680434,0.005000,air_chirp,0.000000,0.000000,0.004765,0.000000,0.000000,0.000000,-0.384954,0.002478,10150
22.398093,685561.685548,0.005000,air_chirp,0.000000,0.000000,0.004210,0.000000,0.000000,0.000000,-0.356618,0.002066,10152
22.403093,685561.690685,0.005000,air_chirp,0.000000,0.000000,0.003617,0.000000,0.000000,0.000000,-0.300928,0.002658,10154
22.408096,685561.695763,0.005003,air_chirp,0.000000,0.000000,0.002989,0.000000,0.000000,0.000000,-0.357879,0.002270,10156
22.413093,685561.700847,0.004997,air_chirp,0.000000,0.000000,0.002339,0.000000,0.000000,0.000000,-0.377561,0.002870,10158
22.418092,685561.705968,0.005000,air_chirp,0.000000,0.000000,0.001665,0.000000,0.000000,0.000000,-0.335806,0.002399,10160
22.423093,685561.711073,0.005000,air_chirp,0.000000,0.000000,0.000974,0.000000,0.000000,0.000000,-0.275629,0.003059,10162
22.428093,685561.716150,0.005000,air_chirp,0.000000,0.000000,0.000270,0.000000,0.000000,0.000000,-0.297656,0.002642,10164
22.438093,685561.721270,0.010000,air_chirp,0.000000,0.000000,-0.000434,0.000000,0.000000,0.000000,-0.460651,0.002781,10168
22.443092,685561.726384,0.005000,air_chirp,0.000000,0.000000,-0.001139,0.000000,0.000000,0.000000,-0.508786,0.002383,10170
22.448092,685561.731504,0.005000,air_chirp,0.000000,0.000000,-0.001835,0.000000,0.000000,0.000000,-0.532466,0.003000,10172
22.453093,685561.736635,0.005000,air_chirp,0.000000,0.000000,-0.002516,0.000000,0.000000,0.000000,-0.454159,0.002584,10174
22.458092,685561.741769,0.005000,air_chirp,0.000000,0.000000,-0.003178,0.000000,0.000000,0.000000,-0.372572,0.002193,10176
22.463093,685561.746889,0.005000,air_chirp,0.000000,0.000000,-0.003812,0.000000,0.000000,0.000000,-0.366065,0.002786,10178
22.468092,685561.752017,0.005000,air_chirp,0.000000,0.000000,-0.004410,0.000000,0.000000,0.000000,-0.343237,0.002177,10180
22.473092,685561.757157,0.005000,air_chirp,0.000000,0.000000,-0.004970,0.000000,0.000000,0.000000,-0.374220,0.002742,10182
22.478092,685561.762308,0.005000,air_chirp,0.000000,0.000000,-0.005486,0.000000,0.000000,0.000000,-0.398058,0.002249,10184
22.483092,685561.767431,0.005000,air_chirp,0.000000,0.000000,-0.005954,0.000000,0.000000,0.000000,-0.387858,0.002875,10186
22.488093,685561.772547,0.005000,air_chirp,0.000000,0.000000,-0.006366,0.000000,0.000000,0.000000,-0.371211,0.002441,10188
22.493092,685561.777692,0.005000,air_chirp,0.000000,0.000000,-0.006720,0.000000,0.000000,0.000000,-0.340972,0.003010,10190
22.498092,685561.782830,0.005000,air_chirp,0.000000,0.000000,-0.007013,0.000000,0.000000,0.000000,-0.392090,0.002599,10192
22.503092,685561.787949,0.005000,air_chirp,0.000000,0.000000,-0.007242,0.000000,0.000000,0.000000,-0.453623,0.002205,10194
22.508093,685561.793105,0.005000,air_chirp,0.000000,0.000000,-0.007403,0.000000,0.000000,0.000000,-0.507640,0.002841,10196
22.513092,685561.798332,0.005000,air_chirp,0.000000,0.000000,-0.007497,0.000000,0.000000,0.000000,-0.474055,0.002390,10198
22.518094,685561.803493,0.005001,air_chirp,0.000000,0.000000,-0.007520,0.000000,0.000000,0.000000,-0.418507,0.003010,10200
22.523093,685561.808648,0.005000,air_chirp,0.000000,0.000000,-0.007471,0.000000,0.000000,0.000000,-0.371297,0.002573,10202
22.528093,685561.813867,0.004999,air_chirp,0.000000,0.000000,-0.007350,0.000000,0.000000,0.000000,-0.421006,0.002156,10204
22.533093,685561.819209,0.005000,air_chirp,0.000000,0.000000,-0.007153,0.000000,0.000000,0.000000,-0.480808,0.002730,10206
22.538092,685561.824345,0.004999,air_chirp,0.000000,0.000000,-0.006893,0.000000,0.000000,0.000000,-0.341151,0.002264,10208
22.543093,685561.829491,0.005001,air_chirp,0.000000,0.000000,-0.006569,0.000000,0.000000,0.000000,-0.295154,0.002818,10210
22.548092,685561.834707,0.005000,air_chirp,0.000000,0.000000,-0.006176,0.000000,0.000000,0.000000,-0.336995,0.002401,10212
22.553093,685561.839959,0.005001,air_chirp,0.000000,0.000000,-0.005718,0.000000,0.000000,0.000000,-0.337016,0.003006,10214
22.558093,685561.845216,0.005000,air_chirp,0.000000,0.000000,-0.005205,0.000000,0.000000,0.000000,-0.330710,0.002630,10216
22.563092,685561.850333,0.004999,air_chirp,0.000000,0.000000,-0.004651,0.000000,0.000000,0.000000,-0.327285,0.002149,10218
22.568093,685561.855402,0.005000,air_chirp,0.000000,0.000000,-0.004060,0.000000,0.000000,0.000000,-0.329090,0.002761,10220
22.573093,685561.860655,0.005000,air_chirp,0.000000,0.000000,-0.003410,0.000000,0.000000,0.000000,-0.343681,0.002366,10222
22.578094,685561.865895,0.005001,air_chirp,0.000000,0.000000,-0.002722,0.000000,0.000000,0.000000,-0.318505,0.002994,10224
22.583093,685561.871125,0.004999,air_chirp,0.000000,0.000000,-0.002010,0.000000,0.000000,0.000000,-0.275751,0.002491,10226
22.593093,685561.876241,0.010000,air_chirp,0.000000,0.000000,-0.001290,0.000000,0.000000,0.000000,-0.309663,0.002685,10230
22.598092,685561.881360,0.004999,air_chirp,0.000000,0.000000,-0.000558,0.000000,0.000000,0.000000,-0.296707,0.002229,10232
22.603093,685561.886533,0.005001,air_chirp,0.000000,0.000000,0.000184,0.000000,0.000000,0.000000,-0.300235,0.002827,10234
22.608093,685561.891690,0.005000,air_chirp,0.000000,0.000000,0.000931,0.000000,0.000000,0.000000,-0.318295,0.002407,10236
22.613093,685561.896932,0.005000,air_chirp,0.000000,0.000000,0.001681,0.000000,0.000000,0.000000,-0.311657,0.003010,10238
22.618093,685561.902190,0.005000,air_chirp,0.000000,0.000000,0.002415,0.000000,0.000000,0.000000,-0.270191,0.002549,10240
22.623093,685561.907316,0.005000,air_chirp,0.000000,0.000000,0.003111,0.000000,0.000000,0.000000,-0.227128,0.002114,10242
22.628093,685561.912458,0.005000,air_chirp,0.000000,0.000000,0.003779,0.000000,0.000000,0.000000,-0.282711,0.002724,10244
22.633092,685561.917678,0.004999,air_chirp,0.000000,0.000000,0.004424,0.000000,0.000000,0.000000,-0.282013,0.002271,10246
22.638093,685561.922915,0.005001,air_chirp,0.000000,0.000000,0.005027,0.000000,0.000000,0.000000,-0.240318,0.002875,10248
22.643093,685561.928166,0.005000,air_chirp,0.000000,0.000000,0.005580,0.000000,0.000000,0.000000,-0.345468,0.002439,10250
22.648099,685561.933284,0.005006,air_chirp,0.000000,0.000000,0.006070,0.000000,0.000000,0.000000,-0.349550,0.003109,10252
22.653093,685561.938401,0.004994,air_chirp,0.000000,0.000000,0.006501,0.000000,0.000000,0.000000,-0.291021,0.002638,10254
22.658092,685561.943585,0.004999,air_chirp,0.000000,0.000000,0.006872,0.000000,0.000000,0.000000,-0.341076,0.002152,10256
22.663092,685561.948820,0.005000,air_chirp,0.000000,0.000000,0.007183,0.000000,0.000000,0.000000,-0.330294,0.002771,10258
22.668092,685561.954161,0.005000,air_chirp,0.000000,0.000000,0.007425,0.000000,0.000000,0.000000,-0.321146,0.002255,10260
22.673092,685561.959279,0.005000,air_chirp,0.000000,0.000000,0.007584,0.000000,0.000000,0.000000,-0.332728,0.002926,10262
22.678092,685561.964397,0.005000,air_chirp,0.000000,0.000000,0.007670,0.000000,0.000000,0.000000,-0.267243,0.002480,10264
22.683093,685561.969548,0.005000,air_chirp,0.000000,0.000000,0.007682,0.000000,0.000000,0.000000,-0.226033,0.003157,10266
22.688092,685561.974778,0.005000,air_chirp,0.000000,0.000000,0.007616,0.000000,0.000000,0.000000,-0.213286,0.002682,10268
22.693092,685561.980016,0.005000,air_chirp,0.000000,0.000000,0.007474,0.000000,0.000000,0.000000,-0.264385,0.002237,10270
22.698093,685561.985184,0.005001,air_chirp,0.000000,0.000000,0.007258,0.000000,0.000000,0.000000,-0.350769,0.002899,10272
22.703092,685561.990301,0.004999,air_chirp,0.000000,0.000000,0.006974,0.000000,0.000000,0.000000,-0.306885,0.002484,10274
22.708092,685561.995417,0.005000,air_chirp,0.000000,0.000000,0.006621,0.000000,0.000000,0.000000,-0.252253,0.003097,10276
22.713092,685562.000575,0.005000,air_chirp,0.000000,0.000000,0.006201,0.000000,0.000000,0.000000,-0.229290,0.002655,10278
22.718092,685562.005809,0.005000,air_chirp,0.000000,0.000000,0.005708,0.000000,0.000000,0.000000,-0.255360,0.002167,10280
22.723093,685562.010950,0.005000,air_chirp,0.000000,0.000000,0.005168,0.000000,0.000000,0.000000,-0.380537,0.002850,10282
22.728092,685562.016115,0.005000,air_chirp,0.000000,0.000000,0.004577,0.000000,0.000000,0.000000,-0.363101,0.002443,10284
22.733092,685562.021251,0.005000,air_chirp,0.000000,0.000000,0.003934,0.000000,0.000000,0.000000,-0.270865,0.003052,10286
22.743092,685562.026333,0.010000,air_chirp,0.000000,0.000000,0.003257,0.000000,0.000000,0.000000,-0.281487,0.002220,10290
22.748093,685562.031412,0.005000,air_chirp,0.000000,0.000000,0.002552,0.000000,0.000000,0.000000,-0.315301,0.002816,10292
22.753093,685562.036543,0.005000,air_chirp,0.000000,0.000000,0.001820,0.000000,0.000000,0.000000,-0.349911,0.002363,10294
22.758092,685562.041652,0.005000,air_chirp,0.000000,0.000000,0.001063,0.000000,0.000000,0.000000,-0.336076,0.003018,10296
22.763093,685562.046763,0.005000,air_chirp,0.000000,0.000000,0.000297,0.000000,0.000000,0.000000,-0.282078,0.002640,10298
22.768093,685562.051910,0.005000,air_chirp,0.000000,0.000000,-0.000475,0.000000,0.000000,0.000000,-0.300556,0.002222,10300
22.773093,685562.056997,0.005000,air_chirp,0.000000,0.000000,-0.001246,0.000000,0.000000,0.000000,-0.421884,0.002891,10302
22.778092,685562.062104,0.005000,air_chirp,0.000000,0.000000,-0.002001,0.000000,0.000000,0.000000,-0.549261,0.002448,10304
22.783093,685562.067245,0.005001,air_chirp,0.000000,0.000000,-0.002740,0.000000,0.000000,0.000000,-0.510715,0.003063,10306
22.788092,685562.072343,0.004999,air_chirp,0.000000,0.000000,-0.003455,0.000000,0.000000,0.000000,-0.398676,0.002597,10308
22.793092,685562.077473,0.005000,air_chirp,0.000000,0.000000,-0.004136,0.000000,0.000000,0.000000,-0.357903,0.002043,10310
22.798092,685562.082600,0.005000,air_chirp,0.000000,0.000000,-0.004777,0.000000,0.000000,0.000000,-0.404413,0.002654,10312
22.803092,685562.087724,0.005000,air_chirp,0.000000,0.000000,-0.005374,0.000000,0.000000,0.000000,-0.471533,0.002212,10314
22.808093,685562.092834,0.005000,air_chirp,0.000000,0.000000,-0.005916,0.000000,0.000000,0.000000,-0.455489,0.002835,10316
22.813093,685562.097947,0.005000,air_chirp,0.000000,0.000000,-0.006400,0.000000,0.000000,0.000000,-0.367996,0.002430,10318
22.818093,685562.103100,0.005000,air_chirp,0.000000,0.000000,-0.006821,0.000000,0.000000,0.000000,-0.282767,0.003064,10320
22.823093,685562.108180,0.005000,air_chirp,0.000000,0.000000,-0.007176,0.000000,0.000000,0.000000,-0.283595,0.002619,10322
22.828092,685562.113291,0.004999,air_chirp,0.000000,0.000000,-0.007457,0.000000,0.000000,0.000000,-0.419945,0.002227,10324
22.833093,685562.118392,0.005000,air_chirp,0.000000,0.000000,-0.007665,0.000000,0.000000,0.000000,-0.526488,0.002812,10326
22.838092,685562.123504,0.005000,air_chirp,0.000000,0.000000,-0.007796,0.000000,0.000000,0.000000,-0.523545,0.002395,10328
22.843093,685562.128633,0.005000,air_chirp,0.000000,0.000000,-0.007850,0.000000,0.000000,0.000000,-0.404891,0.003003,10330
22.848092,685562.133725,0.005000,air_chirp,0.000000,0.000000,-0.007824,0.000000,0.000000,0.000000,-0.325292,0.002574,10332
22.853093,685562.138852,0.005000,air_chirp,0.000000,0.000000,-0.007720,0.000000,0.000000,0.000000,-0.421135,0.002168,10334
22.858093,685562.143973,0.005001,air_chirp,0.000000,0.000000,-0.007537,0.000000,0.000000,0.000000,-0.498414,0.002780,10336
22.863092,685562.149084,0.004999,air_chirp,0.000000,0.000000,-0.007279,0.000000,0.000000,0.000000,-0.503992,0.002355,10338
22.868093,685562.154229,0.005000,air_chirp,0.000000,0.000000,-0.006943,0.000000,0.000000,0.000000,-0.392817,0.002997,10340
22.873094,685562.159319,0.005001,air_chirp,0.000000,0.000000,-0.006537,0.000000,0.000000,0.000000,-0.252155,0.002587,10342
22.878093,685562.164472,0.004999,air_chirp,0.000000,0.000000,-0.006066,0.000000,0.000000,0.000000,-0.220273,0.002161,10344
22.883093,685562.169577,0.005000,air_chirp,0.000000,0.000000,-0.005527,0.000000,0.000000,0.000000,-0.302882,0.002695,10346
22.888093,685562.174720,0.005000,air_chirp,0.000000,0.000000,-0.004933,0.000000,0.000000,0.000000,-0.403122,0.002278,10348
22.893093,685562.179860,0.005000,air_chirp,0.000000,0.000000,-0.004288,0.000000,0.000000,0.000000,-0.426444,0.002880,10350
22.898093,685562.184985,0.004999,air_chirp,0.000000,0.000000,-0.003595,0.000000,0.000000,0.000000,-0.407295,0.002438,10352
22.903093,685562.190106,0.005000,air_chirp,0.000000,0.000000,-0.002871,0.000000,0.000000,0.000000,-0.362842,0.003056,10354
22.908093,685562.195202,0.005000,air_chirp,0.000000,0.000000,-0.002107,0.000000,0.000000,0.000000,-0.310745,0.002635,10356
22.913092,685562.200291,0.004999,air_chirp,0.000000,0.000000,-0.001328,0.000000,0.000000,0.000000,-0.310200,0.002227,10358
22.918093,685562.205419,0.005000,air_chirp,0.000000,0.000000,-0.000533,0.000000,0.000000,0.000000,-0.310638,0.002758,10360
22.923092,685562.210576,0.005000,air_chirp,0.000000,0.000000,0.000273,0.000000,0.000000,0.000000,-0.285908,0.002332,10362
22.928093,685562.215702,0.005001,air_chirp,0.000000,0.000000,0.001082,0.000000,0.000000,0.000000,-0.345800,0.002938,10364
22.933092,685562.220826,0.005000,air_chirp,0.000000,0.000000,0.001877,0.000000,0.000000,0.000000,-0.371715,0.002509,10366
22.938093,685562.225982,0.005001,air_chirp,0.000000,0.000000,0.002654,0.000000,0.000000,0.000000,-0.251407,0.002972,10368
22.943092,685562.231103,0.004999,air_chirp,0.000000,0.000000,0.003404,0.000000,0.000000,0.000000,-0.172845,0.002339,10370
22.948092,685562.236194,0.005000,air_chirp,0.000000,0.000000,0.004124,0.000000,0.000000,0.000000,-0.227115,0.002840,10372
22.958093,685562.241284,0.010000,air_chirp,0.000000,0.000000,0.004795,0.000000,0.000000,0.000000,-0.290621,0.002948,10376
22.963092,685562.246408,0.005000,air_chirp,0.000000,0.000000,0.005419,0.000000,0.000000,0.000000,-0.256993,0.002486,10378
22.968092,685562.251557,0.005000,air_chirp,0.000000,0.000000,0.005992,0.000000,0.000000,0.000000,-0.318240,0.003151,10380
22.973094,685562.256734,0.005002,air_chirp,0.000000,0.000000,0.006505,0.000000,0.000000,0.000000,-0.339181,0.002698,10382
22.978093,685562.261873,0.004999,air_chirp,0.000000,0.000000,0.006953,0.000000,0.000000,0.000000,-0.309944,0.002254,10384
22.983093,685562.267007,0.005000,air_chirp,0.000000,0.000000,0.007324,0.000000,0.000000,0.000000,-0.339932,0.002907,10386
22.988092,685562.272130,0.005000,air_chirp,0.000000,0.000000,0.007619,0.000000,0.000000,0.000000,-0.353529,0.002447,10388
22.993092,685562.277264,0.005000,air_chirp,0.000000,0.000000,0.007834,0.000000,0.000000,0.000000,-0.350135,0.002049,10390
22.998093,685562.282386,0.005001,air_chirp,0.000000,0.000000,0.007967,0.000000,0.000000,0.000000,-0.300262,0.002650,10392
23.003092,685562.287465,0.005000,air_chirp,0.000000,0.000000,0.008016,0.000000,0.000000,0.000000,-0.197288,0.002216,10394
23.008092,685562.292544,0.005000,air_chirp,0.000000,0.000000,0.007981,0.000000,0.000000,0.000000,-0.180233,0.002884,10396
23.013092,685562.297638,0.005000,air_chirp,0.000000,0.000000,0.007864,0.000000,0.000000,0.000000,-0.317394,0.002431,10398
23.018094,685562.302742,0.005002,air_chirp,0.000000,0.000000,0.007664,0.000000,0.000000,0.000000,-0.426757,0.003091,10400
23.023098,685562.307876,0.005004,air_chirp,0.000000,0.000000,0.007382,0.000000,0.000000,0.000000,-0.359840,0.002708,10402
23.028093,685562.312996,0.004995,air_chirp,0.000000,0.000000,0.007020,0.000000,0.000000,0.000000,-0.279049,0.002160,10404
23.033093,685562.318077,0.004999,air_chirp,0.000000,0.000000,0.006585,0.000000,0.000000,0.000000,-0.241034,0.002765,10406
23.038093,685562.323155,0.005000,air_chirp,0.000000,0.000000,0.006082,0.000000,0.000000,0.000000,-0.243582,0.002261,10408
23.043092,685562.328269,0.005000,air_chirp,0.000000,0.000000,0.005515,0.000000,0.000000,0.000000,-0.350623,0.002956,10410
23.048092,685562.333369,0.005000,air_chirp,0.000000,0.000000,0.004885,0.000000,0.000000,0.000000,-0.403521,0.002460,10412
23.053092,685562.338494,0.005000,air_chirp,0.000000,0.000000,0.004202,0.000000,0.000000,0.000000,-0.373780,0.003035,10414
23.058093,685562.343616,0.005000,air_chirp,0.000000,0.000000,0.003470,0.000000,0.000000,0.000000,-0.347954,0.002582,10416
23.063092,685562.348747,0.004999,air_chirp,0.000000,0.000000,0.002700,0.000000,0.000000,0.000000,-0.332037,0.002146,10418
23.068093,685562.353872,0.005001,air_chirp,0.000000,0.000000,0.001898,0.000000,0.000000,0.000000,-0.311450,0.002757,10420
23.073093,685562.359004,0.005000,air_chirp,0.000000,0.000000,0.001076,0.000000,0.000000,0.000000,-0.298277,0.002319,10422
23.078092,685562.364096,0.005000,air_chirp,0.000000,0.000000,0.000241,0.000000,0.000000,0.000000,-0.280158,0.002941,10424
23.083092,685562.369233,0.005000,air_chirp,0.000000,0.000000,-0.000596,0.000000,0.000000,0.000000,-0.353517,0.002444,10426
23.088092,685562.374313,0.005000,air_chirp,0.000000,0.000000,-0.001431,0.000000,0.000000,0.000000,-0.413356,0.003062,10428
23.093093,685562.379445,0.005000,air_chirp,0.000000,0.000000,-0.002248,0.000000,0.000000,0.000000,-0.452100,0.002669,10430
23.098092,685562.384574,0.005000,air_chirp,0.000000,0.000000,-0.003047,0.000000,0.000000,0.000000,-0.535340,0.002193,10432
23.103092,685562.389748,0.005000,air_chirp,0.000000,0.000000,-0.003815,0.000000,0.000000,0.000000,-0.498795,0.002851,10434
23.108092,685562.394868,0.005000,air_chirp,0.000000,0.000000,-0.004550,0.000000,0.000000,0.000000,-0.433618,0.002369,10436
23.113092,685562.399986,0.005000,air_chirp,0.000000,0.000000,-0.005229,0.000000,0.000000,0.000000,-0.456611,0.003002,10438
23.118093,685562.405147,0.005000,air_chirp,0.000000,0.000000,-0.005849,0.000000,0.000000,0.000000,-0.506451,0.002582,10440
23.123092,685562.410238,0.004999,air_chirp,0.000000,0.000000,-0.006417,0.000000,0.000000,0.000000,-0.449861,0.002121,10442
23.128093,685562.415324,0.005001,air_chirp,0.000000,0.000000,-0.006906,0.000000,0.000000,0.000000,-0.319576,0.002773,10444
23.133092,685562.420469,0.004999,air_chirp,0.000000,0.000000,-0.007325,0.000000,0.000000,0.000000,-0.274341,0.002313,10446
23.138092,685562.425626,0.005000,air_chirp,0.000000,0.000000,-0.007666,0.000000,0.000000,0.000000,-0.353549,0.002909,10448
23.143092,685562.430905,0.005000,air_chirp,0.000000,0.000000,-0.007928,0.000000,0.000000,0.000000,-0.404612,0.002504,10450
23.148092,685562.436189,0.005000,air_chirp,0.000000,0.000000,-0.008100,0.000000,0.000000,0.000000,-0.471732,0.003118,10452
23.158093,685562.441307,0.010000,air_chirp,0.000000,0.000000,-0.008176,0.000000,0.000000,0.000000,-0.449318,0.002183,10456
23.163092,685562.446497,0.005000,air_chirp,0.000000,0.000000,-0.008162,0.000000,0.000000,0.000000,-0.408383,0.002840,10458
23.168092,685562.451682,0.005000,air_chirp,0.000000,0.000000,-0.008056,0.000000,0.000000,0.000000,-0.405841,0.002370,10460
23.173092,685562.456797,0.005000,air_chirp,0.000000,0.000000,-0.007861,0.000000,0.000000,0.000000,-0.444904,0.003010,10462
23.178092,685562.462068,0.005000,air_chirp,0.000000,0.000000,-0.007572,0.000000,0.000000,0.000000,-0.468532,0.002609,10464
23.183092,685562.467191,0.005000,air_chirp,0.000000,0.000000,-0.007202,0.000000,0.000000,0.000000,-0.443709,0.002042,10466
23.188093,685562.472309,0.005000,air_chirp,0.000000,0.000000,-0.006754,0.000000,0.000000,0.000000,-0.435873,0.002563,10468
23.193092,685562.477467,0.005000,air_chirp,0.000000,0.000000,-0.006231,0.000000,0.000000,0.000000,-0.397023,0.002127,10470
23.198092,685562.482655,0.005000,air_chirp,0.000000,0.000000,-0.005625,0.000000,0.000000,0.000000,-0.309516,0.002689,10472
23.203092,685562.487836,0.005000,air_chirp,0.000000,0.000000,-0.004963,0.000000,0.000000,0.000000,-0.250532,0.001951,10474
23.208092,685562.493062,0.005000,air_chirp,0.000000,0.000000,-0.004229,0.000000,0.000000,0.000000,-0.334567,0.002278,10476
23.213092,685562.498297,0.005000,air_chirp,0.000000,0.000000,-0.003444,0.000000,0.000000,0.000000,-0.454740,0.002794,10478
23.218092,685562.503470,0.005000,air_chirp,0.000000,0.000000,-0.002636,0.000000,0.000000,0.000000,-0.412412,0.002128,10480
23.223094,685562.508585,0.005002,air_chirp,0.000000,0.000000,-0.001793,0.000000,0.000000,0.000000,-0.304490,0.002666,10482
23.228093,685562.513753,0.004998,air_chirp,0.000000,0.000000,-0.000928,0.000000,0.000000,0.000000,-0.284251,0.002062,10484
23.233094,685562.518885,0.005001,air_chirp,0.000000,0.000000,-0.000054,0.000000,0.000000,0.000000,-0.287540,0.002634,10486
23.238093,685562.523982,0.004999,air_chirp,0.000000,0.000000,0.000819,0.000000,0.000000,0.000000,-0.285930,0.002156,10488
23.243093,685562.529125,0.005000,air_chirp,0.000000,0.000000,0.001677,0.000000,0.000000,0.000000,-0.282454,0.002713,10490
23.248092,685562.534219,0.004999,air_chirp,0.000000,0.000000,0.002534,0.000000,0.000000,0.000000,-0.295614,0.002287,10492
23.253093,685562.539317,0.005001,air_chirp,0.000000,0.000000,0.003352,0.000000,0.000000,0.000000,-0.268091,0.002953,10494
23.258092,685562.544470,0.004999,air_chirp,0.000000,0.000000,0.004137,0.000000,0.000000,0.000000,-0.205594,0.002472,10496
23.263092,685562.549594,0.005000,air_chirp,0.000000,0.000000,0.004882,0.000000,0.000000,0.000000,-0.223039,0.003041,10498
23.268093,685562.554734,0.005001,air_chirp,0.000000,0.000000,0.005570,0.000000,0.000000,0.000000,-0.265817,0.002642,10500
23.273092,685562.559864,0.004999,air_chirp,0.000000,0.000000,0.006199,0.000000,0.000000,0.000000,-0.267197,0.002141,10502
23.278093,685562.564989,0.005001,air_chirp,0.000000,0.000000,0.006756,0.000000,0.000000,0.000000,-0.249873,0.002717,10504
23.283092,685562.570041,0.005000,air_chirp,0.000000,0.000000,0.007233,0.000000,0.000000,0.000000,-0.299498,0.002233,10506
23.288093,685562.575155,0.005000,air_chirp,0.000000,0.000000,0.007634,0.000000,0.000000,0.000000,-0.365525,0.002862,10508
23.293092,685562.580247,0.005000,air_chirp,0.000000,0.000000,0.007948,0.000000,0.000000,0.000000,-0.341625,0.002366,10510
23.298092,685562.585344,0.005000,air_chirp,0.000000,0.000000,0.008173,0.000000,0.000000,0.000000,-0.308535,0.003009,10512
23.303093,685562.590481,0.005001,air_chirp,0.000000,0.000000,0.008306,0.000000,0.000000,0.000000,-0.303778,0.002571,10514
23.308093,685562.595628,0.005000,air_chirp,0.000000,0.000000,0.008346,0.000000,0.000000,0.000000,-0.246736,0.002123,10516
23.313092,685562.600722,0.005000,air_chirp,0.000000,0.000000,0.008289,0.000000,0.000000,0.000000,-0.221837,0.002687,10518
23.318093,685562.605862,0.005000,air_chirp,0.000000,0.000000,0.008139,0.000000,0.000000,0.000000,-0.210191,0.002224,10520
23.323092,685562.610993,0.005000,air_chirp,0.000000,0.000000,0.007893,0.000000,0.000000,0.000000,-0.249816,0.002817,10522
23.328092,685562.616090,0.005000,air_chirp,0.000000,0.000000,0.007557,0.000000,0.000000,0.000000,-0.337654,0.002363,10524
23.333092,685562.621182,0.005000,air_chirp,0.000000,0.000000,0.007137,0.000000,0.000000,0.000000,-0.352006,0.002956,10526
23.338092,685562.626280,0.005000,air_chirp,0.000000,0.000000,0.006634,0.000000,0.000000,0.000000,-0.329219,0.002513,10528
23.348093,685562.631448,0.010000,air_chirp,0.000000,0.000000,0.006053,0.000000,0.000000,0.000000,-0.387488,0.002655,10532
23.353093,685562.636601,0.005000,air_chirp,0.000000,0.000000,0.005393,0.000000,0.000000,0.000000,-0.477394,0.002197,10534
23.358093,685562.641737,0.005000,air_chirp,0.000000,0.000000,0.004671,0.000000,0.000000,0.000000,-0.453796,0.002770,10536
23.363092,685562.646867,0.005000,air_chirp,0.000000,0.000000,0.003895,0.000000,0.000000,0.000000,-0.331635,0.002314,10538
23.368092,685562.651990,0.005000,air_chirp,0.000000,0.000000,0.003076,0.000000,0.000000,0.000000,-0.284497,0.002935,10540
23.373092,685562.657100,0.005000,air_chirp,0.000000,0.000000,0.002216,0.000000,0.000000,0.000000,-0.298199,0.002454,10542
23.378092,685562.662245,0.005000,air_chirp,0.000000,0.000000,0.001332,0.000000,0.000000,0.000000,-0.307344,0.003046,10544
23.383093,685562.667390,0.005001,air_chirp,0.000000,0.000000,0.000428,0.000000,0.000000,0.000000,-0.398078,0.002616,10546
23.388092,685562.672539,0.004999,air_chirp,0.000000,0.000000,-0.000488,0.000000,0.000000,0.000000,-0.432707,0.002132,10548
23.393092,685562.677672,0.005000,air_chirp,0.000000,0.000000,-0.001398,0.000000,0.000000,0.000000,-0.384508,0.002763,10550
23.398092,685562.682766,0.005000,air_chirp,0.000000,0.000000,-0.002288,0.000000,0.000000,0.000000,-0.421658,0.002297,10552
23.403093,685562.687902,0.005001,air_chirp,0.000000,0.000000,-0.003152,0.000000,0.000000,0.000000,-0.513308,0.002957,10554
23.408092,685562.693037,0.004999,air_chirp,0.000000,0.000000,-0.003985,0.000000,0.000000,0.000000,-0.557260,0.002473,10556
23.413092,685562.698191,0.005000,air_chirp,0.000000,0.000000,-0.004772,0.000000,0.000000,0.000000,-0.514208,0.003070,10558
23.418092,685562.703382,0.005000,air_chirp,0.000000,0.000000,-0.005512,0.000000,0.000000,0.000000,-0.451838,0.002645,10560
23.423093,685562.708547,0.005000,air_chirp,0.000000,0.000000,-0.006185,0.000000,0.000000,0.000000,-0.401170,0.002174,10562
23.428093,685562.713700,0.005000,air_chirp,0.000000,0.000000,-0.006785,0.000000,0.000000,0.000000,-0.332374,0.002800,10564
23.433093,685562.718917,0.005000,air_chirp,0.000000,0.000000,-0.007311,0.000000,0.000000,0.000000,-0.405855,0.002358,10566
23.438093,685562.724187,0.005001,air_chirp,0.000000,0.000000,-0.007751,0.000000,0.000000,0.000000,-0.437987,0.003013,10568
23.443092,685562.729303,0.004999,air_chirp,0.000000,0.000000,-0.008086,0.000000,0.000000,0.000000,-0.308519,0.002576,10570
23.448092,685562.734470,0.005000,air_chirp,0.000000,0.000000,-0.008326,0.000000,0.000000,0.000000,-0.274169,0.002171,10572
23.453093,685562.739638,0.005001,air_chirp,0.000000,0.000000,-0.008470,0.000000,0.000000,0.000000,-0.391362,0.002830,10574
23.458092,685562.744860,0.004999,air_chirp,0.000000,0.000000,-0.008510,0.000000,0.000000,0.000000,-0.473895,0.002383,10576
23.463093,685562.749979,0.005001,air_chirp,0.000000,0.000000,-0.008448,0.000000,0.000000,0.000000,-0.468104,0.003015,10578
23.468093,685562.755198,0.005000,air_chirp,0.000000,0.000000,-0.008281,0.000000,0.000000,0.000000,-0.455363,0.002507,10580
23.473092,685562.760314,0.005000,air_chirp,0.000000,0.000000,-0.008017,0.000000,0.000000,0.000000,-0.440823,0.002089,10582
23.478093,685562.765476,0.005000,air_chirp,0.000000,0.000000,-0.007656,0.000000,0.000000,0.000000,-0.457575,0.002690,10584
23.483092,685562.770632,0.004999,air_chirp,0.000000,0.000000,-0.007199,0.000000,0.000000,0.000000,-0.478263,0.002265,10586
23.488092,685562.775799,0.005000,air_chirp,0.000000,0.000000,-0.006653,0.000000,0.000000,0.000000,-0.428257,0.002952,10588
23.493092,685562.781032,0.005000,air_chirp,0.000000,0.000000,-0.006017,0.000000,0.000000,0.000000,-0.362667,0.002515,10590
23.498092,685562.786245,0.005000,air_chirp,0.000000,0.000000,-0.005308,0.000000,0.000000,0.000000,-0.420118,0.002059,10592
23.508093,685562.791363,0.010001,air_chirp,0.000000,0.000000,-0.004541,0.000000,0.000000,0.000000,-0.408619,0.002256,10596
23.513092,685562.796526,0.004999,air_chirp,0.000000,0.000000,-0.003720,0.000000,0.000000,0.000000,-0.400512,0.002949,10598
23.518093,685562.801678,0.005000,air_chirp,0.000000,0.000000,-0.002845,0.000000,0.000000,0.000000,-0.326312,0.002540,10600
23.523093,685562.806809,0.005000,air_chirp,0.000000,0.000000,-0.001939,0.000000,0.000000,0.000000,-0.271789,0.002118,10602
23.528093,685562.811931,0.005000,air_chirp,0.000000,0.000000,-0.001011,0.000000,0.000000,0.000000,-0.319632,0.002747,10604
23.533092,685562.817058,0.005000,air_chirp,0.000000,0.000000,-0.000067,0.000000,0.000000,0.000000,-0.356877,0.002277,10606
23.538093,685562.822140,0.005001,air_chirp,0.000000,0.000000,0.000875,0.000000,0.000000,0.000000,-0.282935,0.002881,10608
23.543093,685562.827220,0.004999,air_chirp,0.000000,0.000000,0.001804,0.000000,0.000000,0.000000,-0.251573,0.002408,10610
23.548092,685562.832339,0.005000,air_chirp,0.000000,0.000000,0.002714,0.000000,0.000000,0.000000,-0.213006,0.002118,10612
23.553093,685562.837459,0.005000,air_chirp,0.000000,0.000000,0.003600,0.000000,0.000000,0.000000,-0.232926,0.002707,10614
23.558092,685562.842576,0.005000,air_chirp,0.000000,0.000000,0.004442,0.000000,0.000000,0.000000,-0.265531,0.002266,10616
23.563092,685562.847707,0.005000,air_chirp,0.000000,0.000000,0.005232,0.000000,0.000000,0.000000,-0.262181,0.002947,10618
23.568092,685562.852854,0.005000,air_chirp,0.000000,0.000000,0.005966,0.000000,0.000000,0.000000,-0.291616,0.002550,10620
23.573092,685562.857987,0.005000,air_chirp,0.000000,0.000000,0.006624,0.000000,0.000000,0.000000,-0.311522,0.002038,10622
23.578109,685562.863087,0.005017,air_chirp,0.000000,0.000000,0.007196,0.000000,0.000000,0.000000,-0.361712,0.002653,10624
23.583092,685562.868256,0.004983,air_chirp,0.000000,0.000000,0.007689,0.000000,0.000000,0.000000,-0.353822,0.002183,10626
23.588092,685562.873384,0.005000,air_chirp,0.000000,0.000000,0.008088,0.000000,0.000000,0.000000,-0.353071,0.002844,10628
23.593093,685562.878515,0.005000,air_chirp,0.000000,0.000000,0.008386,0.000000,0.000000,0.000000,-0.385955,0.002115,10630
23.598093,685562.883630,0.005000,air_chirp,0.000000,0.000000,0.008581,0.000000,0.000000,0.000000,-0.337275,0.002691,10632
23.603093,685562.888742,0.005000,air_chirp,0.000000,0.000000,0.008670,0.000000,0.000000,0.000000,-0.279225,0.002925,10634
23.608092,685562.893827,0.004999,air_chirp,0.000000,0.000000,0.008653,0.000000,0.000000,0.000000,-0.236012,0.002077,10636
23.613092,685562.898953,0.005000,air_chirp,0.000000,0.000000,0.008530,0.000000,0.000000,0.000000,-0.186170,0.002621,10638
23.618092,685562.904125,0.005000,air_chirp,0.000000,0.000000,0.008300,0.000000,0.000000,0.000000,-0.209993,0.002960,10640
23.623092,685562.909226,0.005000,air_chirp,0.000000,0.000000,0.007964,0.000000,0.000000,0.000000,-0.308644,0.002189,10642
23.628092,685562.914307,0.005000,air_chirp,0.000000,0.000000,0.007533,0.000000,0.000000,0.000000,-0.336168,0.002783,10644
23.633092,685562.919451,0.005000,air_chirp,0.000000,0.000000,0.007007,0.000000,0.000000,0.000000,-0.302490,0.002275,10646
23.638092,685562.924530,0.005000,air_chirp,0.000000,0.000000,0.006394,0.000000,0.000000,0.000000,-0.303004,0.002951,10648
23.643093,685562.929659,0.005001,air_chirp,0.000000,0.000000,0.005703,0.000000,0.000000,0.000000,-0.244298,0.002565,10650
23.648092,685562.934778,0.004999,air_chirp,0.000000,0.000000,0.004934,0.000000,0.000000,0.000000,-0.301833,0.002124,10652
23.653092,685562.939907,0.005000,air_chirp,0.000000,0.000000,0.004103,0.000000,0.000000,0.000000,-0.486463,0.002822,10654
23.658092,685562.945025,0.005000,air_chirp,0.000000,0.000000,0.003218,0.000000,0.000000,0.000000,-0.473616,0.002373,10656
23.663092,685562.950146,0.005000,air_chirp,0.000000,0.000000,0.002292,0.000000,0.000000,0.000000,-0.329037,0.001931,10658
23.668092,685562.955448,0.005000,air_chirp,0.000000,0.000000,0.001328,0.000000,0.000000,0.000000,-0.342192,0.002544,10660
23.673093,685562.960602,0.005001,air_chirp,0.000000,0.000000,0.000323,0.000000,0.000000,0.000000,-0.386577,0.002076,10662
23.678093,685562.965694,0.005000,air_chirp,0.000000,0.000000,-0.000661,0.000000,0.000000,0.000000,-0.358189,0.002715,10664
23.683092,685562.970832,0.004999,air_chirp,0.000000,0.000000,-0.001633,0.000000,0.000000,0.000000,-0.386915,0.002268,10666
23.688092,685562.975980,0.005000,air_chirp,0.000000,0.000000,-0.002592,0.000000,0.000000,0.000000,-0.444627,0.002865,10668
23.693093,685562.981104,0.005000,air_chirp,0.000000,0.000000,-0.003517,0.000000,0.000000,0.000000,-0.386868,0.002456,10670
23.703092,685562.986187,0.010000,air_chirp,0.000000,0.000000,-0.004405,0.000000,0.000000,0.000000,-0.399339,0.002650,10674
23.708092,685562.991265,0.005000,air_chirp,0.000000,0.000000,-0.005228,0.000000,0.000000,0.000000,-0.470324,0.002042,10676
23.713092,685562.996351,0.005000,air_chirp,0.000000,0.000000,-0.005987,0.000000,0.000000,0.000000,-0.463723,0.002653,10678
23.718093,685563.001443,0.005000,air_chirp,0.000000,0.000000,-0.006674,0.000000,0.000000,0.000000,-0.420042,0.002168,10680
23.723092,685563.006587,0.005000,air_chirp,0.000000,0.000000,-0.007281,0.000000,0.000000,0.000000,-0.374101,0.002773,10682
23.728092,685563.011728,0.005000,air_chirp,0.000000,0.000000,-0.007800,0.000000,0.000000,0.000000,-0.326392,0.002334,10684
23.733093,685563.016883,0.005001,air_chirp,0.000000,0.000000,-0.008220,0.000000,0.000000,0.000000,-0.301277,0.003010,10686
23.738093,685563.022041,0.005000,air_chirp,0.000000,0.000000,-0.008536,0.000000,0.000000,0.000000,-0.348616,0.002556,10688
23.743092,685563.027123,0.005000,air_chirp,0.000000,0.000000,-0.008742,0.000000,0.000000,0.000000,-0.466043,0.001970,10690
23.748092,685563.032249,0.005000,air_chirp,0.000000,0.000000,-0.008835,0.000000,0.000000,0.000000,-0.571223,0.002557,10692
23.753092,685563.037363,0.005000,air_chirp,0.000000,0.000000,-0.008816,0.000000,0.000000,0.000000,-0.521777,0.002112,10694
23.758092,685563.042488,0.005000,air_chirp,0.000000,0.000000,-0.008684,0.000000,0.000000,0.000000,-0.459556,0.002682,10696
23.763092,685563.047628,0.005000,air_chirp,0.000000,0.000000,-0.008439,0.000000,0.000000,0.000000,-0.483338,0.002244,10698
23.768092,685563.052768,0.005000,air_chirp,0.000000,0.000000,-0.008085,0.000000,0.000000,0.000000,-0.467334,0.002831,10700
23.773092,685563.057853,0.005000,air_chirp,0.000000,0.000000,-0.007626,0.000000,0.000000,0.000000,-0.329055,0.002385,10702
23.778092,685563.062972,0.005000,air_chirp,0.000000,0.000000,-0.007071,0.000000,0.000000,0.000000,-0.259578,0.002943,10704
23.783092,685563.068086,0.005000,air_chirp,0.000000,0.000000,-0.006425,0.000000,0.000000,0.000000,-0.375425,0.002392,10706
23.788092,685563.073232,0.005000,air_chirp,0.000000,0.000000,-0.005688,0.000000,0.000000,0.000000,-0.479660,0.002935,10708
23.793092,685563.078366,0.005000,air_chirp,0.000000,0.000000,-0.004875,0.000000,0.000000,0.000000,-0.512690,0.002363,10710
23.798092,685563.083502,0.005000,air_chirp,0.000000,0.000000,-0.003999,0.000000,0.000000,0.000000,-0.401855,0.002955,10712
23.803092,685563.088644,0.005000,air_chirp,0.000000,0.000000,-0.003068,0.000000,0.000000,0.000000,-0.254871,0.002337,10714
23.808092,685563.093877,0.005000,air_chirp,0.000000,0.000000,-0.002077,0.000000,0.000000,0.000000,-0.255335,0.002951,10716
23.813092,685563.099134,0.005000,air_chirp,0.000000,0.000000,-0.001050,0.000000,0.000000,0.000000,-0.324151,0.002370,10718
23.818092,685563.104252,0.005000,air_chirp,0.000000,0.000000,-0.000031,0.000000,0.000000,0.000000,-0.348154,0.002939,10720
23.823092,685563.109377,0.005000,air_chirp,0.000000,0.000000,0.000987,0.000000,0.000000,0.000000,-0.299441,0.002318,10722
23.828092,685563.114529,0.005000,air_chirp,0.000000,0.000000,0.002001,0.000000,0.000000,0.000000,-0.299698,0.002867,10724
23.833093,685563.119810,0.005001,air_chirp,0.000000,0.000000,0.003006,0.000000,0.000000,0.000000,-0.275870,0.002326,10726
23.838093,685563.125024,0.005000,air_chirp,0.000000,0.000000,0.003975,0.000000,0.000000,0.000000,-0.157603,0.002873,10728
23.843093,685563.130152,0.005000,air_chirp,0.000000,0.000000,0.004872,0.000000,0.000000,0.000000,-0.101073,0.002459,10730
23.848093,685563.135270,0.005000,air_chirp,0.000000,0.000000,0.005703,0.000000,0.000000,0.000000,-0.241374,0.003060,10732
23.853093,685563.140388,0.005000,air_chirp,0.000000,0.000000,0.006460,0.000000,0.000000,0.000000,-0.306397,0.002645,10734
23.858092,685563.145553,0.004999,air_chirp,0.000000,0.000000,0.007139,0.000000,0.000000,0.000000,-0.265427,0.002189,10736
23.863093,685563.150837,0.005000,air_chirp,0.000000,0.000000,0.007738,0.000000,0.000000,0.000000,-0.265058,0.002801,10738
23.873093,685563.156165,0.010000,air_chirp,0.000000,0.000000,0.008230,0.000000,0.000000,0.000000,-0.432820,0.003000,10742
23.878093,685563.161283,0.005000,air_chirp,0.000000,0.000000,0.008596,0.000000,0.000000,0.000000,-0.407817,0.002575,10744
23.883092,685563.166400,0.005000,air_chirp,0.000000,0.000000,0.008848,0.000000,0.000000,0.000000,-0.315625,0.002117,10746
23.888093,685563.171577,0.005000,air_chirp,0.000000,0.000000,0.008983,0.000000,0.000000,0.000000,-0.281761,0.002721,10748
23.893093,685563.176841,0.005000,air_chirp,0.000000,0.000000,0.008996,0.000000,0.000000,0.000000,-0.220171,0.002303,10750
23.898093,685563.182162,0.005000,air_chirp,0.000000,0.000000,0.008882,0.000000,0.000000,0.000000,-0.204811,0.002944,10752
23.903092,685563.187280,0.004999,air_chirp,0.000000,0.000000,0.008649,0.000000,0.000000,0.000000,-0.244526,0.002538,10754
23.908093,685563.192398,0.005000,air_chirp,0.000000,0.000000,0.008302,0.000000,0.000000,0.000000,-0.274740,0.002098,10756
23.913093,685563.197558,0.005000,air_chirp,0.000000,0.000000,0.007841,0.000000,0.000000,0.000000,-0.180651,0.002687,10758
23.918092,685563.202701,0.005000,air_chirp,0.000000,0.000000,0.007271,0.000000,0.000000,0.000000,-0.150265,0.002269,10760
23.923092,685563.207940,0.005000,air_chirp,0.000000,0.000000,0.006590,0.000000,0.000000,0.000000,-0.331122,0.002869,10762
23.928093,685563.213170,0.005001,air_chirp,0.000000,0.000000,0.005817,0.000000,0.000000,0.000000,-0.479645,0.002457,10764
23.933092,685563.218323,0.004999,air_chirp,0.000000,0.000000,0.004976,0.000000,0.000000,0.000000,-0.464016,0.002012,10766
23.938093,685563.223485,0.005000,air_chirp,0.000000,0.000000,0.004066,0.000000,0.000000,0.000000,-0.336419,0.002611,10768
23.943093,685563.228646,0.005000,air_chirp,0.000000,0.000000,0.003089,0.000000,0.000000,0.000000,-0.223195,0.002206,10770
23.948093,685563.233900,0.005000,air_chirp,0.000000,0.000000,0.002055,0.000000,0.000000,0.000000,-0.246642,0.002810,10772
23.953093,685563.239247,0.005000,air_chirp,0.000000,0.000000,0.000972,0.000000,0.000000,0.000000,-0.316147,0.002376,10774
23.958093,685563.244365,0.005000,air_chirp,0.000000,0.000000,-0.000087,0.000000,0.000000,0.000000,-0.344967,0.003024,10776
23.963093,685563.249557,0.005000,air_chirp,0.000000,0.000000,-0.001146,0.000000,0.000000,0.000000,-0.369126,0.002571,10778
23.968092,685563.254845,0.004999,air_chirp,0.000000,0.000000,-0.002230,0.000000,0.000000,0.000000,-0.396321,0.002151,10780
23.973093,685563.260063,0.005001,air_chirp,0.000000,0.000000,-0.003265,0.000000,0.000000,0.000000,-0.423757,0.002573,10782
23.978093,685563.265178,0.005000,air_chirp,0.000000,0.000000,-0.004234,0.000000,0.000000,0.000000,-0.408622,0.002129,10784
23.983093,685563.270297,0.005000,air_chirp,0.000000,0.000000,-0.005148,0.000000,0.000000,0.000000,-0.433226,0.002675,10786
23.988093,685563.275423,0.005000,air_chirp,0.000000,0.000000,-0.005994,0.000000,0.000000,0.000000,-0.446404,0.002145,10788
23.993093,685563.280558,0.005000,air_chirp,0.000000,0.000000,-0.006761,0.000000,0.000000,0.000000,-0.426050,0.002732,10790
23.998093,685563.285683,0.004999,air_chirp,0.000000,0.000000,-0.007439,0.000000,0.000000,0.000000,-0.492218,0.002304,10792
24.003093,685563.290927,0.005000,air_chirp,0.000000,0.000000,-0.008024,0.000000,0.000000,0.000000,-0.548616,0.002952,10794
24.008093,685563.296188,0.005000,air_chirp,0.000000,0.000000,-0.008498,0.000000,0.000000,0.000000,-0.491213,0.002534,10796
24.018093,685563.301322,0.010000,air_chirp,0.000000,0.000000,-0.008844,0.000000,0.000000,0.000000,-0.249343,0.002707,10800
24.023093,685563.306487,0.005000,air_chirp,0.000000,0.000000,-0.009067,0.000000,0.000000,0.000000,-0.352789,0.002118,10802
24.028093,685563.311576,0.005000,air_chirp,0.000000,0.000000,-0.009166,0.000000,0.000000,0.000000,-0.538946,0.002732,10804
24.033092,685563.316740,0.005000,air_chirp,0.000000,0.000000,-0.009139,0.000000,0.000000,0.000000,-0.582653,0.002309,10806
24.038093,685563.321860,0.005000,air_chirp,0.000000,0.000000,-0.008983,0.000000,0.000000,0.000000,-0.480648,0.002887,10808
24.043093,685563.326977,0.005000,air_chirp,0.000000,0.000000,-0.008704,0.000000,0.000000,0.000000,-0.421374,0.002489,10810
24.048093,685563.332222,0.005000,air_chirp,0.000000,0.000000,-0.008294,0.000000,0.000000,0.000000,-0.454148,0.002078,10812
24.053093,685563.337342,0.005000,air_chirp,0.000000,0.000000,-0.007774,0.000000,0.000000,0.000000,-0.464344,0.002622,10814
24.058092,685563.342462,0.004999,air_chirp,0.000000,0.000000,-0.007146,0.000000,0.000000,0.000000,-0.384739,0.002201,10816
24.063093,685563.347713,0.005000,air_chirp,0.000000,0.000000,-0.006401,0.000000,0.000000,0.000000,-0.340173,0.002805,10818
24.068092,685563.352960,0.004999,air_chirp,0.000000,0.000000,-0.005558,0.000000,0.000000,0.000000,-0.381595,0.002381,10820
24.073097,685563.358218,0.005005,air_chirp,0.000000,0.000000,-0.004635,0.000000,0.000000,0.000000,-0.377179,0.003063,10822
24.078097,685563.363334,0.005000,air_chirp,0.000000,0.000000,-0.003658,0.000000,0.000000,0.000000,-0.374046,0.002469,10824
24.083097,685563.368475,0.005000,air_chirp,0.000000,0.000000,-0.002635,0.000000,0.000000,0.000000,-0.379619,0.002942,10826
24.088097,685563.373688,0.005000,air_chirp,0.000000,0.000000,-0.001549,0.000000,0.000000,0.000000,-0.417726,0.002131,10828
24.093097,685563.378804,0.005000,air_chirp,0.000000,0.000000,-0.000463,0.000000,0.000000,0.000000,-0.338346,0.002735,10830
24.098092,685563.384023,0.004995,air_chirp,0.000000,0.000000,0.000652,0.000000,0.000000,0.000000,-0.268870,0.002038,10832
24.103092,685563.389169,0.005000,air_chirp,0.000000,0.000000,0.001745,0.000000,0.000000,0.000000,-0.282704,0.002688,10834
24.108093,685563.394287,0.005000,air_chirp,0.000000,0.000000,0.002814,0.000000,0.000000,0.000000,-0.257862,0.002226,10836
24.113092,685563.399415,0.005000,air_chirp,0.000000,0.000000,0.003842,0.000000,0.000000,0.000000,-0.204245,0.002843,10838
24.118092,685563.404583,0.005000,air_chirp,0.000000,0.000000,0.004826,0.000000,0.000000,0.000000,-0.144398,0.002436,10840
24.123092,685563.409865,0.005000,air_chirp,0.000000,0.000000,0.005767,0.000000,0.000000,0.000000,-0.151459,0.002977,10842
24.128092,685563.414976,0.005000,air_chirp,0.000000,0.000000,0.006594,0.000000,0.000000,0.000000,-0.196189,0.002451,10844
24.133092,685563.420151,0.005000,air_chirp,0.000000,0.000000,0.007337,0.000000,0.000000,0.000000,-0.243884,0.002049,10846
24.138092,685563.425271,0.005000,air_chirp,0.000000,0.000000,0.007969,0.000000,0.000000,0.000000,-0.226756,0.002590,10848
24.143092,685563.430392,0.005000,air_chirp,0.000000,0.000000,0.008490,0.000000,0.000000,0.000000,-0.277118,0.002953,10850
24.148093,685563.435555,0.005001,air_chirp,0.000000,0.000000,0.008893,0.000000,0.000000,0.000000,-0.395277,0.002353,10852
24.153092,685563.440850,0.004999,air_chirp,0.000000,0.000000,0.009176,0.000000,0.000000,0.000000,-0.374375,0.002953,10854
24.158092,685563.446158,0.005000,air_chirp,0.000000,0.000000,0.009318,0.000000,0.000000,0.000000,-0.292790,0.002525,10856
24.168093,685563.451278,0.010001,air_chirp,0.000000,0.000000,0.009321,0.000000,0.000000,0.000000,-0.290994,0.002712,10860
24.173092,685563.456397,0.004999,air_chirp,0.000000,0.000000,0.009190,0.000000,0.000000,0.000000,-0.235916,0.002279,10862
24.178092,685563.461570,0.005000,air_chirp,0.000000,0.000000,0.008926,0.000000,0.000000,0.000000,-0.205507,0.002960,10864
24.183092,685563.466849,0.005000,air_chirp,0.000000,0.000000,0.008520,0.000000,0.000000,0.000000,-0.218607,0.002513,10866
24.188092,685563.472107,0.005000,air_chirp,0.000000,0.000000,0.007986,0.000000,0.000000,0.000000,-0.213060,0.002053,10868
24.193093,685563.477236,0.005000,air_chirp,0.000000,0.000000,0.007343,0.000000,0.000000,0.000000,-0.177016,0.002673,10870
24.198092,685563.482366,0.005000,air_chirp,0.000000,0.000000,0.006598,0.000000,0.000000,0.000000,-0.209041,0.002277,10872
24.203094,685563.487541,0.005001,air_chirp,0.000000,0.000000,0.005751,0.000000,0.000000,0.000000,-0.351776,0.002995,10874
24.208092,685563.492698,0.004999,air_chirp,0.000000,0.000000,0.004812,0.000000,0.000000,0.000000,-0.465804,0.002489,10876
24.213092,685563.497966,0.005000,air_chirp,0.000000,0.000000,0.003783,0.000000,0.000000,0.000000,-0.434333,0.002967,10878
24.218092,685563.503113,0.005000,air_chirp,0.000000,0.000000,0.002720,0.000000,0.000000,0.000000,-0.317852,0.002521,10880
24.223092,685563.508238,0.005000,air_chirp,0.000000,0.000000,0.001617,0.000000,0.000000,0.000000,-0.281324,0.002022,10882
24.228092,685563.513358,0.005000,air_chirp,0.000000,0.000000,0.000490,0.000000,0.000000,0.000000,-0.361472,0.002681,10884
24.233092,685563.518478,0.005000,air_chirp,0.000000,0.000000,-0.000644,0.000000,0.000000,0.000000,-0.341341,0.002162,10886
24.238092,685563.523696,0.005000,air_chirp,0.000000,0.000000,-0.001793,0.000000,0.000000,0.000000,-0.386529,0.002706,10888
24.243093,685563.528912,0.005000,air_chirp,0.000000,0.000000,-0.002917,0.000000,0.000000,0.000000,-0.454204,0.002296,10890
24.248092,685563.534057,0.005000,air_chirp,0.000000,0.000000,-0.003983,0.000000,0.000000,0.000000,-0.413937,0.002947,10892
24.253262,685563.539142,0.005170,air_chirp,0.000000,0.000000,-0.004991,0.000000,0.000000,0.000000,-0.389634,0.002719,10894
24.258092,685563.544255,0.004830,air_chirp,0.000000,0.000000,-0.005924,0.000000,0.000000,0.000000,-0.450520,0.002064,10896
24.263093,685563.549391,0.005001,air_chirp,0.000000,0.000000,-0.006772,0.000000,0.000000,0.000000,-0.546858,0.002769,10898
24.268093,685563.554558,0.005000,air_chirp,0.000000,0.000000,-0.007528,0.000000,0.000000,0.000000,-0.559121,0.002281,10900
24.273092,685563.559683,0.004999,air_chirp,0.000000,0.000000,-0.008178,0.000000,0.000000,0.000000,-0.564769,0.002949,10902
24.278093,685563.564806,0.005001,air_chirp,0.000000,0.000000,-0.008703,0.000000,0.000000,0.000000,-0.570829,0.002521,10904
24.283093,685563.569928,0.005000,air_chirp,0.000000,0.000000,-0.009100,0.000000,0.000000,0.000000,-0.432950,0.002087,10906
24.288092,685563.575012,0.005000,air_chirp,0.000000,0.000000,-0.009364,0.000000,0.000000,0.000000,-0.303718,0.002710,10908
24.293092,685563.580097,0.005000,air_chirp,0.000000,0.000000,-0.009490,0.000000,0.000000,0.000000,-0.363989,0.002313,10910
24.298093,685563.585246,0.005000,air_chirp,0.000000,0.000000,-0.009477,0.000000,0.000000,0.000000,-0.446400,0.001904,10912
24.303093,685563.590371,0.005000,air_chirp,0.000000,0.000000,-0.009324,0.000000,0.000000,0.000000,-0.513082,0.002533,10914
24.308092,685563.595505,0.004999,air_chirp,0.000000,0.000000,-0.009032,0.000000,0.000000,0.000000,-0.526379,0.002092,10916
24.313093,685563.600647,0.005001,air_chirp,0.000000,0.000000,-0.008604,0.000000,0.000000,0.000000,-0.478339,0.002749,10918
24.318092,685563.605794,0.004999,air_chirp,0.000000,0.000000,-0.008046,0.000000,0.000000,0.000000,-0.350401,0.002318,10920
24.323092,685563.610922,0.005000,air_chirp,0.000000,0.000000,-0.007365,0.000000,0.000000,0.000000,-0.288197,0.003007,10922
24.328093,685563.616074,0.005000,air_chirp,0.000000,0.000000,-0.006575,0.000000,0.000000,0.000000,-0.407490,0.002552,10924
24.333092,685563.621162,0.004999,air_chirp,0.000000,0.000000,-0.005683,0.000000,0.000000,0.000000,-0.520889,0.002091,10926
24.338092,685563.626251,0.005000,air_chirp,0.000000,0.000000,-0.004714,0.000000,0.000000,0.000000,-0.507695,0.002729,10928
24.348092,685563.631419,0.010000,air_chirp,0.000000,0.000000,-0.003671,0.000000,0.000000,0.000000,-0.302146,0.001903,10932
24.353092,685563.636542,0.005000,air_chirp,0.000000,0.000000,-0.002556,0.000000,0.000000,0.000000,-0.341691,0.002477,10934
24.358092,685563.641585,0.005000,air_chirp,0.000000,0.000000,-0.001423,0.000000,0.000000,0.000000,-0.384047,0.002047,10936
24.363092,685563.646709,0.005000,air_chirp,0.000000,0.000000,-0.000258,0.000000,0.000000,0.000000,-0.283877,0.002646,10938
24.368092,685563.651859,0.005000,air_chirp,0.000000,0.000000,0.000917,0.000000,0.000000,0.000000,-0.244823,0.002246,10940
24.373092,685563.657009,0.005000,air_chirp,0.000000,0.000000,0.002088,0.000000,0.000000,0.000000,-0.265858,0.002775,10942
24.378092,685563.662109,0.005000,air_chirp,0.000000,0.000000,0.003228,0.000000,0.000000,0.000000,-0.253361,0.002248,10944
24.383092,685563.667193,0.005000,air_chirp,0.000000,0.000000,0.004309,0.000000,0.000000,0.000000,-0.178281,0.002848,10946
24.388093,685563.672279,0.005001,air_chirp,0.000000,0.000000,0.005327,0.000000,0.000000,0.000000,-0.100913,0.002376,10948
24.393092,685563.677421,0.004999,air_chirp,0.000000,0.000000,0.006269,0.000000,0.000000,0.000000,-0.097461,0.002989,10950
24.398093,685563.682545,0.005000,air_chirp,0.000000,0.000000,0.007127,0.000000,0.000000,0.000000,-0.152468,0.002548,10952
24.403092,685563.687668,0.005000,air_chirp,0.000000,0.000000,0.007875,0.000000,0.000000,0.000000,-0.234212,0.002157,10954
24.408092,685563.692764,0.005000,air_chirp,0.000000,0.000000,0.008503,0.000000,0.000000,0.000000,-0.319455,0.002740,10956
24.413092,685563.697901,0.005000,air_chirp,0.000000,0.000000,0.009003,0.000000,0.000000,0.000000,-0.404923,0.002222,10958
24.418092,685563.703031,0.005000,air_chirp,0.000000,0.000000,0.009368,0.000000,0.000000,0.000000,-0.398051,0.002858,10960
24.423092,685563.708145,0.005000,air_chirp,0.000000,0.000000,0.009590,0.000000,0.000000,0.000000,-0.358325,0.002344,10962
24.428092,685563.713262,0.005000,air_chirp,0.000000,0.000000,0.009666,0.000000,0.000000,0.000000,-0.362408,0.001958,10964
24.433092,685563.718333,0.005000,air_chirp,0.000000,0.000000,0.009596,0.000000,0.000000,0.000000,-0.300555,0.002591,10966
24.438092,685563.723483,0.005000,air_chirp,0.000000,0.000000,0.009377,0.000000,0.000000,0.000000,-0.230513,0.002205,10968
24.443092,685563.728638,0.005000,air_chirp,0.000000,0.000000,0.009012,0.000000,0.000000,0.000000,-0.219486,0.002858,10970
24.448092,685563.733871,0.005000,air_chirp,0.000000,0.000000,0.008496,0.000000,0.000000,0.000000,-0.204101,0.002125,10972
24.453092,685563.739017,0.005000,air_chirp,0.000000,0.000000,0.007856,0.000000,0.000000,0.000000,-0.228668,0.002652,10974
24.458092,685563.744198,0.005000,air_chirp,0.000000,0.000000,0.007086,0.000000,0.000000,0.000000,-0.265331,0.002071,10976
24.463092,685563.749321,0.005000,air_chirp,0.000000,0.000000,0.006211,0.000000,0.000000,0.000000,-0.275306,0.002624,10978
24.468092,685563.754439,0.005000,air_chirp,0.000000,0.000000,0.005240,0.000000,0.000000,0.000000,-0.349166,0.002012,10980
24.473092,685563.759608,0.005000,air_chirp,0.000000,0.000000,0.004181,0.000000,0.000000,0.000000,-0.358144,0.002573,10982
24.478092,685563.764873,0.005000,air_chirp,0.000000,0.000000,0.003025,0.000000,0.000000,0.000000,-0.283947,0.002036,10984
24.483092,685563.770120,0.005000,air_chirp,0.000000,0.000000,0.001827,0.000000,0.000000,0.000000,-0.299240,0.002629,10986
24.488092,685563.775239,0.005000,air_chirp,0.000000,0.000000,0.000617,0.000000,0.000000,0.000000,-0.301953,0.002115,10988
24.493093,685563.780359,0.005001,air_chirp,0.000000,0.000000,-0.000599,0.000000,0.000000,0.000000,-0.251810,0.002636,10990
24.498092,685563.785494,0.004999,air_chirp,0.000000,0.000000,-0.001807,0.000000,0.000000,0.000000,-0.322611,0.002087,10992
24.503092,685563.790649,0.005000,air_chirp,0.000000,0.000000,-0.002999,0.000000,0.000000,0.000000,-0.482320,0.002612,10994
24.508093,685563.795909,0.005001,air_chirp,0.000000,0.000000,-0.004167,0.000000,0.000000,0.000000,-0.483075,0.002140,10996
24.513093,685563.801164,0.005001,air_chirp,0.000000,0.000000,-0.005264,0.000000,0.000000,0.000000,-0.415182,0.002621,10998
24.523092,685563.806324,0.009999,air_chirp,0.000000,0.000000,-0.006265,0.000000,0.000000,0.000000,-0.580094,0.002657,11002
24.528092,685563.811479,0.005000,air_chirp,0.000000,0.000000,-0.007165,0.000000,0.000000,0.000000,-0.575849,0.002156,11004
24.533092,685563.816656,0.005000,air_chirp,0.000000,0.000000,-0.007957,0.000000,0.000000,0.000000,-0.510493,0.002764,11006
24.538093,685563.821910,0.005000,air_chirp,0.000000,0.000000,-0.008630,0.000000,0.000000,0.000000,-0.551164,0.002299,11008
24.543093,685563.827184,0.005000,air_chirp,0.000000,0.000000,-0.009163,0.000000,0.000000,0.000000,-0.391887,0.001846,11010
24.548092,685563.832353,0.004999,air_chirp,0.000000,0.000000,-0.009541,0.000000,0.000000,0.000000,-0.216876,0.002421,11012
24.553092,685563.837517,0.005000,air_chirp,0.000000,0.000000,-0.009765,0.000000,0.000000,0.000000,-0.252318,0.001992,11014
24.558093,685563.842634,0.005000,air_chirp,0.000000,0.000000,-0.009831,0.000000,0.000000,0.000000,-0.370423,0.002584,11016
24.563092,685563.847788,0.005000,air_chirp,0.000000,0.000000,-0.009741,0.000000,0.000000,0.000000,-0.497419,0.002201,11018
24.568092,685563.853010,0.005000,air_chirp,0.000000,0.000000,-0.009488,0.000000,0.000000,0.000000,-0.581455,0.002727,11020
24.573093,685563.858224,0.005000,air_chirp,0.000000,0.000000,-0.009084,0.000000,0.000000,0.000000,-0.528937,0.002304,11022
24.578093,685563.863344,0.005000,air_chirp,0.000000,0.000000,-0.008532,0.000000,0.000000,0.000000,-0.427909,0.002938,11024
24.583092,685563.868503,0.004999,air_chirp,0.000000,0.000000,-0.007843,0.000000,0.000000,0.000000,-0.319447,0.002273,11026
24.588092,685563.873736,0.005000,air_chirp,0.000000,0.000000,-0.007011,0.000000,0.000000,0.000000,-0.314656,0.002892,11028
24.593092,685563.878944,0.005000,air_chirp,0.000000,0.000000,-0.006066,0.000000,0.000000,0.000000,-0.362644,0.002430,11030
24.598092,685563.884185,0.005000,air_chirp,0.000000,0.000000,-0.005015,0.000000,0.000000,0.000000,-0.340345,0.001971,11032
24.603092,685563.889352,0.005000,air_chirp,0.000000,0.000000,-0.003887,0.000000,0.000000,0.000000,-0.408566,0.002586,11034
24.608092,685563.894468,0.005000,air_chirp,0.000000,0.000000,-0.002709,0.000000,0.000000,0.000000,-0.492916,0.002201,11036
24.613092,685563.899632,0.005000,air_chirp,0.000000,0.000000,-0.001481,0.000000,0.000000,0.000000,-0.469247,0.002768,11038
24.618092,685563.904839,0.005000,air_chirp,0.000000,0.000000,-0.000203,0.000000,0.000000,0.000000,-0.409880,0.002213,11040
24.623092,685563.909987,0.005000,air_chirp,0.000000,0.000000,0.001057,0.000000,0.000000,0.000000,-0.342630,0.002835,11042
24.628092,685563.915128,0.005000,air_chirp,0.000000,0.000000,0.002293,0.000000,0.000000,0.000000,-0.288763,0.002384,11044
24.633092,685563.920222,0.005000,air_chirp,0.000000,0.000000,0.003515,0.000000,0.000000,0.000000,-0.267739,0.002015,11046
24.638092,685563.925312,0.005000,air_chirp,0.000000,0.000000,0.004662,0.000000,0.000000,0.000000,-0.170363,0.002840,11048
24.643092,685563.930452,0.005000,air_chirp,0.000000,0.000000,0.005738,0.000000,0.000000,0.000000,-0.144022,0.002225,11050
24.648093,685563.935590,0.005001,air_chirp,0.000000,0.000000,0.006732,0.000000,0.000000,0.000000,-0.144776,0.002906,11052
24.653092,685563.940717,0.005000,air_chirp,0.000000,0.000000,0.007617,0.000000,0.000000,0.000000,-0.112953,0.002481,11054
24.658092,685563.945852,0.004999,air_chirp,0.000000,0.000000,0.008378,0.000000,0.000000,0.000000,-0.115022,0.002042,11056
24.663092,685563.950980,0.005000,air_chirp,0.000000,0.000000,0.009004,0.000000,0.000000,0.000000,-0.224962,0.002717,11058
24.668092,685563.956098,0.005000,air_chirp,0.000000,0.000000,0.009481,0.000000,0.000000,0.000000,-0.392560,0.002281,11060
24.673092,685563.961189,0.005000,air_chirp,0.000000,0.000000,0.009808,0.000000,0.000000,0.000000,-0.407304,0.001901,11062
24.683093,685563.966278,0.010001,air_chirp,0.000000,0.000000,0.009974,0.000000,0.000000,0.000000,-0.367658,0.002100,11066
24.688092,685563.971368,0.005000,air_chirp,0.000000,0.000000,0.009978,0.000000,0.000000,0.000000,-0.366302,0.002667,11068
24.693092,685563.976516,0.005000,air_chirp,0.000000,0.000000,0.009821,0.000000,0.000000,0.000000,-0.357194,0.002229,11070
24.698092,685563.981655,0.005000,air_chirp,0.000000,0.000000,0.009499,0.000000,0.000000,0.000000,-0.295307,0.002904,11072
24.703093,685563.986812,0.005001,air_chirp,0.000000,0.000000,0.009020,0.000000,0.000000,0.000000,-0.154379,0.002485,11074
24.708093,685563.991991,0.005000,air_chirp,0.000000,0.000000,0.008388,0.000000,0.000000,0.000000,-0.152880,0.001980,11076
24.713094,685563.997161,0.005001,air_chirp,0.000000,0.000000,0.007611,0.000000,0.000000,0.000000,-0.245225,0.002522,11078
24.718093,685564.002259,0.004999,air_chirp,0.000000,0.000000,0.006709,0.000000,0.000000,0.000000,-0.215270,0.001956,11080
24.723092,685564.007365,0.004999,air_chirp,0.000000,0.000000,0.005704,0.000000,0.000000,0.000000,-0.224993,0.002587,11082
24.728092,685564.012557,0.005000,air_chirp,0.000000,0.000000,0.004588,0.000000,0.000000,0.000000,-0.380467,0.002137,11084
24.733092,685564.017773,0.005000,air_chirp,0.000000,0.000000,0.003379,0.000000,0.000000,0.000000,-0.425209,0.002755,11086
24.738092,685564.022937,0.005000,air_chirp,0.000000,0.000000,0.002130,0.000000,0.000000,0.000000,-0.331706,0.002312,11088
24.743092,685564.028167,0.005000,air_chirp,0.000000,0.000000,0.000816,0.000000,0.000000,0.000000,-0.267525,0.001801,11090
24.748092,685564.033287,0.005000,air_chirp,0.000000,0.000000,-0.000486,0.000000,0.000000,0.000000,-0.244166,0.002112,11092
24.753092,685564.038427,0.005000,air_chirp,0.000000,0.000000,-0.001779,0.000000,0.000000,0.000000,-0.339530,0.002622,11094
24.758092,685564.043638,0.005000,air_chirp,0.000000,0.000000,-0.003071,0.000000,0.000000,0.000000,-0.482553,0.002909,11096
24.763092,685564.048853,0.005000,air_chirp,0.000000,0.000000,-0.004310,0.000000,0.000000,0.000000,-0.500979,0.002366,11098
24.768092,685564.054151,0.005000,air_chirp,0.000000,0.000000,-0.005491,0.000000,0.000000,0.000000,-0.465049,0.001888,11100
24.773092,685564.059271,0.005000,air_chirp,0.000000,0.000000,-0.006549,0.000000,0.000000,0.000000,-0.390160,0.002462,11102
24.778094,685564.064400,0.005001,air_chirp,0.000000,0.000000,-0.007495,0.000000,0.000000,0.000000,-0.382889,0.002871,11104
24.783092,685564.069559,0.004999,air_chirp,0.000000,0.000000,-0.008323,0.000000,0.000000,0.000000,-0.492208,0.002269,11106
24.788092,685564.074812,0.005000,air_chirp,0.000000,0.000000,-0.009023,0.000000,0.000000,0.000000,-0.567559,0.001854,11108
24.793092,685564.079967,0.005000,air_chirp,0.000000,0.000000,-0.009553,0.000000,0.000000,0.000000,-0.527539,0.002434,11110
24.798092,685564.085171,0.005000,air_chirp,0.000000,0.000000,-0.009925,0.000000,0.000000,0.000000,-0.430791,0.002068,11112
24.803092,685564.090287,0.005000,air_chirp,0.000000,0.000000,-0.010124,0.000000,0.000000,0.000000,-0.425305,0.002726,11114
24.808092,685564.095407,0.005000,air_chirp,0.000000,0.000000,-0.010152,0.000000,0.000000,0.000000,-0.332726,0.002383,11116
24.813092,685564.100525,0.005000,air_chirp,0.000000,0.000000,-0.010007,0.000000,0.000000,0.000000,-0.227287,0.002007,11118
24.818092,685564.105802,0.005000,air_chirp,0.000000,0.000000,-0.009683,0.000000,0.000000,0.000000,-0.283246,0.002395,11120
24.823092,685564.111025,0.005000,air_chirp,0.000000,0.000000,-0.009186,0.000000,0.000000,0.000000,-0.393986,0.002790,11122
24.833092,685564.116202,0.010000,air_chirp,0.000000,0.000000,-0.008534,0.000000,0.000000,0.000000,-0.494741,0.002329,11126
24.838093,685564.121325,0.005001,air_chirp,0.000000,0.000000,-0.007740,0.000000,0.000000,0.000000,-0.536457,0.002840,11128
24.843092,685564.126475,0.004999,air_chirp,0.000000,0.000000,-0.006811,0.000000,0.000000,0.000000,-0.491416,0.001929,11130
24.848092,685564.131627,0.005000,air_chirp,0.000000,0.000000,-0.005758,0.000000,0.000000,0.000000,-0.424324,0.002344,11132
24.853092,685564.136902,0.005000,air_chirp,0.000000,0.000000,-0.004585,0.000000,0.000000,0.000000,-0.443354,0.002859,11134
24.858092,685564.142243,0.005000,air_chirp,0.000000,0.000000,-0.003299,0.000000,0.000000,0.000000,-0.460497,0.002050,11136
24.863092,685564.147362,0.005000,air_chirp,0.000000,0.000000,-0.001999,0.000000,0.000000,0.000000,-0.407103,0.002553,11138
24.868093,685564.152520,0.005000,air_chirp,0.000000,0.000000,-0.000670,0.000000,0.000000,0.000000,-0.386215,0.002918,11140
24.873092,685564.157732,0.004999,air_chirp,0.000000,0.000000,0.000704,0.000000,0.000000,0.000000,-0.309423,0.002013,11142
24.878093,685564.162949,0.005001,air_chirp,0.000000,0.000000,0.002062,0.000000,0.000000,0.000000,-0.190850,0.002562,11144
24.883096,685564.168201,0.005003,air_chirp,0.000000,0.000000,0.003394,0.000000,0.000000,0.000000,-0.209688,0.001899,11146
24.888092,685564.173319,0.004996,air_chirp,0.000000,0.000000,0.004637,0.000000,0.000000,0.000000,-0.272593,0.002128,11148
24.893092,685564.178545,0.005000,air_chirp,0.000000,0.000000,0.005824,0.000000,0.000000,0.000000,-0.291255,0.002768,11150
24.898092,685564.183796,0.005000,air_chirp,0.000000,0.000000,0.006913,0.000000,0.000000,0.000000,-0.222292,0.002233,11152
24.903092,685564.189031,0.005000,air_chirp,0.000000,0.000000,0.007880,0.000000,0.000000,0.000000,-0.147479,0.001816,11154
24.908092,685564.194182,0.005000,air_chirp,0.000000,0.000000,0.008689,0.000000,0.000000,0.000000,-0.123793,0.002338,11156
24.913093,685564.199296,0.005001,air_chirp,0.000000,0.000000,0.009348,0.000000,0.000000,0.000000,-0.204929,0.001949,11158
24.918093,685564.204413,0.005000,air_chirp,0.000000,0.000000,0.009843,0.000000,0.000000,0.000000,-0.310656,0.002575,11160
24.923092,685564.209572,0.004999,air_chirp,0.000000,0.000000,0.010169,0.000000,0.000000,0.000000,-0.285578,0.002052,11162
24.928095,685564.214696,0.005003,air_chirp,0.000000,0.000000,0.010317,0.000000,0.000000,0.000000,-0.318761,0.002668,11164
24.933092,685564.219786,0.004997,air_chirp,0.000000,0.000000,0.010285,0.000000,0.000000,0.000000,-0.372270,0.002169,11166
24.938092,685564.224887,0.005000,air_chirp,0.000000,0.000000,0.010075,0.000000,0.000000,0.000000,-0.266726,0.002716,11168
24.943092,685564.229984,0.005000,air_chirp,0.000000,0.000000,0.009688,0.000000,0.000000,0.000000,-0.152253,0.002216,11170
24.948093,685564.235113,0.005000,air_chirp,0.000000,0.000000,0.009129,0.000000,0.000000,0.000000,-0.183181,0.002852,11172
24.953093,685564.240210,0.005000,air_chirp,0.000000,0.000000,0.008414,0.000000,0.000000,0.000000,-0.233120,0.002353,11174
24.958093,685564.245307,0.005000,air_chirp,0.000000,0.000000,0.007549,0.000000,0.000000,0.000000,-0.285423,0.001956,11176
24.963092,685564.250462,0.005000,air_chirp,0.000000,0.000000,0.006550,0.000000,0.000000,0.000000,-0.356165,0.002597,11178
24.968092,685564.255637,0.005000,air_chirp,0.000000,0.000000,0.005422,0.000000,0.000000,0.000000,-0.377965,0.002137,11180
24.973092,685564.260781,0.005000,air_chirp,0.000000,0.000000,0.004192,0.000000,0.000000,0.000000,-0.317122,0.002740,11182
24.978095,685564.265932,0.005002,air_chirp,0.000000,0.000000,0.002889,0.000000,0.000000,0.000000,-0.253306,0.002284,11184
24.983092,685564.271095,0.004998,air_chirp,0.000000,0.000000,0.001529,0.000000,0.000000,0.000000,-0.309210,0.001865,11186
24.988092,685564.276231,0.005000,air_chirp,0.000000,0.000000,0.000141,0.000000,0.000000,0.000000,-0.372690,0.002451,11188
24.993092,685564.281310,0.005000,air_chirp,0.000000,0.000000,-0.001235,0.000000,0.000000,0.000000,-0.263745,0.002923,11190
25.003092,685564.286454,0.010000,air_chirp,0.000000,0.000000,-0.002605,0.000000,0.000000,0.000000,-0.178452,0.002058,11194
25.008093,685564.291595,0.005000,air_chirp,0.000000,0.000000,-0.003933,0.000000,0.000000,0.000000,-0.228247,0.002672,11196
25.013092,685564.296738,0.005000,air_chirp,0.000000,0.000000,-0.005192,0.000000,0.000000,0.000000,-0.400537,0.002179,11198
25.018093,685564.301877,0.005000,air_chirp,0.000000,0.000000,-0.006360,0.000000,0.000000,0.000000,-0.589823,0.001757,11200
25.023092,685564.307138,0.005000,air_chirp,0.000000,0.000000,-0.007438,0.000000,0.000000,0.000000,-0.568203,0.002350,11202
25.028095,685564.312259,0.005002,air_chirp,0.000000,0.000000,-0.008361,0.000000,0.000000,0.000000,-0.568920,0.001987,11204
25.033093,685564.317379,0.004998,air_chirp,0.000000,0.000000,-0.009131,0.000000,0.000000,0.000000,-0.614991,0.002607,11206
25.038092,685564.322536,0.005000,air_chirp,0.000000,0.000000,-0.009741,0.000000,0.000000,0.000000,-0.498782,0.002155,11208
25.043093,685564.327712,0.005001,air_chirp,0.000000,0.000000,-0.010177,0.000000,0.000000,0.000000,-0.359078,0.002827,11210
25.048092,685564.332869,0.004999,air_chirp,0.000000,0.000000,-0.010428,0.000000,0.000000,0.000000,-0.472972,0.002348,11212
25.053093,685564.338117,0.005000,air_chirp,0.000000,0.000000,-0.010488,0.000000,0.000000,0.000000,-0.601819,0.001953,11214
25.058092,685564.343242,0.005000,air_chirp,0.000000,0.000000,-0.010354,0.000000,0.000000,0.000000,-0.547058,0.002548,11216
25.063093,685564.348363,0.005000,air_chirp,0.000000,0.000000,-0.010032,0.000000,0.000000,0.000000,-0.486562,0.002074,11218
25.068093,685564.353548,0.005000,air_chirp,0.000000,0.000000,-0.009526,0.000000,0.000000,0.000000,-0.464810,0.002684,11220
25.073092,685564.358762,0.005000,air_chirp,0.000000,0.000000,-0.008829,0.000000,0.000000,0.000000,-0.391811,0.001947,11222
25.078097,685564.364014,0.005005,air_chirp,0.000000,0.000000,-0.007968,0.000000,0.000000,0.000000,-0.348905,0.002610,11224
25.083092,685564.369165,0.004995,air_chirp,0.000000,0.000000,-0.006962,0.000000,0.000000,0.000000,-0.418426,0.002118,11226
25.088092,685564.374293,0.005000,air_chirp,0.000000,0.000000,-0.005838,0.000000,0.000000,0.000000,-0.385936,0.002666,11228
25.093092,685564.379545,0.005000,air_chirp,0.000000,0.000000,-0.004574,0.000000,0.000000,0.000000,-0.227899,0.002279,11230
25.098093,685564.384783,0.005001,air_chirp,0.000000,0.000000,-0.003220,0.000000,0.000000,0.000000,-0.260573,0.001928,11232
25.103093,685564.390073,0.005000,air_chirp,0.000000,0.000000,-0.001792,0.000000,0.000000,0.000000,-0.380776,0.002480,11234
25.108092,685564.395311,0.005000,air_chirp,0.000000,0.000000,-0.000342,0.000000,0.000000,0.000000,-0.416662,0.002067,11236
25.113092,685564.400451,0.005000,air_chirp,0.000000,0.000000,0.001092,0.000000,0.000000,0.000000,-0.409549,0.002769,11238
25.118092,685564.405735,0.005000,air_chirp,0.000000,0.000000,0.002556,0.000000,0.000000,0.000000,-0.362081,0.002268,11240
25.123092,685564.410980,0.005000,air_chirp,0.000000,0.000000,0.003947,0.000000,0.000000,0.000000,-0.320207,0.001903,11242
25.128093,685564.416057,0.005000,air_chirp,0.000000,0.000000,0.005242,0.000000,0.000000,0.000000,-0.285107,0.002554,11244
25.138093,685564.421203,0.010000,air_chirp,0.000000,0.000000,0.006450,0.000000,0.000000,0.000000,-0.159733,0.002707,11248
25.143092,685564.426327,0.004999,air_chirp,0.000000,0.000000,0.007537,0.000000,0.000000,0.000000,-0.104219,0.002230,11250
25.148092,685564.431505,0.005000,air_chirp,0.000000,0.000000,0.008491,0.000000,0.000000,0.000000,-0.189105,0.002878,11252
25.153092,685564.436822,0.005000,air_chirp,0.000000,0.000000,0.009316,0.000000,0.000000,0.000000,-0.191603,0.002439,11254
25.158092,685564.441945,0.005000,air_chirp,0.000000,0.000000,0.009931,0.000000,0.000000,0.000000,-0.182763,0.002011,11256
25.163093,685564.447235,0.005000,air_chirp,0.000000,0.000000,0.010373,0.000000,0.000000,0.000000,-0.254312,0.002632,11258
25.168092,685564.452389,0.005000,air_chirp,0.000000,0.000000,0.010610,0.000000,0.000000,0.000000,-0.322999,0.002199,11260
25.173092,685564.457547,0.005000,air_chirp,0.000000,0.000000,0.010646,0.000000,0.000000,0.000000,-0.279223,0.002872,11262
25.178092,685564.462709,0.005000,air_chirp,0.000000,0.000000,0.010482,0.000000,0.000000,0.000000,-0.221279,0.002455,11264
25.183092,685564.467928,0.005000,air_chirp,0.000000,0.000000,0.010113,0.000000,0.000000,0.000000,-0.212627,0.002073,11266
25.188093,685564.473098,0.005001,air_chirp,0.000000,0.000000,0.009555,0.000000,0.000000,0.000000,-0.224629,0.002759,11268
25.193093,685564.478217,0.005000,air_chirp,0.000000,0.000000,0.008818,0.000000,0.000000,0.000000,-0.225556,0.002296,11270
25.198092,685564.483337,0.004999,air_chirp,0.000000,0.000000,0.007917,0.000000,0.000000,0.000000,-0.273842,0.001890,11272
25.203092,685564.488508,0.005000,air_chirp,0.000000,0.000000,0.006862,0.000000,0.000000,0.000000,-0.339919,0.002534,11274
25.208092,685564.493629,0.005000,air_chirp,0.000000,0.000000,0.005671,0.000000,0.000000,0.000000,-0.351811,0.002083,11276
25.213093,685564.498883,0.005001,air_chirp,0.000000,0.000000,0.004347,0.000000,0.000000,0.000000,-0.408901,0.002719,11278
25.218092,685564.504125,0.005000,air_chirp,0.000000,0.000000,0.002944,0.000000,0.000000,0.000000,-0.432434,0.002336,11280
25.223093,685564.509242,0.005000,air_chirp,0.000000,0.000000,0.001492,0.000000,0.000000,0.000000,-0.323375,0.001886,11282
25.228092,685564.514380,0.004999,air_chirp,0.000000,0.000000,0.000024,0.000000,0.000000,0.000000,-0.282728,0.002445,11284
25.233093,685564.519506,0.005001,air_chirp,0.000000,0.000000,-0.001455,0.000000,0.000000,0.000000,-0.279046,0.001932,11286
25.238092,685564.524757,0.004999,air_chirp,0.000000,0.000000,-0.002938,0.000000,0.000000,0.000000,-0.207676,0.002502,11288
25.243092,685564.530040,0.005000,air_chirp,0.000000,0.000000,-0.004372,0.000000,0.000000,0.000000,-0.175846,0.001994,11290
25.248092,685564.535210,0.005000,air_chirp,0.000000,0.000000,-0.005705,0.000000,0.000000,0.000000,-0.262478,0.002504,11292
25.253092,685564.540327,0.005000,air_chirp,0.000000,0.000000,-0.006910,0.000000,0.000000,0.000000,-0.432481,0.002005,11294
25.258092,685564.545524,0.005000,air_chirp,0.000000,0.000000,-0.007992,0.000000,0.000000,0.000000,-0.559375,0.002524,11296
25.263093,685564.550679,0.005001,air_chirp,0.000000,0.000000,-0.008931,0.000000,0.000000,0.000000,-0.586666,0.002001,11298
25.268092,685564.555967,0.004999,air_chirp,0.000000,0.000000,-0.009709,0.000000,0.000000,0.000000,-0.565800,0.002521,11300
25.273092,685564.561205,0.005000,air_chirp,0.000000,0.000000,-0.010285,0.000000,0.000000,0.000000,-0.533176,0.001994,11302
25.278092,685564.566402,0.005000,air_chirp,0.000000,0.000000,-0.010655,0.000000,0.000000,0.000000,-0.466432,0.002448,11304
25.283092,685564.571640,0.005000,air_chirp,0.000000,0.000000,-0.010815,0.000000,0.000000,0.000000,-0.495616,0.001924,11306
25.288707,685564.576897,0.005615,air_chirp,0.000000,0.000000,-0.010759,0.000000,0.000000,0.000000,-0.615232,0.003084,11308
25.298332,685564.582153,0.009624,air_chirp,0.000000,0.000000,-0.010485,0.000000,0.000000,0.000000,-0.584102,0.002738,11312
25.303093,685564.587306,0.004761,air_chirp,0.000000,0.000000,-0.010010,0.000000,0.000000,0.000000,-0.566627,0.001975,11314
25.308092,685564.592425,0.005000,air_chirp,0.000000,0.000000,-0.009341,0.000000,0.000000,0.000000,-0.585330,0.002498,11316
25.313092,685564.597580,0.005000,air_chirp,0.000000,0.000000,-0.008487,0.000000,0.000000,0.000000,-0.409356,0.001990,11318
25.318092,685564.602798,0.005000,air_chirp,0.000000,0.000000,-0.007451,0.000000,0.000000,0.000000,-0.218059,0.002478,11320
25.323092,685564.608040,0.005000,air_chirp,0.000000,0.000000,-0.006262,0.000000,0.000000,0.000000,-0.231018,0.001930,11322
25.328092,685564.613215,0.005000,air_chirp,0.000000,0.000000,-0.004962,0.000000,0.000000,0.000000,-0.194393,0.002454,11324
25.333092,685564.618335,0.005000,air_chirp,0.000000,0.000000,-0.003561,0.000000,0.000000,0.000000,-0.166841,0.001937,11326
25.338092,685564.623492,0.005000,air_chirp,0.000000,0.000000,-0.002091,0.000000,0.000000,0.000000,-0.316981,0.002489,11328
25.343092,685564.628749,0.005000,air_chirp,0.000000,0.000000,-0.000541,0.000000,0.000000,0.000000,-0.421700,0.001872,11330
25.348092,685564.634070,0.005000,air_chirp,0.000000,0.000000,0.001038,0.000000,0.000000,0.000000,-0.393057,0.002299,11332
25.353092,685564.639212,0.005000,air_chirp,0.000000,0.000000,0.002549,0.000000,0.000000,0.000000,-0.361815,0.001720,11334
25.358092,685564.644337,0.005000,air_chirp,0.000000,0.000000,0.004007,0.000000,0.000000,0.000000,-0.325785,0.002242,11336
25.363092,685564.649456,0.005000,air_chirp,0.000000,0.000000,0.005389,0.000000,0.000000,0.000000,-0.253341,0.002783,11338
25.368093,685564.654670,0.005000,air_chirp,0.000000,0.000000,0.006689,0.000000,0.000000,0.000000,-0.302168,0.002285,11340
25.373092,685564.659828,0.004999,air_chirp,0.000000,0.000000,0.007844,0.000000,0.000000,0.000000,-0.326196,0.001769,11342
25.378092,685564.665065,0.005000,air_chirp,0.000000,0.000000,0.008859,0.000000,0.000000,0.000000,-0.193523,0.002334,11344
25.383093,685564.670194,0.005001,air_chirp,0.000000,0.000000,0.009683,0.000000,0.000000,0.000000,-0.125804,0.001852,11346
25.388092,685564.675314,0.004999,air_chirp,0.000000,0.000000,0.010313,0.000000,0.000000,0.000000,-0.144962,0.002322,11348
25.393092,685564.680471,0.005000,air_chirp,0.000000,0.000000,0.010742,0.000000,0.000000,0.000000,-0.203188,0.001827,11350
25.398092,685564.685625,0.005000,air_chirp,0.000000,0.000000,0.010960,0.000000,0.000000,0.000000,-0.268101,0.002395,11352
25.403092,685564.690742,0.005000,air_chirp,0.000000,0.000000,0.010959,0.000000,0.000000,0.000000,-0.277742,0.002003,11354
25.408092,685564.695980,0.005000,air_chirp,0.000000,0.000000,0.010734,0.000000,0.000000,0.000000,-0.193425,0.002652,11356
25.413092,685564.701263,0.005000,air_chirp,0.000000,0.000000,0.010282,0.000000,0.000000,0.000000,-0.111861,0.001907,11358
25.423092,685564.706383,0.010000,air_chirp,0.000000,0.000000,0.009632,0.000000,0.000000,0.000000,-0.169244,0.002756,11362
25.428092,685564.711536,0.005000,air_chirp,0.000000,0.000000,0.008787,0.000000,0.000000,0.000000,-0.317814,0.002017,11364
25.433092,685564.716815,0.005000,air_chirp,0.000000,0.000000,0.007736,0.000000,0.000000,0.000000,-0.390830,0.002507,11366
25.438093,685564.722037,0.005001,air_chirp,0.000000,0.000000,0.006531,0.000000,0.000000,0.000000,-0.443693,0.002045,11368
25.443092,685564.727228,0.004999,air_chirp,0.000000,0.000000,0.005208,0.000000,0.000000,0.000000,-0.429875,0.002635,11370
25.448092,685564.732349,0.005000,air_chirp,0.000000,0.000000,0.003773,0.000000,0.000000,0.000000,-0.410811,0.002213,11372
25.453092,685564.737547,0.004999,air_chirp,0.000000,0.000000,0.002264,0.000000,0.000000,0.000000,-0.329149,0.001760,11374
25.458092,685564.742773,0.005000,air_chirp,0.000000,0.000000,0.000671,0.000000,0.000000,0.000000,-0.242560,0.002361,11376
25.463092,685564.748007,0.005000,air_chirp,0.000000,0.000000,-0.000933,0.000000,0.000000,0.000000,-0.262819,0.001872,11378
25.468092,685564.753162,0.005000,air_chirp,0.000000,0.000000,-0.002492,0.000000,0.000000,0.000000,-0.320367,0.002478,11380
25.473092,685564.758422,0.005000,air_chirp,0.000000,0.000000,-0.004033,0.000000,0.000000,0.000000,-0.376342,0.002070,11382
25.478094,685564.763573,0.005002,air_chirp,0.000000,0.000000,-0.005474,0.000000,0.000000,0.000000,-0.381838,0.002762,11384
25.483094,685564.768804,0.004999,air_chirp,0.000000,0.000000,-0.006816,0.000000,0.000000,0.000000,-0.376021,0.002245,11386
25.488092,685564.774030,0.004998,air_chirp,0.000000,0.000000,-0.008017,0.000000,0.000000,0.000000,-0.390194,0.002862,11388
25.493092,685564.779166,0.005000,air_chirp,0.000000,0.000000,-0.009037,0.000000,0.000000,0.000000,-0.412897,0.002372,11390
25.498092,685564.784283,0.005000,air_chirp,0.000000,0.000000,-0.009872,0.000000,0.000000,0.000000,-0.364979,0.002013,11392
25.503092,685564.789425,0.005000,air_chirp,0.000000,0.000000,-0.010508,0.000000,0.000000,0.000000,-0.346085,0.002605,11394
25.508092,685564.794640,0.005000,air_chirp,0.000000,0.000000,-0.010938,0.000000,0.000000,0.000000,-0.525127,0.002125,11396
25.513092,685564.799906,0.005000,air_chirp,0.000000,0.000000,-0.011138,0.000000,0.000000,0.000000,-0.690249,0.002757,11398
25.518092,685564.805155,0.005000,air_chirp,0.000000,0.000000,-0.011100,0.000000,0.000000,0.000000,-0.619373,0.002363,11400
25.523092,685564.810276,0.005000,air_chirp,0.000000,0.000000,-0.010832,0.000000,0.000000,0.000000,-0.542714,0.001892,11402
25.528092,685564.815396,0.005000,air_chirp,0.000000,0.000000,-0.010343,0.000000,0.000000,0.000000,-0.584153,0.002552,11404
25.533092,685564.820557,0.005000,air_chirp,0.000000,0.000000,-0.009637,0.000000,0.000000,0.000000,-0.578946,0.002106,11406
25.538093,685564.825845,0.005001,air_chirp,0.000000,0.000000,-0.008701,0.000000,0.000000,0.000000,-0.576927,0.002788,11408
25.543092,685564.831087,0.004999,air_chirp,0.000000,0.000000,-0.007587,0.000000,0.000000,0.000000,-0.517503,0.002323,11410
25.553092,685564.836319,0.010000,air_chirp,0.000000,0.000000,-0.006308,0.000000,0.000000,0.000000,-0.162790,0.002179,11414
25.558092,685564.841461,0.005000,air_chirp,0.000000,0.000000,-0.004921,0.000000,0.000000,0.000000,-0.193849,0.002796,11416
25.558092,685564.846620,0.000001,air_chirp,0.000000,0.000000,-0.003418,0.000000,0.000000,0.000000,-0.193849,0.002796,11416
25.568093,685564.851847,0.010000,air_chirp,0.000000,0.000000,-0.001818,0.000000,0.000000,0.000000,-0.401190,0.002340,11420
25.573093,685564.857006,0.005000,air_chirp,0.000000,0.000000,-0.000207,0.000000,0.000000,0.000000,-0.320177,0.002851,11422
25.578094,685564.862228,0.005001,air_chirp,0.000000,0.000000,0.001439,0.000000,0.000000,0.000000,-0.237432,0.001998,11424
25.583092,685564.867346,0.004998,air_chirp,0.000000,0.000000,0.003032,0.000000,0.000000,0.000000,-0.279439,0.002312,11426
25.588092,685564.872514,0.005000,air_chirp,0.000000,0.000000,0.004557,0.000000,0.000000,0.000000,-0.302407,0.002760,11428
25.593092,685564.877735,0.005000,air_chirp,0.000000,0.000000,0.006030,0.000000,0.000000,0.000000,-0.245895,0.001866,11430
25.598092,685564.882955,0.005000,air_chirp,0.000000,0.000000,0.007365,0.000000,0.000000,0.000000,-0.297642,0.002101,11432
25.603092,685564.888211,0.005000,air_chirp,0.000000,0.000000,0.008549,0.000000,0.000000,0.000000,-0.275104,0.002699,11434
25.608092,685564.893491,0.005000,air_chirp,0.000000,0.000000,0.009553,0.000000,0.000000,0.000000,-0.218717,0.001739,11436
25.613093,685564.898664,0.005001,air_chirp,0.000000,0.000000,0.010330,0.000000,0.000000,0.000000,-0.191824,0.002146,11438
25.618685,685564.903943,0.005592,air_chirp,0.000000,0.000000,0.010903,0.000000,0.000000,0.000000,-0.208028,0.003238,11440
25.623989,685564.909236,0.005303,air_chirp,0.000000,0.000000,0.011232,0.000000,0.000000,0.000000,-0.287184,0.003021,11442
25.628350,685564.914402,0.004361,air_chirp,0.000000,0.000000,0.011314,0.000000,0.000000,0.000000,-0.368825,0.002899,11444
25.633093,685564.919604,0.004743,air_chirp,0.000000,0.000000,0.011150,0.000000,0.000000,0.000000,-0.333566,0.001941,11446
25.638092,685564.924849,0.004999,air_chirp,0.000000,0.000000,0.010742,0.000000,0.000000,0.000000,-0.112397,0.002394,11448
25.643093,685564.930076,0.005001,air_chirp,0.000000,0.000000,0.010096,0.000000,0.000000,0.000000,0.055292,0.001955,11450
25.648093,685564.935214,0.005000,air_chirp,0.000000,0.000000,0.009246,0.000000,0.000000,0.000000,-0.072027,0.002502,11452
25.653093,685564.940362,0.005000,air_chirp,0.000000,0.000000,0.008191,0.000000,0.000000,0.000000,-0.274526,0.002090,11454
25.658092,685564.945674,0.005000,air_chirp,0.000000,0.000000,0.006922,0.000000,0.000000,0.000000,-0.293130,0.002551,11456
25.663092,685564.950947,0.005000,air_chirp,0.000000,0.000000,0.005509,0.000000,0.000000,0.000000,-0.314454,0.002049,11458
25.668092,685564.956201,0.005000,air_chirp,0.000000,0.000000,0.003963,0.000000,0.000000,0.000000,-0.383540,0.002593,11460
25.678093,685564.961324,0.010000,air_chirp,0.000000,0.000000,0.002369,0.000000,0.000000,0.000000,-0.435115,0.002680,11464
25.683092,685564.966531,0.004999,air_chirp,0.000000,0.000000,0.000698,0.000000,0.000000,0.000000,-0.419097,0.002069,11466
25.688094,685564.971927,0.005001,air_chirp,0.000000,0.000000,-0.001053,0.000000,0.000000,0.000000,-0.362493,0.002593,11468
25.693092,685564.977167,0.004999,air_chirp,0.000000,0.000000,-0.002731,0.000000,0.000000,0.000000,-0.340016,0.002124,11470
25.698092,685564.982287,0.005000,air_chirp,0.000000,0.000000,-0.004321,0.000000,0.000000,0.000000,-0.413204,0.002715,11472
25.703092,685564.987504,0.005000,air_chirp,0.000000,0.000000,-0.005844,0.000000,0.000000,0.000000,-0.505606,0.002226,11474
25.708092,685564.992627,0.005000,air_chirp,0.000000,0.000000,-0.007221,0.000000,0.000000,0.000000,-0.514126,0.002892,11476
25.713092,685564.997800,0.005000,air_chirp,0.000000,0.000000,-0.008447,0.000000,0.000000,0.000000,-0.420827,0.002506,11478
25.718092,685565.003042,0.005000,air_chirp,0.000000,0.000000,-0.009513,0.000000,0.000000,0.000000,-0.434904,0.002127,11480
25.723094,685565.008172,0.005001,air_chirp,0.000000,0.000000,-0.010354,0.000000,0.000000,0.000000,-0.512228,0.002783,11482
25.728537,685565.013310,0.005444,air_chirp,0.000000,0.000000,-0.010969,0.000000,0.000000,0.000000,-0.495965,0.002737,11484
25.733183,685565.018459,0.004646,air_chirp,0.000000,0.000000,-0.011348,0.000000,0.000000,0.000000,-0.480607,0.001954,11486
25.738093,685565.023582,0.004910,air_chirp,0.000000,0.000000,-0.011482,0.000000,0.000000,0.000000,-0.507883,0.002385,11488
25.743092,685565.028829,0.005000,air_chirp,0.000000,0.000000,-0.011361,0.000000,0.000000,0.000000,-0.517023,0.002838,11490
25.748093,685565.034054,0.005000,air_chirp,0.000000,0.000000,-0.010984,0.000000,0.000000,0.000000,-0.581737,0.002200,11492
25.753092,685565.039173,0.005000,air_chirp,0.000000,0.000000,-0.010373,0.000000,0.000000,0.000000,-0.650825,0.002696,11494
25.758092,685565.044316,0.005000,air_chirp,0.000000,0.000000,-0.009536,0.000000,0.000000,0.000000,-0.596728,0.001833,11496
25.763093,685565.049478,0.005001,air_chirp,0.000000,0.000000,-0.008484,0.000000,0.000000,0.000000,-0.513426,0.002316,11498
25.768593,685565.054640,0.005500,air_chirp,0.000000,0.000000,-0.007238,0.000000,0.000000,0.000000,-0.482351,0.003211,11500
25.775469,685565.059789,0.006876,air_chirp,0.000000,0.000000,-0.005836,0.000000,0.000000,0.000000,-0.430602,0.004445,11502
25.780535,685565.064958,0.005065,air_chirp,0.000000,0.000000,-0.004296,0.000000,0.000000,0.000000,-0.306670,0.003427,11504
25.785014,685565.070122,0.004479,air_chirp,0.000000,0.000000,-0.002665,0.000000,0.000000,0.000000,-0.260432,0.003113,11506
25.790517,685565.075243,0.005503,air_chirp,0.000000,0.000000,-0.000965,0.000000,0.000000,0.000000,-0.317507,0.004153,11508
25.794974,685565.080382,0.004457,air_chirp,0.000000,0.000000,0.000745,0.000000,0.000000,0.000000,-0.340475,0.003190,11510
25.799608,685565.085520,0.004634,air_chirp,0.000000,0.000000,0.002450,0.000000,0.000000,0.000000,-0.319875,0.003336,11512
25.803959,685565.090645,0.004351,air_chirp,0.000000,0.000000,0.004102,0.000000,0.000000,0.000000,-0.319759,0.002184,11514
25.808110,685565.095779,0.004151,air_chirp,0.000000,0.000000,0.005664,0.000000,0.000000,0.000000,-0.340505,0.006273,11516
25.813092,685565.100866,0.004982,air_chirp,0.000000,0.000000,0.007102,0.000000,0.000000,0.000000,-0.299381,0.004687,11518
25.818092,685565.105997,0.005000,air_chirp,0.000000,0.000000,0.008382,0.000000,0.000000,0.000000,-0.242435,0.004161,11520
25.823093,685565.111228,0.005001,air_chirp,0.000000,0.000000,0.009504,0.000000,0.000000,0.000000,-0.150916,0.003625,11522
25.833092,685565.116355,0.009999,air_chirp,0.000000,0.000000,0.010398,0.000000,0.000000,0.000000,-0.295230,0.003601,11526
25.838092,685565.121512,0.005000,air_chirp,0.000000,0.000000,0.011062,0.000000,0.000000,0.000000,-0.188229,0.003150,11528
25.843092,685565.126821,0.005000,air_chirp,0.000000,0.000000,0.011491,0.000000,0.000000,0.000000,-0.201270,0.003818,11530
25.848092,685565.132263,0.005000,air_chirp,0.000000,0.000000,0.011647,0.000000,0.000000,0.000000,-0.313065,0.003420,11532
25.853092,685565.137408,0.005000,air_chirp,0.000000,0.000000,0.011525,0.000000,0.000000,0.000000,-0.328775,0.002989,11534
25.858093,685565.142578,0.005001,air_chirp,0.000000,0.000000,0.011143,0.000000,0.000000,0.000000,-0.164744,0.003610,11536
25.863092,685565.147790,0.004999,air_chirp,0.000000,0.000000,0.010497,0.000000,0.000000,0.000000,-0.034323,0.003106,11538
25.868092,685565.153076,0.005000,air_chirp,0.000000,0.000000,0.009603,0.000000,0.000000,0.000000,-0.031528,0.003733,11540
25.873093,685565.158237,0.005000,air_chirp,0.000000,0.000000,0.008502,0.000000,0.000000,0.000000,-0.038776,0.003341,11542
25.878092,685565.163402,0.005000,air_chirp,0.000000,0.000000,0.007199,0.000000,0.000000,0.000000,-0.096836,0.002993,11544
25.883092,685565.168575,0.005000,air_chirp,0.000000,0.000000,0.005733,0.000000,0.000000,0.000000,-0.289361,0.003617,11546
25.888092,685565.173881,0.005000,air_chirp,0.000000,0.000000,0.004080,0.000000,0.000000,0.000000,-0.430362,0.003184,11548
25.893093,685565.179087,0.005001,air_chirp,0.000000,0.000000,0.002372,0.000000,0.000000,0.000000,-0.519081,0.003859,11550
25.898092,685565.184342,0.004999,air_chirp,0.000000,0.000000,0.000584,0.000000,0.000000,0.000000,-0.541728,0.003248,11552
25.903092,685565.189519,0.005000,air_chirp,0.000000,0.000000,-0.001181,0.000000,0.000000,0.000000,-0.356359,0.003885,11554
25.908092,685565.194728,0.005000,air_chirp,0.000000,0.000000,-0.002962,0.000000,0.000000,0.000000,-0.224597,0.003484,11556
25.913092,685565.199970,0.005000,air_chirp,0.000000,0.000000,-0.004676,0.000000,0.000000,0.000000,-0.245621,0.003046,11558
25.918092,685565.205229,0.005000,air_chirp,0.000000,0.000000,-0.006275,0.000000,0.000000,0.000000,-0.369283,0.003701,11560
25.923092,685565.210347,0.005000,air_chirp,0.000000,0.000000,-0.007708,0.000000,0.000000,0.000000,-0.505633,0.003270,11562
25.928093,685565.215487,0.005001,air_chirp,0.000000,0.000000,-0.008961,0.000000,0.000000,0.000000,-0.552905,0.003957,11564
25.933092,685565.220659,0.005000,air_chirp,0.000000,0.000000,-0.010022,0.000000,0.000000,0.000000,-0.508847,0.003518,11566
25.938092,685565.225804,0.005000,air_chirp,0.000000,0.000000,-0.010854,0.000000,0.000000,0.000000,-0.466728,0.003055,11568
25.943092,685565.230907,0.005000,air_chirp,0.000000,0.000000,-0.011430,0.000000,0.000000,0.000000,-0.462359,0.003691,11570
25.948092,685565.236121,0.005000,air_chirp,0.000000,0.000000,-0.011751,0.000000,0.000000,0.000000,-0.466339,0.003248,11572
25.958092,685565.241384,0.010000,air_chirp,0.000000,0.000000,-0.011795,0.000000,0.000000,0.000000,-0.519736,0.003496,11576
25.963093,685565.246502,0.005001,air_chirp,0.000000,0.000000,-0.011564,0.000000,0.000000,0.000000,-0.499803,0.003076,11578
25.968093,685565.251760,0.005000,air_chirp,0.000000,0.000000,-0.011051,0.000000,0.000000,0.000000,-0.562383,0.003707,11580
25.973092,685565.257014,0.005000,air_chirp,0.000000,0.000000,-0.010273,0.000000,0.000000,0.000000,-0.645053,0.003297,11582
25.978093,685565.262231,0.005001,air_chirp,0.000000,0.000000,-0.009255,0.000000,0.000000,0.000000,-0.569823,0.002893,11584
25.983092,685565.267467,0.005000,air_chirp,0.000000,0.000000,-0.008003,0.000000,0.000000,0.000000,-0.366595,0.003497,11586
25.988092,685565.272645,0.005000,air_chirp,0.000000,0.000000,-0.006578,0.000000,0.000000,0.000000,-0.211792,0.002879,11588
25.993092,685565.277868,0.005000,air_chirp,0.000000,0.000000,-0.004975,0.000000,0.000000,0.000000,-0.241660,0.003295,11590
25.998092,685565.283132,0.005000,air_chirp,0.000000,0.000000,-0.003244,0.000000,0.000000,0.000000,-0.372084,0.003813,11592
26.003092,685565.288358,0.005000,air_chirp,0.000000,0.000000,-0.001435,0.000000,0.000000,0.000000,-0.421701,0.003167,11594
26.008093,685565.293566,0.005000,air_chirp,0.000000,0.000000,0.000406,0.000000,0.000000,0.000000,-0.345928,0.003811,11596
26.013092,685565.298797,0.004999,air_chirp,0.000000,0.000000,0.002241,0.000000,0.000000,0.000000,-0.285671,0.003317,11598
26.018093,685565.304077,0.005000,air_chirp,0.000000,0.000000,0.004039,0.000000,0.000000,0.000000,-0.202592,0.002945,11600
26.023092,685565.309238,0.005000,air_chirp,0.000000,0.000000,0.005720,0.000000,0.000000,0.000000,-0.098193,0.003551,11602
26.028093,685565.314358,0.005000,air_chirp,0.000000,0.000000,0.007251,0.000000,0.000000,0.000000,-0.292152,0.003067,11604
26.033092,685565.319519,0.005000,air_chirp,0.000000,0.000000,0.008620,0.000000,0.000000,0.000000,-0.509592,0.003652,11606
26.038093,685565.324672,0.005000,air_chirp,0.000000,0.000000,0.009792,0.000000,0.000000,0.000000,-0.269151,0.003206,11608
26.043093,685565.329939,0.005000,air_chirp,0.000000,0.000000,0.010747,0.000000,0.000000,0.000000,0.007327,0.003771,11610
26.048092,685565.335239,0.005000,air_chirp,0.000000,0.000000,0.011445,0.000000,0.000000,0.000000,-0.092015,0.002898,11612
26.053092,685565.340549,0.005000,air_chirp,0.000000,0.000000,0.011858,0.000000,0.000000,0.000000,-0.220933,0.003237,11614
26.058098,685565.345814,0.005006,air_chirp,0.000000,0.000000,0.011975,0.000000,0.000000,0.000000,-0.207909,0.003986,11616
26.063103,685565.351091,0.005005,air_chirp,0.000000,0.000000,0.011792,0.000000,0.000000,0.000000,-0.273090,0.003030,11618
26.073092,685565.356242,0.009989,air_chirp,0.000000,0.000000,0.011332,0.000000,0.000000,0.000000,-0.316957,0.003751,11622
26.078093,685565.361362,0.005001,air_chirp,0.000000,0.000000,0.010598,0.000000,0.000000,0.000000,-0.054647,0.003881,11624
26.083093,685565.366477,0.005000,air_chirp,0.000000,0.000000,0.009618,0.000000,0.000000,0.000000,0.062140,0.002963,11626
26.088092,685565.371722,0.005000,air_chirp,0.000000,0.000000,0.008377,0.000000,0.000000,0.000000,-0.069236,0.003455,11628
26.093092,685565.376837,0.005000,air_chirp,0.000000,0.000000,0.006961,0.000000,0.000000,0.000000,-0.274342,0.003746,11630
26.098092,685565.381982,0.005000,air_chirp,0.000000,0.000000,0.005375,0.000000,0.000000,0.000000,-0.364564,0.002916,11632
26.103092,685565.387226,0.005000,air_chirp,0.000000,0.000000,0.003629,0.000000,0.000000,0.000000,-0.400471,0.003263,11634
26.108092,685565.392346,0.005000,air_chirp,0.000000,0.000000,0.001808,0.000000,0.000000,0.000000,-0.444980,0.003800,11636
26.113092,685565.397489,0.005000,air_chirp,0.000000,0.000000,-0.000045,0.000000,0.000000,0.000000,-0.376411,0.002830,11638
26.118092,685565.402642,0.005000,air_chirp,0.000000,0.000000,-0.001918,0.000000,0.000000,0.000000,-0.318324,0.003305,11640
26.123092,685565.407757,0.005000,air_chirp,0.000000,0.000000,-0.003733,0.000000,0.000000,0.000000,-0.338815,0.003806,11642
26.128117,685565.412876,0.005025,air_chirp,0.000000,0.000000,-0.005460,0.000000,0.000000,0.000000,-0.379101,0.003117,11644
26.133797,685565.418153,0.005679,air_chirp,0.000000,0.000000,-0.007101,0.000000,0.000000,0.000000,-0.425455,0.004243,11646
26.138092,685565.423273,0.004295,air_chirp,0.000000,0.000000,-0.008537,0.000000,0.000000,0.000000,-0.476313,0.003060,11648
26.143092,685565.428391,0.005000,air_chirp,0.000000,0.000000,-0.009764,0.000000,0.000000,0.000000,-0.536003,0.003639,11650
26.148092,685565.433549,0.005000,air_chirp,0.000000,0.000000,-0.010764,0.000000,0.000000,0.000000,-0.508821,0.002915,11652
26.153093,685565.438709,0.005001,air_chirp,0.000000,0.000000,-0.011506,0.000000,0.000000,0.000000,-0.437370,0.002974,11654
26.158092,685565.443868,0.004999,air_chirp,0.000000,0.000000,-0.011969,0.000000,0.000000,0.000000,-0.410414,0.002989,11656
26.163092,685565.449019,0.005000,air_chirp,0.000000,0.000000,-0.012141,0.000000,0.000000,0.000000,-0.485079,0.003424,11658
26.168092,685565.454135,0.004999,air_chirp,0.000000,0.000000,-0.012017,0.000000,0.000000,0.000000,-0.611265,0.003640,11660
26.173092,685565.459250,0.005000,air_chirp,0.000000,0.000000,-0.011603,0.000000,0.000000,0.000000,-0.649147,0.002945,11662
26.178092,685565.464364,0.005000,air_chirp,0.000000,0.000000,-0.010908,0.000000,0.000000,0.000000,-0.675278,0.003488,11664
26.183092,685565.469478,0.005000,air_chirp,0.000000,0.000000,-0.009948,0.000000,0.000000,0.000000,-0.700484,0.003040,11666
26.188092,685565.474615,0.005000,air_chirp,0.000000,0.000000,-0.008745,0.000000,0.000000,0.000000,-0.589291,0.003588,11668
26.193092,685565.479787,0.005000,air_chirp,0.000000,0.000000,-0.007315,0.000000,0.000000,0.000000,-0.462492,0.003072,11670
26.198093,685565.484923,0.005000,air_chirp,0.000000,0.000000,-0.005703,0.000000,0.000000,0.000000,-0.402363,0.003690,11672
26.203092,685565.490041,0.005000,air_chirp,0.000000,0.000000,-0.003953,0.000000,0.000000,0.000000,-0.345659,0.003008,11674
26.208093,685565.495157,0.005000,air_chirp,0.000000,0.000000,-0.002109,0.000000,0.000000,0.000000,-0.391378,0.003511,11676
26.213092,685565.500271,0.005000,air_chirp,0.000000,0.000000,-0.000211,0.000000,0.000000,0.000000,-0.429458,0.002859,11678
26.218092,685565.505394,0.005000,air_chirp,0.000000,0.000000,0.001695,0.000000,0.000000,0.000000,-0.311988,0.003085,11680
26.223092,685565.510520,0.005000,air_chirp,0.000000,0.000000,0.003569,0.000000,0.000000,0.000000,-0.250564,0.003630,11682
26.228093,685565.515694,0.005001,air_chirp,0.000000,0.000000,0.005358,0.000000,0.000000,0.000000,-0.296997,0.002999,11684
26.233092,685565.520855,0.004999,air_chirp,0.000000,0.000000,0.007037,0.000000,0.000000,0.000000,-0.234045,0.003524,11686
26.238092,685565.526019,0.005000,air_chirp,0.000000,0.000000,0.008537,0.000000,0.000000,0.000000,-0.203959,0.003038,11688
26.243092,685565.531134,0.005000,air_chirp,0.000000,0.000000,0.009822,0.000000,0.000000,0.000000,-0.197013,0.003612,11690
26.253092,685565.536394,0.010000,air_chirp,0.000000,0.000000,0.010881,0.000000,0.000000,0.000000,-0.106765,0.003774,11694
26.258092,685565.541621,0.005000,air_chirp,0.000000,0.000000,0.011661,0.000000,0.000000,0.000000,-0.190020,0.003242,11696
26.263093,685565.546947,0.005001,air_chirp,0.000000,0.000000,0.012146,0.000000,0.000000,0.000000,-0.285657,0.003905,11698
26.268092,685565.552230,0.004999,air_chirp,0.000000,0.000000,0.012307,0.000000,0.000000,0.000000,-0.347254,0.003436,11700
26.273092,685565.557389,0.005000,air_chirp,0.000000,0.000000,0.012153,0.000000,0.000000,0.000000,-0.353510,0.003007,11702
26.278092,685565.562530,0.005000,air_chirp,0.000000,0.000000,0.011692,0.000000,0.000000,0.000000,-0.231813,0.003712,11704
26.283092,685565.567771,0.005000,air_chirp,0.000000,0.000000,0.010921,0.000000,0.000000,0.000000,-0.002704,0.002795,11706
26.288092,685565.572989,0.005000,air_chirp,0.000000,0.000000,0.009866,0.000000,0.000000,0.000000,-0.013754,0.002992,11708
26.293092,685565.578168,0.005000,air_chirp,0.000000,0.000000,0.008564,0.000000,0.000000,0.000000,-0.138200,0.003421,11710
26.298092,685565.583452,0.005000,air_chirp,0.000000,0.000000,0.007010,0.000000,0.000000,0.000000,-0.226136,0.003854,11712
26.303093,685565.588676,0.005000,air_chirp,0.000000,0.000000,0.005288,0.000000,0.000000,0.000000,-0.374400,0.002976,11714
26.308112,685565.593932,0.005019,air_chirp,0.000000,0.000000,0.003410,0.000000,0.000000,0.000000,-0.467464,0.003475,11716
26.313092,685565.599184,0.004980,air_chirp,0.000000,0.000000,0.001445,0.000000,0.000000,0.000000,-0.502228,0.003879,11718
26.318096,685565.604375,0.005004,air_chirp,0.000000,0.000000,-0.000541,0.000000,0.000000,0.000000,-0.380160,0.003375,11720
26.323092,685565.609620,0.004997,air_chirp,0.000000,0.000000,-0.002536,0.000000,0.000000,0.000000,-0.253819,0.003937,11722
26.328092,685565.614869,0.005000,air_chirp,0.000000,0.000000,-0.004480,0.000000,0.000000,0.000000,-0.277966,0.003479,11724
26.333092,685565.620144,0.005000,air_chirp,0.000000,0.000000,-0.006311,0.000000,0.000000,0.000000,-0.313956,0.003274,11726
26.338092,685565.625369,0.005000,air_chirp,0.000000,0.000000,-0.007957,0.000000,0.000000,0.000000,-0.323093,0.003647,11728
26.343092,685565.630581,0.005000,air_chirp,0.000000,0.000000,-0.009402,0.000000,0.000000,0.000000,-0.383471,0.003200,11730
26.348092,685565.635818,0.005000,air_chirp,0.000000,0.000000,-0.010603,0.000000,0.000000,0.000000,-0.510054,0.002890,11732
26.353092,685565.641062,0.005000,air_chirp,0.000000,0.000000,-0.011524,0.000000,0.000000,0.000000,-0.536675,0.003437,11734
26.358092,685565.646179,0.005000,air_chirp,0.000000,0.000000,-0.012138,0.000000,0.000000,0.000000,-0.539233,0.002959,11736
26.368093,685565.651388,0.010001,air_chirp,0.000000,0.000000,-0.012442,0.000000,0.000000,0.000000,-0.617052,0.003012,11740
26.373092,685565.656650,0.004999,air_chirp,0.000000,0.000000,-0.012417,0.000000,0.000000,0.000000,-0.508760,0.003630,11742
26.378093,685565.661921,0.005000,air_chirp,0.000000,0.000000,-0.012058,0.000000,0.000000,0.000000,-0.411826,0.003198,11744
26.383092,685565.667186,0.005000,air_chirp,0.000000,0.000000,-0.011372,0.000000,0.000000,0.000000,-0.532502,0.003886,11746
26.388093,685565.672440,0.005001,air_chirp,0.000000,0.000000,-0.010381,0.000000,0.000000,0.000000,-0.726865,0.003452,11748
26.393092,685565.677598,0.004999,air_chirp,0.000000,0.000000,-0.009135,0.000000,0.000000,0.000000,-0.817581,0.003037,11750
26.398092,685565.682840,0.005000,air_chirp,0.000000,0.000000,-0.007625,0.000000,0.000000,0.000000,-0.615932,0.003701,11752
26.403093,685565.688161,0.005001,air_chirp,0.000000,0.000000,-0.005889,0.000000,0.000000,0.000000,-0.319607,0.003280,11754
26.408093,685565.693409,0.005000,air_chirp,0.000000,0.000000,-0.003983,0.000000,0.000000,0.000000,-0.188313,0.002893,11756
26.413093,685565.698646,0.005000,air_chirp,0.000000,0.000000,-0.001987,0.000000,0.000000,0.000000,-0.197212,0.003544,11758
26.418092,685565.703867,0.005000,air_chirp,0.000000,0.000000,0.000062,0.000000,0.000000,0.000000,-0.338282,0.003053,11760
26.423093,685565.709160,0.005000,air_chirp,0.000000,0.000000,0.002124,0.000000,0.000000,0.000000,-0.384462,0.003708,11762
26.428092,685565.714392,0.005000,air_chirp,0.000000,0.000000,0.004137,0.000000,0.000000,0.000000,-0.275255,0.003274,11764
26.433096,685565.719527,0.005004,air_chirp,0.000000,0.000000,0.005993,0.000000,0.000000,0.000000,-0.269794,0.002938,11766
26.438092,685565.724827,0.004996,air_chirp,0.000000,0.000000,0.007751,0.000000,0.000000,0.000000,-0.264280,0.003501,11768
26.443092,685565.730109,0.005000,air_chirp,0.000000,0.000000,0.009288,0.000000,0.000000,0.000000,-0.190872,0.003008,11770
26.448097,685565.735374,0.005005,air_chirp,0.000000,0.000000,0.010580,0.000000,0.000000,0.000000,-0.176055,0.003541,11772
26.453093,685565.740534,0.004996,air_chirp,0.000000,0.000000,0.011557,0.000000,0.000000,0.000000,-0.130302,0.003852,11774
26.458093,685565.745688,0.005001,air_chirp,0.000000,0.000000,0.012232,0.000000,0.000000,0.000000,-0.082114,0.002884,11776
26.463092,685565.750972,0.004999,air_chirp,0.000000,0.000000,0.012589,0.000000,0.000000,0.000000,-0.067689,0.003148,11778
26.468092,685565.756175,0.005000,air_chirp,0.000000,0.000000,0.012600,0.000000,0.000000,0.000000,-0.173623,0.003745,11780
26.473092,685565.761293,0.005000,air_chirp,0.000000,0.000000,0.012277,0.000000,0.000000,0.000000,-0.330460,0.002903,11782
26.478092,685565.766423,0.005000,air_chirp,0.000000,0.000000,0.011632,0.000000,0.000000,0.000000,-0.350356,0.003198,11784
26.488092,685565.771704,0.010000,air_chirp,0.000000,0.000000,0.010650,0.000000,0.000000,0.000000,-0.050437,0.002894,11788
26.493092,685565.776826,0.005000,air_chirp,0.000000,0.000000,0.009401,0.000000,0.000000,0.000000,0.076026,0.003299,11790
26.498092,685565.781951,0.005000,air_chirp,0.000000,0.000000,0.007910,0.000000,0.000000,0.000000,0.020369,0.003782,11792
26.503092,685565.787075,0.005000,air_chirp,0.000000,0.000000,0.006206,0.000000,0.000000,0.000000,-0.213171,0.002979,11794
26.508092,685565.792196,0.005000,air_chirp,0.000000,0.000000,0.004332,0.000000,0.000000,0.000000,-0.414255,0.003368,11796
26.513092,685565.797321,0.005000,air_chirp,0.000000,0.000000,0.002344,0.000000,0.000000,0.000000,-0.472085,0.003830,11798
26.518092,685565.802441,0.005000,air_chirp,0.000000,0.000000,0.000286,0.000000,0.000000,0.000000,-0.451714,0.002974,11800
26.523092,685565.807560,0.005000,air_chirp,0.000000,0.000000,-0.001780,0.000000,0.000000,0.000000,-0.412925,0.003348,11802
26.528093,685565.812677,0.005000,air_chirp,0.000000,0.000000,-0.003802,0.000000,0.000000,0.000000,-0.301191,0.003849,11804
26.533095,685565.817814,0.005002,air_chirp,0.000000,0.000000,-0.005732,0.000000,0.000000,0.000000,-0.275079,0.002928,11806
26.538092,685565.822980,0.004998,air_chirp,0.000000,0.000000,-0.007519,0.000000,0.000000,0.000000,-0.332285,0.003024,11808
26.543092,685565.828057,0.005000,air_chirp,0.000000,0.000000,-0.009095,0.000000,0.000000,0.000000,-0.477648,0.003488,11810
26.548092,685565.833214,0.005001,air_chirp,0.000000,0.000000,-0.010439,0.000000,0.000000,0.000000,-0.551502,0.002842,11812
26.553092,685565.838338,0.005000,air_chirp,0.000000,0.000000,-0.011510,0.000000,0.000000,0.000000,-0.557662,0.003060,11814
26.558094,685565.843468,0.005002,air_chirp,0.000000,0.000000,-0.012270,0.000000,0.000000,0.000000,-0.587953,0.003644,11816
26.563093,685565.848619,0.004998,air_chirp,0.000000,0.000000,-0.012702,0.000000,0.000000,0.000000,-0.490896,0.002915,11818
26.568092,685565.853863,0.005000,air_chirp,0.000000,0.000000,-0.012790,0.000000,0.000000,0.000000,-0.317844,0.003262,11820
26.573092,685565.859172,0.005000,air_chirp,0.000000,0.000000,-0.012519,0.000000,0.000000,0.000000,-0.375328,0.003824,11822
26.578092,685565.864297,0.005000,air_chirp,0.000000,0.000000,-0.011900,0.000000,0.000000,0.000000,-0.682281,0.002955,11824
26.583092,685565.869454,0.005000,air_chirp,0.000000,0.000000,-0.010968,0.000000,0.000000,0.000000,-0.760417,0.003465,11826
26.588092,685565.874595,0.005000,air_chirp,0.000000,0.000000,-0.009727,0.000000,0.000000,0.000000,-0.713687,0.002838,11828
26.593093,685565.879829,0.005000,air_chirp,0.000000,0.000000,-0.008194,0.000000,0.000000,0.000000,-0.711594,0.003015,11830
26.598093,685565.885057,0.005000,air_chirp,0.000000,0.000000,-0.006425,0.000000,0.000000,0.000000,-0.569219,0.003569,11832
26.603093,685565.890220,0.005000,air_chirp,0.000000,0.000000,-0.004508,0.000000,0.000000,0.000000,-0.415802,0.002851,11834
26.608093,685565.895359,0.005000,air_chirp,0.000000,0.000000,-0.002457,0.000000,0.000000,0.000000,-0.292185,0.002984,11836
26.613092,685565.900487,0.005000,air_chirp,0.000000,0.000000,-0.000345,0.000000,0.000000,0.000000,-0.261437,0.003377,11838
26.618092,685565.905616,0.005000,air_chirp,0.000000,0.000000,0.001780,0.000000,0.000000,0.000000,-0.381417,0.003821,11840
26.623093,685565.910745,0.005001,air_chirp,0.000000,0.000000,0.003861,0.000000,0.000000,0.000000,-0.393268,0.002872,11842
26.628092,685565.915854,0.004999,air_chirp,0.000000,0.000000,0.005838,0.000000,0.000000,0.000000,-0.380422,0.003346,11844
26.633092,685565.920958,0.005000,air_chirp,0.000000,0.000000,0.007653,0.000000,0.000000,0.000000,-0.305891,0.002907,11846
26.638092,685565.926043,0.005000,air_chirp,0.000000,0.000000,0.009258,0.000000,0.000000,0.000000,-0.161683,0.003436,11848
26.648092,685565.931152,0.010000,air_chirp,0.000000,0.000000,0.010622,0.000000,0.000000,0.000000,-0.119451,0.003684,11852
26.653092,685565.936263,0.005000,air_chirp,0.000000,0.000000,0.011700,0.000000,0.000000,0.000000,-0.071180,0.003195,11854
26.658094,685565.941367,0.005002,air_chirp,0.000000,0.000000,0.012460,0.000000,0.000000,0.000000,-0.072803,0.003864,11856
26.663092,685565.946470,0.004998,air_chirp,0.000000,0.000000,0.012881,0.000000,0.000000,0.000000,-0.203650,0.003382,11858
26.668092,685565.951572,0.005000,air_chirp,0.000000,0.000000,0.012951,0.000000,0.000000,0.000000,-0.332146,0.002871,11860
26.673092,685565.956704,0.005000,air_chirp,0.000000,0.000000,0.012665,0.000000,0.000000,0.000000,-0.376788,0.003473,11862
26.678093,685565.961824,0.005001,air_chirp,0.000000,0.000000,0.012029,0.000000,0.000000,0.000000,-0.235075,0.003040,11864
26.683092,685565.966929,0.004999,air_chirp,0.000000,0.000000,0.011063,0.000000,0.000000,0.000000,-0.042509,0.003660,11866
26.688094,685565.972036,0.005001,air_chirp,0.000000,0.000000,0.009792,0.000000,0.000000,0.000000,0.099955,0.003253,11868
26.693092,685565.977140,0.004999,air_chirp,0.000000,0.000000,0.008247,0.000000,0.000000,0.000000,0.021786,0.003863,11870
26.698093,685565.982243,0.005000,air_chirp,0.000000,0.000000,0.006474,0.000000,0.000000,0.000000,-0.248748,0.003406,11872
26.703093,685565.987352,0.005000,air_chirp,0.000000,0.000000,0.004518,0.000000,0.000000,0.000000,-0.468161,0.003063,11874
26.708092,685565.992524,0.005000,air_chirp,0.000000,0.000000,0.002411,0.000000,0.000000,0.000000,-0.578663,0.003668,11876
26.713092,685565.997650,0.005000,air_chirp,0.000000,0.000000,0.000245,0.000000,0.000000,0.000000,-0.498327,0.003223,11878
26.718092,685566.002778,0.005000,air_chirp,0.000000,0.000000,-0.001933,0.000000,0.000000,0.000000,-0.391594,0.002896,11880
26.723092,685566.007908,0.005000,air_chirp,0.000000,0.000000,-0.004061,0.000000,0.000000,0.000000,-0.339051,0.003479,11882
26.728093,685566.013041,0.005001,air_chirp,0.000000,0.000000,-0.006080,0.000000,0.000000,0.000000,-0.350726,0.003058,11884
26.733092,685566.018169,0.004999,air_chirp,0.000000,0.000000,-0.007933,0.000000,0.000000,0.000000,-0.411597,0.003661,11886
26.738093,685566.023293,0.005000,air_chirp,0.000000,0.000000,-0.009566,0.000000,0.000000,0.000000,-0.487839,0.003232,11888
26.743092,685566.028432,0.005000,air_chirp,0.000000,0.000000,-0.010932,0.000000,0.000000,0.000000,-0.506565,0.002828,11890
26.748092,685566.033605,0.005000,air_chirp,0.000000,0.000000,-0.011999,0.000000,0.000000,0.000000,-0.429936,0.003435,11892
26.753092,685566.038743,0.005000,air_chirp,0.000000,0.000000,-0.012726,0.000000,0.000000,0.000000,-0.400770,0.002992,11894
26.758092,685566.043866,0.005000,air_chirp,0.000000,0.000000,-0.013089,0.000000,0.000000,0.000000,-0.489722,0.003437,11896
26.763092,685566.049135,0.005000,air_chirp,0.000000,0.000000,-0.013078,0.000000,0.000000,0.000000,-0.673232,0.002869,11898
26.768093,685566.054257,0.005001,air_chirp,0.000000,0.000000,-0.012690,0.000000,0.000000,0.000000,-0.690839,0.003218,11900
26.773093,685566.059377,0.004999,air_chirp,0.000000,0.000000,-0.011944,0.000000,0.000000,0.000000,-0.458533,0.002749,11902
26.778092,685566.064543,0.005000,air_chirp,0.000000,0.000000,-0.010853,0.000000,0.000000,0.000000,-0.473572,0.002974,11904
26.783093,685566.069770,0.005000,air_chirp,0.000000,0.000000,-0.009417,0.000000,0.000000,0.000000,-0.688674,0.003518,11906
26.788092,685566.074993,0.005000,air_chirp,0.000000,0.000000,-0.007707,0.000000,0.000000,0.000000,-0.796549,0.002849,11908
26.793092,685566.080167,0.005000,air_chirp,0.000000,0.000000,-0.005785,0.000000,0.000000,0.000000,-0.759070,0.003408,11910
26.798093,685566.085301,0.005001,air_chirp,0.000000,0.000000,-0.003707,0.000000,0.000000,0.000000,-0.515966,0.003001,11912
26.803093,685566.090461,0.005000,air_chirp,0.000000,0.000000,-0.001508,0.000000,0.000000,0.000000,-0.172697,0.003651,11914
26.808093,685566.095579,0.005000,air_chirp,0.000000,0.000000,0.000728,0.000000,0.000000,0.000000,-0.004717,0.003210,11916
26.813093,685566.100802,0.005000,air_chirp,0.000000,0.000000,0.002980,0.000000,0.000000,0.000000,-0.227158,0.002769,11918
26.818093,685566.106056,0.005000,air_chirp,0.000000,0.000000,0.005156,0.000000,0.000000,0.000000,-0.399296,0.003357,11920
26.823092,685566.111194,0.005000,air_chirp,0.000000,0.000000,0.007160,0.000000,0.000000,0.000000,-0.366714,0.002959,11922
26.833092,685566.116305,0.010000,air_chirp,0.000000,0.000000,0.008948,0.000000,0.000000,0.000000,-0.130162,0.003057,11926
26.838092,685566.121414,0.005000,air_chirp,0.000000,0.000000,0.010474,0.000000,0.000000,0.000000,-0.080785,0.003703,11928
26.843093,685566.126524,0.005000,air_chirp,0.000000,0.000000,0.011704,0.000000,0.000000,0.000000,-0.056214,0.003250,11930
26.848092,685566.131633,0.005000,air_chirp,0.000000,0.000000,0.012601,0.000000,0.000000,0.000000,-0.102686,0.002899,11932
26.853093,685566.136741,0.005000,air_chirp,0.000000,0.000000,0.013137,0.000000,0.000000,0.000000,-0.226499,0.003515,11934
26.858092,685566.141863,0.004999,air_chirp,0.000000,0.000000,0.013296,0.000000,0.000000,0.000000,-0.352595,0.003033,11936
26.863092,685566.147069,0.005000,air_chirp,0.000000,0.000000,0.013068,0.000000,0.000000,0.000000,-0.441117,0.003612,11938
26.868093,685566.152188,0.005001,air_chirp,0.000000,0.000000,0.012454,0.000000,0.000000,0.000000,-0.175472,0.003157,11940
26.873092,685566.157310,0.004999,air_chirp,0.000000,0.000000,0.011481,0.000000,0.000000,0.000000,0.144393,0.002702,11942
26.878093,685566.162429,0.005001,air_chirp,0.000000,0.000000,0.010173,0.000000,0.000000,0.000000,0.004902,0.003307,11944
26.883092,685566.167602,0.005000,air_chirp,0.000000,0.000000,0.008563,0.000000,0.000000,0.000000,-0.204194,0.002931,11946
26.888092,685566.172908,0.005000,air_chirp,0.000000,0.000000,0.006621,0.000000,0.000000,0.000000,-0.273016,0.003180,11948
26.893092,685566.178035,0.005000,air_chirp,0.000000,0.000000,0.004546,0.000000,0.000000,0.000000,-0.330798,0.002722,11950
26.898093,685566.183161,0.005000,air_chirp,0.000000,0.000000,0.002339,0.000000,0.000000,0.000000,-0.367443,0.003310,11952
26.903092,685566.188287,0.005000,air_chirp,0.000000,0.000000,0.000062,0.000000,0.000000,0.000000,-0.469842,0.002835,11954
26.908093,685566.193620,0.005000,air_chirp,0.000000,0.000000,-0.002312,0.000000,0.000000,0.000000,-0.405695,0.003391,11956
26.913092,685566.198886,0.005000,air_chirp,0.000000,0.000000,-0.004588,0.000000,0.000000,0.000000,-0.324568,0.002995,11958
26.918092,685566.204150,0.005000,air_chirp,0.000000,0.000000,-0.006735,0.000000,0.000000,0.000000,-0.379588,0.003578,11960
26.923092,685566.209270,0.005000,air_chirp,0.000000,0.000000,-0.008627,0.000000,0.000000,0.000000,-0.365604,0.003080,11962
26.928092,685566.214397,0.005000,air_chirp,0.000000,0.000000,-0.010263,0.000000,0.000000,0.000000,-0.427693,0.003685,11964
26.933093,685566.219518,0.005000,air_chirp,0.000000,0.000000,-0.011602,0.000000,0.000000,0.000000,-0.484319,0.003248,11966
26.938093,685566.224645,0.005000,air_chirp,0.000000,0.000000,-0.012600,0.000000,0.000000,0.000000,-0.528372,0.002843,11968
26.943092,685566.229814,0.005000,air_chirp,0.000000,0.000000,-0.013227,0.000000,0.000000,0.000000,-0.708819,0.003437,11970
26.948093,685566.234974,0.005001,air_chirp,0.000000,0.000000,-0.013461,0.000000,0.000000,0.000000,-0.702590,0.003065,11972
26.953092,685566.240154,0.004999,air_chirp,0.000000,0.000000,-0.013292,0.000000,0.000000,0.000000,-0.442165,0.003640,11974
26.958093,685566.245274,0.005000,air_chirp,0.000000,0.000000,-0.012717,0.000000,0.000000,0.000000,-0.345619,0.003197,11976
26.963093,685566.250394,0.005000,air_chirp,0.000000,0.000000,-0.011768,0.000000,0.000000,0.000000,-0.508232,0.002757,11978
26.968092,685566.255659,0.005000,air_chirp,0.000000,0.000000,-0.010434,0.000000,0.000000,0.000000,-0.700575,0.003130,11980
26.973092,685566.260797,0.005000,air_chirp,0.000000,0.000000,-0.008799,0.000000,0.000000,0.000000,-0.793475,0.003718,11982
26.978093,685566.265908,0.005001,air_chirp,0.000000,0.000000,-0.006903,0.000000,0.000000,0.000000,-0.755102,0.002947,11984
26.983092,685566.271017,0.005000,air_chirp,0.000000,0.000000,-0.004809,0.000000,0.000000,0.000000,-0.591218,0.003478,11986
26.988093,685566.276122,0.005000,air_chirp,0.000000,0.000000,-0.002565,0.000000,0.000000,0.000000,-0.313097,0.002827,11988
26.993092,685566.281257,0.004999,air_chirp,0.000000,0.000000,-0.000235,0.000000,0.000000,0.000000,-0.050138,0.003285,11990
27.003092,685566.286364,0.010000,air_chirp,0.000000,0.000000,0.002108,0.000000,0.000000,0.000000,-0.319576,0.003401,11994
27.008092,685566.291467,0.005000,air_chirp,0.000000,0.000000,0.004384,0.000000,0.000000,0.000000,-0.341665,0.003006,11996
27.013092,685566.296572,0.005000,air_chirp,0.000000,0.000000,0.006533,0.000000,0.000000,0.000000,-0.281466,0.003636,11998
27.018093,685566.301673,0.005000,air_chirp,0.000000,0.000000,0.008491,0.000000,0.000000,0.000000,-0.164471,0.003174,12000
27.023092,685566.306805,0.005000,air_chirp,0.000000,0.000000,0.010206,0.000000,0.000000,0.000000,-0.057601,0.002797,12002
27.028093,685566.311914,0.005000,air_chirp,0.000000,0.000000,0.011610,0.000000,0.000000,0.000000,-0.028702,0.003397,12004
27.033093,685566.317021,0.005000,air_chirp,0.000000,0.000000,0.012668,0.000000,0.000000,0.000000,-0.037459,0.002998,12006
27.038092,685566.322125,0.005000,air_chirp,0.000000,0.000000,0.013345,0.000000,0.000000,0.000000,-0.158940,0.003649,12008
27.043092,685566.327234,0.005000,air_chirp,0.000000,0.000000,0.013621,0.000000,0.000000,0.000000,-0.308242,0.003241,12010
27.048093,685566.332340,0.005000,air_chirp,0.000000,0.000000,0.013486,0.000000,0.000000,0.000000,-0.452751,0.002900,12012
27.053093,685566.337459,0.005000,air_chirp,0.000000,0.000000,0.012943,0.000000,0.000000,0.000000,-0.435331,0.003505,12014
27.058092,685566.342590,0.005000,air_chirp,0.000000,0.000000,0.012002,0.000000,0.000000,0.000000,-0.098460,0.003013,12016
27.063092,685566.347713,0.005000,air_chirp,0.000000,0.000000,0.010692,0.000000,0.000000,0.000000,0.107789,0.003622,12018
27.068093,685566.352833,0.005001,air_chirp,0.000000,0.000000,0.009054,0.000000,0.000000,0.000000,0.039100,0.003210,12020
27.073092,685566.357955,0.004999,air_chirp,0.000000,0.000000,0.007136,0.000000,0.000000,0.000000,-0.095483,0.002793,12022
27.078092,685566.363055,0.005000,air_chirp,0.000000,0.000000,0.005004,0.000000,0.000000,0.000000,-0.260423,0.003386,12024
27.083092,685566.368174,0.005000,air_chirp,0.000000,0.000000,0.002707,0.000000,0.000000,0.000000,-0.478207,0.003003,12026
27.088092,685566.373296,0.005000,air_chirp,0.000000,0.000000,0.000322,0.000000,0.000000,0.000000,-0.493162,0.003612,12028
27.093092,685566.378418,0.005000,air_chirp,0.000000,0.000000,-0.002078,0.000000,0.000000,0.000000,-0.341734,0.003133,12030
27.098092,685566.383539,0.005000,air_chirp,0.000000,0.000000,-0.004420,0.000000,0.000000,0.000000,-0.214090,0.002707,12032
27.103093,685566.388662,0.005000,air_chirp,0.000000,0.000000,-0.006629,0.000000,0.000000,0.000000,-0.200830,0.003334,12034
27.108092,685566.393783,0.005000,air_chirp,0.000000,0.000000,-0.008639,0.000000,0.000000,0.000000,-0.290215,0.002945,12036
27.113092,685566.398902,0.005000,air_chirp,0.000000,0.000000,-0.010385,0.000000,0.000000,0.000000,-0.392252,0.003598,12038
27.118092,685566.404030,0.005000,air_chirp,0.000000,0.000000,-0.011813,0.000000,0.000000,0.000000,-0.619280,0.003148,12040
27.123093,685566.409199,0.005000,air_chirp,0.000000,0.000000,-0.012885,0.000000,0.000000,0.000000,-0.844837,0.002727,12042
27.128093,685566.414320,0.005000,air_chirp,0.000000,0.000000,-0.013549,0.000000,0.000000,0.000000,-0.822839,0.003321,12044
27.133092,685566.419440,0.005000,air_chirp,0.000000,0.000000,-0.013791,0.000000,0.000000,0.000000,-0.594182,0.002952,12046
27.138093,685566.424620,0.005000,air_chirp,0.000000,0.000000,-0.013606,0.000000,0.000000,0.000000,-0.376352,0.003537,12048
27.143092,685566.429757,0.004999,air_chirp,0.000000,0.000000,-0.012985,0.000000,0.000000,0.000000,-0.343417,0.003096,12050
27.148094,685566.434884,0.005002,air_chirp,0.000000,0.000000,-0.011960,0.000000,0.000000,0.000000,-0.495127,0.002647,12052
27.153093,685566.440012,0.004999,air_chirp,0.000000,0.000000,-0.010559,0.000000,0.000000,0.000000,-0.698972,0.003219,12054
27.158092,685566.445138,0.005000,air_chirp,0.000000,0.000000,-0.008824,0.000000,0.000000,0.000000,-0.759855,0.002748,12056
27.163092,685566.450260,0.005000,air_chirp,0.000000,0.000000,-0.006809,0.000000,0.000000,0.000000,-0.719098,0.003362,12058
27.168093,685566.455383,0.005000,air_chirp,0.000000,0.000000,-0.004578,0.000000,0.000000,0.000000,-0.636248,0.003012,12060
27.173092,685566.460509,0.005000,air_chirp,0.000000,0.000000,-0.002197,0.000000,0.000000,0.000000,-0.561728,0.003647,12062
27.178092,685566.465631,0.005000,air_chirp,0.000000,0.000000,0.000259,0.000000,0.000000,0.000000,-0.293718,0.003120,12064
27.183092,685566.470744,0.005000,air_chirp,0.000000,0.000000,0.002709,0.000000,0.000000,0.000000,-0.010481,0.002686,12066
27.188093,685566.475848,0.005000,air_chirp,0.000000,0.000000,0.005073,0.000000,0.000000,0.000000,-0.087929,0.003322,12068
27.193092,685566.480951,0.005000,air_chirp,0.000000,0.000000,0.007280,0.000000,0.000000,0.000000,-0.144944,0.002949,12070
27.198092,685566.486040,0.005000,air_chirp,0.000000,0.000000,0.009258,0.000000,0.000000,0.000000,-0.217617,0.003545,12072
27.203092,685566.491143,0.005000,air_chirp,0.000000,0.000000,0.010954,0.000000,0.000000,0.000000,-0.324188,0.003110,12074
27.213093,685566.496248,0.010000,air_chirp,0.000000,0.000000,0.012308,0.000000,0.000000,0.000000,-0.132409,0.003306,12078
27.218092,685566.501353,0.004999,air_chirp,0.000000,0.000000,0.013278,0.000000,0.000000,0.000000,0.003228,0.002945,12080
27.223093,685566.506457,0.005001,air_chirp,0.000000,0.000000,0.013830,0.000000,0.000000,0.000000,-0.043201,0.003608,12082
27.228092,685566.511562,0.005000,air_chirp,0.000000,0.000000,0.013945,0.000000,0.000000,0.000000,-0.276221,0.003134,12084
27.233092,685566.516663,0.005000,air_chirp,0.000000,0.000000,0.013618,0.000000,0.000000,0.000000,-0.454107,0.002714,12086
27.238092,685566.521766,0.005000,air_chirp,0.000000,0.000000,0.012860,0.000000,0.000000,0.000000,-0.334090,0.003309,12088
27.243092,685566.526874,0.005000,air_chirp,0.000000,0.000000,0.011690,0.000000,0.000000,0.000000,-0.057703,0.002966,12090
27.248092,685566.531975,0.005000,air_chirp,0.000000,0.000000,0.010147,0.000000,0.000000,0.000000,0.075422,0.003569,12092
27.253092,685566.537155,0.005000,air_chirp,0.000000,0.000000,0.008283,0.000000,0.000000,0.000000,0.075543,0.003112,12094
27.258092,685566.542258,0.005000,air_chirp,0.000000,0.000000,0.006108,0.000000,0.000000,0.000000,-0.147601,0.002695,12096
27.263092,685566.547363,0.005000,air_chirp,0.000000,0.000000,0.003769,0.000000,0.000000,0.000000,-0.398630,0.003299,12098
27.268092,685566.552480,0.005000,air_chirp,0.000000,0.000000,0.001303,0.000000,0.000000,0.000000,-0.421469,0.002967,12100
27.273092,685566.557601,0.005000,air_chirp,0.000000,0.000000,-0.001217,0.000000,0.000000,0.000000,-0.366084,0.003588,12102
27.278092,685566.562723,0.005000,air_chirp,0.000000,0.000000,-0.003703,0.000000,0.000000,0.000000,-0.308541,0.003121,12104
27.283093,685566.567844,0.005000,air_chirp,0.000000,0.000000,-0.006075,0.000000,0.000000,0.000000,-0.329756,0.003797,12106
27.288093,685566.572966,0.005000,air_chirp,0.000000,0.000000,-0.008254,0.000000,0.000000,0.000000,-0.452730,0.003342,12108
27.293092,685566.578056,0.005000,air_chirp,0.000000,0.000000,-0.010160,0.000000,0.000000,0.000000,-0.505042,0.002954,12110
27.298092,685566.583178,0.005000,air_chirp,0.000000,0.000000,-0.011753,0.000000,0.000000,0.000000,-0.596142,0.003568,12112
27.303092,685566.588301,0.005000,air_chirp,0.000000,0.000000,-0.012966,0.000000,0.000000,0.000000,-0.693099,0.003103,12114
27.308093,685566.593423,0.005000,air_chirp,0.000000,0.000000,-0.013760,0.000000,0.000000,0.000000,-0.569429,0.003734,12116
27.313092,685566.598542,0.005000,air_chirp,0.000000,0.000000,-0.014107,0.000000,0.000000,0.000000,-0.454911,0.003295,12118
27.318092,685566.603671,0.005000,air_chirp,0.000000,0.000000,-0.013995,0.000000,0.000000,0.000000,-0.484904,0.002909,12120
27.323092,685566.608792,0.005000,air_chirp,0.000000,0.000000,-0.013424,0.000000,0.000000,0.000000,-0.526269,0.003558,12122
27.328092,685566.613914,0.005000,air_chirp,0.000000,0.000000,-0.012413,0.000000,0.000000,0.000000,-0.458725,0.003122,12124
27.333093,685566.619041,0.005001,air_chirp,0.000000,0.000000,-0.010993,0.000000,0.000000,0.000000,-0.474629,0.002715,12126
27.338092,685566.624162,0.005000,air_chirp,0.000000,0.000000,-0.009208,0.000000,0.000000,0.000000,-0.628973,0.003334,12128
27.343093,685566.629285,0.005000,air_chirp,0.000000,0.000000,-0.007119,0.000000,0.000000,0.000000,-0.695600,0.002908,12130
27.348092,685566.634407,0.005000,air_chirp,0.000000,0.000000,-0.004790,0.000000,0.000000,0.000000,-0.738009,0.003483,12132
27.353093,685566.639529,0.005001,air_chirp,0.000000,0.000000,-0.002299,0.000000,0.000000,0.000000,-0.707517,0.003125,12134
27.358093,685566.644688,0.005000,air_chirp,0.000000,0.000000,0.000288,0.000000,0.000000,0.000000,-0.454015,0.002633,12136
27.363093,685566.649810,0.005000,air_chirp,0.000000,0.000000,0.002858,0.000000,0.000000,0.000000,-0.212238,0.003235,12138
27.368092,685566.654932,0.004999,air_chirp,0.000000,0.000000,0.005336,0.000000,0.000000,0.000000,-0.081782,0.002813,12140
27.373092,685566.660056,0.005000,air_chirp,0.000000,0.000000,0.007643,0.000000,0.000000,0.000000,-0.100893,0.003404,12142
27.378093,685566.665181,0.005000,air_chirp,0.000000,0.000000,0.009701,0.000000,0.000000,0.000000,-0.188517,0.002806,12144
27.383092,685566.670303,0.005000,air_chirp,0.000000,0.000000,0.011441,0.000000,0.000000,0.000000,-0.219534,0.003074,12146
27.388092,685566.675427,0.005000,air_chirp,0.000000,0.000000,0.012803,0.000000,0.000000,0.000000,-0.267167,0.003490,12148
27.393093,685566.680547,0.005000,air_chirp,0.000000,0.000000,0.013742,0.000000,0.000000,0.000000,-0.138086,0.002712,12150
27.398092,685566.685683,0.005000,air_chirp,0.000000,0.000000,0.014224,0.000000,0.000000,0.000000,0.033409,0.002974,12152
27.403092,685566.690791,0.005000,air_chirp,0.000000,0.000000,0.014231,0.000000,0.000000,0.000000,-0.042483,0.003334,12154
27.408093,685566.695894,0.005000,air_chirp,0.000000,0.000000,0.013765,0.000000,0.000000,0.000000,-0.297882,0.002762,12156
27.413092,685566.700997,0.005000,air_chirp,0.000000,0.000000,0.012840,0.000000,0.000000,0.000000,-0.409703,0.002993,12158
27.418092,685566.706104,0.005000,air_chirp,0.000000,0.000000,0.011486,0.000000,0.000000,0.000000,-0.250148,0.003515,12160
27.423092,685566.711215,0.005000,air_chirp,0.000000,0.000000,0.009745,0.000000,0.000000,0.000000,0.016361,0.002750,12162
27.433093,685566.716319,0.010000,air_chirp,0.000000,0.000000,0.007674,0.000000,0.000000,0.000000,0.009809,0.003353,12166
27.438092,685566.721444,0.005000,air_chirp,0.000000,0.000000,0.005345,0.000000,0.000000,0.000000,-0.181071,0.002791,12168
27.443092,685566.726547,0.005000,air_chirp,0.000000,0.000000,0.002821,0.000000,0.000000,0.000000,-0.420910,0.003333,12170
27.448092,685566.731650,0.005000,air_chirp,0.000000,0.000000,0.000208,0.000000,0.000000,0.000000,-0.519977,0.002957,12172
27.453093,685566.736783,0.005000,air_chirp,0.000000,0.000000,-0.002424,0.000000,0.000000,0.000000,-0.387736,0.003539,12174
27.458092,685566.741886,0.005000,air_chirp,0.000000,0.000000,-0.004980,0.000000,0.000000,0.000000,-0.271686,0.002974,12176
27.463093,685566.747043,0.005001,air_chirp,0.000000,0.000000,-0.007372,0.000000,0.000000,0.000000,-0.312707,0.003477,12178
27.468093,685566.752145,0.005000,air_chirp,0.000000,0.000000,-0.009531,0.000000,0.000000,0.000000,-0.463697,0.002998,12180
27.473092,685566.757250,0.004999,air_chirp,0.000000,0.000000,-0.011353,0.000000,0.000000,0.000000,-0.658860,0.003573,12182
27.478092,685566.762353,0.005000,air_chirp,0.000000,0.000000,-0.012796,0.000000,0.000000,0.000000,-0.756078,0.003093,12184
27.483093,685566.767689,0.005001,air_chirp,0.000000,0.000000,-0.013813,0.000000,0.000000,0.000000,-0.808485,0.002668,12186
27.488095,685566.772830,0.005002,air_chirp,0.000000,0.000000,-0.014371,0.000000,0.000000,0.000000,-0.806422,0.003293,12188
27.493851,685566.777959,0.005756,air_chirp,0.000000,0.000000,-0.014408,0.000000,0.000000,0.000000,-0.568412,0.003605,12190
27.498165,685566.783121,0.004314,air_chirp,0.000000,0.000000,-0.013952,0.000000,0.000000,0.000000,-0.310680,0.003263,12192
27.503093,685566.788215,0.004927,air_chirp,0.000000,0.000000,-0.013004,0.000000,0.000000,0.000000,-0.395048,0.002766,12194
27.508093,685566.793294,0.005000,air_chirp,0.000000,0.000000,-0.011630,0.000000,0.000000,0.000000,-0.596688,0.003388,12196
27.513092,685566.798407,0.004999,air_chirp,0.000000,0.000000,-0.009859,0.000000,0.000000,0.000000,-0.789547,0.003006,12198
27.518093,685566.803496,0.005000,air_chirp,0.000000,0.000000,-0.007737,0.000000,0.000000,0.000000,-0.794629,0.003630,12200
27.523097,685566.808602,0.005004,air_chirp,0.000000,0.000000,-0.005356,0.000000,0.000000,0.000000,-0.603447,0.003215,12202
27.528092,685566.813779,0.004996,air_chirp,0.000000,0.000000,-0.002762,0.000000,0.000000,0.000000,-0.358994,0.002655,12204
27.533093,685566.819009,0.005000,air_chirp,0.000000,0.000000,-0.000016,0.000000,0.000000,0.000000,-0.271594,0.003230,12206
27.538092,685566.824180,0.005000,air_chirp,0.000000,0.000000,0.002700,0.000000,0.000000,0.000000,-0.309933,0.002768,12208
27.543092,685566.829302,0.005000,air_chirp,0.000000,0.000000,0.005318,0.000000,0.000000,0.000000,-0.257103,0.003316,12210
27.548093,685566.834428,0.005001,air_chirp,0.000000,0.000000,0.007741,0.000000,0.000000,0.000000,-0.251575,0.002953,12212
27.553092,685566.839614,0.004999,air_chirp,0.000000,0.000000,0.009915,0.000000,0.000000,0.000000,-0.264008,0.003551,12214
27.558093,685566.844766,0.005000,air_chirp,0.000000,0.000000,0.011745,0.000000,0.000000,0.000000,-0.251905,0.003080,12216
27.563092,685566.849986,0.005000,air_chirp,0.000000,0.000000,0.013182,0.000000,0.000000,0.000000,-0.149617,0.002617,12218
27.568093,685566.855184,0.005001,air_chirp,0.000000,0.000000,0.014136,0.000000,0.000000,0.000000,-0.011857,0.003257,12220
27.573092,685566.860303,0.004999,air_chirp,0.000000,0.000000,0.014582,0.000000,0.000000,0.000000,-0.008586,0.002851,12222
27.578092,685566.865421,0.005000,air_chirp,0.000000,0.000000,0.014518,0.000000,0.000000,0.000000,-0.044272,0.003458,12224
27.583092,685566.870537,0.005000,air_chirp,0.000000,0.000000,0.013946,0.000000,0.000000,0.000000,-0.273680,0.002962,12226
27.588092,685566.875756,0.005000,air_chirp,0.000000,0.000000,0.012874,0.000000,0.000000,0.000000,-0.518334,0.003561,12228
27.593092,685566.880881,0.005000,air_chirp,0.000000,0.000000,0.011335,0.000000,0.000000,0.000000,-0.227995,0.003152,12230
27.598093,685566.886119,0.005000,air_chirp,0.000000,0.000000,0.009370,0.000000,0.000000,0.000000,0.104448,0.002710,12232
27.608092,685566.891240,0.009999,air_chirp,0.000000,0.000000,0.007095,0.000000,0.000000,0.000000,0.123947,0.002926,12236
27.613092,685566.896359,0.005000,air_chirp,0.000000,0.000000,0.004574,0.000000,0.000000,0.000000,-0.055382,0.003486,12238
27.618092,685566.901508,0.005000,air_chirp,0.000000,0.000000,0.001887,0.000000,0.000000,0.000000,-0.351762,0.002990,12240
27.623093,685566.906677,0.005000,air_chirp,0.000000,0.000000,-0.000902,0.000000,0.000000,0.000000,-0.421493,0.003625,12242
27.628093,685566.912016,0.005000,air_chirp,0.000000,0.000000,-0.003692,0.000000,0.000000,0.000000,-0.360070,0.003143,12244
27.633093,685566.917235,0.005001,air_chirp,0.000000,0.000000,-0.006393,0.000000,0.000000,0.000000,-0.337394,0.002679,12246
27.638093,685566.922356,0.005000,air_chirp,0.000000,0.000000,-0.008789,0.000000,0.000000,0.000000,-0.379136,0.003227,12248
27.643092,685566.927509,0.005000,air_chirp,0.000000,0.000000,-0.010867,0.000000,0.000000,0.000000,-0.454228,0.002835,12250
27.648092,685566.932731,0.005000,air_chirp,0.000000,0.000000,-0.012580,0.000000,0.000000,0.000000,-0.528376,0.003457,12252
27.653093,685566.937890,0.005001,air_chirp,0.000000,0.000000,-0.013822,0.000000,0.000000,0.000000,-0.638476,0.002961,12254
27.658092,685566.943132,0.004999,air_chirp,0.000000,0.000000,-0.014569,0.000000,0.000000,0.000000,-0.753733,0.003479,12256
27.663093,685566.948251,0.005001,air_chirp,0.000000,0.000000,-0.014780,0.000000,0.000000,0.000000,-0.694287,0.003021,12258
27.668093,685566.953344,0.005000,air_chirp,0.000000,0.000000,-0.014460,0.000000,0.000000,0.000000,-0.510487,0.003616,12260
27.673092,685566.958581,0.004999,air_chirp,0.000000,0.000000,-0.013604,0.000000,0.000000,0.000000,-0.390058,0.003173,12262
27.678093,685566.963795,0.005000,air_chirp,0.000000,0.000000,-0.012238,0.000000,0.000000,0.000000,-0.382775,0.002669,12264
27.683092,685566.969015,0.005000,air_chirp,0.000000,0.000000,-0.010415,0.000000,0.000000,0.000000,-0.589361,0.003251,12266
27.688092,685566.974172,0.005000,air_chirp,0.000000,0.000000,-0.008229,0.000000,0.000000,0.000000,-0.772414,0.002889,12268
27.693092,685566.979345,0.005000,air_chirp,0.000000,0.000000,-0.005722,0.000000,0.000000,0.000000,-0.755155,0.003437,12270
27.698092,685566.984602,0.005000,air_chirp,0.000000,0.000000,-0.002960,0.000000,0.000000,0.000000,-0.645811,0.003004,12272
27.703093,685566.989738,0.005000,air_chirp,0.000000,0.000000,-0.000141,0.000000,0.000000,0.000000,-0.519253,0.003665,12274
27.708093,685566.994949,0.005000,air_chirp,0.000000,0.000000,0.002723,0.000000,0.000000,0.000000,-0.322386,0.003162,12276
27.713093,685567.000239,0.005000,air_chirp,0.000000,0.000000,0.005503,0.000000,0.000000,0.000000,-0.143428,0.002720,12278
27.718092,685567.005542,0.005000,air_chirp,0.000000,0.000000,0.008127,0.000000,0.000000,0.000000,-0.104023,0.003353,12280
27.723094,685567.010762,0.005001,air_chirp,0.000000,0.000000,0.010405,0.000000,0.000000,0.000000,-0.138555,0.002951,12282
27.728093,685567.015978,0.004999,air_chirp,0.000000,0.000000,0.012278,0.000000,0.000000,0.000000,-0.178905,0.003579,12284
27.733092,685567.021170,0.005000,air_chirp,0.000000,0.000000,0.013685,0.000000,0.000000,0.000000,-0.194689,0.003135,12286
27.743092,685567.026287,0.010000,air_chirp,0.000000,0.000000,0.014580,0.000000,0.000000,0.000000,-0.143831,0.003335,12290
27.748093,685567.031458,0.005001,air_chirp,0.000000,0.000000,0.014941,0.000000,0.000000,0.000000,-0.080556,0.002950,12292
27.753093,685567.036625,0.005000,air_chirp,0.000000,0.000000,0.014750,0.000000,0.000000,0.000000,-0.131693,0.003585,12294
27.758093,685567.041751,0.005000,air_chirp,0.000000,0.000000,0.014011,0.000000,0.000000,0.000000,-0.275766,0.003163,12296
27.763093,685567.046880,0.005000,air_chirp,0.000000,0.000000,0.012760,0.000000,0.000000,0.000000,-0.375839,0.002746,12298
27.768093,685567.052040,0.005000,air_chirp,0.000000,0.000000,0.011037,0.000000,0.000000,0.000000,-0.165012,0.003374,12300
27.773093,685567.057157,0.005000,air_chirp,0.000000,0.000000,0.008890,0.000000,0.000000,0.000000,0.094540,0.003010,12302
27.778093,685567.062290,0.005000,air_chirp,0.000000,0.000000,0.006428,0.000000,0.000000,0.000000,0.060518,0.003644,12304
27.783092,685567.067396,0.004999,air_chirp,0.000000,0.000000,0.003716,0.000000,0.000000,0.000000,-0.092511,0.003220,12306
27.788093,685567.072529,0.005001,air_chirp,0.000000,0.000000,0.000876,0.000000,0.000000,0.000000,-0.338946,0.002808,12308
27.793093,685567.077654,0.005000,air_chirp,0.000000,0.000000,-0.002021,0.000000,0.000000,0.000000,-0.538373,0.003417,12310
27.798092,685567.082775,0.005000,air_chirp,0.000000,0.000000,-0.004840,0.000000,0.000000,0.000000,-0.486510,0.003002,12312
27.803093,685567.087909,0.005001,air_chirp,0.000000,0.000000,-0.007485,0.000000,0.000000,0.000000,-0.315625,0.003643,12314
27.808092,685567.093050,0.004999,air_chirp,0.000000,0.000000,-0.009863,0.000000,0.000000,0.000000,-0.318938,0.003242,12316
27.813093,685567.098177,0.005001,air_chirp,0.000000,0.000000,-0.011879,0.000000,0.000000,0.000000,-0.444207,0.002821,12318
27.818095,685567.103304,0.005001,air_chirp,0.000000,0.000000,-0.013451,0.000000,0.000000,0.000000,-0.562379,0.003444,12320
27.823093,685567.108426,0.004998,air_chirp,0.000000,0.000000,-0.014524,0.000000,0.000000,0.000000,-0.623611,0.003034,12322
27.828093,685567.113563,0.005000,air_chirp,0.000000,0.000000,-0.015056,0.000000,0.000000,0.000000,-0.555699,0.003676,12324
27.833092,685567.118689,0.005000,air_chirp,0.000000,0.000000,-0.015026,0.000000,0.000000,0.000000,-0.466293,0.003247,12326
27.838093,685567.123814,0.005000,air_chirp,0.000000,0.000000,-0.014432,0.000000,0.000000,0.000000,-0.542405,0.002824,12328
27.843093,685567.128939,0.005000,air_chirp,0.000000,0.000000,-0.013297,0.000000,0.000000,0.000000,-0.665900,0.003335,12330
27.848092,685567.134065,0.005000,air_chirp,0.000000,0.000000,-0.011662,0.000000,0.000000,0.000000,-0.649045,0.002762,12332
27.853092,685567.139192,0.005000,air_chirp,0.000000,0.000000,-0.009578,0.000000,0.000000,0.000000,-0.601560,0.003059,12334
27.858093,685567.144315,0.005000,air_chirp,0.000000,0.000000,-0.007136,0.000000,0.000000,0.000000,-0.650219,0.003584,12336
27.863093,685567.149440,0.005000,air_chirp,0.000000,0.000000,-0.004418,0.000000,0.000000,0.000000,-0.731513,0.003142,12338
27.868092,685567.154568,0.005000,air_chirp,0.000000,0.000000,-0.001526,0.000000,0.000000,0.000000,-0.601017,0.002705,12340
27.873092,685567.159690,0.005000,air_chirp,0.000000,0.000000,0.001426,0.000000,0.000000,0.000000,-0.458248,0.003013,12342
27.878092,685567.164810,0.005000,air_chirp,0.000000,0.000000,0.004330,0.000000,0.000000,0.000000,-0.286544,0.003551,12344
27.883093,685567.169933,0.005000,air_chirp,0.000000,0.000000,0.007075,0.000000,0.000000,0.000000,-0.112564,0.002990,12346
27.888092,685567.175056,0.005000,air_chirp,0.000000,0.000000,0.009560,0.000000,0.000000,0.000000,-0.138603,0.002567,12348
27.893093,685567.180181,0.005000,air_chirp,0.000000,0.000000,0.011684,0.000000,0.000000,0.000000,-0.180383,0.003079,12350
27.898093,685567.185302,0.005000,air_chirp,0.000000,0.000000,0.013370,0.000000,0.000000,0.000000,-0.208295,0.002629,12352
27.903092,685567.190426,0.004999,air_chirp,0.000000,0.000000,0.014550,0.000000,0.000000,0.000000,-0.127552,0.003223,12354
27.908093,685567.195550,0.005001,air_chirp,0.000000,0.000000,0.015178,0.000000,0.000000,0.000000,-0.000665,0.002766,12356
27.913092,685567.200671,0.004999,air_chirp,0.000000,0.000000,0.015227,0.000000,0.000000,0.000000,-0.048974,0.003349,12358
27.918092,685567.205781,0.005000,air_chirp,0.000000,0.000000,0.014695,0.000000,0.000000,0.000000,-0.098698,0.002962,12360
27.923092,685567.210886,0.005000,air_chirp,0.000000,0.000000,0.013604,0.000000,0.000000,0.000000,-0.190131,0.002540,12362
27.928092,685567.215989,0.005000,air_chirp,0.000000,0.000000,0.011993,0.000000,0.000000,0.000000,-0.375953,0.003089,12364
27.933092,685567.221101,0.005000,air_chirp,0.000000,0.000000,0.009920,0.000000,0.000000,0.000000,-0.216734,0.002673,12366
27.938093,685567.226204,0.005001,air_chirp,0.000000,0.000000,0.007465,0.000000,0.000000,0.000000,0.039487,0.003273,12368
27.943093,685567.231311,0.005000,air_chirp,0.000000,0.000000,0.004721,0.000000,0.000000,0.000000,0.062460,0.002904,12370
27.953092,685567.236421,0.010000,air_chirp,0.000000,0.000000,0.001790,0.000000,0.000000,0.000000,-0.325502,0.003068,12374
27.958092,685567.241535,0.005000,air_chirp,0.000000,0.000000,-0.001219,0.000000,0.000000,0.000000,-0.462275,0.002633,12376
27.963092,685567.246717,0.005000,air_chirp,0.000000,0.000000,-0.004212,0.000000,0.000000,0.000000,-0.412875,0.003255,12378
27.968092,685567.251927,0.005000,air_chirp,0.000000,0.000000,-0.007087,0.000000,0.000000,0.000000,-0.420327,0.002905,12380
27.973092,685567.257076,0.005000,air_chirp,0.000000,0.000000,-0.009630,0.000000,0.000000,0.000000,-0.376630,0.003523,12382
27.978093,685567.262180,0.005000,air_chirp,0.000000,0.000000,-0.011816,0.000000,0.000000,0.000000,-0.417013,0.003064,12384
27.983092,685567.267265,0.005000,air_chirp,0.000000,0.000000,-0.013526,0.000000,0.000000,0.000000,-0.587476,0.003612,12386
27.988093,685567.272352,0.005000,air_chirp,0.000000,0.000000,-0.014717,0.000000,0.000000,0.000000,-0.700893,0.003136,12388
27.993093,685567.277471,0.005000,air_chirp,0.000000,0.000000,-0.015348,0.000000,0.000000,0.000000,-0.798501,0.002640,12390
27.998092,685567.282605,0.005000,air_chirp,0.000000,0.000000,-0.015385,0.000000,0.000000,0.000000,-0.728336,0.003236,12392
28.003093,685567.287734,0.005000,air_chirp,0.000000,0.000000,-0.014820,0.000000,0.000000,0.000000,-0.479308,0.002835,12394
28.008093,685567.292865,0.005000,air_chirp,0.000000,0.000000,-0.013673,0.000000,0.000000,0.000000,-0.371285,0.003458,12396
28.013093,685567.297953,0.005000,air_chirp,0.000000,0.000000,-0.011991,0.000000,0.000000,0.000000,-0.513525,0.003085,12398
28.018092,685567.303032,0.005000,air_chirp,0.000000,0.000000,-0.009856,0.000000,0.000000,0.000000,-0.647158,0.002673,12400
28.023092,685567.308122,0.005000,air_chirp,0.000000,0.000000,-0.007329,0.000000,0.000000,0.000000,-0.718722,0.003299,12402
28.028092,685567.313249,0.005000,air_chirp,0.000000,0.000000,-0.004508,0.000000,0.000000,0.000000,-0.799437,0.002866,12404
28.033093,685567.318377,0.005000,air_chirp,0.000000,0.000000,-0.001487,0.000000,0.000000,0.000000,-0.619785,0.003483,12406
28.038093,685567.323516,0.005000,air_chirp,0.000000,0.000000,0.001600,0.000000,0.000000,0.000000,-0.350878,0.003074,12408
28.043093,685567.328647,0.005000,air_chirp,0.000000,0.000000,0.004634,0.000000,0.000000,0.000000,-0.167209,0.002677,12410
28.048092,685567.333796,0.005000,air_chirp,0.000000,0.000000,0.007497,0.000000,0.000000,0.000000,-0.112581,0.003349,12412
28.053092,685567.338928,0.005000,air_chirp,0.000000,0.000000,0.010050,0.000000,0.000000,0.000000,-0.248374,0.002966,12414
28.058093,685567.344111,0.005000,air_chirp,0.000000,0.000000,0.012226,0.000000,0.000000,0.000000,-0.320594,0.002596,12416
28.063093,685567.349227,0.005000,air_chirp,0.000000,0.000000,0.013914,0.000000,0.000000,0.000000,-0.189184,0.003263,12418
28.068093,685567.354318,0.005000,air_chirp,0.000000,0.000000,0.015038,0.000000,0.000000,0.000000,0.019145,0.002791,12420
28.073093,685567.359424,0.005000,air_chirp,0.000000,0.000000,0.015568,0.000000,0.000000,0.000000,0.131864,0.003403,12422
28.078092,685567.364550,0.005000,air_chirp,0.000000,0.000000,0.015483,0.000000,0.000000,0.000000,0.093676,0.003015,12424
28.083092,685567.369797,0.005000,air_chirp,0.000000,0.000000,0.014760,0.000000,0.000000,0.000000,-0.145807,0.002587,12426
28.088092,685567.375027,0.005000,air_chirp,0.000000,0.000000,0.013417,0.000000,0.000000,0.000000,-0.419199,0.003223,12428
28.093092,685567.380180,0.005000,air_chirp,0.000000,0.000000,0.011548,0.000000,0.000000,0.000000,-0.334006,0.002827,12430
28.098092,685567.385397,0.005000,air_chirp,0.000000,0.000000,0.009167,0.000000,0.000000,0.000000,-0.022486,0.003470,12432
28.103092,685567.390511,0.005000,air_chirp,0.000000,0.000000,0.006461,0.000000,0.000000,0.000000,0.151613,0.003137,12434
28.108092,685567.395746,0.005000,air_chirp,0.000000,0.000000,0.003436,0.000000,0.000000,0.000000,0.134490,0.002774,12436
28.113093,685567.400974,0.005000,air_chirp,0.000000,0.000000,0.000244,0.000000,0.000000,0.000000,-0.148128,0.003329,12438
28.118092,685567.406251,0.005000,air_chirp,0.000000,0.000000,-0.002982,0.000000,0.000000,0.000000,-0.427599,0.002947,12440
28.128093,685567.411481,0.010001,air_chirp,0.000000,0.000000,-0.006077,0.000000,0.000000,0.000000,-0.504755,0.003145,12444
28.133093,685567.416595,0.005000,air_chirp,0.000000,0.000000,-0.008857,0.000000,0.000000,0.000000,-0.417476,0.002713,12446
28.138093,685567.421756,0.005000,air_chirp,0.000000,0.000000,-0.011292,0.000000,0.000000,0.000000,-0.322822,0.003407,12448
28.143093,685567.426916,0.005000,air_chirp,0.000000,0.000000,-0.013275,0.000000,0.000000,0.000000,-0.433694,0.003031,12450
28.148092,685567.432052,0.005000,air_chirp,0.000000,0.000000,-0.014718,0.000000,0.000000,0.000000,-0.560740,0.003594,12452
28.153093,685567.437136,0.005000,air_chirp,0.000000,0.000000,-0.015555,0.000000,0.000000,0.000000,-0.665548,0.003053,12454
28.158093,685567.442225,0.005000,air_chirp,0.000000,0.000000,-0.015764,0.000000,0.000000,0.000000,-0.803895,0.002542,12456
28.163093,685567.447307,0.005000,air_chirp,0.000000,0.000000,-0.015340,0.000000,0.000000,0.000000,-0.772862,0.003128,12458
28.168093,685567.452534,0.005000,air_chirp,0.000000,0.000000,-0.014270,0.000000,0.000000,0.000000,-0.508302,0.002733,12460
28.173093,685567.457698,0.005000,air_chirp,0.000000,0.000000,-0.012620,0.000000,0.000000,0.000000,-0.290346,0.003358,12462
28.178093,685567.462841,0.005000,air_chirp,0.000000,0.000000,-0.010439,0.000000,0.000000,0.000000,-0.534432,0.002975,12464
28.183093,685567.467960,0.005000,air_chirp,0.000000,0.000000,-0.007831,0.000000,0.000000,0.000000,-0.904933,0.002531,12466
28.188092,685567.473085,0.005000,air_chirp,0.000000,0.000000,-0.004911,0.000000,0.000000,0.000000,-1.030246,0.002974,12468
28.193093,685567.478175,0.005000,air_chirp,0.000000,0.000000,-0.001776,0.000000,0.000000,0.000000,-0.795843,0.003336,12470
28.198093,685567.483346,0.005000,air_chirp,0.000000,0.000000,0.001423,0.000000,0.000000,0.000000,-0.303043,0.002913,12472
28.203093,685567.488463,0.004999,air_chirp,0.000000,0.000000,0.004612,0.000000,0.000000,0.000000,-0.092617,0.003478,12474
28.208092,685567.493588,0.005000,air_chirp,0.000000,0.000000,0.007586,0.000000,0.000000,0.000000,-0.154825,0.003075,12476
28.213092,685567.498712,0.005000,air_chirp,0.000000,0.000000,0.010258,0.000000,0.000000,0.000000,-0.215577,0.002602,12478
28.218093,685567.503834,0.005000,air_chirp,0.000000,0.000000,0.012509,0.000000,0.000000,0.000000,-0.325951,0.003189,12480
28.223092,685567.508952,0.004999,air_chirp,0.000000,0.000000,0.014247,0.000000,0.000000,0.000000,-0.318129,0.002762,12482
28.228092,685567.514096,0.005000,air_chirp,0.000000,0.000000,0.015397,0.000000,0.000000,0.000000,-0.166248,0.003454,12484
28.233092,685567.519182,0.005000,air_chirp,0.000000,0.000000,0.015912,0.000000,0.000000,0.000000,-0.017739,0.003080,12486
28.238092,685567.524269,0.005000,air_chirp,0.000000,0.000000,0.015769,0.000000,0.000000,0.000000,0.138038,0.002656,12488
28.243093,685567.529406,0.005001,air_chirp,0.000000,0.000000,0.014976,0.000000,0.000000,0.000000,0.143531,0.003280,12490
28.248093,685567.534553,0.005000,air_chirp,0.000000,0.000000,0.013552,0.000000,0.000000,0.000000,-0.165893,0.002965,12492
28.253093,685567.539677,0.005000,air_chirp,0.000000,0.000000,0.011551,0.000000,0.000000,0.000000,-0.453197,0.003584,12494
28.258092,685567.544796,0.005000,air_chirp,0.000000,0.000000,0.009072,0.000000,0.000000,0.000000,-0.296279,0.003135,12496
28.263092,685567.549901,0.005000,air_chirp,0.000000,0.000000,0.006211,0.000000,0.000000,0.000000,0.056192,0.002705,12498
28.268092,685567.554990,0.005000,air_chirp,0.000000,0.000000,0.003098,0.000000,0.000000,0.000000,0.208703,0.003388,12500
28.273092,685567.560035,0.005000,air_chirp,0.000000,0.000000,-0.000114,0.000000,0.000000,0.000000,0.025269,0.003029,12502
28.278093,685567.565121,0.005000,air_chirp,0.000000,0.000000,-0.003360,0.000000,0.000000,0.000000,-0.162546,0.002636,12504
28.283093,685567.570202,0.005000,air_chirp,0.000000,0.000000,-0.006469,0.000000,0.000000,0.000000,-0.440162,0.003163,12506
28.288092,685567.575290,0.005000,air_chirp,0.000000,0.000000,-0.009312,0.000000,0.000000,0.000000,-0.754594,0.002648,12508
28.293092,685567.580371,0.005000,air_chirp,0.000000,0.000000,-0.011779,0.000000,0.000000,0.000000,-0.671530,0.003191,12510
28.298092,685567.585500,0.005000,air_chirp,0.000000,0.000000,-0.013761,0.000000,0.000000,0.000000,-0.460245,0.002749,12512
28.303092,685567.590596,0.005000,air_chirp,0.000000,0.000000,-0.015179,0.000000,0.000000,0.000000,-0.435590,0.003387,12514
28.308093,685567.595736,0.005000,air_chirp,0.000000,0.000000,-0.015955,0.000000,0.000000,0.000000,-0.502951,0.003032,12516
28.313093,685567.600840,0.005000,air_chirp,0.000000,0.000000,-0.016062,0.000000,0.000000,0.000000,-0.603771,0.002555,12518
28.318092,685567.605983,0.005000,air_chirp,0.000000,0.000000,-0.015486,0.000000,0.000000,0.000000,-0.722500,0.003141,12520
28.323093,685567.611039,0.005000,air_chirp,0.000000,0.000000,-0.014262,0.000000,0.000000,0.000000,-0.686731,0.002639,12522
28.328093,685567.616136,0.005000,air_chirp,0.000000,0.000000,-0.012432,0.000000,0.000000,0.000000,-0.553488,0.003217,12524
28.333092,685567.621250,0.004999,air_chirp,0.000000,0.000000,-0.010074,0.000000,0.000000,0.000000,-0.462481,0.002782,12526
28.343092,685567.626373,0.010000,air_chirp,0.000000,0.000000,-0.007274,0.000000,0.000000,0.000000,-0.954680,0.002950,12530
28.348093,685567.631528,0.005000,air_chirp,0.000000,0.000000,-0.004144,0.000000,0.000000,0.000000,-0.748209,0.003516,12532
28.353093,685567.636655,0.005000,air_chirp,0.000000,0.000000,-0.000826,0.000000,0.000000,0.000000,-0.420689,0.002944,12534
28.358092,685567.641802,0.005000,air_chirp,0.000000,0.000000,0.002522,0.000000,0.000000,0.000000,-0.292251,0.003572,12536
28.363093,685567.646907,0.005000,air_chirp,0.000000,0.000000,0.005777,0.000000,0.000000,0.000000,-0.248402,0.003113,12538
28.368093,685567.652037,0.005000,air_chirp,0.000000,0.000000,0.008775,0.000000,0.000000,0.000000,-0.156881,0.002603,12540
28.373092,685567.657147,0.005000,air_chirp,0.000000,0.000000,0.011406,0.000000,0.000000,0.000000,-0.051754,0.003172,12542
28.378093,685567.662257,0.005000,air_chirp,0.000000,0.000000,0.013546,0.000000,0.000000,0.000000,-0.069726,0.002710,12544
28.383093,685567.667389,0.005000,air_chirp,0.000000,0.000000,0.015106,0.000000,0.000000,0.000000,-0.155566,0.003236,12546
28.388093,685567.672567,0.005000,air_chirp,0.000000,0.000000,0.016034,0.000000,0.000000,0.000000,-0.133037,0.002836,12548
28.393093,685567.677664,0.005000,air_chirp,0.000000,0.000000,0.016256,0.000000,0.000000,0.000000,0.008757,0.003369,12550
28.398092,685567.682812,0.005000,air_chirp,0.000000,0.000000,0.015774,0.000000,0.000000,0.000000,0.019081,0.002961,12552
28.403092,685567.687947,0.005000,air_chirp,0.000000,0.000000,0.014599,0.000000,0.000000,0.000000,-0.232260,0.003576,12554
28.408092,685567.693094,0.005000,air_chirp,0.000000,0.000000,0.012788,0.000000,0.000000,0.000000,-0.298289,0.003091,12556
28.413092,685567.698260,0.005000,air_chirp,0.000000,0.000000,0.010408,0.000000,0.000000,0.000000,-0.080827,0.003600,12558
28.418092,685567.703392,0.005000,air_chirp,0.000000,0.000000,0.007554,0.000000,0.000000,0.000000,0.075397,0.002940,12560
28.423092,685567.708565,0.005000,air_chirp,0.000000,0.000000,0.004379,0.000000,0.000000,0.000000,0.118545,0.003567,12562
28.428092,685567.713685,0.005000,air_chirp,0.000000,0.000000,0.000985,0.000000,0.000000,0.000000,0.059531,0.002915,12564
28.433093,685567.718812,0.005000,air_chirp,0.000000,0.000000,-0.002423,0.000000,0.000000,0.000000,-0.257903,0.003425,12566
28.438092,685567.723940,0.005000,air_chirp,0.000000,0.000000,-0.005749,0.000000,0.000000,0.000000,-0.583623,0.002858,12568
28.443092,685567.729122,0.005000,air_chirp,0.000000,0.000000,-0.008838,0.000000,0.000000,0.000000,-0.439620,0.003431,12570
28.448093,685567.734223,0.005001,air_chirp,0.000000,0.000000,-0.011537,0.000000,0.000000,0.000000,-0.312941,0.003088,12572
28.453093,685567.739314,0.005000,air_chirp,0.000000,0.000000,-0.013711,0.000000,0.000000,0.000000,-0.368573,0.002592,12574
28.458093,685567.744479,0.004999,air_chirp,0.000000,0.000000,-0.015290,0.000000,0.000000,0.000000,-0.395775,0.003201,12576
28.463093,685567.749616,0.005000,air_chirp,0.000000,0.000000,-0.016216,0.000000,0.000000,0.000000,-0.598228,0.002763,12578
28.468093,685567.754732,0.005000,air_chirp,0.000000,0.000000,-0.016414,0.000000,0.000000,0.000000,-0.827147,0.003411,12580
28.473093,685567.759825,0.005000,air_chirp,0.000000,0.000000,-0.015890,0.000000,0.000000,0.000000,-0.889403,0.002937,12582
28.478093,685567.764974,0.004999,air_chirp,0.000000,0.000000,-0.014663,0.000000,0.000000,0.000000,-0.732139,0.003543,12584
28.483093,685567.770041,0.005000,air_chirp,0.000000,0.000000,-0.012794,0.000000,0.000000,0.000000,-0.472500,0.003119,12586
28.488093,685567.775164,0.005000,air_chirp,0.000000,0.000000,-0.010350,0.000000,0.000000,0.000000,-0.368310,0.002700,12588
28.493093,685567.780283,0.005000,air_chirp,0.000000,0.000000,-0.007444,0.000000,0.000000,0.000000,-0.526806,0.003337,12590
28.498093,685567.785437,0.005000,air_chirp,0.000000,0.000000,-0.004190,0.000000,0.000000,0.000000,-0.894172,0.002948,12592
28.503093,685567.790537,0.005000,air_chirp,0.000000,0.000000,-0.000738,0.000000,0.000000,0.000000,-1.049246,0.003600,12594
28.508092,685567.795655,0.004999,air_chirp,0.000000,0.000000,0.002733,0.000000,0.000000,0.000000,-0.630550,0.003160,12596
28.513093,685567.800801,0.005000,air_chirp,0.000000,0.000000,0.006105,0.000000,0.000000,0.000000,-0.134438,0.002741,12598
28.518093,685567.805931,0.005000,air_chirp,0.000000,0.000000,0.009216,0.000000,0.000000,0.000000,0.025112,0.003361,12600
28.523093,685567.811104,0.005000,air_chirp,0.000000,0.000000,0.011919,0.000000,0.000000,0.000000,-0.083579,0.002944,12602
28.528093,685567.816214,0.005000,air_chirp,0.000000,0.000000,0.014091,0.000000,0.000000,0.000000,-0.256415,0.003588,12604
28.533094,685567.821310,0.005002,air_chirp,0.000000,0.000000,0.015618,0.000000,0.000000,0.000000,-0.189684,0.003053,12606
28.543092,685567.826455,0.009998,air_chirp,0.000000,0.000000,0.016450,0.000000,0.000000,0.000000,0.053869,0.003038,12610
28.548092,685567.831643,0.005000,air_chirp,0.000000,0.000000,0.016543,0.000000,0.000000,0.000000,0.148618,0.002633,12612
28.553093,685567.836835,0.005001,air_chirp,0.000000,0.000000,0.015877,0.000000,0.000000,0.000000,-0.070891,0.003235,12614
28.558092,685567.842059,0.004999,air_chirp,0.000000,0.000000,0.014446,0.000000,0.000000,0.000000,-0.299878,0.002779,12616
28.563093,685567.847294,0.005000,air_chirp,0.000000,0.000000,0.012332,0.000000,0.000000,0.000000,-0.326142,0.003043,12618
28.568092,685567.852503,0.005000,air_chirp,0.000000,0.000000,0.009650,0.000000,0.000000,0.000000,-0.065311,0.002459,12620
28.573092,685567.857717,0.005000,air_chirp,0.000000,0.000000,0.006510,0.000000,0.000000,0.000000,0.221711,0.002984,12622
28.578092,685567.862938,0.005000,air_chirp,0.000000,0.000000,0.003051,0.000000,0.000000,0.000000,0.142832,0.003534,12624
28.583092,685567.868205,0.005000,air_chirp,0.000000,0.000000,-0.000598,0.000000,0.000000,0.000000,0.035156,0.003125,12626
28.588092,685567.873414,0.005000,air_chirp,0.000000,0.000000,-0.004181,0.000000,0.000000,0.000000,-0.156892,0.002700,12628
28.593092,685567.878648,0.005000,air_chirp,0.000000,0.000000,-0.007585,0.000000,0.000000,0.000000,-0.457567,0.003364,12630
28.598093,685567.883859,0.005001,air_chirp,0.000000,0.000000,-0.010633,0.000000,0.000000,0.000000,-0.583216,0.002940,12632
28.603092,685567.889154,0.005000,air_chirp,0.000000,0.000000,-0.013216,0.000000,0.000000,0.000000,-0.557089,0.003592,12634
28.608092,685567.894288,0.005000,air_chirp,0.000000,0.000000,-0.015104,0.000000,0.000000,0.000000,-0.520215,0.003176,12636
28.613093,685567.899442,0.005001,air_chirp,0.000000,0.000000,-0.016307,0.000000,0.000000,0.000000,-0.471292,0.002829,12638
28.618092,685567.904595,0.004999,air_chirp,0.000000,0.000000,-0.016761,0.000000,0.000000,0.000000,-0.355402,0.003417,12640
28.623092,685567.909747,0.005000,air_chirp,0.000000,0.000000,-0.016433,0.000000,0.000000,0.000000,-0.540979,0.003064,12642
28.628092,685567.914896,0.005001,air_chirp,0.000000,0.000000,-0.015342,0.000000,0.000000,0.000000,-0.923726,0.002696,12644
28.633092,685567.920019,0.005000,air_chirp,0.000000,0.000000,-0.013539,0.000000,0.000000,0.000000,-0.861737,0.003329,12646
28.638092,685567.925177,0.005000,air_chirp,0.000000,0.000000,-0.011096,0.000000,0.000000,0.000000,-0.531505,0.002943,12648
28.643092,685567.930303,0.005000,air_chirp,0.000000,0.000000,-0.008144,0.000000,0.000000,0.000000,-0.423634,0.003540,12650
28.648092,685567.935456,0.005000,air_chirp,0.000000,0.000000,-0.004799,0.000000,0.000000,0.000000,-0.682888,0.003113,12652
28.653092,685567.940637,0.005000,air_chirp,0.000000,0.000000,-0.001219,0.000000,0.000000,0.000000,-0.911835,0.002749,12654
28.658093,685567.945791,0.005001,air_chirp,0.000000,0.000000,0.002451,0.000000,0.000000,0.000000,-0.794490,0.003354,12656
28.663092,685567.951045,0.004999,air_chirp,0.000000,0.000000,0.006044,0.000000,0.000000,0.000000,-0.530540,0.002940,12658
28.668092,685567.956165,0.005000,air_chirp,0.000000,0.000000,0.009304,0.000000,0.000000,0.000000,-0.265800,0.003582,12660
28.673093,685567.961271,0.005000,air_chirp,0.000000,0.000000,0.012105,0.000000,0.000000,0.000000,-0.088518,0.003107,12662
28.683093,685567.966399,0.010000,air_chirp,0.000000,0.000000,0.014362,0.000000,0.000000,0.000000,-0.099258,0.003342,12666
28.688094,685567.971533,0.005002,air_chirp,0.000000,0.000000,0.015953,0.000000,0.000000,0.000000,-0.009562,0.002961,12668
28.693095,685567.976666,0.005001,air_chirp,0.000000,0.000000,0.016798,0.000000,0.000000,0.000000,-0.009218,0.002556,12670
28.698095,685567.981862,0.005000,air_chirp,0.000000,0.000000,0.016855,0.000000,0.000000,0.000000,-0.070878,0.003088,12672
28.703092,685567.987037,0.004998,air_chirp,0.000000,0.000000,0.016101,0.000000,0.000000,0.000000,-0.059658,0.002510,12674
28.708093,685567.992180,0.005000,air_chirp,0.000000,0.000000,0.014578,0.000000,0.000000,0.000000,-0.144359,0.003064,12676
28.713093,685567.997298,0.005000,air_chirp,0.000000,0.000000,0.012374,0.000000,0.000000,0.000000,-0.229901,0.002673,12678
28.718092,685568.002457,0.005000,air_chirp,0.000000,0.000000,0.009580,0.000000,0.000000,0.000000,-0.071961,0.003275,12680
28.723093,685568.007609,0.005001,air_chirp,0.000000,0.000000,0.006302,0.000000,0.000000,0.000000,0.141631,0.002875,12682
28.728092,685568.012783,0.004999,air_chirp,0.000000,0.000000,0.002716,0.000000,0.000000,0.000000,0.123959,0.003433,12684
28.733093,685568.017996,0.005000,air_chirp,0.000000,0.000000,-0.001051,0.000000,0.000000,0.000000,0.028664,0.002902,12686
28.738092,685568.023171,0.005000,air_chirp,0.000000,0.000000,-0.004732,0.000000,0.000000,0.000000,-0.219772,0.003479,12688
28.743092,685568.028306,0.005000,air_chirp,0.000000,0.000000,-0.008169,0.000000,0.000000,0.000000,-0.480261,0.003040,12690
28.748092,685568.033456,0.005000,air_chirp,0.000000,0.000000,-0.011229,0.000000,0.000000,0.000000,-0.510743,0.002617,12692
28.753092,685568.038612,0.005000,air_chirp,0.000000,0.000000,-0.013773,0.000000,0.000000,0.000000,-0.550139,0.003205,12694
28.758093,685568.043869,0.005001,air_chirp,0.000000,0.000000,-0.015676,0.000000,0.000000,0.000000,-0.625528,0.002766,12696
28.763092,685568.049114,0.004999,air_chirp,0.000000,0.000000,-0.016799,0.000000,0.000000,0.000000,-0.532975,0.003380,12698
28.768093,685568.054244,0.005001,air_chirp,0.000000,0.000000,-0.017084,0.000000,0.000000,0.000000,-0.371987,0.002954,12700
28.773093,685568.059374,0.005000,air_chirp,0.000000,0.000000,-0.016552,0.000000,0.000000,0.000000,-0.554816,0.002522,12702
28.778092,685568.064551,0.005000,air_chirp,0.000000,0.000000,-0.015220,0.000000,0.000000,0.000000,-0.968303,0.003177,12704
28.783093,685568.069696,0.005001,air_chirp,0.000000,0.000000,-0.013135,0.000000,0.000000,0.000000,-1.014146,0.002744,12706
28.788092,685568.074826,0.004999,air_chirp,0.000000,0.000000,-0.010423,0.000000,0.000000,0.000000,-0.554568,0.003392,12708
28.793093,685568.079974,0.005001,air_chirp,0.000000,0.000000,-0.007200,0.000000,0.000000,0.000000,-0.206054,0.002962,12710
28.798093,685568.085099,0.005000,air_chirp,0.000000,0.000000,-0.003642,0.000000,0.000000,0.000000,-0.466628,0.002539,12712
28.803093,685568.090201,0.005000,air_chirp,0.000000,0.000000,0.000116,0.000000,0.000000,0.000000,-0.906890,0.003152,12714
28.808093,685568.095315,0.005001,air_chirp,0.000000,0.000000,0.003849,0.000000,0.000000,0.000000,-1.012143,0.002744,12716
28.813093,685568.100452,0.004999,air_chirp,0.000000,0.000000,0.007422,0.000000,0.000000,0.000000,-0.729053,0.003349,12718
28.818093,685568.105633,0.005000,air_chirp,0.000000,0.000000,0.010649,0.000000,0.000000,0.000000,-0.208647,0.002959,12720
28.823093,685568.110747,0.005000,air_chirp,0.000000,0.000000,0.013379,0.000000,0.000000,0.000000,0.172636,0.002526,12722
28.828093,685568.115896,0.005000,air_chirp,0.000000,0.000000,0.015439,0.000000,0.000000,0.000000,0.130769,0.003141,12724
28.833092,685568.121052,0.005000,air_chirp,0.000000,0.000000,0.016758,0.000000,0.000000,0.000000,-0.055242,0.002632,12726
28.838093,685568.126158,0.005001,air_chirp,0.000000,0.000000,0.017255,0.000000,0.000000,0.000000,-0.081773,0.002831,12728
28.848093,685568.131270,0.010000,air_chirp,0.000000,0.000000,0.016912,0.000000,0.000000,0.000000,-0.119452,0.002884,12732
28.853092,685568.136370,0.005000,air_chirp,0.000000,0.000000,0.015747,0.000000,0.000000,0.000000,-0.211999,0.003450,12734
28.858093,685568.141472,0.005001,air_chirp,0.000000,0.000000,0.013820,0.000000,0.000000,0.000000,-0.228528,0.003046,12736
28.863093,685568.146604,0.004999,air_chirp,0.000000,0.000000,0.011216,0.000000,0.000000,0.000000,-0.162792,0.002604,12738
28.868092,685568.151747,0.005000,air_chirp,0.000000,0.000000,0.008037,0.000000,0.000000,0.000000,0.078642,0.003134,12740
28.873093,685568.156863,0.005000,air_chirp,0.000000,0.000000,0.004461,0.000000,0.000000,0.000000,0.282276,0.002673,12742
28.878097,685568.162016,0.005004,air_chirp,0.000000,0.000000,0.000658,0.000000,0.000000,0.000000,0.322062,0.003312,12744
28.883092,685568.167119,0.004996,air_chirp,0.000000,0.000000,-0.003186,0.000000,0.000000,0.000000,0.016741,0.002894,12746
28.888092,685568.172219,0.005000,air_chirp,0.000000,0.000000,-0.006857,0.000000,0.000000,0.000000,-0.315741,0.002395,12748
28.893092,685568.177338,0.005000,air_chirp,0.000000,0.000000,-0.010200,0.000000,0.000000,0.000000,-0.447153,0.003063,12750
28.898092,685568.182457,0.005000,air_chirp,0.000000,0.000000,-0.013065,0.000000,0.000000,0.000000,-0.631734,0.002659,12752
28.903092,685568.187569,0.005000,air_chirp,0.000000,0.000000,-0.015282,0.000000,0.000000,0.000000,-0.615190,0.003265,12754
28.908093,685568.192680,0.005001,air_chirp,0.000000,0.000000,-0.016751,0.000000,0.000000,0.000000,-0.595944,0.002911,12756
28.913093,685568.197802,0.005000,air_chirp,0.000000,0.000000,-0.017396,0.000000,0.000000,0.000000,-0.756161,0.002496,12758
28.918092,685568.202939,0.005000,air_chirp,0.000000,0.000000,-0.017180,0.000000,0.000000,0.000000,-0.831938,0.003101,12760
28.923092,685568.208071,0.005000,air_chirp,0.000000,0.000000,-0.016108,0.000000,0.000000,0.000000,-0.738064,0.002662,12762
28.928093,685568.213208,0.005000,air_chirp,0.000000,0.000000,-0.014227,0.000000,0.000000,0.000000,-0.630244,0.003329,12764
28.933092,685568.218340,0.005000,air_chirp,0.000000,0.000000,-0.011631,0.000000,0.000000,0.000000,-0.464595,0.002948,12766
28.938092,685568.223475,0.005000,air_chirp,0.000000,0.000000,-0.008448,0.000000,0.000000,0.000000,-0.463167,0.003541,12768
28.943092,685568.228610,0.005000,air_chirp,0.000000,0.000000,-0.004833,0.000000,0.000000,0.000000,-0.746881,0.003108,12770
28.948092,685568.233746,0.005000,air_chirp,0.000000,0.000000,-0.000967,0.000000,0.000000,0.000000,-0.801988,0.002733,12772
28.953093,685568.238883,0.005000,air_chirp,0.000000,0.000000,0.002955,0.000000,0.000000,0.000000,-0.726250,0.003331,12774
28.958093,685568.244013,0.005001,air_chirp,0.000000,0.000000,0.006736,0.000000,0.000000,0.000000,-0.601325,0.002958,12776
28.963092,685568.249127,0.004999,air_chirp,0.000000,0.000000,0.010177,0.000000,0.000000,0.000000,-0.322570,0.002557,12778
28.968092,685568.254227,0.005000,air_chirp,0.000000,0.000000,0.013107,0.000000,0.000000,0.000000,-0.050908,0.003151,12780
28.973093,685568.259347,0.005001,air_chirp,0.000000,0.000000,0.015380,0.000000,0.000000,0.000000,0.021687,0.002733,12782
28.978093,685568.264454,0.005000,air_chirp,0.000000,0.000000,0.016891,0.000000,0.000000,0.000000,-0.007543,0.003339,12784
28.983092,685568.269610,0.004999,air_chirp,0.000000,0.000000,0.017560,0.000000,0.000000,0.000000,0.053417,0.002886,12786
28.988093,685568.274751,0.005001,air_chirp,0.000000,0.000000,0.017334,0.000000,0.000000,0.000000,-0.019176,0.003508,12788
28.993093,685568.279865,0.005000,air_chirp,0.000000,0.000000,0.016228,0.000000,0.000000,0.000000,-0.095428,0.003074,12790
28.998092,685568.284972,0.005000,air_chirp,0.000000,0.000000,0.014302,0.000000,0.000000,0.000000,-0.158799,0.002676,12792
29.003092,685568.290046,0.005000,air_chirp,0.000000,0.000000,0.011672,0.000000,0.000000,0.000000,-0.402466,0.003228,12794
29.008093,685568.295169,0.005001,air_chirp,0.000000,0.000000,0.008428,0.000000,0.000000,0.000000,-0.323132,0.002731,12796
29.013092,685568.300275,0.004999,air_chirp,0.000000,0.000000,0.004744,0.000000,0.000000,0.000000,0.088284,0.003288,12798
29.018092,685568.305378,0.005000,air_chirp,0.000000,0.000000,0.000824,0.000000,0.000000,0.000000,0.351363,0.002799,12800
29.023093,685568.310501,0.005001,air_chirp,0.000000,0.000000,-0.003146,0.000000,0.000000,0.000000,0.306130,0.003365,12802
29.028092,685568.315651,0.004999,air_chirp,0.000000,0.000000,-0.006993,0.000000,0.000000,0.000000,-0.100723,0.002898,12804
29.033092,685568.320794,0.005000,air_chirp,0.000000,0.000000,-0.010483,0.000000,0.000000,0.000000,-0.456563,0.003457,12806
29.038093,685568.325919,0.005001,air_chirp,0.000000,0.000000,-0.013440,0.000000,0.000000,0.000000,-0.621031,0.003002,12808
29.043092,685568.331064,0.004999,air_chirp,0.000000,0.000000,-0.015706,0.000000,0.000000,0.000000,-0.654849,0.003552,12810
29.048092,685568.336151,0.005000,air_chirp,0.000000,0.000000,-0.017168,0.000000,0.000000,0.000000,-0.462505,0.003065,12812
29.053093,685568.341238,0.005000,air_chirp,0.000000,0.000000,-0.017744,0.000000,0.000000,0.000000,-0.487209,0.003615,12814
29.058093,685568.346388,0.005000,air_chirp,0.000000,0.000000,-0.017421,0.000000,0.000000,0.000000,-0.747982,0.003125,12816
29.068092,685568.351516,0.009999,air_chirp,0.000000,0.000000,-0.016187,0.000000,0.000000,0.000000,-0.891727,0.003147,12820
29.073092,685568.356648,0.005000,air_chirp,0.000000,0.000000,-0.014118,0.000000,0.000000,0.000000,-0.795637,0.002666,12822
29.078092,685568.361784,0.005000,air_chirp,0.000000,0.000000,-0.011303,0.000000,0.000000,0.000000,-0.564347,0.003223,12824
29.083092,685568.366938,0.005000,air_chirp,0.000000,0.000000,-0.007905,0.000000,0.000000,0.000000,-0.568906,0.002731,12826
29.088092,685568.372148,0.005000,air_chirp,0.000000,0.000000,-0.004058,0.000000,0.000000,0.000000,-0.892365,0.003257,12828
29.093093,685568.377292,0.005000,air_chirp,0.000000,0.000000,0.000031,0.000000,0.000000,0.000000,-1.059483,0.002744,12830
29.098092,685568.382484,0.005000,air_chirp,0.000000,0.000000,0.004095,0.000000,0.000000,0.000000,-0.928219,0.003281,12832
29.103092,685568.387634,0.005000,air_chirp,0.000000,0.000000,0.007986,0.000000,0.000000,0.000000,-0.432419,0.002785,12834
29.108093,685568.392751,0.005000,air_chirp,0.000000,0.000000,0.011416,0.000000,0.000000,0.000000,0.115799,0.003342,12836
29.113092,685568.397978,0.004999,air_chirp,0.000000,0.000000,0.014291,0.000000,0.000000,0.000000,0.243817,0.002846,12838
29.118092,685568.403158,0.005000,air_chirp,0.000000,0.000000,0.016393,0.000000,0.000000,0.000000,0.096149,0.003388,12840
29.123092,685568.408285,0.005000,air_chirp,0.000000,0.000000,0.017608,0.000000,0.000000,0.000000,0.029437,0.002900,12842
29.128093,685568.413405,0.005000,air_chirp,0.000000,0.000000,0.017902,0.000000,0.000000,0.000000,-0.017967,0.003456,12844
29.133092,685568.418582,0.005000,air_chirp,0.000000,0.000000,0.017251,0.000000,0.000000,0.000000,-0.171081,0.002985,12846
29.138092,685568.423909,0.005000,air_chirp,0.000000,0.000000,0.015612,0.000000,0.000000,0.000000,-0.225268,0.003514,12848
29.143093,685568.429072,0.005001,air_chirp,0.000000,0.000000,0.013180,0.000000,0.000000,0.000000,-0.169687,0.003072,12850
29.148093,685568.434190,0.005000,air_chirp,0.000000,0.000000,0.010030,0.000000,0.000000,0.000000,-0.227812,0.002561,12852
29.153092,685568.439308,0.004999,air_chirp,0.000000,0.000000,0.006371,0.000000,0.000000,0.000000,-0.225827,0.003111,12854
29.158092,685568.444482,0.005000,air_chirp,0.000000,0.000000,0.002348,0.000000,0.000000,0.000000,0.095184,0.002576,12856
29.163093,685568.449642,0.005000,air_chirp,0.000000,0.000000,-0.001834,0.000000,0.000000,0.000000,0.254298,0.003184,12858
29.168092,685568.454757,0.004999,air_chirp,0.000000,0.000000,-0.005891,0.000000,0.000000,0.000000,0.129718,0.002726,12860
29.173092,685568.459874,0.005000,air_chirp,0.000000,0.000000,-0.009633,0.000000,0.000000,0.000000,-0.223444,0.003354,12862
29.178093,685568.465167,0.005001,air_chirp,0.000000,0.000000,-0.012956,0.000000,0.000000,0.000000,-0.528024,0.002968,12864
29.183092,685568.470282,0.004999,air_chirp,0.000000,0.000000,-0.015507,0.000000,0.000000,0.000000,-0.645704,0.002525,12866
29.188093,685568.475415,0.005000,air_chirp,0.000000,0.000000,-0.017226,0.000000,0.000000,0.000000,-0.610797,0.003151,12868
29.193093,685568.480549,0.005000,air_chirp,0.000000,0.000000,-0.018029,0.000000,0.000000,0.000000,-0.549463,0.002748,12870
29.198092,685568.485670,0.004999,air_chirp,0.000000,0.000000,-0.017868,0.000000,0.000000,0.000000,-0.750525,0.003403,12872
29.203092,685568.490828,0.005000,air_chirp,0.000000,0.000000,-0.016750,0.000000,0.000000,0.000000,-0.848366,0.002985,12874
29.208092,685568.495917,0.005000,air_chirp,0.000000,0.000000,-0.014720,0.000000,0.000000,0.000000,-0.699268,0.002561,12876
29.213092,685568.501068,0.005000,air_chirp,0.000000,0.000000,-0.011920,0.000000,0.000000,0.000000,-0.472237,0.003152,12878
29.218092,685568.506229,0.005000,air_chirp,0.000000,0.000000,-0.008441,0.000000,0.000000,0.000000,-0.314638,0.002768,12880
29.223092,685568.511379,0.005000,air_chirp,0.000000,0.000000,-0.004486,0.000000,0.000000,0.000000,-0.491537,0.003364,12882
29.228093,685568.516507,0.005001,air_chirp,0.000000,0.000000,-0.000289,0.000000,0.000000,0.000000,-0.731781,0.003000,12884
29.238092,685568.521693,0.009999,air_chirp,0.000000,0.000000,0.003913,0.000000,0.000000,0.000000,-1.096839,0.003252,12888
29.243093,685568.526815,0.005001,air_chirp,0.000000,0.000000,0.007957,0.000000,0.000000,0.000000,-0.845940,0.002895,12890
29.248092,685568.531938,0.004999,air_chirp,0.000000,0.000000,0.011525,0.000000,0.000000,0.000000,-0.248899,0.002514,12892
29.253092,685568.537094,0.005000,air_chirp,0.000000,0.000000,0.014483,0.000000,0.000000,0.000000,0.143693,0.003118,12894
29.258093,685568.542226,0.005000,air_chirp,0.000000,0.000000,0.016664,0.000000,0.000000,0.000000,0.108230,0.002675,12896
29.263092,685568.547312,0.005000,air_chirp,0.000000,0.000000,0.017932,0.000000,0.000000,0.000000,0.100584,0.003301,12898
29.268092,685568.552463,0.005000,air_chirp,0.000000,0.000000,0.018229,0.000000,0.000000,0.000000,0.174472,0.002955,12900
29.273092,685568.557554,0.005000,air_chirp,0.000000,0.000000,0.017534,0.000000,0.000000,0.000000,-0.085059,0.003619,12902
29.278093,685568.562688,0.005001,air_chirp,0.000000,0.000000,0.015891,0.000000,0.000000,0.000000,-0.355353,0.003133,12904
29.283092,685568.567811,0.004999,air_chirp,0.000000,0.000000,0.013367,0.000000,0.000000,0.000000,-0.170981,0.002749,12906
29.288093,685568.572919,0.005000,air_chirp,0.000000,0.000000,0.010111,0.000000,0.000000,0.000000,-0.013877,0.003355,12908
29.293092,685568.578048,0.004999,air_chirp,0.000000,0.000000,0.006307,0.000000,0.000000,0.000000,0.048955,0.002935,12910
29.298093,685568.583129,0.005000,air_chirp,0.000000,0.000000,0.002143,0.000000,0.000000,0.000000,0.128725,0.003551,12912
29.303093,685568.588218,0.005000,air_chirp,0.000000,0.000000,-0.002116,0.000000,0.000000,0.000000,0.146981,0.003119,12914
29.308093,685568.593299,0.005000,air_chirp,0.000000,0.000000,-0.006275,0.000000,0.000000,0.000000,0.000428,0.002690,12916
29.313093,685568.598422,0.005000,air_chirp,0.000000,0.000000,-0.010102,0.000000,0.000000,0.000000,-0.240159,0.003351,12918
29.318094,685568.603559,0.005001,air_chirp,0.000000,0.000000,-0.013406,0.000000,0.000000,0.000000,-0.437559,0.002908,12920
29.323093,685568.608686,0.004999,air_chirp,0.000000,0.000000,-0.015985,0.000000,0.000000,0.000000,-0.483297,0.003525,12922
29.328092,685568.613808,0.004999,air_chirp,0.000000,0.000000,-0.017677,0.000000,0.000000,0.000000,-0.497255,0.003125,12924
29.333093,685568.618948,0.005000,air_chirp,0.000000,0.000000,-0.018392,0.000000,0.000000,0.000000,-0.629942,0.002692,12926
29.338092,685568.624122,0.005000,air_chirp,0.000000,0.000000,-0.018089,0.000000,0.000000,0.000000,-0.705493,0.003323,12928
29.343093,685568.629212,0.005000,air_chirp,0.000000,0.000000,-0.016764,0.000000,0.000000,0.000000,-0.756835,0.002886,12930
29.348093,685568.634360,0.005000,air_chirp,0.000000,0.000000,-0.014521,0.000000,0.000000,0.000000,-0.752580,0.003528,12932
29.353093,685568.639519,0.005001,air_chirp,0.000000,0.000000,-0.011431,0.000000,0.000000,0.000000,-0.659787,0.003123,12934
29.358093,685568.644735,0.004999,air_chirp,0.000000,0.000000,-0.007641,0.000000,0.000000,0.000000,-0.564893,0.002748,12936
29.363093,685568.649958,0.005000,air_chirp,0.000000,0.000000,-0.003412,0.000000,0.000000,0.000000,-0.611260,0.003291,12938
29.368093,685568.655200,0.005000,air_chirp,0.000000,0.000000,0.001049,0.000000,0.000000,0.000000,-0.712162,0.002902,12940
29.373093,685568.660409,0.005000,air_chirp,0.000000,0.000000,0.005440,0.000000,0.000000,0.000000,-0.877806,0.003530,12942
29.378092,685568.665684,0.004999,air_chirp,0.000000,0.000000,0.009557,0.000000,0.000000,0.000000,-1.048545,0.003107,12944
29.383093,685568.670936,0.005001,air_chirp,0.000000,0.000000,0.013113,0.000000,0.000000,0.000000,-0.985954,0.002696,12946
29.388092,685568.676228,0.004999,air_chirp,0.000000,0.000000,0.015902,0.000000,0.000000,0.000000,-0.602692,0.003298,12948
29.393093,685568.681452,0.005001,air_chirp,0.000000,0.000000,0.017748,0.000000,0.000000,0.000000,0.042366,0.002896,12950
29.403092,685568.686685,0.010000,air_chirp,0.000000,0.000000,0.018548,0.000000,0.000000,0.000000,0.332685,0.003116,12954
29.408093,685568.691922,0.005000,air_chirp,0.000000,0.000000,0.018258,0.000000,0.000000,0.000000,0.089621,0.002724,12956
29.413092,685568.697183,0.005000,air_chirp,0.000000,0.000000,0.016884,0.000000,0.000000,0.000000,-0.198636,0.003341,12958
29.418092,685568.702329,0.005000,air_chirp,0.000000,0.000000,0.014556,0.000000,0.000000,0.000000,-0.444369,0.002951,12960
29.423093,685568.707466,0.005000,air_chirp,0.000000,0.000000,0.011415,0.000000,0.000000,0.000000,-0.493713,0.003588,12962
29.428092,685568.712625,0.005000,air_chirp,0.000000,0.000000,0.007586,0.000000,0.000000,0.000000,-0.219696,0.003157,12964
29.433093,685568.717911,0.005001,air_chirp,0.000000,0.000000,0.003202,0.000000,0.000000,0.000000,0.188212,0.002733,12966
29.438093,685568.723031,0.005000,air_chirp,0.000000,0.000000,-0.001242,0.000000,0.000000,0.000000,0.297836,0.003381,12968
29.443093,685568.728152,0.005000,air_chirp,0.000000,0.000000,-0.005618,0.000000,0.000000,0.000000,0.196047,0.002958,12970
29.448094,685568.733271,0.005001,air_chirp,0.000000,0.000000,-0.009687,0.000000,0.000000,0.000000,-0.072177,0.002536,12972
29.453092,685568.738387,0.004999,air_chirp,0.000000,0.000000,-0.013207,0.000000,0.000000,0.000000,-0.370709,0.003157,12974
29.458093,685568.743605,0.005001,air_chirp,0.000000,0.000000,-0.016026,0.000000,0.000000,0.000000,-0.663029,0.002750,12976
29.463092,685568.748820,0.004999,air_chirp,0.000000,0.000000,-0.017897,0.000000,0.000000,0.000000,-0.808911,0.003342,12978
29.468093,685568.754076,0.005001,air_chirp,0.000000,0.000000,-0.018715,0.000000,0.000000,0.000000,-0.681770,0.002957,12980
29.473093,685568.759194,0.005000,air_chirp,0.000000,0.000000,-0.018425,0.000000,0.000000,0.000000,-0.551051,0.003512,12982
29.478092,685568.764311,0.004999,air_chirp,0.000000,0.000000,-0.017078,0.000000,0.000000,0.000000,-0.556394,0.003113,12984
29.483093,685568.769455,0.005000,air_chirp,0.000000,0.000000,-0.014747,0.000000,0.000000,0.000000,-0.732427,0.002691,12986
29.488092,685568.774615,0.004999,air_chirp,0.000000,0.000000,-0.011532,0.000000,0.000000,0.000000,-0.776781,0.003289,12988
29.493093,685568.779882,0.005000,air_chirp,0.000000,0.000000,-0.007553,0.000000,0.000000,0.000000,-0.690478,0.002880,12990
29.498093,685568.785141,0.005001,air_chirp,0.000000,0.000000,-0.003108,0.000000,0.000000,0.000000,-0.627920,0.003508,12992
29.503093,685568.790259,0.005000,air_chirp,0.000000,0.000000,0.001430,0.000000,0.000000,0.000000,-0.732931,0.003097,12994
29.508093,685568.795485,0.005000,air_chirp,0.000000,0.000000,0.005955,0.000000,0.000000,0.000000,-0.813700,0.002690,12996
29.513092,685568.800604,0.004999,air_chirp,0.000000,0.000000,0.010069,0.000000,0.000000,0.000000,-0.812379,0.003270,12998
29.518092,685568.805818,0.005000,air_chirp,0.000000,0.000000,0.013651,0.000000,0.000000,0.000000,-0.774530,0.002897,13000
29.523093,685568.811035,0.005000,air_chirp,0.000000,0.000000,0.016424,0.000000,0.000000,0.000000,-0.434365,0.003550,13002
29.528092,685568.816254,0.005000,air_chirp,0.000000,0.000000,0.018213,0.000000,0.000000,0.000000,0.092793,0.003138,13004
29.533093,685568.821372,0.005000,air_chirp,0.000000,0.000000,0.018900,0.000000,0.000000,0.000000,0.548348,0.002700,13006
29.538093,685568.826491,0.005000,air_chirp,0.000000,0.000000,0.018485,0.000000,0.000000,0.000000,0.564647,0.003007,13008
29.543093,685568.831646,0.005000,air_chirp,0.000000,0.000000,0.016983,0.000000,0.000000,0.000000,0.392138,0.003438,13010
29.553092,685568.836939,0.010000,air_chirp,0.000000,0.000000,0.014393,0.000000,0.000000,0.000000,-0.559857,0.003131,13014
29.558093,685568.842181,0.005001,air_chirp,0.000000,0.000000,0.010918,0.000000,0.000000,0.000000,-0.394357,0.002636,13016
29.563092,685568.847302,0.004999,air_chirp,0.000000,0.000000,0.006866,0.000000,0.000000,0.000000,-0.177465,0.002942,13018
29.568092,685568.852445,0.005000,air_chirp,0.000000,0.000000,0.002411,0.000000,0.000000,0.000000,0.060899,0.003333,13020
29.573092,685568.857559,0.005000,air_chirp,0.000000,0.000000,-0.002213,0.000000,0.000000,0.000000,0.366120,0.002780,13022
29.578092,685568.862683,0.005000,air_chirp,0.000000,0.000000,-0.006692,0.000000,0.000000,0.000000,0.340337,0.002898,13024
29.583092,685568.867904,0.005000,air_chirp,0.000000,0.000000,-0.010863,0.000000,0.000000,0.000000,0.108731,0.003044,13026
29.588092,685568.873211,0.005000,air_chirp,0.000000,0.000000,-0.014426,0.000000,0.000000,0.000000,-0.193324,0.003468,13028
29.593092,685568.878330,0.005000,air_chirp,0.000000,0.000000,-0.017015,0.000000,0.000000,0.000000,-0.573979,0.002870,13030
29.598092,685568.883480,0.005000,air_chirp,0.000000,0.000000,-0.018597,0.000000,0.000000,0.000000,-0.778545,0.003424,13032
29.603092,685568.888690,0.005000,air_chirp,0.000000,0.000000,-0.019068,0.000000,0.000000,0.000000,-0.843234,0.002956,13034
29.608093,685568.893952,0.005001,air_chirp,0.000000,0.000000,-0.018354,0.000000,0.000000,0.000000,-0.920853,0.002510,13036
29.613092,685568.899192,0.004999,air_chirp,0.000000,0.000000,-0.016498,0.000000,0.000000,0.000000,-0.694905,0.003136,13038
29.618093,685568.904307,0.005001,air_chirp,0.000000,0.000000,-0.013683,0.000000,0.000000,0.000000,-0.393060,0.002723,13040
29.623092,685568.909452,0.004999,air_chirp,0.000000,0.000000,-0.010050,0.000000,0.000000,0.000000,-0.397013,0.003344,13042
29.628093,685568.914618,0.005000,air_chirp,0.000000,0.000000,-0.005764,0.000000,0.000000,0.000000,-0.566228,0.002887,13044
29.633093,685568.919871,0.005000,air_chirp,0.000000,0.000000,-0.001041,0.000000,0.000000,0.000000,-0.730486,0.003535,13046
29.638092,685568.925140,0.004999,air_chirp,0.000000,0.000000,0.003760,0.000000,0.000000,0.000000,-0.895044,0.003117,13048
29.643093,685568.930255,0.005001,air_chirp,0.000000,0.000000,0.008242,0.000000,0.000000,0.000000,-1.025530,0.002698,13050
29.648093,685568.935373,0.005000,air_chirp,0.000000,0.000000,0.012211,0.000000,0.000000,0.000000,-0.860336,0.003313,13052
29.653092,685568.940528,0.004999,air_chirp,0.000000,0.000000,0.015470,0.000000,0.000000,0.000000,-0.675301,0.002892,13054
29.658093,685568.945780,0.005001,air_chirp,0.000000,0.000000,0.017837,0.000000,0.000000,0.000000,-0.383401,0.003543,13056
29.663092,685568.951032,0.004999,air_chirp,0.000000,0.000000,0.019071,0.000000,0.000000,0.000000,0.106081,0.003098,13058
29.668093,685568.956202,0.005000,air_chirp,0.000000,0.000000,0.019107,0.000000,0.000000,0.000000,0.474330,0.002647,13060
29.678093,685568.961318,0.010000,air_chirp,0.000000,0.000000,0.017983,0.000000,0.000000,0.000000,0.030248,0.002828,13064
29.678093,685568.966457,0.000001,air_chirp,0.000000,0.000000,0.015770,0.000000,0.000000,0.000000,0.030248,0.002828,13064
29.688092,685568.971573,0.010000,air_chirp,0.000000,0.000000,0.012583,0.000000,0.000000,0.000000,-0.515259,0.003056,13068
29.693093,685568.976689,0.005000,air_chirp,0.000000,0.000000,0.008638,0.000000,0.000000,0.000000,-0.434924,0.002617,13070
29.698093,685568.981806,0.005000,air_chirp,0.000000,0.000000,0.004162,0.000000,0.000000,0.000000,0.226872,0.003254,13072
29.703093,685568.986972,0.005000,air_chirp,0.000000,0.000000,-0.000596,0.000000,0.000000,0.000000,0.624582,0.002702,13074
29.708092,685568.992121,0.004999,air_chirp,0.000000,0.000000,-0.005313,0.000000,0.000000,0.000000,0.640104,0.003267,13076
29.713093,685568.997263,0.005001,air_chirp,0.000000,0.000000,-0.009761,0.000000,0.000000,0.000000,0.326771,0.002749,13078
29.718092,685569.002404,0.005000,air_chirp,0.000000,0.000000,-0.013584,0.000000,0.000000,0.000000,-0.012444,0.003388,13080
29.718092,685569.007514,0.000001,air_chirp,0.000000,0.000000,-0.016570,0.000000,0.000000,0.000000,-0.012444,0.003388,13080
29.728890,685569.012677,0.010797,air_chirp,0.000000,0.000000,-0.018545,0.000000,0.000000,0.000000,-0.729404,0.003988,13084
29.733547,685569.017891,0.004657,air_chirp,0.000000,0.000000,-0.019384,0.000000,0.000000,0.000000,-0.917654,0.003187,13086
29.738285,685569.023047,0.004738,air_chirp,0.000000,0.000000,-0.019000,0.000000,0.000000,0.000000,-1.024492,0.003447,13088
29.743093,685569.028184,0.004807,air_chirp,0.000000,0.000000,-0.017431,0.000000,0.000000,0.000000,-1.004406,0.002749,13090
29.748100,685569.033303,0.005007,air_chirp,0.000000,0.000000,-0.014789,0.000000,0.000000,0.000000,-0.756866,0.003391,13092
29.753092,685569.038459,0.004993,air_chirp,0.000000,0.000000,-0.011213,0.000000,0.000000,0.000000,-0.430436,0.002776,13094
29.758092,685569.043654,0.005000,air_chirp,0.000000,0.000000,-0.006900,0.000000,0.000000,0.000000,-0.178881,0.003353,13096
29.763093,685569.048823,0.005000,air_chirp,0.000000,0.000000,-0.002139,0.000000,0.000000,0.000000,-0.471863,0.002968,13098
29.768092,685569.053973,0.005000,air_chirp,0.000000,0.000000,0.002744,0.000000,0.000000,0.000000,-1.024816,0.003591,13100
29.773092,685569.059180,0.005000,air_chirp,0.000000,0.000000,0.007495,0.000000,0.000000,0.000000,-1.179481,0.003149,13102
29.778093,685569.064295,0.005001,air_chirp,0.000000,0.000000,0.011735,0.000000,0.000000,0.000000,-1.107534,0.002761,13104
29.783092,685569.069440,0.004999,air_chirp,0.000000,0.000000,0.015242,0.000000,0.000000,0.000000,-0.850802,0.003377,13106
29.788093,685569.074549,0.005001,air_chirp,0.000000,0.000000,0.017807,0.000000,0.000000,0.000000,-0.373084,0.002834,13108
29.793094,685569.079689,0.005000,air_chirp,0.000000,0.000000,0.019262,0.000000,0.000000,0.000000,0.305779,0.003476,13110
29.798092,685569.084815,0.004999,air_chirp,0.000000,0.000000,0.019515,0.000000,0.000000,0.000000,0.631136,0.003041,13112
29.803093,685569.089939,0.005001,air_chirp,0.000000,0.000000,0.018546,0.000000,0.000000,0.000000,0.369475,0.002639,13114
29.808092,685569.095108,0.005000,air_chirp,0.000000,0.000000,0.016408,0.000000,0.000000,0.000000,0.151199,0.003235,13116
29.813093,685569.100192,0.005000,air_chirp,0.000000,0.000000,0.013217,0.000000,0.000000,0.000000,-0.069814,0.002792,13118
29.818092,685569.105313,0.004999,air_chirp,0.000000,0.000000,0.009230,0.000000,0.000000,0.000000,-0.346399,0.003426,13120
29.823093,685569.110440,0.005000,air_chirp,0.000000,0.000000,0.004635,0.000000,0.000000,0.000000,-0.417351,0.003005,13122
29.828093,685569.115595,0.005001,air_chirp,0.000000,0.000000,-0.000290,0.000000,0.000000,0.000000,-0.126264,0.002590,13124
29.833092,685569.120886,0.004999,air_chirp,0.000000,0.000000,-0.005301,0.000000,0.000000,0.000000,0.160159,0.003228,13126
29.838093,685569.126167,0.005001,air_chirp,0.000000,0.000000,-0.010026,0.000000,0.000000,0.000000,0.141251,0.002758,13128
29.843092,685569.131284,0.004999,air_chirp,0.000000,0.000000,-0.013946,0.000000,0.000000,0.000000,0.204169,0.003382,13130
29.853093,685569.136402,0.010001,air_chirp,0.000000,0.000000,-0.016984,0.000000,0.000000,0.000000,-0.332247,0.003575,13134
29.858092,685569.141558,0.004999,air_chirp,0.000000,0.000000,-0.018960,0.000000,0.000000,0.000000,-0.677160,0.003150,13136
29.863093,685569.146676,0.005000,air_chirp,0.000000,0.000000,-0.019726,0.000000,0.000000,0.000000,-0.857795,0.002727,13138
29.868093,685569.151887,0.005000,air_chirp,0.000000,0.000000,-0.019219,0.000000,0.000000,0.000000,-0.943775,0.003349,13140
29.873093,685569.157131,0.005000,air_chirp,0.000000,0.000000,-0.017443,0.000000,0.000000,0.000000,-1.022306,0.002956,13142
29.878093,685569.162250,0.005000,air_chirp,0.000000,0.000000,-0.014553,0.000000,0.000000,0.000000,-0.826685,0.003596,13144
29.883093,685569.167368,0.005000,air_chirp,0.000000,0.000000,-0.010745,0.000000,0.000000,0.000000,-0.477046,0.003137,13146
29.888093,685569.172525,0.005000,air_chirp,0.000000,0.000000,-0.006220,0.000000,0.000000,0.000000,-0.310742,0.002721,13148
29.893092,685569.177641,0.004999,air_chirp,0.000000,0.000000,-0.001297,0.000000,0.000000,0.000000,-0.415716,0.003343,13150
29.898130,685569.182879,0.005038,air_chirp,0.000000,0.000000,0.003814,0.000000,0.000000,0.000000,-0.816156,0.002816,13152
29.903092,685569.188118,0.004962,air_chirp,0.000000,0.000000,0.008675,0.000000,0.000000,0.000000,-1.105252,0.003328,13154
29.908092,685569.193236,0.005000,air_chirp,0.000000,0.000000,0.012907,0.000000,0.000000,0.000000,-1.037801,0.002696,13156
29.913092,685569.198353,0.005000,air_chirp,0.000000,0.000000,0.016296,0.000000,0.000000,0.000000,-0.914356,0.003273,13158
29.918092,685569.203508,0.005000,air_chirp,0.000000,0.000000,0.018650,0.000000,0.000000,0.000000,-0.543455,0.002888,13160
29.923092,685569.208753,0.005000,air_chirp,0.000000,0.000000,0.019809,0.000000,0.000000,0.000000,-0.056806,0.003398,13162
29.928092,685569.214000,0.005000,air_chirp,0.000000,0.000000,0.019626,0.000000,0.000000,0.000000,0.280512,0.003003,13164
29.933093,685569.219187,0.005001,air_chirp,0.000000,0.000000,0.018131,0.000000,0.000000,0.000000,0.382566,0.002617,13166
29.938092,685569.224304,0.004999,air_chirp,0.000000,0.000000,0.015474,0.000000,0.000000,0.000000,0.304725,0.003254,13168
29.943092,685569.229422,0.005000,air_chirp,0.000000,0.000000,0.011810,0.000000,0.000000,0.000000,0.210517,0.002830,13170
29.948093,685569.234597,0.005000,air_chirp,0.000000,0.000000,0.007350,0.000000,0.000000,0.000000,-0.096622,0.003457,13172
29.953092,685569.239821,0.005000,air_chirp,0.000000,0.000000,0.002288,0.000000,0.000000,0.000000,-0.540944,0.003055,13174
29.958093,685569.245068,0.005001,air_chirp,0.000000,0.000000,-0.002938,0.000000,0.000000,0.000000,-0.508090,0.002588,13176
29.963092,685569.250187,0.004999,air_chirp,0.000000,0.000000,-0.007852,0.000000,0.000000,0.000000,0.049319,0.003219,13178
29.968092,685569.255305,0.005000,air_chirp,0.000000,0.000000,-0.012263,0.000000,0.000000,0.000000,0.385311,0.002784,13180
29.973092,685569.260496,0.005000,air_chirp,0.000000,0.000000,-0.015898,0.000000,0.000000,0.000000,0.299656,0.003146,13182
29.978092,685569.265654,0.005000,air_chirp,0.000000,0.000000,-0.018509,0.000000,0.000000,0.000000,0.070463,0.002683,13184
29.983092,685569.270861,0.005000,air_chirp,0.000000,0.000000,-0.019882,0.000000,0.000000,0.000000,-0.222541,0.003228,13186
29.988092,685569.276158,0.005000,air_chirp,0.000000,0.000000,-0.019893,0.000000,0.000000,0.000000,-0.660937,0.002749,13188
29.993092,685569.281276,0.005000,air_chirp,0.000000,0.000000,-0.018572,0.000000,0.000000,0.000000,-0.966404,0.003404,13190
29.998093,685569.286395,0.005001,air_chirp,0.000000,0.000000,-0.016030,0.000000,0.000000,0.000000,-0.878343,0.003075,13192
30.003093,685569.291673,0.005000,rest,0.000000,0.000000,0.000000,0.000000,0.000000,0.000000,-0.678918,0.002576,13194
30.013093,685569.296891,0.010000,rest,0.000000,0.000000,0.000000,0.000000,0.000000,0.000000,-0.773077,0.002756,13198
30.018092,685569.302133,0.005000,rest,0.000000,0.000000,0.000000,0.000000,0.000000,0.000000,-0.635026,0.003358,13200
30.023093,685569.307234,0.005000,rest,0.000000,0.000000,0.000000,0.000000,0.000000,0.000000,-0.480031,0.002963,13202
30.028093,685569.312370,0.005000,rest,0.000000,0.000000,0.000000,0.000000,0.000000,0.000000,-0.703193,0.002530,13204
30.033093,685569.317493,0.005000,rest,0.000000,0.000000,0.000000,0.000000,0.000000,0.000000,-0.946262,0.003173,13206
30.038093,685569.322610,0.005000,rest,0.000000,0.000000,0.000000,0.000000,0.000000,0.000000,-0.988856,0.002730,13208
30.043092,685569.327724,0.004999,rest,0.000000,0.000000,0.000000,0.000000,0.000000,0.000000,-0.868298,0.003358,13210
30.048092,685569.332841,0.005000,rest,0.000000,0.000000,0.000000,0.000000,0.000000,0.000000,-0.524054,0.003009,13212
30.053093,685569.337957,0.005000,rest,0.000000,0.000000,0.000000,0.000000,0.000000,0.000000,-0.044391,0.002536,13214
30.058093,685569.343071,0.005000,rest,0.000000,0.000000,0.000000,0.000000,0.000000,0.000000,0.350133,0.003154,13216
30.063093,685569.348144,0.005000,rest,0.000000,0.000000,0.000000,0.000000,0.000000,0.000000,0.479637,0.002740,13218
30.068092,685569.353258,0.005000,rest,0.000000,0.000000,0.000000,0.000000,0.000000,0.000000,0.306179,0.003326,13220
30.073093,685569.358373,0.005000,rest,0.000000,0.000000,0.000000,0.000000,0.000000,0.000000,-0.272445,0.002869,13222
30.078094,685569.363490,0.005001,rest,0.000000,0.000000,0.000000,0.000000,0.000000,0.000000,-0.665291,0.002458,13224
30.083092,685569.368566,0.004999,rest,0.000000,0.000000,0.000000,0.000000,0.000000,0.000000,-0.674410,0.003049,13226
30.088092,685569.373710,0.005000,rest,0.000000,0.000000,0.000000,0.000000,0.000000,0.000000,-0.320400,0.002550,13228
30.093092,685569.378809,0.005000,rest,0.000000,0.000000,0.000000,0.000000,0.000000,0.000000,-0.050339,0.003051,13230
30.098093,685569.383923,0.005000,rest,0.000000,0.000000,0.000000,0.000000,0.000000,0.000000,-0.146445,0.002611,13232
30.103092,685569.389051,0.005000,rest,0.000000,0.000000,0.000000,0.000000,0.000000,0.000000,-0.307015,0.003173,13234
30.108092,685569.394178,0.005000,rest,0.000000,0.000000,0.000000,0.000000,0.000000,0.000000,-0.516992,0.002732,13236
30.113092,685569.399286,0.005000,rest,0.000000,0.000000,0.000000,0.000000,0.000000,0.000000,-0.576912,0.003331,13238
30.118092,685569.404417,0.005000,rest,0.000000,0.000000,0.000000,0.000000,0.000000,0.000000,-0.446770,0.002906,13240
30.123092,685569.409500,0.005000,rest,0.000000,0.000000,0.000000,0.000000,0.000000,0.000000,-0.258361,0.002468,13242
30.128092,685569.414620,0.005000,rest,0.000000,0.000000,0.000000,0.000000,0.000000,0.000000,-0.235731,0.003070,13244
30.133092,685569.419741,0.005000,rest,0.000000,0.000000,0.000000,0.000000,0.000000,0.000000,-0.302843,0.002705,13246
30.138092,685569.424823,0.005000,rest,0.000000,0.000000,0.000000,0.000000,0.000000,0.000000,-0.257013,0.003327,13248
30.143092,685569.429906,0.005000,rest,0.000000,0.000000,0.000000,0.000000,0.000000,0.000000,-0.175876,0.002953,13250
30.148092,685569.434987,0.005000,rest,0.000000,0.000000,0.000000,0.000000,0.000000,0.000000,-0.221871,0.002475,13252
30.153092,685569.440022,0.005000,rest,0.000000,0.000000,0.000000,0.000000,0.000000,0.000000,-0.250141,0.003061,13254
30.158092,685569.445102,0.005000,rest,0.000000,0.000000,0.000000,0.000000,0.000000,0.000000,-0.226094,0.002574,13256
30.163092,685569.450184,0.005000,rest,0.000000,0.000000,0.000000,0.000000,0.000000,0.000000,-0.343407,0.003139,13258
30.168092,685569.455271,0.005000,rest,0.000000,0.000000,0.000000,0.000000,0.000000,0.000000,-0.435764,0.002680,13260
30.173092,685569.460391,0.005000,rest,0.000000,0.000000,0.000000,0.000000,0.000000,0.000000,-0.350397,0.003181,13262
30.178093,685569.465481,0.005001,rest,0.000000,0.000000,0.000000,0.000000,0.000000,0.000000,-0.359320,0.002744,13264
30.183093,685569.470566,0.005000,rest,0.000000,0.000000,0.000000,0.000000,0.000000,0.000000,-0.494419,0.003352,13266
30.188093,685569.475649,0.005000,rest,0.000000,0.000000,0.000000,0.000000,0.000000,0.000000,-0.469715,0.002936,13268
30.193094,685569.480729,0.005001,rest,0.000000,0.000000,0.000000,0.000000,0.000000,0.000000,-0.380901,0.002522,13270
30.198093,685569.485810,0.004999,rest,0.000000,0.000000,0.000000,0.000000,0.000000,0.000000,-0.379811,0.003128,13272
30.203093,685569.490922,0.005000,rest,0.000000,0.000000,0.000000,0.000000,0.000000,0.000000,-0.404638,0.002697,13274
30.208093,685569.496051,0.005000,rest,0.000000,0.000000,0.000000,0.000000,0.000000,0.000000,-0.384532,0.003322,13276
30.213093,685569.501145,0.005000,rest,0.000000,0.000000,0.000000,0.000000,0.000000,0.000000,-0.313040,0.002898,13278
30.223093,685569.506284,0.010000,rest,0.000000,0.000000,0.000000,0.000000,0.000000,0.000000,-0.320890,0.003128,13282
30.228094,685569.511402,0.005001,rest,0.000000,0.000000,0.000000,0.000000,0.000000,0.000000,-0.226112,0.002680,13284
30.233092,685569.516547,0.004999,rest,0.000000,0.000000,0.000000,0.000000,0.000000,0.000000,-0.185533,0.003290,13286
30.238092,685569.521684,0.005000,rest,0.000000,0.000000,0.000000,0.000000,0.000000,0.000000,-0.185435,0.002898,13288
30.238092,685569.526937,0.000001,rest,0.000000,0.000000,0.000000,0.000000,0.000000,0.000000,-0.185435,0.002898,13288
30.243092,685569.532153,0.005000,rest,0.000000,0.000000,0.000000,0.000000,0.000000,0.000000,-0.258290,0.003216,13290
30.248725,685569.537382,0.005633,rest,0.000000,0.000000,0.000000,0.000000,0.000000,0.000000,-0.405618,0.003317,13292
30.258733,685569.542585,0.010008,rest,0.000000,0.000000,0.000000,0.000000,0.000000,0.000000,-0.343606,0.002712,13296
30.263092,685569.547777,0.004359,rest,0.000000,0.000000,0.000000,0.000000,0.000000,0.000000,-0.449577,0.001489,13298
30.268093,685569.552983,0.005000,rest,0.000000,0.000000,0.000000,0.000000,0.000000,0.000000,-0.458107,0.001964,13300
30.273093,685569.558219,0.005000,rest,0.000000,0.000000,0.000000,0.000000,0.000000,0.000000,-0.474835,0.002454,13302
30.278092,685569.563470,0.005000,rest,0.000000,0.000000,0.000000,0.000000,0.000000,0.000000,-0.475894,0.002026,13304
30.283093,685569.568706,0.005000,rest,0.000000,0.000000,0.000000,0.000000,0.000000,0.000000,-0.375872,0.001583,13306
30.288093,685569.573967,0.005000,rest,0.000000,0.000000,0.000000,0.000000,0.000000,0.000000,-0.284946,0.002153,13308
30.293093,685569.579163,0.005000,rest,0.000000,0.000000,0.000000,0.000000,0.000000,0.000000,-0.284366,0.001708,13310
30.298092,685569.584367,0.005000,rest,0.000000,0.000000,0.000000,0.000000,0.000000,0.000000,-0.312088,0.002281,13312
30.303093,685569.589515,0.005001,rest,0.000000,0.000000,0.000000,0.000000,0.000000,0.000000,-0.270098,0.001833,13314
30.308093,685569.594651,0.005000,seek,0.000000,0.000000,0.008000,0.000000,0.000000,0.000000,-0.280057,0.002440,13316
30.313093,685569.599850,0.005000,seek,0.000000,0.000000,0.008000,0.000000,0.000000,0.000000,-0.281865,0.002000,13318
30.318093,685569.604996,0.005000,seek,0.000000,0.000000,0.008000,0.000000,0.000000,0.000000,-0.262764,0.001487,13320
30.323092,685569.610170,0.005000,seek,0.000000,0.000000,0.008000,0.000000,0.000000,0.000000,-0.344915,0.002117,13322
30.328093,685569.615277,0.005000,seek,0.000000,0.000000,0.008000,0.000000,0.000000,0.000000,-0.329044,0.001682,13324
30.333093,685569.620385,0.005000,seek,0.000000,0.000000,0.008000,0.000000,0.000000,0.000000,-0.294783,0.002283,13326
30.338092,685569.625527,0.005000,seek,0.000000,0.000000,0.008000,0.000000,0.000000,0.000000,-0.391148,0.001820,13328
30.343093,685569.630762,0.005000,seek,0.000000,0.000000,0.008000,0.000000,0.000000,0.000000,-0.402721,0.002315,13330
30.348092,685569.635984,0.005000,seek,0.000000,0.000000,0.008000,0.000000,0.000000,0.000000,-0.368605,0.001853,13332
30.353092,685569.641207,0.005000,seek,0.000000,0.000000,0.008000,0.000000,0.000000,0.000000,-0.218859,0.002447,13334
30.363092,685569.646315,0.010000,seek,0.000000,0.000000,0.008000,0.000000,0.000000,0.000000,0.101493,0.001504,13338
30.368092,685569.651617,0.005000,seek,0.000000,0.000000,0.008000,0.000000,0.000000,0.000000,0.097846,0.001965,13340
30.373092,685569.656721,0.005000,seek,0.000000,0.000000,0.008000,0.000000,0.000000,0.000000,-0.194892,0.002403,13342
30.378093,685569.661974,0.005000,seek,0.000000,0.000000,0.008000,0.000000,0.000000,0.000000,-0.523467,0.001848,13344
30.383093,685569.667219,0.005000,seek,0.000000,0.000000,0.008000,0.000000,0.000000,0.000000,-0.719863,0.002214,13346
30.388093,685569.672348,0.005000,seek,0.000000,0.000000,0.008000,0.000000,0.000000,0.000000,-0.637809,0.001714,13348
30.393093,685569.677518,0.005000,seek,0.000000,0.000000,0.008000,0.000000,0.000000,0.000000,-0.447461,0.002159,13350
30.398092,685569.682647,0.004999,seek,0.000000,0.000000,0.008000,0.000000,0.000000,0.000000,-0.261217,0.001722,13352
30.403093,685569.687760,0.005001,seek,0.000000,0.000000,0.008000,0.000000,0.000000,0.000000,-0.147882,0.002248,13354
30.408092,685569.692840,0.004999,seek,0.000000,0.000000,0.008000,0.000000,0.000000,0.000000,-0.067911,0.001790,13356
30.413092,685569.697982,0.005000,seek,0.000000,0.000000,0.008000,0.000000,0.000000,0.000000,-0.104900,0.002398,13358
30.418092,685569.703060,0.005000,seek,0.000000,0.000000,0.008000,0.000000,0.000000,0.000000,-0.336211,0.002017,13360
30.423092,685569.708156,0.005000,seek,0.000000,0.000000,0.008000,0.000000,0.000000,0.000000,-0.383942,0.001590,13362
30.428092,685569.713253,0.005000,seek,0.000000,0.000000,0.008000,0.000000,0.000000,0.000000,-0.423705,0.002226,13364
30.433093,685569.718345,0.005000,seek,0.000000,0.000000,0.008000,0.000000,0.000000,0.000000,-0.542794,0.001764,13366
30.438092,685569.723485,0.005000,seek,0.000000,0.000000,0.008000,0.000000,0.000000,0.000000,-0.483743,0.002335,13368
30.443093,685569.728610,0.005000,seek,0.000000,0.000000,0.008000,0.000000,0.000000,0.000000,-0.412254,0.001940,13370
30.448092,685569.733729,0.005000,seek,0.000000,0.000000,0.008000,0.000000,0.000000,0.000000,-0.368782,0.002523,13372
30.453092,685569.738854,0.005000,seek,0.000000,0.000000,0.008000,0.000000,0.000000,0.000000,-0.324115,0.002042,13374
30.458092,685569.743987,0.005000,seek,0.000000,0.000000,0.008000,0.000000,0.000000,0.000000,-0.326840,0.001584,13376
30.463093,685569.749098,0.005001,seek,0.000000,0.000000,0.008000,0.000000,0.000000,0.000000,-0.371811,0.002188,13378
30.468093,685569.754245,0.005000,seek,0.000000,0.000000,0.008000,0.000000,0.000000,0.000000,-0.359371,0.001687,13380
30.473092,685569.759323,0.005000,seek,0.000000,0.000000,0.008000,0.000000,0.000000,0.000000,-0.312695,0.002254,13382
30.478092,685569.764612,0.005000,seek,0.000000,0.000000,0.008000,0.000000,0.000000,0.000000,-0.378412,0.001842,13384
30.483093,685569.769814,0.005001,seek,0.000000,0.000000,0.008000,0.000000,0.000000,0.000000,-0.459627,0.002442,13386
30.488093,685569.774955,0.004999,seek,0.000000,0.000000,0.008000,0.000000,0.000000,0.000000,-0.364040,0.002001,13388
30.493093,685569.780180,0.005000,seek,0.000000,0.000000,0.008000,0.000000,0.000000,0.000000,-0.254538,0.001562,13390
30.498093,685569.785287,0.005000,seek,0.000000,0.000000,0.008000,0.000000,0.000000,0.000000,-0.279354,0.002210,13392
30.503093,685569.790577,0.005000,seek,0.000000,0.000000,0.008000,0.000000,0.000000,0.000000,-0.241710,0.001687,13394
30.508093,685569.795778,0.005000,seek,0.000000,0.000000,0.008000,0.000000,0.000000,0.000000,-0.240426,0.002343,13396
30.513093,685569.801010,0.005000,seek,0.000000,0.000000,0.008000,0.000000,0.000000,0.000000,-0.374306,0.001967,13398
30.518093,685569.806116,0.005000,seek,0.000000,0.000000,0.008000,0.000000,0.000000,0.000000,-0.417413,0.001521,13400
30.523093,685569.811221,0.005000,seek,0.000000,0.000000,0.008000,0.000000,0.000000,0.000000,-0.319826,0.002187,13402
30.533093,685569.816320,0.010000,seek,0.000000,0.000000,0.008000,0.000000,0.000000,0.000000,-0.309228,0.002337,13406
30.538092,685569.821487,0.004999,seek,0.000000,0.000000,0.008000,0.000000,0.000000,0.000000,-0.396005,0.001961,13408
30.543093,685569.826637,0.005000,seek,0.000000,0.000000,0.008000,0.000000,0.000000,0.000000,-0.441062,0.002507,13410
30.548093,685569.831810,0.005000,seek,0.000000,0.000000,0.008000,0.000000,0.000000,0.000000,-0.363507,0.002076,13412
30.553092,685569.836945,0.004999,seek,0.000000,0.000000,0.008000,0.000000,0.000000,0.000000,-0.382766,0.001668,13414
30.558093,685569.842172,0.005000,seek,0.000000,0.000000,0.008000,0.000000,0.000000,0.000000,-0.439925,0.002272,13416
30.563093,685569.847315,0.005000,seek,0.000000,0.000000,0.008000,0.000000,0.000000,0.000000,-0.374937,0.001734,13418
30.568093,685569.852445,0.005000,seek,0.000000,0.000000,0.008000,0.000000,0.000000,0.000000,-0.229132,0.002314,13420
30.573092,685569.857740,0.005000,seek,0.000000,0.000000,0.008000,0.000000,0.000000,0.000000,-0.219513,0.001903,13422
30.578092,685569.862950,0.005000,seek,0.000000,0.000000,0.008000,0.000000,0.000000,0.000000,-0.278131,0.002497,13424
30.583093,685569.868180,0.005000,seek,0.000000,0.000000,0.008000,0.000000,0.000000,0.000000,-0.326503,0.002059,13426
30.588092,685569.873283,0.005000,seek,0.000000,0.000000,0.008000,0.000000,0.000000,0.000000,-0.372390,0.001605,13428
30.593093,685569.878429,0.005001,seek,0.000000,0.000000,0.008000,0.000000,0.000000,0.000000,-0.359181,0.001925,13430
30.598092,685569.883546,0.004999,seek,0.000000,0.000000,0.008000,0.000000,0.000000,0.000000,-0.374150,0.002423,13432
30.603092,685569.888670,0.005000,seek,0.000000,0.000000,0.008000,0.000000,0.000000,0.000000,-0.349021,0.001932,13434
30.608093,685569.893789,0.005001,seek,0.000000,0.000000,0.008000,0.000000,0.000000,0.000000,-0.300042,0.002474,13436
30.613093,685569.898911,0.005000,seek,0.000000,0.000000,0.008000,0.000000,0.000000,0.000000,-0.370470,0.002051,13438
30.618092,685569.904030,0.004999,seek,0.000000,0.000000,0.008000,0.000000,0.000000,0.000000,-0.446469,0.001636,13440
30.623092,685569.909116,0.005000,seek,0.000000,0.000000,0.008000,0.000000,0.000000,0.000000,-0.418849,0.002148,13442
30.628092,685569.914198,0.005000,seek,0.000000,0.000000,0.008000,0.000000,0.000000,0.000000,-0.408060,0.001619,13444
30.633092,685569.919276,0.005000,seek,0.000000,0.000000,0.008000,0.000000,0.000000,0.000000,-0.453099,0.002229,13446
30.638093,685569.924395,0.005001,seek,0.000000,0.000000,0.008000,0.000000,0.000000,0.000000,-0.419295,0.001728,13448
30.643092,685569.929520,0.004999,seek,0.000000,0.000000,0.008000,0.000000,0.000000,0.000000,-0.337913,0.002259,13450
30.648092,685569.934649,0.005000,seek,0.000000,0.000000,0.008000,0.000000,0.000000,0.000000,-0.317857,0.001826,13452
30.653092,685569.939728,0.005000,seek,0.000000,0.000000,0.008000,0.000000,0.000000,0.000000,-0.284428,0.002401,13454
30.658092,685569.944987,0.005000,seek,0.000000,0.000000,0.008000,0.000000,0.000000,0.000000,-0.247807,0.002001,13456
30.663093,685569.950187,0.005001,seek,0.000000,0.000000,0.008000,0.000000,0.000000,0.000000,-0.307847,0.001566,13458
30.668092,685569.955294,0.004999,seek,0.000000,0.000000,0.008000,0.000000,0.000000,0.000000,-0.374104,0.002142,13460
30.673092,685569.960400,0.005000,seek,0.000000,0.000000,0.008000,0.000000,0.000000,0.000000,-0.350769,0.001584,13462
30.678092,685569.965540,0.005000,seek,0.000000,0.000000,0.008000,0.000000,0.000000,0.000000,-0.355727,0.002156,13464
30.683092,685569.970766,0.005000,seek,0.000000,0.000000,0.008000,0.000000,0.000000,0.000000,-0.416774,0.001738,13466
30.688092,685569.975870,0.005000,seek,0.000000,0.000000,0.008000,0.000000,0.000000,0.000000,-0.363741,0.002261,13468
30.693092,685569.981140,0.005000,seek,0.000000,0.000000,0.008000,0.000000,0.000000,0.000000,-0.302686,0.001769,13470
30.703093,685569.986255,0.010000,seek,0.000000,0.000000,0.008000,0.000000,0.000000,0.000000,-0.373381,0.001944,13474
30.708093,685569.991361,0.005000,seek,0.000000,0.000000,0.008000,0.000000,0.000000,0.000000,-0.401184,0.002485,13476
30.713092,685569.996515,0.005000,seek,0.000000,0.000000,0.008000,0.000000,0.000000,0.000000,-0.332484,0.002023,13478
30.718094,685570.001707,0.005002,seek,0.000000,0.000000,0.008000,0.000000,0.000000,0.000000,-0.380351,0.001596,13480
30.723093,685570.006796,0.004998,seek,0.000000,0.000000,0.008000,0.000000,0.000000,0.000000,-0.438414,0.002114,13482
30.728093,685570.011932,0.005000,seek,0.000000,0.000000,0.008000,0.000000,0.000000,0.000000,-0.425237,0.001689,13484
30.733093,685570.017087,0.005000,seek,0.000000,0.000000,0.008000,0.000000,0.000000,0.000000,-0.495785,0.002293,13486
30.738092,685570.022172,0.004999,seek,0.000000,0.000000,0.008000,0.000000,0.000000,0.000000,-0.528049,0.001883,13488
30.743093,685570.027257,0.005001,seek,0.000000,0.000000,0.008000,0.000000,0.000000,0.000000,-0.492150,0.001430,13490
30.748094,685570.032371,0.005000,seek,0.000000,0.000000,0.008000,0.000000,0.000000,0.000000,-0.355344,0.002069,13492
30.753093,685570.037503,0.004999,seek,0.000000,0.000000,0.008000,0.000000,0.000000,0.000000,-0.252529,0.001656,13494
30.758092,685570.042619,0.004999,seek,0.000000,0.000000,0.008000,0.000000,0.000000,0.000000,-0.375344,0.002258,13496
30.763092,685570.047739,0.005000,seek,0.000000,0.000000,0.008000,0.000000,0.000000,0.000000,-0.448778,0.001891,13498
30.768094,685570.052861,0.005001,seek,0.000000,0.000000,0.008000,0.000000,0.000000,0.000000,-0.410900,0.002459,13500
30.773093,685570.057988,0.005000,seek,0.000000,0.000000,0.008000,0.000000,0.000000,0.000000,-0.396641,0.002044,13502
30.778093,685570.063139,0.005000,seek,0.000000,0.000000,0.008000,0.000000,0.000000,0.000000,-0.384241,0.001658,13504
30.783095,685570.068223,0.005002,seek,0.000000,0.000000,0.008000,0.000000,0.000000,0.000000,-0.431493,0.002255,13506
30.788094,685570.073317,0.004998,seek,0.000000,0.000000,0.008000,0.000000,0.000000,0.000000,-0.417628,0.001832,13508
30.793094,685570.078528,0.005000,seek,0.000000,0.000000,0.008000,0.000000,0.000000,0.000000,-0.347386,0.002402,13510
30.798094,685570.083682,0.005000,seek,0.000000,0.000000,0.008000,0.000000,0.000000,0.000000,-0.273602,0.001807,13512
30.803093,685570.088813,0.004999,seek,0.000000,0.000000,0.008000,0.000000,0.000000,0.000000,-0.226838,0.002321,13514
30.808093,685570.093943,0.005001,seek,0.000000,0.000000,0.008000,0.000000,0.000000,0.000000,-0.275566,0.001754,13516
30.813093,685570.099023,0.005000,seek,0.000000,0.000000,0.008000,0.000000,0.000000,0.000000,-0.330985,0.002276,13518
30.818093,685570.104143,0.005000,seek,0.000000,0.000000,0.008000,0.000000,0.000000,0.000000,-0.348709,0.001785,13520
30.823093,685570.109255,0.004999,seek,0.000000,0.000000,0.008000,0.000000,0.000000,0.000000,-0.360783,0.002324,13522
30.828094,685570.114398,0.005001,seek,0.000000,0.000000,0.008000,0.000000,0.000000,0.000000,-0.408967,0.001896,13524
30.833093,685570.119555,0.004999,seek,0.000000,0.000000,0.008000,0.000000,0.000000,0.000000,-0.395531,0.002501,13526
30.838092,685570.124749,0.005000,seek,0.000000,0.000000,0.008000,0.000000,0.000000,0.000000,-0.332976,0.002044,13528
30.843092,685570.129854,0.005000,seek,0.000000,0.000000,0.008000,0.000000,0.000000,0.000000,-0.357570,0.002507,13530
30.848092,685570.134992,0.005000,seek,0.000000,0.000000,0.008000,0.000000,0.000000,0.000000,-0.378127,0.001827,13532
30.853093,685570.140103,0.005001,seek,0.000000,0.000000,0.008000,0.000000,0.000000,0.000000,-0.367262,0.002377,13534
30.858092,685570.145191,0.004999,seek,0.000000,0.000000,0.008000,0.000000,0.000000,0.000000,-0.357249,0.001945,13536
30.863092,685570.150286,0.005000,seek,0.000000,0.000000,0.008000,0.000000,0.000000,0.000000,-0.308956,0.002394,13538
30.868092,685570.155425,0.005000,seek,0.000000,0.000000,0.008000,0.000000,0.000000,0.000000,-0.304722,0.001798,13540
30.873092,685570.160543,0.005000,seek,0.000000,0.000000,0.008000,0.000000,0.000000,0.000000,-0.345961,0.002228,13542
30.878092,685570.165649,0.005000,seek,0.000000,0.000000,0.008000,0.000000,0.000000,0.000000,-0.454823,0.001763,13544
30.883092,685570.170779,0.005000,seek,0.000000,0.000000,0.008000,0.000000,0.000000,0.000000,-0.539503,0.002322,13546
30.888092,685570.175902,0.005000,seek,0.000000,0.000000,0.008000,0.000000,0.000000,0.000000,-0.504497,0.001900,13548
30.893093,685570.181054,0.005001,seek,0.000000,0.000000,0.008000,0.000000,0.000000,0.000000,-0.439647,0.002371,13550
30.898092,685570.186166,0.005000,seek,0.000000,0.000000,0.008000,0.000000,0.000000,0.000000,-0.358067,0.001815,13552
30.903092,685570.191251,0.005000,seek,0.000000,0.000000,0.008000,0.000000,0.000000,0.000000,-0.287228,0.002239,13554
30.913092,685570.196416,0.010000,seek,0.000000,0.000000,0.008000,0.000000,0.000000,0.000000,-0.326193,0.001951,13558
30.918092,685570.201654,0.005000,seek,0.000000,0.000000,0.008000,0.000000,0.000000,0.000000,-0.333358,0.002347,13560
30.923092,685570.206780,0.005000,seek,0.000000,0.000000,0.008000,0.000000,0.000000,0.000000,-0.385771,0.001757,13562
30.928092,685570.211951,0.005000,seek,0.000000,0.000000,0.008000,0.000000,0.000000,0.000000,-0.455679,0.001819,13564
30.933092,685570.217026,0.005000,seek,0.000000,0.000000,0.008000,0.000000,0.000000,0.000000,-0.460408,0.001970,13566
30.938092,685570.222165,0.005000,seek,0.000000,0.000000,0.008000,0.000000,0.000000,0.000000,-0.383445,0.002359,13568
30.943092,685570.227282,0.005000,seek,0.000000,0.000000,0.008000,0.000000,0.000000,0.000000,-0.298359,0.001761,13570
30.948092,685570.232390,0.005000,seek,0.000000,0.000000,0.008000,0.000000,0.000000,0.000000,-0.290694,0.001943,13572
30.953093,685570.237536,0.005000,seek,0.000000,0.000000,0.008000,0.000000,0.000000,0.000000,-0.277487,0.002387,13574
30.958092,685570.242641,0.005000,seek,0.000000,0.000000,0.008000,0.000000,0.000000,0.000000,-0.272839,0.001713,13576
30.963092,685570.247868,0.005000,seek,0.000000,0.000000,0.008000,0.000000,0.000000,0.000000,-0.301136,0.001977,13578
30.968092,685570.252972,0.005000,seek,0.000000,0.000000,0.008000,0.000000,0.000000,0.000000,-0.345616,0.002334,13580
30.973104,685570.258103,0.005011,seek,0.000000,0.000000,0.008000,0.000000,0.000000,0.000000,-0.420506,0.001846,13582
30.978093,685570.263191,0.004989,seek,0.000000,0.000000,0.008000,0.000000,0.000000,0.000000,-0.425798,0.001849,13584
30.983093,685570.268314,0.005000,seek,0.000000,0.000000,0.008000,0.000000,0.000000,0.000000,-0.380234,0.002382,13586
30.988093,685570.273423,0.005000,seek,0.000000,0.000000,0.008000,0.000000,0.000000,0.000000,-0.360810,0.001856,13588
30.993093,685570.278529,0.005000,seek,0.000000,0.000000,0.008000,0.000000,0.000000,0.000000,-0.317155,0.001377,13590
30.998092,685570.283661,0.004999,seek,0.000000,0.000000,0.008000,0.000000,0.000000,0.000000,-0.330703,0.001942,13592
31.003097,685570.288794,0.005004,seek,0.000000,0.000000,0.008000,0.000000,0.000000,0.000000,-0.414680,0.001525,13594
31.008093,685570.293931,0.004996,seek,0.000000,0.000000,0.008000,0.000000,0.000000,0.000000,-0.392002,0.002129,13596
31.013092,685570.299084,0.005000,seek,0.000000,0.000000,0.008000,0.000000,0.000000,0.000000,-0.314183,0.001715,13598
31.018092,685570.304172,0.005000,seek,0.000000,0.000000,0.008000,0.000000,0.000000,0.000000,-0.327939,0.002274,13600
31.023093,685570.309267,0.005000,seek,0.000000,0.000000,0.008000,0.000000,0.000000,0.000000,-0.389890,0.001852,13602
31.028093,685570.314354,0.005000,seek,0.000000,0.000000,0.008000,0.000000,0.000000,0.000000,-0.417799,0.002405,13604
31.033092,685570.319491,0.005000,seek,0.000000,0.000000,0.008000,0.000000,0.000000,0.000000,-0.369589,0.001948,13606
31.038093,685570.324594,0.005000,seek,0.000000,0.000000,0.008000,0.000000,0.000000,0.000000,-0.319845,0.001482,13608
31.043092,685570.329760,0.005000,seek,0.000000,0.000000,0.008000,0.000000,0.000000,0.000000,-0.302341,0.002048,13610
31.048092,685570.334886,0.005000,seek,0.000000,0.000000,0.008000,0.000000,0.000000,0.000000,-0.297904,0.001602,13612
31.053092,685570.340030,0.005000,seek,0.000000,0.000000,0.008000,0.000000,0.000000,0.000000,-0.313701,0.002001,13614
31.058094,685570.345125,0.005002,seek,0.000000,0.000000,0.008000,0.000000,0.000000,0.000000,-0.386549,0.001231,13616
31.063093,685570.350295,0.004999,seek,0.000000,0.000000,0.008000,0.000000,0.000000,0.000000,-0.463888,0.001852,13618
31.068092,685570.355377,0.004999,seek,0.000000,0.000000,0.008000,0.000000,0.000000,0.000000,-0.491241,0.002412,13620
31.073092,685570.360461,0.005000,seek,0.000000,0.000000,0.008000,0.000000,0.000000,0.000000,-0.461163,0.001954,13622
31.078092,685570.365585,0.005000,seek,0.000000,0.000000,0.008000,0.000000,0.000000,0.000000,-0.390668,0.001458,13624
31.083093,685570.370731,0.005000,seek,0.000000,0.000000,0.008000,0.000000,0.000000,0.000000,-0.374247,0.002024,13626
31.088093,685570.375816,0.005001,seek,0.000000,0.000000,0.008000,0.000000,0.000000,0.000000,-0.321817,0.001585,13628
31.093092,685570.380906,0.004999,seek,0.000000,0.000000,0.008000,0.000000,0.000000,0.000000,-0.292764,0.002165,13630
31.098092,685570.386111,0.005000,seek,0.000000,0.000000,0.008000,0.000000,0.000000,0.000000,-0.351202,0.001680,13632
31.108092,685570.391208,0.010000,seek,0.000000,0.000000,0.008000,0.000000,0.000000,0.000000,-0.387325,0.001845,13636
31.113092,685570.396335,0.005000,seek,0.000000,0.000000,0.008000,0.000000,0.000000,0.000000,-0.419236,0.002386,13638
31.118092,685570.401421,0.005000,seek,0.000000,0.000000,0.008000,0.000000,0.000000,0.000000,-0.392423,0.001922,13640
31.123092,685570.406515,0.005000,seek,0.000000,0.000000,0.008000,0.000000,0.000000,0.000000,-0.311330,0.001496,13642
31.128092,685570.411649,0.005000,seek,0.000000,0.000000,0.008000,0.000000,0.000000,0.000000,-0.324457,0.002018,13644
31.133093,685570.416784,0.005001,seek,0.000000,0.000000,0.008000,0.000000,0.000000,0.000000,-0.349630,0.001588,13646
31.138092,685570.421877,0.005000,seek,0.000000,0.000000,0.008000,0.000000,0.000000,0.000000,-0.320397,0.002230,13648
31.143093,685570.427050,0.005001,seek,0.000000,0.000000,0.008000,0.000000,0.000000,0.000000,-0.265195,0.001760,13650
31.148092,685570.432251,0.004999,seek,0.000000,0.000000,0.008000,0.000000,0.000000,0.000000,-0.292369,0.002406,13652
31.153092,685570.437389,0.005000,seek,0.000000,0.000000,0.008000,0.000000,0.000000,0.000000,-0.384272,0.001959,13654
31.158092,685570.442537,0.005000,seek,0.000000,0.000000,0.008000,0.000000,0.000000,0.000000,-0.459124,0.001467,13656
31.163092,685570.447690,0.005000,seek,0.000000,0.000000,0.008000,0.000000,0.000000,0.000000,-0.448441,0.002065,13658
31.168092,685570.452887,0.005000,seek,0.000000,0.000000,0.008000,0.000000,0.000000,0.000000,-0.464356,0.001571,13660
31.173092,685570.458116,0.005000,seek,0.000000,0.000000,0.008000,0.000000,0.000000,0.000000,-0.416947,0.002176,13662
31.178092,685570.463223,0.005000,seek,0.000000,0.000000,0.008000,0.000000,0.000000,0.000000,-0.346859,0.001712,13664
31.183093,685570.468330,0.005001,seek,0.000000,0.000000,0.008000,0.000000,0.000000,0.000000,-0.373040,0.002282,13666
31.188092,685570.473539,0.004999,seek,0.000000,0.000000,0.008000,0.000000,0.000000,0.000000,-0.399465,0.001828,13668
31.193093,685570.478751,0.005001,seek,0.000000,0.000000,0.008000,0.000000,0.000000,0.000000,-0.460859,0.002438,13670
31.198092,685570.483949,0.004999,seek,0.000000,0.000000,0.008000,0.000000,0.000000,0.000000,-0.386922,0.002064,13672
31.203092,685570.489244,0.005000,seek,0.000000,0.000000,0.008000,0.000000,0.000000,0.000000,-0.348164,0.001540,13674
31.208092,685570.494395,0.005000,seek,0.000000,0.000000,0.008000,0.000000,0.000000,0.000000,-0.424762,0.002198,13676
31.213093,685570.499528,0.005000,seek,0.000000,0.000000,0.008000,0.000000,0.000000,0.000000,-0.398530,0.001748,13678
31.218092,685570.504616,0.005000,seek,0.000000,0.000000,0.008000,0.000000,0.000000,0.000000,-0.343105,0.002298,13680
31.223092,685570.509735,0.005000,seek,0.000000,0.000000,0.008000,0.000000,0.000000,0.000000,-0.320033,0.001962,13682
31.228093,685570.514860,0.005000,seek,0.000000,0.000000,0.008000,0.000000,0.000000,0.000000,-0.305393,0.001517,13684
31.233093,685570.520057,0.005000,seek,0.000000,0.000000,0.008000,0.000000,0.000000,0.000000,-0.291416,0.002188,13686
31.238092,685570.525186,0.004999,seek,0.000000,0.000000,0.008000,0.000000,0.000000,0.000000,-0.376893,0.001737,13688
31.243100,685570.530287,0.005008,seek,0.000000,0.000000,0.008000,0.000000,0.000000,0.000000,-0.470196,0.002357,13690
31.248092,685570.535385,0.004992,seek,0.000000,0.000000,0.008000,0.000000,0.000000,0.000000,-0.424119,0.001892,13692
31.253092,685570.540515,0.005000,seek,0.000000,0.000000,0.008000,0.000000,0.000000,0.000000,-0.346974,0.001443,13694
31.258093,685570.545648,0.005000,seek,0.000000,0.000000,0.008000,0.000000,0.000000,0.000000,-0.292125,0.002062,13696
31.263092,685570.550771,0.004999,seek,0.000000,0.000000,0.008000,0.000000,0.000000,0.000000,-0.343773,0.001684,13698
31.268092,685570.555898,0.005000,seek,0.000000,0.000000,0.008000,0.000000,0.000000,0.000000,-0.402033,0.002238,13700
31.273092,685570.561027,0.005000,seek,0.000000,0.000000,0.008000,0.000000,0.000000,0.000000,-0.317266,0.001804,13702
31.278092,685570.566165,0.005000,seek,0.000000,0.000000,0.008000,0.000000,0.000000,0.000000,-0.282679,0.001223,13704
31.288092,685570.571294,0.010000,seek,0.000000,0.000000,0.008000,0.000000,0.000000,0.000000,-0.429148,0.001186,13708
31.293092,685570.576381,0.005000,seek,0.000000,0.000000,0.008000,0.000000,0.000000,0.000000,-0.411975,0.001828,13710
31.298092,685570.581514,0.005000,seek,0.000000,0.000000,0.008000,0.000000,0.000000,0.000000,-0.420009,0.001234,13712
31.303092,685570.586602,0.005000,seek,0.000000,0.000000,0.008000,0.000000,0.000000,0.000000,-0.379478,0.001862,13714
31.308092,685570.591689,0.005000,seek,0.000000,0.000000,0.008000,0.000000,0.000000,0.000000,-0.357604,0.001238,13716
31.313092,685570.596835,0.005000,seek,0.000000,0.000000,0.008000,0.000000,0.000000,0.000000,-0.419711,0.001889,13718
31.318092,685570.601970,0.005000,seek,0.000000,0.000000,0.008000,0.000000,0.000000,0.000000,-0.375041,0.001258,13720
31.323092,685570.607031,0.005000,seek,0.000000,0.000000,0.008000,0.000000,0.000000,0.000000,-0.357308,0.001913,13722
31.328093,685570.612185,0.005000,seek,0.000000,0.000000,0.008000,0.000000,0.000000,0.000000,-0.317602,0.001509,13724
31.333093,685570.617277,0.005000,seek,0.000000,0.000000,0.008000,0.000000,0.000000,0.000000,-0.306400,0.002099,13726
31.338092,685570.622413,0.004999,seek,0.000000,0.000000,0.008000,0.000000,0.000000,0.000000,-0.377619,0.001521,13728
31.343092,685570.627563,0.005000,seek,0.000000,0.000000,0.008000,0.000000,0.000000,0.000000,-0.458442,0.001941,13730
31.348092,685570.632676,0.005000,seek,0.000000,0.000000,0.008000,0.000000,0.000000,0.000000,-0.468238,0.002308,13732
31.353092,685570.637836,0.005000,seek,0.000000,0.000000,0.008000,0.000000,0.000000,0.000000,-0.368960,0.001739,13734
31.358092,685570.642915,0.005000,seek,0.000000,0.000000,0.008000,0.000000,0.000000,0.000000,-0.380949,0.001948,13736
31.363092,685570.648059,0.005000,seek,0.000000,0.000000,0.008000,0.000000,0.000000,0.000000,-0.328721,0.002286,13738
31.368092,685570.653193,0.005000,seek,0.000000,0.000000,0.008000,0.000000,0.000000,0.000000,-0.317462,0.001748,13740
31.373092,685570.658267,0.005000,seek,0.000000,0.000000,0.008000,0.000000,0.000000,0.000000,-0.357280,0.002004,13742
31.378093,685570.663385,0.005000,seek,0.000000,0.000000,0.008000,0.000000,0.000000,0.000000,-0.374555,0.001158,13744
31.383093,685570.668504,0.005000,seek,0.000000,0.000000,0.008000,0.000000,0.000000,0.000000,-0.443350,0.001720,13746
31.388092,685570.673644,0.004999,seek,0.000000,0.000000,0.008000,0.000000,0.000000,0.000000,-0.402364,0.001977,13748
31.393092,685570.678778,0.005000,seek,0.000000,0.000000,0.008000,0.000000,0.000000,0.000000,-0.352736,0.002299,13750
31.398092,685570.683898,0.005000,seek,0.000000,0.000000,0.008000,0.000000,0.000000,0.000000,-0.386254,0.001675,13752
31.403092,685570.689037,0.005000,seek,0.000000,0.000000,0.008000,0.000000,0.000000,0.000000,-0.324702,0.001971,13754
31.408092,685570.694140,0.005000,seek,0.000000,0.000000,0.008000,0.000000,0.000000,0.000000,-0.264271,0.002289,13756
31.413093,685570.699230,0.005001,seek,0.000000,0.000000,0.008000,0.000000,0.000000,0.000000,-0.314588,0.001773,13758
31.418092,685570.704370,0.004999,seek,0.000000,0.000000,0.008000,0.000000,0.000000,0.000000,-0.287385,0.001952,13760
31.423092,685570.709466,0.005000,seek,0.000000,0.000000,0.008000,0.000000,0.000000,0.000000,-0.319663,0.001158,13762
31.428092,685570.714566,0.005000,seek,0.000000,0.000000,0.008000,0.000000,0.000000,0.000000,-0.362106,0.001698,13764
31.433093,685570.719648,0.005001,seek,0.000000,0.000000,0.008000,0.000000,0.000000,0.000000,-0.355792,0.001930,13766
31.438092,685570.724734,0.004999,seek,0.000000,0.000000,0.008000,0.000000,0.000000,0.000000,-0.436050,0.002104,13768
31.443093,685570.729909,0.005000,seek,0.000000,0.000000,0.008000,0.000000,0.000000,0.000000,-0.461483,0.001568,13770
31.448092,685570.735039,0.005000,seek,0.000000,0.000000,0.008000,0.000000,0.000000,0.000000,-0.449050,0.002097,13772
31.453093,685570.740138,0.005001,seek,0.000000,0.000000,0.008000,0.000000,0.000000,0.000000,-0.399976,0.001711,13774
31.458092,685570.745220,0.004999,seek,0.000000,0.000000,0.008000,0.000000,0.000000,0.000000,-0.303089,0.002243,13776
31.463092,685570.750353,0.005000,seek,0.000000,0.000000,0.008000,0.000000,0.000000,0.000000,-0.317194,0.001799,13778
31.468092,685570.755635,0.005000,seek,0.000000,0.000000,0.008000,0.000000,0.000000,0.000000,-0.385719,0.001276,13780
31.473092,685570.760846,0.005000,seek,0.000000,0.000000,0.008000,0.000000,0.000000,0.000000,-0.434312,0.001884,13782
31.478094,685570.766053,0.005001,seek,0.000000,0.000000,0.008000,0.000000,0.000000,0.000000,-0.386911,0.001254,13784
31.483093,685570.771230,0.004999,seek,0.000000,0.000000,0.008000,0.000000,0.000000,0.000000,-0.372941,0.001913,13786
31.493092,685570.776501,0.009999,seek,0.000000,0.000000,0.008000,0.000000,0.000000,0.000000,-0.311647,0.002072,13790
31.498092,685570.781760,0.005000,seek,0.000000,0.000000,0.008000,0.000000,0.000000,0.000000,-0.273539,0.001692,13792
31.503092,685570.786966,0.005000,seek,0.000000,0.000000,0.008000,0.000000,0.000000,0.000000,-0.328798,0.002307,13794
31.508092,685570.792264,0.005000,seek,0.000000,0.000000,0.008000,0.000000,0.000000,0.000000,-0.328383,0.001952,13796
31.513103,685570.797374,0.005010,seek,0.000000,0.000000,0.008000,0.000000,0.000000,0.000000,-0.376324,0.001676,13798
31.518203,685570.802538,0.005100,seek,0.000000,0.000000,0.008000,0.000000,0.000000,0.000000,-0.467282,0.002287,13800
31.523092,685570.807748,0.004890,seek,0.000000,0.000000,0.008000,0.000000,0.000000,0.000000,-0.472485,0.001509,13802
31.528096,685570.812973,0.005003,seek,0.000000,0.000000,0.008000,0.000000,0.000000,0.000000,-0.452914,0.002095,13804
31.533092,685570.818148,0.004997,seek,0.000000,0.000000,0.008000,0.000000,0.000000,0.000000,-0.462232,0.001619,13806
31.538092,685570.823373,0.005000,seek,0.000000,0.000000,0.008000,0.000000,0.000000,0.000000,-0.407294,0.002038,13808
31.543092,685570.828478,0.005000,seek,0.000000,0.000000,0.008000,0.000000,0.000000,0.000000,-0.318351,0.001581,13810
31.548093,685570.833706,0.005000,seek,0.000000,0.000000,0.008000,0.000000,0.000000,0.000000,-0.316449,0.002211,13812
31.553092,685570.838974,0.005000,seek,0.000000,0.000000,0.008000,0.000000,0.000000,0.000000,-0.350345,0.001758,13814
31.558093,685570.844041,0.005001,seek,0.000000,0.000000,0.008000,0.000000,0.000000,0.000000,-0.368920,0.001257,13816
31.563092,685570.849200,0.004999,seek,0.000000,0.000000,0.008000,0.000000,0.000000,0.000000,-0.411680,0.001876,13818
31.568092,685570.854304,0.005000,seek,0.000000,0.000000,0.008000,0.000000,0.000000,0.000000,-0.425056,0.002199,13820
31.573092,685570.859411,0.005000,seek,0.000000,0.000000,0.008000,0.000000,0.000000,0.000000,-0.393019,0.001733,13822
31.578095,685570.864559,0.005003,seek,0.000000,0.000000,0.008000,0.000000,0.000000,0.000000,-0.339171,0.002066,13824
31.583093,685570.869664,0.004998,seek,0.000000,0.000000,0.008000,0.000000,0.000000,0.000000,-0.298954,0.001587,13826
31.588092,685570.874796,0.005000,seek,0.000000,0.000000,0.008000,0.000000,0.000000,0.000000,-0.321725,0.002123,13828
31.593093,685570.879860,0.005000,seek,0.000000,0.000000,0.008000,0.000000,0.000000,0.000000,-0.325632,0.001714,13830
31.598092,685570.884973,0.005000,seek,0.000000,0.000000,0.008000,0.000000,0.000000,0.000000,-0.331418,0.002285,13832
31.603092,685570.890097,0.005000,seek,0.000000,0.000000,0.008000,0.000000,0.000000,0.000000,-0.397838,0.001797,13834
31.608092,685570.895169,0.005000,seek,0.000000,0.000000,0.008000,0.000000,0.000000,0.000000,-0.361412,0.001168,13836
31.613092,685570.900279,0.005000,seek,0.000000,0.000000,0.008000,0.000000,0.000000,0.000000,-0.350110,0.001815,13838
31.618092,685570.905396,0.005000,seek,0.000000,0.000000,0.008000,0.000000,0.000000,0.000000,-0.363948,0.001169,13840
31.623092,685570.910502,0.005000,seek,0.000000,0.000000,0.008000,0.000000,0.000000,0.000000,-0.262033,0.001826,13842
31.628092,685570.915664,0.005000,seek,0.000000,0.000000,0.008000,0.000000,0.000000,0.000000,-0.299606,0.001241,13844
31.633093,685570.920891,0.005000,seek,0.000000,0.000000,0.008000,0.000000,0.000000,0.000000,-0.416503,0.001889,13846
31.638092,685570.926146,0.005000,seek,0.000000,0.000000,0.008000,0.000000,0.000000,0.000000,-0.443840,0.001426,13848
31.643093,685570.931253,0.005000,seek,0.000000,0.000000,0.008000,0.000000,0.000000,0.000000,-0.436134,0.002013,13850
31.653092,685570.936360,0.010000,seek,0.000000,0.000000,0.008000,0.000000,0.000000,0.000000,-0.251242,0.002020,13854
31.658092,685570.941462,0.005000,seek,0.000000,0.000000,0.008000,0.000000,0.000000,0.000000,-0.287531,0.001585,13856
31.663092,685570.946557,0.005000,seek,0.000000,0.000000,0.008000,0.000000,0.000000,0.000000,-0.329386,0.002229,13858
31.663092,685570.951676,0.000001,seek,0.000000,0.000000,0.008000,0.000000,0.000000,0.000000,-0.329386,0.002229,13858
31.673094,685570.956802,0.010001,seek,0.000000,0.000000,0.008000,0.000000,0.000000,0.000000,-0.390754,0.002362,13862
31.678093,685570.961917,0.004999,seek,0.000000,0.000000,0.008000,0.000000,0.000000,0.000000,-0.404122,0.001957,13864
31.683093,685570.967059,0.005000,seek,0.000000,0.000000,0.008000,0.000000,0.000000,0.000000,-0.435077,0.001468,13866
31.688092,685570.972139,0.005000,seek,0.000000,0.000000,0.008000,0.000000,0.000000,0.000000,-0.437309,0.002036,13868
31.693092,685570.977217,0.005000,seek,0.000000,0.000000,0.008000,0.000000,0.000000,0.000000,-0.327539,0.001612,13870
31.698092,685570.982291,0.005000,seek,0.000000,0.000000,0.008000,0.000000,0.000000,0.000000,-0.290811,0.002215,13872
31.703093,685570.987414,0.005000,seek,0.000000,0.000000,0.008000,0.000000,0.000000,0.000000,-0.315614,0.001834,13874
31.708093,685570.992525,0.005000,seek,0.000000,0.000000,0.008000,0.000000,0.000000,0.000000,-0.300843,0.001250,13876
31.713092,685570.997633,0.005000,seek,0.000000,0.000000,0.008000,0.000000,0.000000,0.000000,-0.353910,0.001961,13878
31.718092,685571.002706,0.005000,seek,0.000000,0.000000,0.008000,0.000000,0.000000,0.000000,-0.414218,0.001495,13880
31.723092,685571.007783,0.005000,seek,0.000000,0.000000,0.008000,0.000000,0.000000,0.000000,-0.407325,0.002113,13882
31.728092,685571.012901,0.005000,seek,0.000000,0.000000,0.008000,0.000000,0.000000,0.000000,-0.363278,0.001673,13884
31.733093,685571.018021,0.005000,seek,0.000000,0.000000,0.008000,0.000000,0.000000,0.000000,-0.293250,0.002255,13886
31.738092,685571.023118,0.004999,seek,0.000000,0.000000,0.008000,0.000000,0.000000,0.000000,-0.341872,0.001768,13888
31.743092,685571.028246,0.005000,seek,0.000000,0.000000,0.008000,0.000000,0.000000,0.000000,-0.375604,0.001126,13890
31.748092,685571.033337,0.005000,seek,0.000000,0.000000,0.008000,0.000000,0.000000,0.000000,-0.271738,0.001673,13892
31.753092,685571.038478,0.005000,seek,0.000000,0.000000,0.008000,0.000000,0.000000,0.000000,-0.305818,0.002245,13894
31.758093,685571.043597,0.005000,seek,0.000000,0.000000,0.008000,0.000000,0.000000,0.000000,-0.468918,0.001805,13896
31.763093,685571.048780,0.005000,seek,0.000000,0.000000,0.008000,0.000000,0.000000,0.000000,-0.508547,0.001206,13898
31.768092,685571.054024,0.005000,seek,0.000000,0.000000,0.008000,0.000000,0.000000,0.000000,-0.449758,0.001813,13900
31.773092,685571.059152,0.005000,seek,0.000000,0.000000,0.008000,0.000000,0.000000,0.000000,-0.359124,0.001233,13902
31.778093,685571.064207,0.005000,seek,0.000000,0.000000,0.008000,0.000000,0.000000,0.000000,-0.222285,0.001870,13904
31.783122,685571.069295,0.005029,seek,0.000000,0.000000,0.008000,0.000000,0.000000,0.000000,-0.219356,0.001457,13906
31.788092,685571.074394,0.004970,seek,0.000000,0.000000,0.008000,0.000000,0.000000,0.000000,-0.329682,0.002055,13908
31.793092,685571.079531,0.005000,seek,0.000000,0.000000,0.008000,0.000000,0.000000,0.000000,-0.358683,0.001659,13910
31.798092,685571.084710,0.005000,seek,0.000000,0.000000,0.008000,0.000000,0.000000,0.000000,-0.455344,0.002279,13912
31.803092,685571.089936,0.005000,seek,0.000000,0.000000,0.008000,0.000000,0.000000,0.000000,-0.582358,0.001891,13914
31.808093,685571.095124,0.005000,seek,0.000000,0.000000,0.008000,0.000000,0.000000,0.000000,-0.545086,0.001470,13916
31.813092,685571.100207,0.004999,seek,0.000000,0.000000,0.008000,0.000000,0.000000,0.000000,-0.410268,0.002049,13918
31.818093,685571.105321,0.005001,seek,0.000000,0.000000,0.008000,0.000000,0.000000,0.000000,-0.338089,0.001636,13920
31.823092,685571.110495,0.004999,seek,0.000000,0.000000,0.008000,0.000000,0.000000,0.000000,-0.272209,0.002294,13922
31.828092,685571.115621,0.005000,seek,0.000000,0.000000,0.008000,0.000000,0.000000,0.000000,-0.263142,0.001892,13924
31.833092,685571.120718,0.005000,seek,0.000000,0.000000,0.008000,0.000000,0.000000,0.000000,-0.387956,0.001552,13926
31.838092,685571.125845,0.005000,seek,0.000000,0.000000,0.008000,0.000000,0.000000,0.000000,-0.445211,0.002059,13928
31.843093,685571.130932,0.005001,seek,0.000000,0.000000,0.008000,0.000000,0.000000,0.000000,-0.420464,0.001611,13930
31.848093,685571.136040,0.005000,seek,0.000000,0.000000,0.008000,0.000000,0.000000,0.000000,-0.424592,0.002239,13932
31.853092,685571.141176,0.005000,seek,0.000000,0.000000,0.008000,0.000000,0.000000,0.000000,-0.473053,0.001851,13934
31.858093,685571.146283,0.005001,seek,0.000000,0.000000,0.008000,0.000000,0.000000,0.000000,-0.370901,0.001180,13936
31.868092,685571.151439,0.009999,seek,0.000000,0.000000,0.008000,0.000000,0.000000,0.000000,-0.202421,0.001208,13940
31.873093,685571.156541,0.005000,seek,0.000000,0.000000,0.008000,0.000000,0.000000,0.000000,-0.269587,0.001811,13942
31.878093,685571.161709,0.005000,seek,0.000000,0.000000,0.008000,0.000000,0.000000,0.000000,-0.336378,0.001194,13944
31.883092,685571.166846,0.004999,seek,0.000000,0.000000,0.008000,0.000000,0.000000,0.000000,-0.360565,0.001816,13946
31.888092,685571.171993,0.005000,seek,0.000000,0.000000,0.008000,0.000000,0.000000,0.000000,-0.464913,0.001228,13948
31.893092,685571.177174,0.005000,seek,0.000000,0.000000,0.008000,0.000000,0.000000,0.000000,-0.522755,0.001831,13950
31.898093,685571.182335,0.005000,seek,0.000000,0.000000,0.008000,0.000000,0.000000,0.000000,-0.434859,0.001145,13952
31.903092,685571.187423,0.005000,seek,0.000000,0.000000,0.008000,0.000000,0.000000,0.000000,-0.329380,0.001686,13954
31.908092,685571.192550,0.005000,seek,0.000000,0.000000,0.008000,0.000000,0.000000,0.000000,-0.277008,0.002228,13956
31.913092,685571.197674,0.005000,seek,0.000000,0.000000,0.008000,0.000000,0.000000,0.000000,-0.273493,0.001806,13958
31.918092,685571.202774,0.005000,seek,0.000000,0.000000,0.008000,0.000000,0.000000,0.000000,-0.319750,0.001145,13960
31.923093,685571.207876,0.005000,seek,0.000000,0.000000,0.008000,0.000000,0.000000,0.000000,-0.371874,0.001646,13962
31.928093,685571.213003,0.005001,seek,0.000000,0.000000,0.008000,0.000000,0.000000,0.000000,-0.407976,0.002150,13964
31.933092,685571.218103,0.004999,seek,0.000000,0.000000,0.008000,0.000000,0.000000,0.000000,-0.470948,0.001507,13966
31.938092,685571.223179,0.005000,seek,0.000000,0.000000,0.008000,0.000000,0.000000,0.000000,-0.492813,0.002053,13968
31.943092,685571.228265,0.005000,seek,0.000000,0.000000,0.008000,0.000000,0.000000,0.000000,-0.368518,0.001525,13970
31.948093,685571.233347,0.005001,seek,0.000000,0.000000,0.008000,0.000000,0.000000,0.000000,-0.298061,0.002118,13972
31.953092,685571.238471,0.004999,seek,0.000000,0.000000,0.008000,0.000000,0.000000,0.000000,-0.353703,0.001496,13974
31.958093,685571.243582,0.005001,seek,0.000000,0.000000,0.008000,0.000000,0.000000,0.000000,-0.344356,0.001950,13976
31.963092,685571.248693,0.004999,seek,0.000000,0.000000,0.008000,0.000000,0.000000,0.000000,-0.379546,0.002239,13978
31.968092,685571.253816,0.005000,seek,0.000000,0.000000,0.008000,0.000000,0.000000,0.000000,-0.423855,0.001580,13980
31.973092,685571.258936,0.005000,seek,0.000000,0.000000,0.008000,0.000000,0.000000,0.000000,-0.409561,0.001964,13982
31.978092,685571.264094,0.005000,seek,0.000000,0.000000,0.008000,0.000000,0.000000,0.000000,-0.398512,0.002265,13984
31.983092,685571.269167,0.005000,seek,0.000000,0.000000,0.008000,0.000000,0.000000,0.000000,-0.374490,0.001781,13986
31.988092,685571.274288,0.005000,seek,0.000000,0.000000,0.008000,0.000000,0.000000,0.000000,-0.366544,0.002015,13988
31.993092,685571.279411,0.005000,seek,0.000000,0.000000,0.008000,0.000000,0.000000,0.000000,-0.334346,0.002288,13990
31.998093,685571.284509,0.005000,seek,0.000000,0.000000,0.008000,0.000000,0.000000,0.000000,-0.407104,0.001656,13992
32.003092,685571.289639,0.005000,seek,0.000000,0.000000,0.008000,0.000000,0.000000,0.000000,-0.483498,0.002109,13994
32.008093,685571.294766,0.005001,seek,0.000000,0.000000,0.008000,0.000000,0.000000,0.000000,-0.395436,0.001618,13996
32.013092,685571.299916,0.005000,seek,0.000000,0.000000,0.008000,0.000000,0.000000,0.000000,-0.377423,0.002226,13998
32.018092,685571.305038,0.005000,seek,0.000000,0.000000,0.008000,0.000000,0.000000,0.000000,-0.405718,0.001738,14000
32.023092,685571.310127,0.005000,seek,0.000000,0.000000,0.008000,0.000000,0.000000,0.000000,-0.387231,0.002266,14002
32.028092,685571.315203,0.005000,seek,0.000000,0.000000,0.008000,0.000000,0.000000,0.000000,-0.297089,0.001884,14004
32.033092,685571.320274,0.005000,seek,0.000000,0.000000,0.008000,0.000000,0.000000,0.000000,-0.201306,0.001406,14006
32.038092,685571.325412,0.005000,seek,0.000000,0.000000,0.008000,0.000000,0.000000,0.000000,-0.293023,0.002048,14008
32.043092,685571.330560,0.005000,seek,0.000000,0.000000,0.008000,0.000000,0.000000,0.000000,-0.399498,0.001656,14010
32.048092,685571.335692,0.005000,seek,0.000000,0.000000,0.008000,0.000000,0.000000,0.000000,-0.399981,0.002252,14012
32.053092,685571.340817,0.005000,seek,0.000000,0.000000,0.008000,0.000000,0.000000,0.000000,-0.491743,0.001815,14014
32.058093,685571.345939,0.005000,seek,0.000000,0.000000,0.008000,0.000000,0.000000,0.000000,-0.488160,0.001279,14016
32.063093,685571.351082,0.005000,seek,0.000000,0.000000,0.008000,0.000000,0.000000,0.000000,-0.372190,0.001956,14018
32.068093,685571.356160,0.005000,seek,0.000000,0.000000,0.008000,0.000000,0.000000,0.000000,-0.371609,0.001481,14020
32.073092,685571.361256,0.005000,seek,0.000000,0.000000,0.008000,0.000000,0.000000,0.000000,-0.365711,0.002086,14022
32.083092,685571.366393,0.010000,seek,0.000000,0.000000,0.008000,0.000000,0.000000,0.000000,-0.392585,0.002226,14026
32.088092,685571.371494,0.005001,seek,0.000000,0.000000,0.008000,0.000000,0.000000,0.000000,-0.425892,0.001898,14028
32.093092,685571.376667,0.005000,seek,0.000000,0.000000,0.008000,0.000000,0.000000,0.000000,-0.378013,0.001503,14030
32.098092,685571.381881,0.005000,seek,0.000000,0.000000,0.008000,0.000000,0.000000,0.000000,-0.425803,0.002107,14032
32.103092,685571.387042,0.005000,seek,0.000000,0.000000,0.008000,0.000000,0.000000,0.000000,-0.451708,0.001683,14034
32.108093,685571.392141,0.005001,seek,0.000000,0.000000,0.008000,0.000000,0.000000,0.000000,-0.321889,0.001185,14036
32.113092,685571.397234,0.004999,seek,0.000000,0.000000,0.008000,0.000000,0.000000,0.000000,-0.290234,0.001863,14038
32.118092,685571.402368,0.005000,seek,0.000000,0.000000,0.008000,0.000000,0.000000,0.000000,-0.331385,0.001151,14040
32.123093,685571.407456,0.005001,seek,0.000000,0.000000,0.008000,0.000000,0.000000,0.000000,-0.305751,0.001713,14042
32.128092,685571.412602,0.004999,seek,0.000000,0.000000,0.008000,0.000000,0.000000,0.000000,-0.348235,0.001179,14044
32.133092,685571.417715,0.005000,seek,0.000000,0.000000,0.008000,0.000000,0.000000,0.000000,-0.412142,0.001824,14046
32.138092,685571.422831,0.005000,seek,0.000000,0.000000,0.008000,0.000000,0.000000,0.000000,-0.373778,0.001119,14048
32.143092,685571.427964,0.005000,seek,0.000000,0.000000,0.008000,0.000000,0.000000,0.000000,-0.377593,0.001626,14050
32.148093,685571.433038,0.005001,seek,0.000000,0.000000,0.008000,0.000000,0.000000,0.000000,-0.387003,0.002169,14052
32.153092,685571.438121,0.005000,seek,0.000000,0.000000,0.008000,0.000000,0.000000,0.000000,-0.337719,0.001602,14054
32.158093,685571.443242,0.005000,seek,0.000000,0.000000,0.008000,0.000000,0.000000,0.000000,-0.385010,0.002114,14056
32.163093,685571.448319,0.005000,seek,0.000000,0.000000,0.008000,0.000000,0.000000,0.000000,-0.394782,0.001617,14058
32.168092,685571.453441,0.004999,seek,0.000000,0.000000,0.008000,0.000000,0.000000,0.000000,-0.334923,0.002190,14060
32.173092,685571.458561,0.005000,seek,0.000000,0.000000,0.008000,0.000000,0.000000,0.000000,-0.341608,0.001576,14062
32.178092,685571.463717,0.005000,seek,0.000000,0.000000,0.008000,0.000000,0.000000,0.000000,-0.357787,0.002104,14064
32.183092,685571.468836,0.005000,seek,0.000000,0.000000,0.008000,0.000000,0.000000,0.000000,-0.349824,0.001601,14066
32.188092,685571.473954,0.005000,seek,0.000000,0.000000,0.008000,0.000000,0.000000,0.000000,-0.339961,0.002167,14068
32.193092,685571.479120,0.005000,seek,0.000000,0.000000,0.008000,0.000000,0.000000,0.000000,-0.348731,0.001580,14070
32.198092,685571.484212,0.005000,seek,0.000000,0.000000,0.008000,0.000000,0.000000,0.000000,-0.427162,0.002055,14072
32.203092,685571.489301,0.005000,seek,0.000000,0.000000,0.008000,0.000000,0.000000,0.000000,-0.423705,0.001532,14074
32.208093,685571.494451,0.005000,seek,0.000000,0.000000,0.008000,0.000000,0.000000,0.000000,-0.369287,0.002087,14076
32.213092,685571.499536,0.005000,seek,0.000000,0.000000,0.008000,0.000000,0.000000,0.000000,-0.411956,0.001641,14078
32.218092,685571.504627,0.005000,seek,0.000000,0.000000,0.008000,0.000000,0.000000,0.000000,-0.402716,0.001184,14080
32.223093,685571.509768,0.005001,seek,0.000000,0.000000,0.008000,0.000000,0.000000,0.000000,-0.351269,0.001866,14082
32.228092,685571.514913,0.004999,seek,0.000000,0.000000,0.008000,0.000000,0.000000,0.000000,-0.339836,0.001409,14084
32.233092,685571.520066,0.005000,seek,0.000000,0.000000,0.008000,0.000000,0.000000,0.000000,-0.338148,0.002008,14086
32.238092,685571.525190,0.005000,seek,0.000000,0.000000,0.008000,0.000000,0.000000,0.000000,-0.388377,0.001570,14088
32.243092,685571.530315,0.005000,seek,0.000000,0.000000,0.008000,0.000000,0.000000,0.000000,-0.445529,0.002152,14090
32.248092,685571.535471,0.005000,seek,0.000000,0.000000,0.008000,0.000000,0.000000,0.000000,-0.321728,0.001753,14092
32.253093,685571.540589,0.005001,seek,0.000000,0.000000,0.008000,0.000000,0.000000,0.000000,-0.240873,0.001182,14094
32.258093,685571.545709,0.005000,seek,0.000000,0.000000,0.008000,0.000000,0.000000,0.000000,-0.320419,0.001791,14096
32.263092,685571.550865,0.005000,seek,0.000000,0.000000,0.008000,0.000000,0.000000,0.000000,-0.361962,0.001247,14098
32.268092,685571.556012,0.005000,seek,0.000000,0.000000,0.008000,0.000000,0.000000,0.000000,-0.456900,0.001914,14100
32.273092,685571.561139,0.005000,seek,0.000000,0.000000,0.008000,0.000000,0.000000,0.000000,-0.536387,0.001480,14102
32.283092,685571.566255,0.010000,seek,0.000000,0.000000,0.008000,0.000000,0.000000,0.000000,-0.359841,0.001629,14106
32.288092,685571.571372,0.005000,seek,0.000000,0.000000,0.008000,0.000000,0.000000,0.000000,-0.319647,0.002231,14108
32.293092,685571.576490,0.005000,seek,0.000000,0.000000,0.008000,0.000000,0.000000,0.000000,-0.328339,0.001889,14110
32.298092,685571.581605,0.005000,seek,0.000000,0.000000,0.008000,0.000000,0.000000,0.000000,-0.432939,0.001490,14112
32.303092,685571.586740,0.005000,seek,0.000000,0.000000,0.008000,0.000000,0.000000,0.000000,-0.468274,0.002064,14114
32.308093,685571.591873,0.005001,seek,0.000000,0.000000,0.008000,0.000000,0.000000,0.000000,-0.436291,0.001642,14116
32.313093,685571.596980,0.005000,seek,0.000000,0.000000,0.008000,0.000000,0.000000,0.000000,-0.447663,0.002242,14118
32.318092,685571.602193,0.005000,seek,0.000000,0.000000,0.008000,0.000000,0.000000,0.000000,-0.459962,0.001894,14120
32.323092,685571.607300,0.005000,seek,0.000000,0.000000,0.008000,0.000000,0.000000,0.000000,-0.314918,0.001465,14122
32.328092,685571.612455,0.005000,seek,0.000000,0.000000,0.008000,0.000000,0.000000,0.000000,-0.157491,0.002041,14124
32.333092,685571.617664,0.005000,seek,0.000000,0.000000,0.008000,0.000000,0.000000,0.000000,-0.239831,0.001596,14126
32.338092,685571.622881,0.005000,seek,0.000000,0.000000,0.008000,0.000000,0.000000,0.000000,-0.307956,0.002191,14128
32.343092,685571.628099,0.005000,seek,0.000000,0.000000,0.008000,0.000000,0.000000,0.000000,-0.319555,0.001756,14130
32.348092,685571.633306,0.005000,seek,0.000000,0.000000,0.008000,0.000000,0.000000,0.000000,-0.405192,0.001185,14132
32.353092,685571.638413,0.005000,seek,0.000000,0.000000,0.008000,0.000000,0.000000,0.000000,-0.374879,0.001652,14134
32.358093,685571.643653,0.005001,seek,0.000000,0.000000,0.008000,0.000000,0.000000,0.000000,-0.348205,0.001948,14136
32.363092,685571.648761,0.004999,seek,0.000000,0.000000,0.008000,0.000000,0.000000,0.000000,-0.417481,0.001240,14138
32.368092,685571.653996,0.005000,seek,0.000000,0.000000,0.008000,0.000000,0.000000,0.000000,-0.357799,0.001762,14140
32.373092,685571.659120,0.005000,seek,0.000000,0.000000,0.008000,0.000000,0.000000,0.000000,-0.327317,0.001225,14142
32.378092,685571.664231,0.005000,seek,0.000000,0.000000,0.008000,0.000000,0.000000,0.000000,-0.427922,0.001728,14144
32.383093,685571.669339,0.005000,seek,0.000000,0.000000,0.008000,0.000000,0.000000,0.000000,-0.487256,0.002267,14146
32.388092,685571.674444,0.005000,seek,0.000000,0.000000,0.008000,0.000000,0.000000,0.000000,-0.519934,0.001722,14148
32.393092,685571.679553,0.005000,seek,0.000000,0.000000,0.008000,0.000000,0.000000,0.000000,-0.495318,0.002278,14150
32.398092,685571.684659,0.005000,seek,0.000000,0.000000,0.008000,0.000000,0.000000,0.000000,-0.349261,0.001686,14152
32.403092,685571.689766,0.005000,seek,0.000000,0.000000,0.008000,0.000000,0.000000,0.000000,-0.287786,0.002225,14154
32.408093,685571.694873,0.005000,seek,0.000000,0.000000,0.008000,0.000000,0.000000,0.000000,-0.267976,0.001630,14156
32.413092,685571.699980,0.005000,seek,0.000000,0.000000,0.008000,0.000000,0.000000,0.000000,-0.271876,0.002165,14158
32.418092,685571.705088,0.005000,seek,0.000000,0.000000,0.008000,0.000000,0.000000,0.000000,-0.414932,0.001600,14160
32.423092,685571.710196,0.005000,seek,0.000000,0.000000,0.008000,0.000000,0.000000,0.000000,-0.445574,0.002168,14162
32.428092,685571.715308,0.005000,seek,0.000000,0.000000,0.008000,0.000000,0.000000,0.000000,-0.405746,0.001613,14164
32.433092,685571.720417,0.005000,seek,0.000000,0.000000,0.008000,0.000000,0.000000,0.000000,-0.409398,0.002106,14166
32.438092,685571.725524,0.005000,seek,0.000000,0.000000,0.008000,0.000000,0.000000,0.000000,-0.401160,0.001449,14168
32.443092,685571.730633,0.005000,seek,0.000000,0.000000,0.008000,0.000000,0.000000,0.000000,-0.336391,0.001913,14170
32.448092,685571.735735,0.005000,seek,0.000000,0.000000,0.008000,0.000000,0.000000,0.000000,-0.283116,0.001180,14172
32.453092,685571.740832,0.005000,seek,0.000000,0.000000,0.008000,0.000000,0.000000,0.000000,-0.365289,0.001680,14174
32.458093,685571.745926,0.005001,seek,0.000000,0.000000,0.008000,0.000000,0.000000,0.000000,-0.436709,0.002318,14176
32.463092,685571.751023,0.004999,seek,0.000000,0.000000,0.008000,0.000000,0.000000,0.000000,-0.477188,0.001885,14178
32.468092,685571.756128,0.005000,seek,0.000000,0.000000,0.008000,0.000000,0.000000,0.000000,-0.448508,0.001431,14180
32.473092,685571.761223,0.005000,seek,0.000000,0.000000,0.008000,0.000000,0.000000,0.000000,-0.327362,0.002058,14182
32.483092,685571.766316,0.010000,seek,0.000000,0.000000,0.008000,0.000000,0.000000,0.000000,-0.341675,0.002263,14186
32.488092,685571.771439,0.005000,seek,0.000000,0.000000,0.008000,0.000000,0.000000,0.000000,-0.353676,0.001903,14188
32.493092,685571.776532,0.005000,seek,0.000000,0.000000,0.008000,0.000000,0.000000,0.000000,-0.342556,0.001244,14190
32.498092,685571.781667,0.005000,seek,0.000000,0.000000,0.008000,0.000000,0.000000,0.000000,-0.449109,0.001921,14192
32.503093,685571.786758,0.005000,seek,0.000000,0.000000,0.008000,0.000000,0.000000,0.000000,-0.494688,0.001466,14194
32.508093,685571.791851,0.005000,seek,0.000000,0.000000,0.008000,0.000000,0.000000,0.000000,-0.457525,0.002059,14196
32.513092,685571.797020,0.005000,seek,0.000000,0.000000,0.008000,0.000000,0.000000,0.000000,-0.375976,0.001622,14198
32.518092,685571.802116,0.005000,seek,0.000000,0.000000,0.008000,0.000000,0.000000,0.000000,-0.226437,0.001145,14200
32.523092,685571.807209,0.005000,seek,0.000000,0.000000,0.008000,0.000000,0.000000,0.000000,-0.152952,0.001801,14202
32.528093,685571.812302,0.005001,seek,0.000000,0.000000,0.008000,0.000000,0.000000,0.000000,-0.297447,0.001183,14204
32.533092,685571.817435,0.005000,seek,0.000000,0.000000,0.008000,0.000000,0.000000,0.000000,-0.437900,0.001784,14206
32.538092,685571.822574,0.005000,seek,0.000000,0.000000,0.008000,0.000000,0.000000,0.000000,-0.505563,0.001264,14208
32.543092,685571.827681,0.005000,seek,0.000000,0.000000,0.008000,0.000000,0.000000,0.000000,-0.548505,0.001949,14210
32.548092,685571.832788,0.005000,seek,0.000000,0.000000,0.008000,0.000000,0.000000,0.000000,-0.510929,0.001556,14212
32.553092,685571.837894,0.004999,seek,0.000000,0.000000,0.008000,0.000000,0.000000,0.000000,-0.323483,0.002204,14214
32.558092,685571.843016,0.005000,seek,0.000000,0.000000,0.008000,0.000000,0.000000,0.000000,-0.161559,0.001804,14216
32.563093,685571.848156,0.005001,seek,0.000000,0.000000,0.008000,0.000000,0.000000,0.000000,-0.270966,0.001168,14218
32.568092,685571.853257,0.005000,seek,0.000000,0.000000,0.008000,0.000000,0.000000,0.000000,-0.447544,0.001828,14220
32.573093,685571.858363,0.005001,seek,0.000000,0.000000,0.008000,0.000000,0.000000,0.000000,-0.483940,0.001290,14222
32.578092,685571.863556,0.004999,seek,0.000000,0.000000,0.008000,0.000000,0.000000,0.000000,-0.490417,0.001918,14224
32.583092,685571.868712,0.005000,seek,0.000000,0.000000,0.008000,0.000000,0.000000,0.000000,-0.444760,0.001511,14226
32.588092,685571.873900,0.005000,seek,0.000000,0.000000,0.008000,0.000000,0.000000,0.000000,-0.330274,0.002122,14228
32.593098,685571.879021,0.005006,seek,0.000000,0.000000,0.008000,0.000000,0.000000,0.000000,-0.291781,0.001813,14230
32.598093,685571.884177,0.004994,seek,0.000000,0.000000,0.008000,0.000000,0.000000,0.000000,-0.285731,0.001003,14232
32.603092,685571.889296,0.005000,seek,0.000000,0.000000,0.008000,0.000000,0.000000,0.000000,-0.295972,0.001630,14234
32.608093,685571.894408,0.005001,seek,0.000000,0.000000,0.008000,0.000000,0.000000,0.000000,-0.341443,0.001032,14236
32.613093,685571.899520,0.005000,seek,0.000000,0.000000,0.008000,0.000000,0.000000,0.000000,-0.349670,0.001638,14238
32.618092,685571.904631,0.004999,seek,0.000000,0.000000,0.008000,0.000000,0.000000,0.000000,-0.424740,0.002251,14240
32.623092,685571.909738,0.005000,seek,0.000000,0.000000,0.008000,0.000000,0.000000,0.000000,-0.523506,0.001895,14242
32.628092,685571.914842,0.005000,seek,0.000000,0.000000,0.008000,0.000000,0.000000,0.000000,-0.443769,0.001444,14244
32.633092,685571.919948,0.005000,seek,0.000000,0.000000,0.008000,0.000000,0.000000,0.000000,-0.349983,0.002061,14246
32.638092,685571.925041,0.005000,seek,0.000000,0.000000,0.008000,0.000000,0.000000,0.000000,-0.449118,0.001660,14248
32.643093,685571.930164,0.005000,seek,0.000000,0.000000,0.008000,0.000000,0.000000,0.000000,-0.450811,0.001228,14250
32.648093,685571.935276,0.005001,seek,0.000000,0.000000,0.008000,0.000000,0.000000,0.000000,-0.331510,0.001899,14252
32.653092,685571.940434,0.004999,seek,0.000000,0.000000,0.008000,0.000000,0.000000,0.000000,-0.329846,0.001473,14254
32.658093,685571.945566,0.005001,seek,0.000000,0.000000,0.008000,0.000000,0.000000,0.000000,-0.363197,0.002079,14256
32.663093,685571.950684,0.005000,seek,0.000000,0.000000,0.008000,0.000000,0.000000,0.000000,-0.362492,0.001639,14258
32.668094,685571.955886,0.005001,seek,0.000000,0.000000,0.008000,0.000000,0.000000,0.000000,-0.333612,0.001170,14260
32.673093,685571.961156,0.005000,seek,0.000000,0.000000,0.008000,0.000000,0.000000,0.000000,-0.365292,0.001726,14262
32.678093,685571.966324,0.005000,seek,0.000000,0.000000,0.008000,0.000000,0.000000,0.000000,-0.443445,0.001079,14264
32.688093,685571.971484,0.009999,seek,0.000000,0.000000,0.008000,0.000000,0.000000,0.000000,-0.442019,0.002154,14268
32.693093,685571.976740,0.005001,seek,0.000000,0.000000,0.008000,0.000000,0.000000,0.000000,-0.426802,0.001618,14270
32.698092,685571.981862,0.004999,seek,0.000000,0.000000,0.008000,0.000000,0.000000,0.000000,-0.354900,0.002142,14272
32.703093,685571.987011,0.005001,seek,0.000000,0.000000,0.008000,0.000000,0.000000,0.000000,-0.286382,0.001677,14274
32.708093,685571.992108,0.005000,seek,0.000000,0.000000,0.008000,0.000000,0.000000,0.000000,-0.317094,0.002228,14276
32.713092,685571.997199,0.005000,seek,0.000000,0.000000,0.008000,0.000000,0.000000,0.000000,-0.296204,0.001685,14278
32.718092,685572.002296,0.005000,seek,0.000000,0.000000,0.008000,0.000000,0.000000,0.000000,-0.422517,0.002212,14280
32.723093,685572.007385,0.005001,seek,0.000000,0.000000,0.008000,0.000000,0.000000,0.000000,-0.480237,0.001623,14282
32.728092,685572.012520,0.004999,seek,0.000000,0.000000,0.008000,0.000000,0.000000,0.000000,-0.381980,0.002169,14284
32.733092,685572.017609,0.005000,seek,0.000000,0.000000,0.008000,0.000000,0.000000,0.000000,-0.433456,0.001683,14286
32.738092,685572.022710,0.005000,seek,0.000000,0.000000,0.008000,0.000000,0.000000,0.000000,-0.408093,0.001211,14288
32.743092,685572.027808,0.005000,seek,0.000000,0.000000,0.008000,0.000000,0.000000,0.000000,-0.285913,0.001846,14290
32.748092,685572.032901,0.005000,seek,0.000000,0.000000,0.008000,0.000000,0.000000,0.000000,-0.235435,0.001195,14292
32.753092,685572.038065,0.005000,seek,0.000000,0.000000,0.008000,0.000000,0.000000,0.000000,-0.296660,0.001750,14294
32.758093,685572.043159,0.005001,seek,0.000000,0.000000,0.008000,0.000000,0.000000,0.000000,-0.481009,0.001178,14296
32.763093,685572.048249,0.004999,seek,0.000000,0.000000,0.008000,0.000000,0.000000,0.000000,-0.517831,0.001811,14298
32.768092,685572.053338,0.005000,seek,0.000000,0.000000,0.008000,0.000000,0.000000,0.000000,-0.437198,0.002322,14300
32.773092,685572.058474,0.005000,seek,0.000000,0.000000,0.008000,0.000000,0.000000,0.000000,-0.452271,0.001900,14302
32.778092,685572.063598,0.005000,seek,0.000000,0.000000,0.008000,0.000000,0.000000,0.000000,-0.474878,0.001431,14304
32.783092,685572.068707,0.005000,seek,0.000000,0.000000,0.008000,0.000000,0.000000,0.000000,-0.392559,0.002059,14306
32.788092,685572.073839,0.005000,seek,0.000000,0.000000,0.008000,0.000000,0.000000,0.000000,-0.311368,0.001568,14308
32.793092,685572.079077,0.005000,seek,0.000000,0.000000,0.008000,0.000000,0.000000,0.000000,-0.260294,0.002143,14310
32.798093,685572.084171,0.005001,seek,0.000000,0.000000,0.008000,0.000000,0.000000,0.000000,-0.328414,0.001666,14312
32.803092,685572.089259,0.005000,seek,0.000000,0.000000,0.008000,0.000000,0.000000,0.000000,-0.480626,0.001986,14314
32.808093,685572.094362,0.005000,seek,0.000000,0.000000,0.008000,0.000000,0.000000,0.000000,-0.513248,0.006933,14316
32.813093,685572.099485,0.005001,seek,0.000000,0.000000,0.008000,0.000000,0.000000,0.000000,-0.514513,0.001880,14318
32.818093,685572.104572,0.005000,seek,0.000000,0.000000,0.008000,0.000000,0.000000,0.000000,-0.511434,0.001467,14320
32.823093,685572.109705,0.005000,seek,0.000000,0.000000,0.008000,0.000000,0.000000,0.000000,-0.396228,0.002093,14322
32.828092,685572.114856,0.004999,seek,0.000000,0.000000,0.008000,0.000000,0.000000,0.000000,-0.277367,0.001666,14324
32.833092,685572.119991,0.005000,seek,0.000000,0.000000,0.008000,0.000000,0.000000,0.000000,-0.320857,0.002208,14326
32.838110,685572.125107,0.005018,seek,0.000000,0.000000,0.008000,0.000000,0.000000,0.000000,-0.364706,0.001799,14328
32.843092,685572.130330,0.004982,seek,0.000000,0.000000,0.008000,0.000000,0.000000,0.000000,-0.435148,0.001980,14330
32.848092,685572.135438,0.005000,seek,0.000000,0.000000,0.008000,0.000000,0.000000,0.000000,-0.523697,0.001476,14332
32.853092,685572.140569,0.005000,seek,0.000000,0.000000,0.008000,0.000000,0.000000,0.000000,-0.476285,0.002036,14334
32.858093,685572.145673,0.005000,seek,0.000000,0.000000,0.008000,0.000000,0.000000,0.000000,-0.363633,0.001558,14336
32.863092,685572.150765,0.004999,seek,0.000000,0.000000,0.008000,0.000000,0.000000,0.000000,-0.292531,0.002179,14338
32.868093,685572.155924,0.005000,seek,0.000000,0.000000,0.008000,0.000000,0.000000,0.000000,-0.288488,0.001713,14340
32.873092,685572.161048,0.005000,seek,0.000000,0.000000,0.008000,0.000000,0.000000,0.000000,-0.309774,0.001959,14342
32.878094,685572.166131,0.005002,seek,0.000000,0.000000,0.008000,0.000000,0.000000,0.000000,-0.316271,0.001244,14344
32.883097,685572.171242,0.005004,seek,0.000000,0.000000,0.008000,0.000000,0.000000,0.000000,-0.342663,0.002015,14346
32.888128,685572.176326,0.005030,seek,0.000000,0.000000,0.008000,0.000000,0.000000,0.000000,-0.435250,0.000914,14348
32.898092,685572.181404,0.009965,seek,0.000000,0.000000,0.008000,0.000000,0.000000,0.000000,-0.484516,0.001911,14352
32.903093,685572.186479,0.005000,seek,0.000000,0.000000,0.008000,0.000000,0.000000,0.000000,-0.424098,0.001467,14354
32.908092,685572.191578,0.005000,seek,0.000000,0.000000,0.008000,0.000000,0.000000,0.000000,-0.299826,0.002061,14356
32.913092,685572.196684,0.005000,seek,0.000000,0.000000,0.008000,0.000000,0.000000,0.000000,-0.316827,0.001655,14358
32.918093,685572.201791,0.005000,seek,0.000000,0.000000,0.008000,0.000000,0.000000,0.000000,-0.364254,0.001197,14360
32.923092,685572.207027,0.005000,seek,0.000000,0.000000,0.008000,0.000000,0.000000,0.000000,-0.442750,0.001872,14362
32.928092,685572.212132,0.005000,seek,0.000000,0.000000,0.008000,0.000000,0.000000,0.000000,-0.504385,0.001243,14364
32.933092,685572.217237,0.005000,seek,0.000000,0.000000,0.008000,0.000000,0.000000,0.000000,-0.468169,0.001951,14366
32.938093,685572.222343,0.005001,seek,0.000000,0.000000,0.008000,0.000000,0.000000,0.000000,-0.399524,0.001543,14368
32.943093,685572.227447,0.005000,seek,0.000000,0.000000,0.008000,0.000000,0.000000,0.000000,-0.404160,0.002202,14370
32.948093,685572.232571,0.005000,seek,0.000000,0.000000,0.008000,0.000000,0.000000,0.000000,-0.405705,0.001857,14372
32.953093,685572.237686,0.005000,seek,0.000000,0.000000,0.008000,0.000000,0.000000,0.000000,-0.392259,0.001213,14374
32.958093,685572.242804,0.005000,seek,0.000000,0.000000,0.008000,0.000000,0.000000,0.000000,-0.404314,0.001866,14376
32.963092,685572.247927,0.005000,seek,0.000000,0.000000,0.008000,0.000000,0.000000,0.000000,-0.393894,0.001443,14378
32.968092,685572.253061,0.005000,seek,0.000000,0.000000,0.008000,0.000000,0.000000,0.000000,-0.411065,0.002054,14380
32.973094,685572.258155,0.005002,seek,0.000000,0.000000,0.008000,0.000000,0.000000,0.000000,-0.336565,0.001629,14382
32.978093,685572.263282,0.004998,seek,0.000000,0.000000,0.008000,0.000000,0.000000,0.000000,-0.238177,0.001150,14384
32.983092,685572.268406,0.005000,seek,0.000000,0.000000,0.008000,0.000000,0.000000,0.000000,-0.251944,0.001722,14386
32.988092,685572.273523,0.005000,seek,0.000000,0.000000,0.008000,0.000000,0.000000,0.000000,-0.296724,0.001227,14388
32.993092,685572.278670,0.005000,seek,0.000000,0.000000,0.008000,0.000000,0.000000,0.000000,-0.431843,0.001807,14390
32.998092,685572.283776,0.005000,seek,0.000000,0.000000,0.008000,0.000000,0.000000,0.000000,-0.541123,0.001351,14392
33.003092,685572.288926,0.005000,seek,0.000000,0.000000,0.008000,0.000000,0.000000,0.000000,-0.550948,0.001903,14394
33.008094,685572.294017,0.005002,seek,0.000000,0.000000,0.008000,0.000000,0.000000,0.000000,-0.495950,0.001270,14396
33.013506,685572.299116,0.005412,seek,0.000000,0.000000,0.008000,0.000000,0.000000,0.000000,-0.368084,0.002403,14398
33.018512,685572.304200,0.005007,seek,0.000000,0.000000,0.008000,0.000000,0.000000,0.000000,-0.278921,0.001911,14400
33.023230,685572.309292,0.004718,seek,0.000000,0.000000,0.008000,0.000000,0.000000,0.000000,-0.244655,0.002144,14402
33.028092,685572.314385,0.004862,seek,0.000000,0.000000,0.008000,0.000000,0.000000,0.000000,-0.274456,0.001591,14404
33.033093,685572.319508,0.005001,seek,0.000000,0.000000,0.008000,0.000000,0.000000,0.000000,-0.395476,0.002199,14406
33.038092,685572.324638,0.004999,seek,0.000000,0.000000,0.008000,0.000000,0.000000,0.000000,-0.478310,0.001756,14408
33.043092,685572.329767,0.005000,seek,0.000000,0.000000,0.008000,0.000000,0.000000,0.000000,-0.556299,0.001215,14410
33.048092,685572.334888,0.005000,seek,0.000000,0.000000,0.008000,0.000000,0.000000,0.000000,-0.548928,0.001851,14412
33.053093,685572.340015,0.005000,seek,0.000000,0.000000,0.008000,0.000000,0.000000,0.000000,-0.397439,0.001232,14414
33.058092,685572.345095,0.005000,seek,0.000000,0.000000,0.008000,0.000000,0.000000,0.000000,-0.242504,0.001894,14416
33.063093,685572.350207,0.005000,seek,0.000000,0.000000,0.008000,0.000000,0.000000,0.000000,-0.207598,0.001234,14418
33.068092,685572.355308,0.005000,seek,0.000000,0.000000,0.008000,0.000000,0.000000,0.000000,-0.262378,0.001862,14420
33.073093,685572.360477,0.005000,seek,0.000000,0.000000,0.008000,0.000000,0.000000,0.000000,-0.363117,0.001232,14422
33.078092,685572.365618,0.005000,seek,0.000000,0.000000,0.008000,0.000000,0.000000,0.000000,-0.467473,0.001862,14424
33.083093,685572.370744,0.005000,seek,0.000000,0.000000,0.008000,0.000000,0.000000,0.000000,-0.468352,0.001140,14426
33.088092,685572.375876,0.004999,seek,0.000000,0.000000,0.008000,0.000000,0.000000,0.000000,-0.508826,0.001703,14428
33.093092,685572.381011,0.005000,seek,0.000000,0.000000,0.008000,0.000000,0.000000,0.000000,-0.425408,0.001236,14430
33.098092,685572.386097,0.005000,seek,0.000000,0.000000,0.008000,0.000000,0.000000,0.000000,-0.285393,0.001931,14432
33.103093,685572.391221,0.005000,seek,0.000000,0.000000,0.008000,0.000000,0.000000,0.000000,-0.233163,0.001210,14434
33.108093,685572.396308,0.005000,seek,0.000000,0.000000,0.008000,0.000000,0.000000,0.000000,-0.248791,0.001863,14436
33.118092,685572.401430,0.010000,seek,0.000000,0.000000,0.008000,0.000000,0.000000,0.000000,-0.548962,0.001821,14440
33.123092,685572.406517,0.005000,seek,0.000000,0.000000,0.008000,0.000000,0.000000,0.000000,-0.497005,0.001197,14442
33.128093,685572.411652,0.005000,seek,0.000000,0.000000,0.008000,0.000000,0.000000,0.000000,-0.412587,0.001852,14444
33.133092,685572.416802,0.005000,seek,0.000000,0.000000,0.008000,0.000000,0.000000,0.000000,-0.319823,0.001443,14446
33.138092,685572.421924,0.005000,seek,0.000000,0.000000,0.008000,0.000000,0.000000,0.000000,-0.283666,0.002031,14448
33.143093,685572.427087,0.005000,seek,0.000000,0.000000,0.008000,0.000000,0.000000,0.000000,-0.314171,0.001611,14450
33.148093,685572.432187,0.005000,seek,0.000000,0.000000,0.008000,0.000000,0.000000,0.000000,-0.375520,0.002227,14452
33.153093,685572.437284,0.005000,seek,0.000000,0.000000,0.008000,0.000000,0.000000,0.000000,-0.429384,0.001685,14454
33.158093,685572.442414,0.005000,seek,0.000000,0.000000,0.008000,0.000000,0.000000,0.000000,-0.466262,0.002235,14456
33.163092,685572.447524,0.005000,seek,0.000000,0.000000,0.008000,0.000000,0.000000,0.000000,-0.497420,0.001749,14458
33.168092,685572.452633,0.005000,seek,0.000000,0.000000,0.008000,0.000000,0.000000,0.000000,-0.414645,0.002329,14460
33.173092,685572.457742,0.005000,seek,0.000000,0.000000,0.008000,0.000000,0.000000,0.000000,-0.334535,0.001899,14462
33.178092,685572.462849,0.005000,seek,0.000000,0.000000,0.008000,0.000000,0.000000,0.000000,-0.348393,0.001413,14464
33.183092,685572.467955,0.005000,seek,0.000000,0.000000,0.008000,0.000000,0.000000,0.000000,-0.364687,0.001961,14466
33.188092,685572.473062,0.005000,seek,0.000000,0.000000,0.008000,0.000000,0.000000,0.000000,-0.390239,0.001492,14468
33.193092,685572.478171,0.005000,seek,0.000000,0.000000,0.008000,0.000000,0.000000,0.000000,-0.443089,0.002124,14470
33.198092,685572.483278,0.005000,seek,0.000000,0.000000,0.008000,0.000000,0.000000,0.000000,-0.494138,0.001704,14472
33.203092,685572.488418,0.005000,seek,0.000000,0.000000,0.008000,0.000000,0.000000,0.000000,-0.451928,0.001099,14474
33.208093,685572.493525,0.005000,seek,0.000000,0.000000,0.008000,0.000000,0.000000,0.000000,-0.409567,0.001767,14476
33.213093,685572.498630,0.005000,seek,0.000000,0.000000,0.008000,0.000000,0.000000,0.000000,-0.403977,0.001195,14478
33.218093,685572.503741,0.005000,seek,0.000000,0.000000,0.008000,0.000000,0.000000,0.000000,-0.391919,0.001842,14480
33.223092,685572.508849,0.005000,seek,0.000000,0.000000,0.008000,0.000000,0.000000,0.000000,-0.321566,0.001367,14482
33.228092,685572.513956,0.005000,seek,0.000000,0.000000,0.008000,0.000000,0.000000,0.000000,-0.246625,0.002012,14484
33.233092,685572.519064,0.005000,seek,0.000000,0.000000,0.008000,0.000000,0.000000,0.000000,-0.252649,0.001570,14486
33.238092,685572.524170,0.005000,seek,0.000000,0.000000,0.008000,0.000000,0.000000,0.000000,-0.386402,0.002218,14488
33.243092,685572.529278,0.005000,seek,0.000000,0.000000,0.008000,0.000000,0.000000,0.000000,-0.487294,0.001835,14490
33.248092,685572.534432,0.005000,seek,0.000000,0.000000,0.008000,0.000000,0.000000,0.000000,-0.464845,0.001204,14492
33.253092,685572.539586,0.005000,seek,0.000000,0.000000,0.008000,0.000000,0.000000,0.000000,-0.353815,0.001826,14494
33.258093,685572.544679,0.005000,seek,0.000000,0.000000,0.008000,0.000000,0.000000,0.000000,-0.261796,0.001248,14496
33.263093,685572.549806,0.005000,seek,0.000000,0.000000,0.008000,0.000000,0.000000,0.000000,-0.337616,0.001947,14498
33.268092,685572.554899,0.005000,seek,0.000000,0.000000,0.008000,0.000000,0.000000,0.000000,-0.393094,0.001247,14500
33.273092,685572.559995,0.005000,seek,0.000000,0.000000,0.008000,0.000000,0.000000,0.000000,-0.412953,0.001825,14502
33.278093,685572.565162,0.005001,seek,0.000000,0.000000,0.008000,0.000000,0.000000,0.000000,-0.377084,0.001170,14504
33.283092,685572.570252,0.005000,seek,0.000000,0.000000,0.008000,0.000000,0.000000,0.000000,-0.375783,0.001721,14506
33.288092,685572.575378,0.005000,seek,0.000000,0.000000,0.008000,0.000000,0.000000,0.000000,-0.503133,0.002274,14508
33.293092,685572.580511,0.005000,seek,0.000000,0.000000,0.008000,0.000000,0.000000,0.000000,-0.474114,0.001899,14510
33.298092,685572.585634,0.005000,seek,0.000000,0.000000,0.008000,0.000000,0.000000,0.000000,-0.352178,0.001450,14512
33.303092,685572.590750,0.005000,seek,0.000000,0.000000,0.008000,0.000000,0.000000,0.000000,-0.374114,0.002046,14514
33.308093,685572.595874,0.005000,seek,0.000000,0.000000,0.008000,0.000000,0.000000,0.000000,-0.438003,0.001605,14516
33.313092,685572.601005,0.005000,seek,0.000000,0.000000,0.008000,0.000000,0.000000,0.000000,-0.515735,0.002226,14518
33.318093,685572.606112,0.005001,seek,0.000000,0.000000,0.008000,0.000000,0.000000,0.000000,-0.460949,0.001855,14520
33.323093,685572.611213,0.005000,seek,0.000000,0.000000,0.008000,0.000000,0.000000,0.000000,-0.340256,0.001230,14522
33.333092,685572.616316,0.010000,seek,0.000000,0.000000,0.008000,0.000000,0.000000,0.000000,-0.297042,0.001483,14526
33.338092,685572.621457,0.005000,seek,0.000000,0.000000,0.008000,0.000000,0.000000,0.000000,-0.341687,0.002035,14528
33.343092,685572.626541,0.005000,seek,0.000000,0.000000,0.008000,0.000000,0.000000,0.000000,-0.414940,0.001595,14530
33.348092,685572.631660,0.005000,seek,0.000000,0.000000,0.008000,0.000000,0.000000,0.000000,-0.430850,0.002220,14532
33.353093,685572.636783,0.005001,seek,0.000000,0.000000,0.008000,0.000000,0.000000,0.000000,-0.393954,0.001782,14534
33.358095,685572.641919,0.005003,seek,0.000000,0.000000,0.008000,0.000000,0.000000,0.000000,-0.427719,0.001258,14536
33.363093,685572.647003,0.004998,seek,0.000000,0.000000,0.008000,0.000000,0.000000,0.000000,-0.450270,0.001838,14538
33.368093,685572.652086,0.005000,seek,0.000000,0.000000,0.008000,0.000000,0.000000,0.000000,-0.365201,0.001216,14540
33.373093,685572.657168,0.005000,seek,0.000000,0.000000,0.008000,0.000000,0.000000,0.000000,-0.271664,0.001828,14542
33.378092,685572.662254,0.005000,seek,0.000000,0.000000,0.008000,0.000000,0.000000,0.000000,-0.305439,0.001229,14544
33.383093,685572.667331,0.005000,seek,0.000000,0.000000,0.008000,0.000000,0.000000,0.000000,-0.349234,0.001826,14546
33.388092,685572.672405,0.004999,seek,0.000000,0.000000,0.008000,0.000000,0.000000,0.000000,-0.422895,0.001221,14548
33.393093,685572.677505,0.005000,seek,0.000000,0.000000,0.008000,0.000000,0.000000,0.000000,-0.567554,0.001845,14550
33.398093,685572.682611,0.005000,seek,0.000000,0.000000,0.008000,0.000000,0.000000,0.000000,-0.564256,0.001216,14552
33.403092,685572.687765,0.005000,seek,0.000000,0.000000,0.008000,0.000000,0.000000,0.000000,-0.385092,0.001809,14554
33.408093,685572.692918,0.005001,seek,0.000000,0.000000,0.008000,0.000000,0.000000,0.000000,-0.307235,0.001243,14556
33.413093,685572.698076,0.005000,seek,0.000000,0.000000,0.008000,0.000000,0.000000,0.000000,-0.263626,0.001835,14558
33.418093,685572.703182,0.005000,seek,0.000000,0.000000,0.008000,0.000000,0.000000,0.000000,-0.265263,0.001204,14560
33.423093,685572.708288,0.005000,seek,0.000000,0.000000,0.008000,0.000000,0.000000,0.000000,-0.386508,0.001800,14562
33.428092,685572.713396,0.005000,seek,0.000000,0.000000,0.008000,0.000000,0.000000,0.000000,-0.440908,0.001187,14564
33.433093,685572.718501,0.005000,seek,0.000000,0.000000,0.008000,0.000000,0.000000,0.000000,-0.483066,0.001807,14566
33.438092,685572.723669,0.004999,seek,0.000000,0.000000,0.008000,0.000000,0.000000,0.000000,-0.442691,0.001205,14568
33.443093,685572.728837,0.005001,seek,0.000000,0.000000,0.008000,0.000000,0.000000,0.000000,-0.362127,0.001845,14570
33.448093,685572.734083,0.005000,seek,0.000000,0.000000,0.008000,0.000000,0.000000,0.000000,-0.365564,0.001220,14572
33.453093,685572.739189,0.005000,seek,0.000000,0.000000,0.008000,0.000000,0.000000,0.000000,-0.324980,0.001798,14574
33.458093,685572.744317,0.005000,seek,0.000000,0.000000,0.008000,0.000000,0.000000,0.000000,-0.379320,0.001178,14576
33.463093,685572.749423,0.004999,seek,0.000000,0.000000,0.008000,0.000000,0.000000,0.000000,-0.497142,0.001795,14578
33.468093,685572.754529,0.005000,seek,0.000000,0.000000,0.008000,0.000000,0.000000,0.000000,-0.491485,0.001156,14580
33.473093,685572.759632,0.005000,seek,0.000000,0.000000,0.008000,0.000000,0.000000,0.000000,-0.403134,0.001759,14582
33.478093,685572.764766,0.005000,seek,0.000000,0.000000,0.008000,0.000000,0.000000,0.000000,-0.312561,0.001182,14584
33.483093,685572.770008,0.005000,seek,0.000000,0.000000,0.008000,0.000000,0.000000,0.000000,-0.267380,0.001796,14586
33.488092,685572.775175,0.004999,seek,0.000000,0.000000,0.008000,0.000000,0.000000,0.000000,-0.307122,0.001238,14588
33.493093,685572.780294,0.005001,seek,0.000000,0.000000,0.008000,0.000000,0.000000,0.000000,-0.416565,0.001864,14590
33.498092,685572.785401,0.004999,seek,0.000000,0.000000,0.008000,0.000000,0.000000,0.000000,-0.509215,0.001210,14592
33.503093,685572.790566,0.005000,seek,0.000000,0.000000,0.008000,0.000000,0.000000,0.000000,-0.486011,0.001798,14594
33.508093,685572.795831,0.005000,seek,0.000000,0.000000,0.008000,0.000000,0.000000,0.000000,-0.415671,0.001167,14596
33.513093,685572.801136,0.005000,seek,0.000000,0.000000,0.008000,0.000000,0.000000,0.000000,-0.420600,0.001776,14598
33.523093,685572.806390,0.010000,seek,0.000000,0.000000,0.008000,0.000000,0.000000,0.000000,-0.306234,0.001761,14602
33.528092,685572.811634,0.005000,seek,0.000000,0.000000,0.008000,0.000000,0.000000,0.000000,-0.293659,0.001237,14604
33.533094,685572.816772,0.005001,seek,0.000000,0.000000,0.008000,0.000000,0.000000,0.000000,-0.322114,0.001848,14606
33.538092,685572.821926,0.004998,seek,0.000000,0.000000,0.008000,0.000000,0.000000,0.000000,-0.437354,0.002272,14608
33.543094,685572.827083,0.005001,seek,0.000000,0.000000,0.008000,0.000000,0.000000,0.000000,-0.559424,0.001882,14610
33.548093,685572.832181,0.005000,seek,0.000000,0.000000,0.008000,0.000000,0.000000,0.000000,-0.478828,0.002236,14612
33.553092,685572.837277,0.004999,seek,0.000000,0.000000,0.008000,0.000000,0.000000,0.000000,-0.382282,0.001716,14614
33.558092,685572.842524,0.005000,seek,0.000000,0.000000,0.008000,0.000000,0.000000,0.000000,-0.303379,0.002130,14616
33.563092,685572.847672,0.005000,seek,0.000000,0.000000,0.008000,0.000000,0.000000,0.000000,-0.323927,0.001598,14618
33.568092,685572.852777,0.005000,seek,0.000000,0.000000,0.008000,0.000000,0.000000,0.000000,-0.427111,0.002168,14620
33.573092,685572.857903,0.005000,seek,0.000000,0.000000,0.008000,0.000000,0.000000,0.000000,-0.440614,0.001711,14622
33.578092,685572.863018,0.005000,seek,0.000000,0.000000,0.008000,0.000000,0.000000,0.000000,-0.409606,0.002105,14624
33.583092,685572.868156,0.005000,seek,0.000000,0.000000,0.008000,0.000000,0.000000,0.000000,-0.381791,0.001581,14626
33.588092,685572.873370,0.005000,seek,0.000000,0.000000,0.008000,0.000000,0.000000,0.000000,-0.366721,0.002156,14628
33.593092,685572.878477,0.005000,seek,0.000000,0.000000,0.008000,0.000000,0.000000,0.000000,-0.420396,0.001672,14630
33.598096,685572.883627,0.005003,seek,0.000000,0.000000,0.008000,0.000000,0.000000,0.000000,-0.447456,0.001179,14632
33.603092,685572.888768,0.004997,seek,0.000000,0.000000,0.008000,0.000000,0.000000,0.000000,-0.388549,0.001715,14634
33.608092,685572.893976,0.005000,seek,0.000000,0.000000,0.008000,0.000000,0.000000,0.000000,-0.328928,0.001256,14636
33.613092,685572.899205,0.005000,seek,0.000000,0.000000,0.008000,0.000000,0.000000,0.000000,-0.306749,0.001854,14638
33.618093,685572.904312,0.005001,seek,0.000000,0.000000,0.008000,0.000000,0.000000,0.000000,-0.368342,0.001169,14640
33.623093,685572.909419,0.005000,seek,0.000000,0.000000,0.008000,0.000000,0.000000,0.000000,-0.411669,0.001730,14642
33.628093,685572.914645,0.005000,seek,0.000000,0.000000,0.008000,0.000000,0.000000,0.000000,-0.458688,0.001230,14644
33.633094,685572.919872,0.005001,seek,0.000000,0.000000,0.008000,0.000000,0.000000,0.000000,-0.418982,0.001887,14646
33.638093,685572.925145,0.004999,seek,0.000000,0.000000,0.008000,0.000000,0.000000,0.000000,-0.370025,0.001477,14648
33.643093,685572.930349,0.005000,seek,0.000000,0.000000,0.008000,0.000000,0.000000,0.000000,-0.332193,0.002120,14650
33.648093,685572.935495,0.005000,seek,0.000000,0.000000,0.008000,0.000000,0.000000,0.000000,-0.336143,0.001627,14652
33.653093,685572.940598,0.005000,seek,0.000000,0.000000,0.008000,0.000000,0.000000,0.000000,-0.410441,0.001159,14654
33.658093,685572.945802,0.005000,seek,0.000000,0.000000,0.008000,0.000000,0.000000,0.000000,-0.436460,0.001802,14656
33.663092,685572.951024,0.005000,seek,0.000000,0.000000,0.008000,0.000000,0.000000,0.000000,-0.433098,0.001218,14658
33.668134,685572.956225,0.005042,seek,0.000000,0.000000,0.008000,0.000000,0.000000,0.000000,-0.417571,0.001827,14660
33.673092,685572.961332,0.004958,seek,0.000000,0.000000,0.008000,0.000000,0.000000,0.000000,-0.404450,0.001353,14662
33.683092,685572.966469,0.010000,seek,0.000000,0.000000,0.008000,0.000000,0.000000,0.000000,-0.288805,0.001394,14666
33.688092,685572.971743,0.005000,seek,0.000000,0.000000,0.008000,0.000000,0.000000,0.000000,-0.256422,0.002005,14668
33.693093,685572.977021,0.005000,seek,0.000000,0.000000,0.008000,0.000000,0.000000,0.000000,-0.356982,0.001496,14670
33.698092,685572.982250,0.005000,seek,0.000000,0.000000,0.008000,0.000000,0.000000,0.000000,-0.500305,0.001046,14672
33.703092,685572.987386,0.005000,seek,0.000000,0.000000,0.008000,0.000000,0.000000,0.000000,-0.522383,0.001620,14674
33.708093,685572.992501,0.005000,seek,0.000000,0.000000,0.008000,0.000000,0.000000,0.000000,-0.445446,0.001124,14676
33.713092,685572.997617,0.004999,seek,0.000000,0.000000,0.008000,0.000000,0.000000,0.000000,-0.395441,0.001747,14678
33.718093,685573.002708,0.005000,seek,0.000000,0.000000,0.008000,0.000000,0.000000,0.000000,-0.374357,0.001156,14680
33.723094,685573.007805,0.005001,seek,0.000000,0.000000,0.008000,0.000000,0.000000,0.000000,-0.372337,0.001680,14682
33.728093,685573.012887,0.004999,seek,0.000000,0.000000,0.008000,0.000000,0.000000,0.000000,-0.369276,0.001134,14684
33.733092,685573.017968,0.005000,seek,0.000000,0.000000,0.008000,0.000000,0.000000,0.000000,-0.390829,0.001638,14686
33.738093,685573.023088,0.005001,seek,0.000000,0.000000,0.008000,0.000000,0.000000,0.000000,-0.439286,0.001130,14688
33.743092,685573.028169,0.004999,seek,0.000000,0.000000,0.008000,0.000000,0.000000,0.000000,-0.477110,0.001720,14690
33.748093,685573.033246,0.005001,seek,0.000000,0.000000,0.008000,0.000000,0.000000,0.000000,-0.411297,0.001243,14692
33.753092,685573.038367,0.005000,seek,0.000000,0.000000,0.008000,0.000000,0.000000,0.000000,-0.353791,0.001948,14694
33.758093,685573.043503,0.005000,seek,0.000000,0.000000,0.008000,0.000000,0.000000,0.000000,-0.405392,0.001541,14696
33.763092,685573.048634,0.005000,seek,0.000000,0.000000,0.008000,0.000000,0.000000,0.000000,-0.410642,0.002201,14698
33.768092,685573.053739,0.005000,seek,0.000000,0.000000,0.008000,0.000000,0.000000,0.000000,-0.375835,0.001898,14700
33.773092,685573.058818,0.005000,seek,0.000000,0.000000,0.008000,0.000000,0.000000,0.000000,-0.388652,0.001395,14702
33.778092,685573.063930,0.005000,seek,0.000000,0.000000,0.008000,0.000000,0.000000,0.000000,-0.434878,0.002041,14704
33.783092,685573.069100,0.005000,seek,0.000000,0.000000,0.008000,0.000000,0.000000,0.000000,-0.379833,0.001631,14706
33.788094,685573.074197,0.005002,seek,0.000000,0.000000,0.008000,0.000000,0.000000,0.000000,-0.330746,0.001210,14708
33.793677,685573.079304,0.005583,seek,0.000000,0.000000,0.008000,0.000000,0.000000,0.000000,-0.331767,0.002399,14710
33.799357,685573.084430,0.005680,seek,0.000000,0.000000,0.008000,0.000000,0.000000,0.000000,-0.362404,0.002644,14712
33.804479,685573.089510,0.005122,seek,0.000000,0.000000,0.008000,0.000000,0.000000,0.000000,-0.395372,0.003363,14714
33.809166,685573.094634,0.004687,seek,0.000000,0.000000,0.008000,0.000000,0.000000,0.000000,-0.428020,0.002327,14716
33.813511,685573.099763,0.004345,seek,0.000000,0.000000,0.008000,0.000000,0.000000,0.000000,-0.460645,0.002314,14718
33.818092,685573.104882,0.004581,seek,0.000000,0.000000,0.008000,0.000000,0.000000,0.000000,-0.532458,0.001439,14720
33.823093,685573.109988,0.005000,seek,0.000000,0.000000,0.008000,0.000000,0.000000,0.000000,-0.520540,0.002120,14722
33.828092,685573.115128,0.005000,seek,0.000000,0.000000,0.008000,0.000000,0.000000,0.000000,-0.386616,0.001617,14724
33.833092,685573.120275,0.005000,seek,0.000000,0.000000,0.008000,0.000000,0.000000,0.000000,-0.324178,0.001108,14726
33.838092,685573.125428,0.005000,seek,0.000000,0.000000,0.008000,0.000000,0.000000,0.000000,-0.326497,0.001727,14728
33.843093,685573.130593,0.005001,seek,0.000000,0.000000,0.008000,0.000000,0.000000,0.000000,-0.393282,0.001232,14730
33.848092,685573.135704,0.005000,seek,0.000000,0.000000,0.008000,0.000000,0.000000,0.000000,-0.431099,0.001797,14732
33.853093,685573.140785,0.005000,seek,0.000000,0.000000,0.008000,0.000000,0.000000,0.000000,-0.456587,0.001216,14734
33.858092,685573.145911,0.005000,seek,0.000000,0.000000,0.008000,0.000000,0.000000,0.000000,-0.453669,0.001734,14736
33.863092,685573.151028,0.005000,seek,0.000000,0.000000,0.008000,0.000000,0.000000,0.000000,-0.390982,0.001970,14738
33.868092,685573.156137,0.005000,seek,0.000000,0.000000,0.008000,0.000000,0.000000,0.000000,-0.352897,0.001241,14740
33.878093,685573.161320,0.010000,seek,0.000000,0.000000,0.008000,0.000000,0.000000,0.000000,-0.306128,0.001194,14744
33.883093,685573.166428,0.005000,seek,0.000000,0.000000,0.008000,0.000000,0.000000,0.000000,-0.371905,0.001826,14746
33.888092,685573.171690,0.005000,seek,0.000000,0.000000,0.008000,0.000000,0.000000,0.000000,-0.413686,0.001270,14748
33.893093,685573.176987,0.005001,seek,0.000000,0.000000,0.008000,0.000000,0.000000,0.000000,-0.427407,0.001857,14750
33.898093,685573.182223,0.005000,seek,0.000000,0.000000,0.008000,0.000000,0.000000,0.000000,-0.376167,0.001222,14752
33.903093,685573.187405,0.005000,seek,0.000000,0.000000,0.008000,0.000000,0.000000,0.000000,-0.344637,0.001842,14754
33.908094,685573.192542,0.005001,seek,0.000000,0.000000,0.008000,0.000000,0.000000,0.000000,-0.352211,0.001418,14756
33.913093,685573.197654,0.004999,seek,0.000000,0.000000,0.008000,0.000000,0.000000,0.000000,-0.369309,0.001990,14758
33.918093,685573.202762,0.005000,seek,0.000000,0.000000,0.008000,0.000000,0.000000,0.000000,-0.407772,0.001552,14760
33.923092,685573.207952,0.004999,seek,0.000000,0.000000,0.008000,0.000000,0.000000,0.000000,-0.443059,0.002139,14762
33.928093,685573.213180,0.005001,seek,0.000000,0.000000,0.008000,0.000000,0.000000,0.000000,-0.526231,0.001713,14764
33.933092,685573.218286,0.004999,seek,0.000000,0.000000,0.008000,0.000000,0.000000,0.000000,-0.542915,0.001191,14766
33.938093,685573.223584,0.005000,seek,0.000000,0.000000,0.008000,0.000000,0.000000,0.000000,-0.518130,0.001699,14768
33.943093,685573.228778,0.005001,seek,0.000000,0.000000,0.008000,0.000000,0.000000,0.000000,-0.450553,0.001201,14770
33.948093,685573.234015,0.005000,seek,0.000000,0.000000,0.008000,0.000000,0.000000,0.000000,-0.293716,0.001796,14772
33.953092,685573.239243,0.004999,seek,0.000000,0.000000,0.008000,0.000000,0.000000,0.000000,-0.203951,0.001114,14774
33.958093,685573.244350,0.005001,seek,0.000000,0.000000,0.008000,0.000000,0.000000,0.000000,-0.240693,0.001716,14776
33.963093,685573.249474,0.005000,seek,0.000000,0.000000,0.008000,0.000000,0.000000,0.000000,-0.287392,0.001207,14778
33.968093,685573.254680,0.005001,seek,0.000000,0.000000,0.008000,0.000000,0.000000,0.000000,-0.344357,0.001797,14780
33.973093,685573.259878,0.005000,seek,0.000000,0.000000,0.008000,0.000000,0.000000,0.000000,-0.402131,0.001115,14782
33.978093,685573.265134,0.005000,seek,0.000000,0.000000,0.008000,0.000000,0.000000,0.000000,-0.433797,0.001644,14784
33.983092,685573.270370,0.004999,seek,0.000000,0.000000,0.008000,0.000000,0.000000,0.000000,-0.529310,0.001067,14786
33.988093,685573.275598,0.005000,seek,0.000000,0.000000,0.008000,0.000000,0.000000,0.000000,-0.522776,0.001730,14788
33.993093,685573.280764,0.005000,seek,0.000000,0.000000,0.008000,0.000000,0.000000,0.000000,-0.429090,0.001199,14790
33.998093,685573.285987,0.005000,seek,0.000000,0.000000,0.008000,0.000000,0.000000,0.000000,-0.377459,0.001877,14792
34.003092,685573.291205,0.005000,seek,0.000000,0.000000,0.008000,0.000000,0.000000,0.000000,-0.342419,0.001491,14794
34.008093,685573.296311,0.005000,seek,0.000000,0.000000,0.008000,0.000000,0.000000,0.000000,-0.268836,0.002054,14796
34.018093,685573.301422,0.010000,seek,0.000000,0.000000,0.008000,0.000000,0.000000,0.000000,-0.479412,0.002116,14800
34.023092,685573.306603,0.004999,seek,0.000000,0.000000,0.008000,0.000000,0.000000,0.000000,-0.513293,0.001638,14802
34.028092,685573.311806,0.005000,seek,0.000000,0.000000,0.008000,0.000000,0.000000,0.000000,-0.478694,0.002188,14804
34.033093,685573.317118,0.005001,seek,0.000000,0.000000,0.008000,0.000000,0.000000,0.000000,-0.462308,0.001705,14806
34.038093,685573.322359,0.005000,seek,0.000000,0.000000,0.008000,0.000000,0.000000,0.000000,-0.401727,0.001179,14808
34.043093,685573.327602,0.005000,seek,0.000000,0.000000,0.008000,0.000000,0.000000,0.000000,-0.295483,0.001781,14810
34.048092,685573.332844,0.005000,seek,0.000000,0.000000,0.008000,0.000000,0.000000,0.000000,-0.296804,0.001211,14812
34.053093,685573.338098,0.005000,seek,0.000000,0.000000,0.008000,0.000000,0.000000,0.000000,-0.410539,0.001811,14814
34.058093,685573.343206,0.005001,seek,0.000000,0.000000,0.008000,0.000000,0.000000,0.000000,-0.500707,0.001176,14816
34.063092,685573.348311,0.004999,seek,0.000000,0.000000,0.008000,0.000000,0.000000,0.000000,-0.501871,0.001782,14818
34.068093,685573.353445,0.005001,seek,0.000000,0.000000,0.008000,0.000000,0.000000,0.000000,-0.409692,0.001205,14820
34.073093,685573.358584,0.005000,seek,0.000000,0.000000,0.008000,0.000000,0.000000,0.000000,-0.349872,0.001801,14822
34.078093,685573.363729,0.005000,seek,0.000000,0.000000,0.008000,0.000000,0.000000,0.000000,-0.355469,0.001194,14824
34.083092,685573.368854,0.004999,seek,0.000000,0.000000,0.008000,0.000000,0.000000,0.000000,-0.385368,0.001787,14826
34.088093,685573.373971,0.005001,seek,0.000000,0.000000,0.008000,0.000000,0.000000,0.000000,-0.409667,0.001185,14828
34.093093,685573.379082,0.005000,seek,0.000000,0.000000,0.008000,0.000000,0.000000,0.000000,-0.394971,0.001780,14830
34.098093,685573.384165,0.005000,seek,0.000000,0.000000,0.008000,0.000000,0.000000,0.000000,-0.449582,0.001150,14832
34.103092,685573.389249,0.004999,seek,0.000000,0.000000,0.008000,0.000000,0.000000,0.000000,-0.526254,0.001745,14834
34.108093,685573.394375,0.005001,seek,0.000000,0.000000,0.008000,0.000000,0.000000,0.000000,-0.537369,0.001236,14836
34.113093,685573.399519,0.005000,seek,0.000000,0.000000,0.008000,0.000000,0.000000,0.000000,-0.455168,0.001823,14838
34.118092,685573.404657,0.005000,seek,0.000000,0.000000,0.008000,0.000000,0.000000,0.000000,-0.373791,0.001188,14840
34.123092,685573.409775,0.005000,seek,0.000000,0.000000,0.008000,0.000000,0.000000,0.000000,-0.398121,0.001781,14842
34.128093,685573.414917,0.005001,seek,0.000000,0.000000,0.008000,0.000000,0.000000,0.000000,-0.361201,0.001183,14844
34.133093,685573.420074,0.005000,seek,0.000000,0.000000,0.008000,0.000000,0.000000,0.000000,-0.311447,0.001779,14846
34.138092,685573.425156,0.005000,seek,0.000000,0.000000,0.008000,0.000000,0.000000,0.000000,-0.313487,0.001169,14848
34.143092,685573.430240,0.005000,seek,0.000000,0.000000,0.008000,0.000000,0.000000,0.000000,-0.340887,0.001753,14850
34.148093,685573.435365,0.005001,seek,0.000000,0.000000,0.008000,0.000000,0.000000,0.000000,-0.440154,0.001211,14852
34.153093,685573.440519,0.005000,seek,0.000000,0.000000,0.008000,0.000000,0.000000,0.000000,-0.511135,0.001810,14854
34.158093,685573.445645,0.005000,seek,0.000000,0.000000,0.008000,0.000000,0.000000,0.000000,-0.498903,0.001201,14856
34.163092,685573.450781,0.004999,seek,0.000000,0.000000,0.008000,0.000000,0.000000,0.000000,-0.386518,0.001789,14858
34.168093,685573.455947,0.005000,seek,0.000000,0.000000,0.008000,0.000000,0.000000,0.000000,-0.293771,0.001220,14860
34.173093,685573.461098,0.005000,seek,0.000000,0.000000,0.008000,0.000000,0.000000,0.000000,-0.343516,0.001816,14862
34.178092,685573.466185,0.005000,seek,0.000000,0.000000,0.008000,0.000000,0.000000,0.000000,-0.364273,0.001239,14864
34.183092,685573.471348,0.005000,seek,0.000000,0.000000,0.008000,0.000000,0.000000,0.000000,-0.439429,0.001806,14866
34.193092,685573.476482,0.010000,seek,0.000000,0.000000,0.008000,0.000000,0.000000,0.000000,-0.471610,0.001814,14870
34.198092,685573.481611,0.005000,seek,0.000000,0.000000,0.008000,0.000000,0.000000,0.000000,-0.500731,0.001161,14872
34.203092,685573.486835,0.005000,seek,0.000000,0.000000,0.008000,0.000000,0.000000,0.000000,-0.483608,0.001748,14874
34.208094,685573.492043,0.005002,seek,0.000000,0.000000,0.008000,0.000000,0.000000,0.000000,-0.466641,0.001299,14876
34.213092,685573.497223,0.004999,seek,0.000000,0.000000,0.008000,0.000000,0.000000,0.000000,-0.338843,0.001885,14878
34.218092,685573.502330,0.005000,seek,0.000000,0.000000,0.008000,0.000000,0.000000,0.000000,-0.297041,0.001229,14880
34.223093,685573.507437,0.005000,seek,0.000000,0.000000,0.008000,0.000000,0.000000,0.000000,-0.378177,0.001857,14882
34.228093,685573.512613,0.005000,seek,0.000000,0.000000,0.008000,0.000000,0.000000,0.000000,-0.424872,0.001134,14884
34.233093,685573.517943,0.005000,seek,0.000000,0.000000,0.008000,0.000000,0.000000,0.000000,-0.465014,0.001707,14886
34.238092,685573.523199,0.005000,seek,0.000000,0.000000,0.008000,0.000000,0.000000,0.000000,-0.428187,0.001190,14888
34.243093,685573.528468,0.005000,seek,0.000000,0.000000,0.008000,0.000000,0.000000,0.000000,-0.378189,0.001741,14890
34.248093,685573.533726,0.005000,seek,0.000000,0.000000,0.008000,0.000000,0.000000,0.000000,-0.367141,0.001167,14892
34.253092,685573.538944,0.005000,seek,0.000000,0.000000,0.008000,0.000000,0.000000,0.000000,-0.371894,0.001745,14894
34.258093,685573.544211,0.005000,seek,0.000000,0.000000,0.008000,0.000000,0.000000,0.000000,-0.389193,0.002014,14896
34.263092,685573.549317,0.004999,seek,0.000000,0.000000,0.008000,0.000000,0.000000,0.000000,-0.412493,0.001520,14898
34.268093,685573.554555,0.005000,seek,0.000000,0.000000,0.008000,0.000000,0.000000,0.000000,-0.434004,0.001930,14900
34.273093,685573.559801,0.005000,seek,0.000000,0.000000,0.008000,0.000000,0.000000,0.000000,-0.470000,0.001281,14902
34.278092,685573.565040,0.005000,seek,0.000000,0.000000,0.008000,0.000000,0.000000,0.000000,-0.501717,0.001786,14904
34.283093,685573.570312,0.005000,seek,0.000000,0.000000,0.008000,0.000000,0.000000,0.000000,-0.460477,0.002157,14906
34.288093,685573.575605,0.005000,seek,0.000000,0.000000,0.008000,0.000000,0.000000,0.000000,-0.377630,0.001647,14908
34.293092,685573.580875,0.004999,seek,0.000000,0.000000,0.008000,0.000000,0.000000,0.000000,-0.304195,0.001080,14910
34.298092,685573.586189,0.005000,seek,0.000000,0.000000,0.008000,0.000000,0.000000,0.000000,-0.314568,0.001508,14912
34.303092,685573.591296,0.005000,seek,0.000000,0.000000,0.008000,0.000000,0.000000,0.000000,-0.385434,0.002045,14914
34.313092,685573.596402,0.010000,seek,0.000000,0.000000,0.008000,0.000000,0.000000,0.000000,-0.528633,0.001220,14918
34.318092,685573.601633,0.005000,seek,0.000000,0.000000,0.008000,0.000000,0.000000,0.000000,-0.550434,0.001811,14920
34.323092,685573.606865,0.005000,seek,0.000000,0.000000,0.008000,0.000000,0.000000,0.000000,-0.440552,0.001350,14922
34.328093,685573.612121,0.005000,seek,0.000000,0.000000,0.008000,0.000000,0.000000,0.000000,-0.298717,0.001945,14924
34.333092,685573.617230,0.004999,seek,0.000000,0.000000,0.008000,0.000000,0.000000,0.000000,-0.281269,0.001526,14926
34.338092,685573.622336,0.005000,seek,0.000000,0.000000,0.008000,0.000000,0.000000,0.000000,-0.398876,0.002043,14928
34.343092,685573.627465,0.005000,seek,0.000000,0.000000,0.008000,0.000000,0.000000,0.000000,-0.439081,0.001644,14930
34.348092,685573.632601,0.005000,seek,0.000000,0.000000,0.008000,0.000000,0.000000,0.000000,-0.430722,0.001954,14932
34.353093,685573.637704,0.005000,seek,0.000000,0.000000,0.008000,0.000000,0.000000,0.000000,-0.468208,0.001462,14934
34.358100,685573.642854,0.005007,seek,0.000000,0.000000,0.008000,0.000000,0.000000,0.000000,-0.489541,0.002057,14936
34.363092,685573.647982,0.004992,seek,0.000000,0.000000,0.008000,0.000000,0.000000,0.000000,-0.435803,0.001586,14938
34.368092,685573.653109,0.005000,seek,0.000000,0.000000,0.008000,0.000000,0.000000,0.000000,-0.367214,0.006518,14940
34.373092,685573.658211,0.005000,seek,0.000000,0.000000,0.008000,0.000000,0.000000,0.000000,-0.358821,0.001997,14942
34.378093,685573.663378,0.005000,seek,0.000000,0.000000,0.008000,0.000000,0.000000,0.000000,-0.323317,0.001557,14944
34.383093,685573.668591,0.005000,seek,0.000000,0.000000,0.008000,0.000000,0.000000,0.000000,-0.288675,0.006507,14946
34.388093,685573.673789,0.005000,seek,0.000000,0.000000,0.008000,0.000000,0.000000,0.000000,-0.343664,0.002031,14948
34.393092,685573.679043,0.005000,seek,0.000000,0.000000,0.008000,0.000000,0.000000,0.000000,-0.450899,0.001605,14950
34.398093,685573.684294,0.005001,seek,0.000000,0.000000,0.008000,0.000000,0.000000,0.000000,-0.504529,0.001171,14952
34.403092,685573.689398,0.004999,seek,0.000000,0.000000,0.008000,0.000000,0.000000,0.000000,-0.524217,0.001852,14954
34.408093,685573.694549,0.005001,seek,0.000000,0.000000,0.008000,0.000000,0.000000,0.000000,-0.472866,0.001237,14956
34.413092,685573.699822,0.004999,seek,0.000000,0.000000,0.008000,0.000000,0.000000,0.000000,-0.400457,0.001899,14958
34.418092,685573.705046,0.005000,seek,0.000000,0.000000,0.008000,0.000000,0.000000,0.000000,-0.337443,0.001466,14960
34.423093,685573.710214,0.005000,seek,0.000000,0.000000,0.008000,0.000000,0.000000,0.000000,-0.271932,0.002092,14962
34.428092,685573.715323,0.004999,seek,0.000000,0.000000,0.008000,0.000000,0.000000,0.000000,-0.263540,0.001666,14964
34.433092,685573.720430,0.005000,seek,0.000000,0.000000,0.008000,0.000000,0.000000,0.000000,-0.288206,0.001173,14966
34.438094,685573.725643,0.005001,seek,0.000000,0.000000,0.008000,0.000000,0.000000,0.000000,-0.315474,0.001756,14968
34.443093,685573.730899,0.004999,seek,0.000000,0.000000,0.008000,0.000000,0.000000,0.000000,-0.418571,0.001998,14970
34.448092,685573.736113,0.004999,seek,0.000000,0.000000,0.008000,0.000000,0.000000,0.000000,-0.507304,0.001446,14972
34.453092,685573.741220,0.005000,seek,0.000000,0.000000,0.008000,0.000000,0.000000,0.000000,-0.522266,0.002024,14974
34.463093,685573.746374,0.010001,seek,0.000000,0.000000,0.008000,0.000000,0.000000,0.000000,-0.450946,0.001233,14978
34.468092,685573.751631,0.005000,seek,0.000000,0.000000,0.008000,0.000000,0.000000,0.000000,-0.409106,0.001908,14980
34.473093,685573.756871,0.005000,seek,0.000000,0.000000,0.008000,0.000000,0.000000,0.000000,-0.361612,0.001256,14982
34.478092,685573.762209,0.005000,seek,0.000000,0.000000,0.008000,0.000000,0.000000,0.000000,-0.309706,0.001970,14984
34.483092,685573.767424,0.005000,seek,0.000000,0.000000,0.008000,0.000000,0.000000,0.000000,-0.393571,0.001569,14986
34.488092,685573.772646,0.005000,seek,0.000000,0.000000,0.008000,0.000000,0.000000,0.000000,-0.486302,0.006501,14988
34.493092,685573.777850,0.005000,seek,0.000000,0.000000,0.008000,0.000000,0.000000,0.000000,-0.504206,0.001271,14990
34.498092,685573.783106,0.005000,seek,0.000000,0.000000,0.008000,0.000000,0.000000,0.000000,-0.515278,0.001956,14992
34.503093,685573.788373,0.005001,seek,0.000000,0.000000,0.008000,0.000000,0.000000,0.000000,-0.434286,0.001543,14994
34.508093,685573.793596,0.005000,seek,0.000000,0.000000,0.008000,0.000000,0.000000,0.000000,-0.346992,0.006477,14996
34.513092,685573.798827,0.005000,seek,0.000000,0.000000,0.008000,0.000000,0.000000,0.000000,-0.342878,0.002076,14998
34.518092,685573.804125,0.005000,seek,0.000000,0.000000,0.008000,0.000000,0.000000,0.000000,-0.403129,0.001628,15000
34.523093,685573.809344,0.005000,seek,0.000000,0.000000,0.008000,0.000000,0.000000,0.000000,-0.468017,0.001157,15002
34.528092,685573.814449,0.005000,seek,0.000000,0.000000,0.008000,0.000000,0.000000,0.000000,-0.347310,0.001822,15004
34.533092,685573.819589,0.005000,seek,0.000000,0.000000,0.008000,0.000000,0.000000,0.000000,-0.301692,0.002150,15006
34.538092,685573.824803,0.005000,seek,0.000000,0.000000,0.008000,0.000000,0.000000,0.000000,-0.356925,0.001648,15008
34.543093,685573.830035,0.005001,seek,0.000000,0.000000,0.008000,0.000000,0.000000,0.000000,-0.328073,0.006588,15010
34.548092,685573.835140,0.005000,seek,0.000000,0.000000,0.008000,0.000000,0.000000,0.000000,-0.339169,0.001493,15012
34.553092,685573.840351,0.005000,seek,0.000000,0.000000,0.008000,0.000000,0.000000,0.000000,-0.399779,0.002076,15014
34.558093,685573.845480,0.005001,seek,0.000000,0.000000,0.008000,0.000000,0.000000,0.000000,-0.479058,0.001714,15016
34.563092,685573.850750,0.004999,seek,0.000000,0.000000,0.008000,0.000000,0.000000,0.000000,-0.561272,0.001178,15018
34.568092,685573.855975,0.005000,seek,0.000000,0.000000,0.008000,0.000000,0.000000,0.000000,-0.615579,0.001737,15020
34.573096,685573.861150,0.005004,seek,0.000000,0.000000,0.008000,0.000000,0.000000,0.000000,-0.522058,0.001215,15022
34.583092,685573.866365,0.009996,seek,0.000000,0.000000,0.008000,0.000000,0.000000,0.000000,-0.411089,0.001447,15026
34.588092,685573.871472,0.005000,seek,0.000000,0.000000,0.008000,0.000000,0.000000,0.000000,-0.436386,0.002065,15028
34.593092,685573.876713,0.005000,seek,0.000000,0.000000,0.008000,0.000000,0.000000,0.000000,-0.406907,0.001605,15030
34.598093,685573.881949,0.005001,seek,0.000000,0.000000,0.008000,0.000000,0.000000,0.000000,-0.347268,0.006549,15032
34.603092,685573.887208,0.004999,seek,0.000000,0.000000,0.008000,0.000000,0.000000,0.000000,-0.375472,0.001477,15034
34.608093,685573.892315,0.005001,seek,0.000000,0.000000,0.008000,0.000000,0.000000,0.000000,-0.410590,0.006425,15036
34.613092,685573.897443,0.004999,seek,0.000000,0.000000,0.008000,0.000000,0.000000,0.000000,-0.414754,0.001657,15038
34.618093,685573.902673,0.005001,seek,0.000000,0.000000,0.008000,0.000000,0.000000,0.000000,-0.419644,0.001219,15040
34.623096,685573.908003,0.005003,seek,0.000000,0.000000,0.008000,0.000000,0.000000,0.000000,-0.359454,0.001976,15042
34.628092,685573.913216,0.004996,seek,0.000000,0.000000,0.008000,0.000000,0.000000,0.000000,-0.363957,0.001486,15044
34.633092,685573.918322,0.005000,seek,0.000000,0.000000,0.008000,0.000000,0.000000,0.000000,-0.429652,0.002029,15046
34.638093,685573.923541,0.005001,seek,0.000000,0.000000,0.008000,0.000000,0.000000,0.000000,-0.403949,0.001566,15048
34.643094,685573.928777,0.005001,seek,0.000000,0.000000,0.008000,0.000000,0.000000,0.000000,-0.374152,0.002142,15050
34.648092,685573.933998,0.004998,seek,0.000000,0.000000,0.008000,0.000000,0.000000,0.000000,-0.362322,0.001622,15052
34.653092,685573.939179,0.005000,seek,0.000000,0.000000,0.008000,0.000000,0.000000,0.000000,-0.356447,0.006562,15054
34.658092,685573.944289,0.005000,seek,0.000000,0.000000,0.008000,0.000000,0.000000,0.000000,-0.347249,0.001448,15056
34.663092,685573.949395,0.005000,seek,0.000000,0.000000,0.008000,0.000000,0.000000,0.000000,-0.336565,0.002061,15058
34.668093,685573.954541,0.005000,seek,0.000000,0.000000,0.008000,0.000000,0.000000,0.000000,-0.368586,0.001578,15060
34.673092,685573.959796,0.005000,seek,0.000000,0.000000,0.008000,0.000000,0.000000,0.000000,-0.405193,0.006516,15062
34.678092,685573.964996,0.005000,seek,0.000000,0.000000,0.008000,0.000000,0.000000,0.000000,-0.395365,0.001385,15064
34.683092,685573.970226,0.005000,seek,0.000000,0.000000,0.008000,0.000000,0.000000,0.000000,-0.402884,0.002007,15066
34.688092,685573.975333,0.005000,seek,0.000000,0.000000,0.008000,0.000000,0.000000,0.000000,-0.413812,0.001537,15068
34.693092,685573.980440,0.005000,seek,0.000000,0.000000,0.008000,0.000000,0.000000,0.000000,-0.404009,0.006480,15070
34.698092,685573.985700,0.005000,seek,0.000000,0.000000,0.008000,0.000000,0.000000,0.000000,-0.417094,0.001473,15072
34.703092,685573.990965,0.005000,seek,0.000000,0.000000,0.008000,0.000000,0.000000,0.000000,-0.407273,0.002051,15074
34.708092,685573.996235,0.005000,seek,0.000000,0.000000,0.008000,0.000000,0.000000,0.000000,-0.509102,0.001584,15076
34.718092,685574.001352,0.010000,seek,0.000000,0.000000,0.008000,0.000000,0.000000,0.000000,-0.572722,0.001631,15080
34.723093,685574.006524,0.005000,seek,0.000000,0.000000,0.008000,0.000000,0.000000,0.000000,-0.484725,0.006602,15082
34.728092,685574.011726,0.005000,seek,0.000000,0.000000,0.008000,0.000000,0.000000,0.000000,-0.427134,0.001359,15084
34.733104,685574.016965,0.005011,seek,0.000000,0.000000,0.008000,0.000000,0.000000,0.000000,-0.324558,0.001955,15086
34.738092,685574.022207,0.004989,seek,0.000000,0.000000,0.008000,0.000000,0.000000,0.000000,-0.290089,0.001460,15088
34.743092,685574.027315,0.005000,seek,0.000000,0.000000,0.008000,0.000000,0.000000,0.000000,-0.375988,0.002053,15090
34.748092,685574.032443,0.005000,seek,0.000000,0.000000,0.008000,0.000000,0.000000,0.000000,-0.456804,0.001515,15092
34.753093,685574.037583,0.005000,seek,0.000000,0.000000,0.008000,0.000000,0.000000,0.000000,-0.494387,0.002057,15094
34.758093,685574.042686,0.005000,seek,0.000000,0.000000,0.008000,0.000000,0.000000,0.000000,-0.481816,0.001586,15096
34.763092,685574.047916,0.004999,seek,0.000000,0.000000,0.008000,0.000000,0.000000,0.000000,-0.440502,0.006524,15098
34.768093,685574.053032,0.005000,seek,0.000000,0.000000,0.008000,0.000000,0.000000,0.000000,-0.437915,0.001152,15100
34.773092,685574.058223,0.005000,seek,0.000000,0.000000,0.008000,0.000000,0.000000,0.000000,-0.350922,0.001743,15102
34.778092,685574.063330,0.005000,seek,0.000000,0.000000,0.008000,0.000000,0.000000,0.000000,-0.235866,0.001204,15104
34.783092,685574.068643,0.005000,seek,0.000000,0.000000,0.008000,0.000000,0.000000,0.000000,-0.302343,0.001790,15106
34.788092,685574.073779,0.005000,seek,0.000000,0.000000,0.008000,0.000000,0.000000,0.000000,-0.365780,0.001231,15108
34.793092,685574.078871,0.005000,seek,0.000000,0.000000,0.008000,0.000000,0.000000,0.000000,-0.476341,0.001822,15110
34.798093,685574.083961,0.005000,seek,0.000000,0.000000,0.008000,0.000000,0.000000,0.000000,-0.581786,0.001160,15112
34.803093,685574.089104,0.005000,seek,0.000000,0.000000,0.008000,0.000000,0.000000,0.000000,-0.462347,0.001723,15114
34.808093,685574.094194,0.005000,seek,0.000000,0.000000,0.008000,0.000000,0.000000,0.000000,-0.334011,0.001266,15116
34.813093,685574.099282,0.005000,seek,0.000000,0.000000,0.008000,0.000000,0.000000,0.000000,-0.264483,0.001920,15118
34.818093,685574.104432,0.005000,seek,0.000000,0.000000,0.008000,0.000000,0.000000,0.000000,-0.308991,0.001426,15120
34.823092,685574.109556,0.005000,seek,0.000000,0.000000,0.008000,0.000000,0.000000,0.000000,-0.386450,0.002059,15122
34.828093,685574.114676,0.005000,seek,0.000000,0.000000,0.008000,0.000000,0.000000,0.000000,-0.434667,0.001646,15124
34.833093,685574.119792,0.005000,seek,0.000000,0.000000,0.008000,0.000000,0.000000,0.000000,-0.492805,0.001132,15126
34.838094,685574.124910,0.005001,seek,0.000000,0.000000,0.008000,0.000000,0.000000,0.000000,-0.544276,0.001720,15128
34.843093,685574.130028,0.004999,seek,0.000000,0.000000,0.008000,0.000000,0.000000,0.000000,-0.446277,0.001265,15130
34.848093,685574.135244,0.005000,seek,0.000000,0.000000,0.008000,0.000000,0.000000,0.000000,-0.319233,0.001932,15132
34.853094,685574.140385,0.005001,seek,0.000000,0.000000,0.008000,0.000000,0.000000,0.000000,-0.351924,0.001430,15134
34.858092,685574.145630,0.004999,seek,0.000000,0.000000,0.008000,0.000000,0.000000,0.000000,-0.382446,0.006365,15136
34.863093,685574.150733,0.005000,seek,0.000000,0.000000,0.008000,0.000000,0.000000,0.000000,-0.470037,0.001492,15138
34.868093,685574.155968,0.005000,seek,0.000000,0.000000,0.008000,0.000000,0.000000,0.000000,-0.509302,0.001107,15140
34.873092,685574.161184,0.005000,seek,0.000000,0.000000,0.008000,0.000000,0.000000,0.000000,-0.459574,0.001735,15142
34.883092,685574.166290,0.010000,seek,0.000000,0.000000,0.008000,0.000000,0.000000,0.000000,-0.493550,0.001938,15146
34.888093,685574.171396,0.005001,seek,0.000000,0.000000,0.008000,0.000000,0.000000,0.000000,-0.434792,0.001546,15148
34.893092,685574.176557,0.005000,seek,0.000000,0.000000,0.008000,0.000000,0.000000,0.000000,-0.330230,0.006483,15150
34.898093,685574.181661,0.005001,seek,0.000000,0.000000,0.008000,0.000000,0.000000,0.000000,-0.413153,0.001449,15152
34.903093,685574.186885,0.005000,seek,0.000000,0.000000,0.008000,0.000000,0.000000,0.000000,-0.510831,0.006394,15154
34.908092,685574.192146,0.004999,seek,0.000000,0.000000,0.008000,0.000000,0.000000,0.000000,-0.417978,0.004396,15156
34.913093,685574.197298,0.005001,seek,0.000000,0.000000,0.008000,0.000000,0.000000,0.000000,-0.412561,0.004369,15158
34.918092,685574.202417,0.004999,seek,0.000000,0.000000,0.008000,0.000000,0.000000,0.000000,-0.480403,0.004344,15160
34.923093,685574.207539,0.005000,seek,0.000000,0.000000,0.008000,0.000000,0.000000,0.000000,-0.460350,0.001266,15162
34.928093,685574.212618,0.005000,seek,0.000000,0.000000,0.008000,0.000000,0.000000,0.000000,-0.451600,0.001878,15164
34.933093,685574.217756,0.005000,seek,0.000000,0.000000,0.008000,0.000000,0.000000,0.000000,-0.406735,0.001372,15166
34.938093,685574.222871,0.005000,seek,0.000000,0.000000,0.008000,0.000000,0.000000,0.000000,-0.309617,0.002004,15168
34.943093,685574.227991,0.005000,seek,0.000000,0.000000,0.008000,0.000000,0.000000,0.000000,-0.338250,0.001557,15170
34.948092,685574.233091,0.004999,seek,0.000000,0.000000,0.008000,0.000000,0.000000,0.000000,-0.449523,0.001122,15172
34.953093,685574.238197,0.005001,seek,0.000000,0.000000,0.008000,0.000000,0.000000,0.000000,-0.440599,0.001721,15174
34.958092,685574.243303,0.004999,seek,0.000000,0.000000,0.008000,0.000000,0.000000,0.000000,-0.442760,0.001192,15176
34.963093,685574.248429,0.005001,seek,0.000000,0.000000,0.008000,0.000000,0.000000,0.000000,-0.500234,0.001809,15178
34.968093,685574.253514,0.004999,seek,0.000000,0.000000,0.008000,0.000000,0.000000,0.000000,-0.411232,0.001189,15180
34.973093,685574.258660,0.005000,seek,0.000000,0.000000,0.008000,0.000000,0.000000,0.000000,-0.400885,0.001771,15182
34.978093,685574.263770,0.005000,seek,0.000000,0.000000,0.008000,0.000000,0.000000,0.000000,-0.433519,0.001331,15184
34.983093,685574.268897,0.005000,seek,0.000000,0.000000,0.008000,0.000000,0.000000,0.000000,-0.357597,0.002007,15186
34.988093,685574.274017,0.005000,seek,0.000000,0.000000,0.008000,0.000000,0.000000,0.000000,-0.359235,0.001371,15188
34.993093,685574.279095,0.005000,seek,0.000000,0.000000,0.008000,0.000000,0.000000,0.000000,-0.447696,0.001996,15190
34.998093,685574.284178,0.005001,seek,0.000000,0.000000,0.008000,0.000000,0.000000,0.000000,-0.460866,0.001572,15192
35.003094,685574.289296,0.005001,seek,0.000000,0.000000,0.008000,0.000000,0.000000,0.000000,-0.379778,0.006518,15194
35.008092,685574.294445,0.004999,seek,0.000000,0.000000,0.008000,0.000000,0.000000,0.000000,-0.408810,0.001317,15196
35.013093,685574.299522,0.005000,seek,0.000000,0.000000,0.008000,0.000000,0.000000,0.000000,-0.404385,0.001975,15198
35.018093,685574.304632,0.005000,seek,0.000000,0.000000,0.008000,0.000000,0.000000,0.000000,-0.347962,0.001319,15200
35.023092,685574.309705,0.005000,seek,0.000000,0.000000,0.008000,0.000000,0.000000,0.000000,-0.368517,0.001944,15202
35.028093,685574.314836,0.005001,seek,0.000000,0.000000,0.008000,0.000000,0.000000,0.000000,-0.422995,0.001347,15204
35.033092,685574.319951,0.004999,seek,0.000000,0.000000,0.008000,0.000000,0.000000,0.000000,-0.379879,0.002005,15206
35.038093,685574.325087,0.005001,seek,0.000000,0.000000,0.008000,0.000000,0.000000,0.000000,-0.334341,0.001601,15208
35.043093,685574.330384,0.004999,seek,0.000000,0.000000,0.008000,0.000000,0.000000,0.000000,-0.349929,0.006496,15210
35.048093,685574.335523,0.005000,seek,0.000000,0.000000,0.008000,0.000000,0.000000,0.000000,-0.385297,0.001286,15212
35.053093,685574.340679,0.005000,seek,0.000000,0.000000,0.008000,0.000000,0.000000,0.000000,-0.392245,0.001691,15214
35.058092,685574.345847,0.004999,seek,0.000000,0.000000,0.008000,0.000000,0.000000,0.000000,-0.351300,0.001263,15216
35.063092,685574.350950,0.005000,seek,0.000000,0.000000,0.008000,0.000000,0.000000,0.000000,-0.328256,0.001895,15218
35.068093,685574.356070,0.005000,seek,0.000000,0.000000,0.008000,0.000000,0.000000,0.000000,-0.296064,0.001432,15220
35.073092,685574.361188,0.005000,seek,0.000000,0.000000,0.008000,0.000000,0.000000,0.000000,-0.271457,0.006375,15222
35.083092,685574.366296,0.010000,seek,0.000000,0.000000,0.008000,0.000000,0.000000,0.000000,-0.607719,0.006334,15226
35.088092,685574.371400,0.005000,seek,0.000000,0.000000,0.008000,0.000000,0.000000,0.000000,-0.522625,0.001331,15228
35.093093,685574.376527,0.005000,seek,0.000000,0.000000,0.008000,0.000000,0.000000,0.000000,-0.422430,0.001934,15230
35.098093,685574.381731,0.005000,seek,0.000000,0.000000,0.008000,0.000000,0.000000,0.000000,-0.418770,0.001310,15232
35.103093,685574.386888,0.005000,seek,0.000000,0.000000,0.008000,0.000000,0.000000,0.000000,-0.400788,0.001956,15234
35.108093,685574.392031,0.005000,seek,0.000000,0.000000,0.008000,0.000000,0.000000,0.000000,-0.379029,0.001514,15236
35.113093,685574.397126,0.004999,seek,0.000000,0.000000,0.008000,0.000000,0.000000,0.000000,-0.373491,0.006461,15238
35.118092,685574.402280,0.005000,seek,0.000000,0.000000,0.008000,0.000000,0.000000,0.000000,-0.374901,0.002070,15240
35.123092,685574.407500,0.005000,seek,0.000000,0.000000,0.008000,0.000000,0.000000,0.000000,-0.404861,0.001647,15242
35.128092,685574.412649,0.005000,seek,0.000000,0.000000,0.008000,0.000000,0.000000,0.000000,-0.435222,0.006584,15244
35.133252,685574.417867,0.005160,seek,0.000000,0.000000,0.008000,0.000000,0.000000,0.000000,-0.413675,0.001541,15246
35.138092,685574.423115,0.004840,seek,0.000000,0.000000,0.008000,0.000000,0.000000,0.000000,-0.388042,0.006323,15248
35.143092,685574.428242,0.005000,seek,0.000000,0.000000,0.008000,0.000000,0.000000,0.000000,-0.425180,0.001355,15250
35.148099,685574.433415,0.005006,seek,0.000000,0.000000,0.008000,0.000000,0.000000,0.000000,-0.414804,0.002113,15252
35.153093,685574.438550,0.004994,seek,0.000000,0.000000,0.008000,0.000000,0.000000,0.000000,-0.315697,0.001538,15254
35.158092,685574.443741,0.004999,seek,0.000000,0.000000,0.008000,0.000000,0.000000,0.000000,-0.262061,0.006468,15256
35.163095,685574.448865,0.005002,seek,0.000000,0.000000,0.008000,0.000000,0.000000,0.000000,-0.364076,0.004428,15258
35.168092,685574.453999,0.004998,seek,0.000000,0.000000,0.008000,0.000000,0.000000,0.000000,-0.426828,0.001998,15260
35.173093,685574.459126,0.005000,seek,0.000000,0.000000,0.008000,0.000000,0.000000,0.000000,-0.380252,0.001310,15262
35.178093,685574.464247,0.005000,seek,0.000000,0.000000,0.008000,0.000000,0.000000,0.000000,-0.456898,0.001799,15264
35.183092,685574.469366,0.005000,seek,0.000000,0.000000,0.008000,0.000000,0.000000,0.000000,-0.543241,0.001994,15266
35.188092,685574.474535,0.005000,seek,0.000000,0.000000,0.008000,0.000000,0.000000,0.000000,-0.424939,0.001365,15268
35.193092,685574.479651,0.005000,seek,0.000000,0.000000,0.008000,0.000000,0.000000,0.000000,-0.290530,0.001826,15270
35.198093,685574.484817,0.005001,seek,0.000000,0.000000,0.008000,0.000000,0.000000,0.000000,-0.279952,0.006771,15272
35.203093,685574.489967,0.005000,seek,0.000000,0.000000,0.008000,0.000000,0.000000,0.000000,-0.313546,0.004384,15274
35.208093,685574.495118,0.005000,seek,0.000000,0.000000,0.008000,0.000000,0.000000,0.000000,-0.404216,0.004360,15276
35.213092,685574.500223,0.005000,seek,0.000000,0.000000,0.008000,0.000000,0.000000,0.000000,-0.396950,0.002048,15278
35.218092,685574.505344,0.005000,seek,0.000000,0.000000,0.008000,0.000000,0.000000,0.000000,-0.401946,0.001349,15280
35.223093,685574.510463,0.005001,seek,0.000000,0.000000,0.008000,0.000000,0.000000,0.000000,-0.455084,0.002025,15282
35.228092,685574.515579,0.004999,seek,0.000000,0.000000,0.008000,0.000000,0.000000,0.000000,-0.436933,0.001562,15284
35.233093,685574.520685,0.005000,seek,0.000000,0.000000,0.008000,0.000000,0.000000,0.000000,-0.433996,0.006508,15286
35.238093,685574.525806,0.005000,seek,0.000000,0.000000,0.008000,0.000000,0.000000,0.000000,-0.437262,0.001386,15288
35.243093,685574.530930,0.005000,seek,0.000000,0.000000,0.008000,0.000000,0.000000,0.000000,-0.441017,0.006314,15290
35.253093,685574.536082,0.010001,seek,0.000000,0.000000,0.008000,0.000000,0.000000,0.000000,-0.467184,0.001351,15294
35.253093,685574.541224,0.000001,seek,0.000000,0.000000,0.008000,0.000000,0.000000,0.000000,-0.467184,0.001351,15294
35.263092,685574.546337,0.009999,seek,0.000000,0.000000,0.008000,0.000000,0.000000,0.000000,-0.461712,0.001306,15298
35.268093,685574.551526,0.005001,seek,0.000000,0.000000,0.008000,0.000000,0.000000,0.000000,-0.409298,0.001943,15300
35.273093,685574.556671,0.005000,seek,0.000000,0.000000,0.008000,0.000000,0.000000,0.000000,-0.437096,0.001498,15302
35.278092,685574.561870,0.004999,seek,0.000000,0.000000,0.008000,0.000000,0.000000,0.000000,-0.431119,0.006435,15304
35.283093,685574.567091,0.005000,seek,0.000000,0.000000,0.008000,0.000000,0.000000,0.000000,-0.355143,0.004413,15306
35.288093,685574.572196,0.005000,seek,0.000000,0.000000,0.008000,0.000000,0.000000,0.000000,-0.331358,0.001378,15308
35.293093,685574.577310,0.005000,seek,0.000000,0.000000,0.008000,0.000000,0.000000,0.000000,-0.442382,0.002001,15310
35.298093,685574.582468,0.005001,seek,0.000000,0.000000,0.008000,0.000000,0.000000,0.000000,-0.540417,0.001575,15312
35.303093,685574.587614,0.005000,seek,0.000000,0.000000,0.008000,0.000000,0.000000,0.000000,-0.582231,0.006522,15314
35.308093,685574.592762,0.005000,seek,0.000000,0.000000,0.008000,0.000000,0.000000,0.000000,-0.610486,0.001843,15316
35.313093,685574.597865,0.005000,seek,0.000000,0.000000,0.008000,0.000000,0.000000,0.000000,-0.480707,0.001322,15318
35.318093,685574.603019,0.005000,seek,0.000000,0.000000,0.008000,0.000000,0.000000,0.000000,-0.263342,0.001955,15320
35.323093,685574.608146,0.005000,seek,0.000000,0.000000,0.008000,0.000000,0.000000,0.000000,-0.196051,0.001382,15322
35.328093,685574.613262,0.005000,seek,0.000000,0.000000,0.008000,0.000000,0.000000,0.000000,-0.190755,0.006328,15324
35.333092,685574.618365,0.005000,seek,0.000000,0.000000,0.008000,0.000000,0.000000,0.000000,-0.296191,0.001267,15326
35.338093,685574.623476,0.005001,seek,0.000000,0.000000,0.008000,0.000000,0.000000,0.000000,-0.453130,0.001955,15328
35.343092,685574.628638,0.005000,seek,0.000000,0.000000,0.008000,0.000000,0.000000,0.000000,-0.508271,0.001289,15330
35.348093,685574.633751,0.005000,seek,0.000000,0.000000,0.008000,0.000000,0.000000,0.000000,-0.541313,0.001941,15332
35.353093,685574.638853,0.005000,seek,0.000000,0.000000,0.008000,0.000000,0.000000,0.000000,-0.556370,0.001516,15334
35.358093,685574.644019,0.005000,seek,0.000000,0.000000,0.008000,0.000000,0.000000,0.000000,-0.541309,0.006448,15336
35.363093,685574.649135,0.005000,seek,0.000000,0.000000,0.008000,0.000000,0.000000,0.000000,-0.459953,0.004394,15338
35.368092,685574.654238,0.005000,seek,0.000000,0.000000,0.008000,0.000000,0.000000,0.000000,-0.444198,0.001314,15340
35.373093,685574.659352,0.005000,seek,0.000000,0.000000,0.008000,0.000000,0.000000,0.000000,-0.362836,0.001955,15342
35.378093,685574.664467,0.005000,seek,0.000000,0.000000,0.008000,0.000000,0.000000,0.000000,-0.249711,0.001401,15344
35.383092,685574.669584,0.004999,seek,0.000000,0.000000,0.008000,0.000000,0.000000,0.000000,-0.285026,0.006341,15346
35.388093,685574.674718,0.005000,seek,0.000000,0.000000,0.008000,0.000000,0.000000,0.000000,-0.361253,0.004414,15348
35.393092,685574.679836,0.005000,seek,0.000000,0.000000,0.008000,0.000000,0.000000,0.000000,-0.535185,0.001311,15350
35.398093,685574.684951,0.005000,seek,0.000000,0.000000,0.008000,0.000000,0.000000,0.000000,-0.643361,0.006256,15352
35.403093,685574.690058,0.005000,seek,0.000000,0.000000,0.008000,0.000000,0.000000,0.000000,-0.590816,0.004384,15354
35.408093,685574.695161,0.005000,seek,0.000000,0.000000,0.008000,0.000000,0.000000,0.000000,-0.489768,0.001375,15356
35.413092,685574.700274,0.004999,seek,0.000000,0.000000,0.008000,0.000000,0.000000,0.000000,-0.363050,0.001993,15358
35.418092,685574.705396,0.005000,seek,0.000000,0.000000,0.008000,0.000000,0.000000,0.000000,-0.289105,0.001332,15360
35.423093,685574.710518,0.005000,seek,0.000000,0.000000,0.008000,0.000000,0.000000,0.000000,-0.377807,0.001957,15362
35.428093,685574.715638,0.005000,seek,0.000000,0.000000,0.008000,0.000000,0.000000,0.000000,-0.488776,0.001515,15364
35.433092,685574.720855,0.004999,seek,0.000000,0.000000,0.008000,0.000000,0.000000,0.000000,-0.525916,0.006453,15366
35.438092,685574.725999,0.005000,seek,0.000000,0.000000,0.008000,0.000000,0.000000,0.000000,-0.488025,0.001339,15368
35.448093,685574.731155,0.010001,seek,0.000000,0.000000,0.008000,0.000000,0.000000,0.000000,-0.503979,0.006458,15372
35.453093,685574.736278,0.005000,seek,0.000000,0.000000,0.008000,0.000000,0.000000,0.000000,-0.377864,0.001892,15374
35.458093,685574.741400,0.005000,seek,0.000000,0.000000,0.008000,0.000000,0.000000,0.000000,-0.287013,0.001330,15376
35.463093,685574.746582,0.005000,seek,0.000000,0.000000,0.008000,0.000000,0.000000,0.000000,-0.366036,0.001953,15378
35.468092,685574.751839,0.005000,seek,0.000000,0.000000,0.008000,0.000000,0.000000,0.000000,-0.440835,0.001331,15380
35.473093,685574.757012,0.005000,seek,0.000000,0.000000,0.008000,0.000000,0.000000,0.000000,-0.476627,0.001948,15382
35.478093,685574.762183,0.005000,seek,0.000000,0.000000,0.008000,0.000000,0.000000,0.000000,-0.484102,0.001516,15384
35.483093,685574.767306,0.005000,seek,0.000000,0.000000,0.008000,0.000000,0.000000,0.000000,-0.437210,0.001119,15386
35.488093,685574.772438,0.005000,seek,0.000000,0.000000,0.008000,0.000000,0.000000,0.000000,-0.440259,0.001719,15388
35.493092,685574.777641,0.004999,seek,0.000000,0.000000,0.008000,0.000000,0.000000,0.000000,-0.402820,0.001273,15390
35.498093,685574.782860,0.005001,seek,0.000000,0.000000,0.008000,0.000000,0.000000,0.000000,-0.334664,0.001900,15392
35.503093,685574.788046,0.005000,seek,0.000000,0.000000,0.008000,0.000000,0.000000,0.000000,-0.366484,0.001344,15394
35.508093,685574.793168,0.005000,seek,0.000000,0.000000,0.008000,0.000000,0.000000,0.000000,-0.401344,0.001957,15396
35.513093,685574.798291,0.005000,seek,0.000000,0.000000,0.008000,0.000000,0.000000,0.000000,-0.536911,0.001512,15398
35.518092,685574.803447,0.005000,seek,0.000000,0.000000,0.008000,0.000000,0.000000,0.000000,-0.653887,0.006463,15400
35.523092,685574.808646,0.005000,seek,0.000000,0.000000,0.008000,0.000000,0.000000,0.000000,-0.612387,0.004389,15402
35.528093,685574.813852,0.005000,seek,0.000000,0.000000,0.008000,0.000000,0.000000,0.000000,-0.485350,0.004757,15404
35.533092,685574.819062,0.004999,seek,0.000000,0.000000,0.008000,0.000000,0.000000,0.000000,-0.395694,0.001963,15406
35.538092,685574.824184,0.005000,seek,0.000000,0.000000,0.008000,0.000000,0.000000,0.000000,-0.402186,0.001278,15408
35.543092,685574.829306,0.005000,seek,0.000000,0.000000,0.008000,0.000000,0.000000,0.000000,-0.384203,0.001881,15410
35.548093,685574.834428,0.005001,seek,0.000000,0.000000,0.008000,0.000000,0.000000,0.000000,-0.436057,0.001390,15412
35.553111,685574.839727,0.005018,seek,0.000000,0.000000,0.008000,0.000000,0.000000,0.000000,-0.512631,0.002030,15414
35.558093,685574.844968,0.004982,seek,0.000000,0.000000,0.008000,0.000000,0.000000,0.000000,-0.417504,0.001590,15416
35.563092,685574.850162,0.005000,seek,0.000000,0.000000,0.008000,0.000000,0.000000,0.000000,-0.328275,0.006532,15418
35.568092,685574.855284,0.005000,seek,0.000000,0.000000,0.008000,0.000000,0.000000,0.000000,-0.407619,0.001303,15420
35.573092,685574.860407,0.005000,seek,0.000000,0.000000,0.008000,0.000000,0.000000,0.000000,-0.453571,0.002005,15422
35.578093,685574.865626,0.005000,seek,0.000000,0.000000,0.008000,0.000000,0.000000,0.000000,-0.419960,0.001592,15424
35.583093,685574.870811,0.005000,seek,0.000000,0.000000,0.008000,0.000000,0.000000,0.000000,-0.333335,0.001968,15426
35.588092,685574.876051,0.005000,seek,0.000000,0.000000,0.008000,0.000000,0.000000,0.000000,-0.375758,0.001292,15428
35.598093,685574.881127,0.010001,seek,0.000000,0.000000,0.008000,0.000000,0.000000,0.000000,-0.395284,0.001548,15432
35.603093,685574.886251,0.004999,seek,0.000000,0.000000,0.008000,0.000000,0.000000,0.000000,-0.274166,0.006524,15434
35.608093,685574.891376,0.005000,seek,0.000000,0.000000,0.008000,0.000000,0.000000,0.000000,-0.341590,0.001315,15436
35.608093,685574.896507,0.000001,seek,0.000000,0.000000,0.008000,0.000000,0.000000,0.000000,-0.341590,0.001315,15436
35.618093,685574.901658,0.010000,seek,0.000000,0.000000,0.008000,0.000000,0.000000,0.000000,-0.473859,0.001248,15440
35.623092,685574.906872,0.004999,seek,0.000000,0.000000,0.008000,0.000000,0.000000,0.000000,-0.521325,0.001632,15442
35.628094,685574.912060,0.005002,seek,0.000000,0.000000,0.008000,0.000000,0.000000,0.000000,-0.451544,0.001015,15444
35.633093,685574.917197,0.004999,seek,0.000000,0.000000,0.008000,0.000000,0.000000,0.000000,-0.443703,0.001536,15446
35.638093,685574.922324,0.005000,seek,0.000000,0.000000,0.008000,0.000000,0.000000,0.000000,-0.514253,0.006467,15448
35.643093,685574.927483,0.005000,seek,0.000000,0.000000,0.008000,0.000000,0.000000,0.000000,-0.490264,0.004408,15450
35.648093,685574.932609,0.005001,seek,0.000000,0.000000,0.008000,0.000000,0.000000,0.000000,-0.341802,0.001907,15452
35.653093,685574.937702,0.005000,seek,0.000000,0.000000,0.008000,0.000000,0.000000,0.000000,-0.301856,0.001365,15454
35.658092,685574.942826,0.004999,seek,0.000000,0.000000,0.008000,0.000000,0.000000,0.000000,-0.391343,0.001842,15456
35.663092,685574.947946,0.005000,seek,0.000000,0.000000,0.008000,0.000000,0.000000,0.000000,-0.402248,0.006771,15458
35.668092,685574.953143,0.005000,seek,0.000000,0.000000,0.008000,0.000000,0.000000,0.000000,-0.391803,0.004413,15460
35.673092,685574.958254,0.005000,seek,0.000000,0.000000,0.008000,0.000000,0.000000,0.000000,-0.446792,0.004391,15462
35.678093,685574.963375,0.005001,seek,0.000000,0.000000,0.008000,0.000000,0.000000,0.000000,-0.459688,0.001269,15464
35.683092,685574.968494,0.004999,seek,0.000000,0.000000,0.008000,0.000000,0.000000,0.000000,-0.397782,0.001804,15466
35.688092,685574.973612,0.005000,seek,0.000000,0.000000,0.008000,0.000000,0.000000,0.000000,-0.395920,0.001270,15468
35.693092,685574.978815,0.005000,seek,0.000000,0.000000,0.008000,0.000000,0.000000,0.000000,-0.382919,0.001830,15470
35.698093,685574.983931,0.005001,seek,0.000000,0.000000,0.008000,0.000000,0.000000,0.000000,-0.361657,0.006797,15472
35.703092,685574.989131,0.004999,seek,0.000000,0.000000,0.008000,0.000000,0.000000,0.000000,-0.404486,0.002043,15474
35.708093,685574.994247,0.005001,seek,0.000000,0.000000,0.008000,0.000000,0.000000,0.000000,-0.496310,0.001488,15476
35.713093,685574.999351,0.005000,seek,0.000000,0.000000,0.008000,0.000000,0.000000,0.000000,-0.480667,0.002060,15478
35.718093,685575.004544,0.005000,seek,0.000000,0.000000,0.008000,0.000000,0.000000,0.000000,-0.466853,0.001350,15480
35.723093,685575.009709,0.005000,seek,0.000000,0.000000,0.008000,0.000000,0.000000,0.000000,-0.466052,0.001751,15482
35.728093,685575.014881,0.005000,seek,0.000000,0.000000,0.008000,0.000000,0.000000,0.000000,-0.376867,0.001942,15484
35.733092,685575.019985,0.005000,seek,0.000000,0.000000,0.008000,0.000000,0.000000,0.000000,-0.334681,0.006882,15486
35.738092,685575.025106,0.005000,seek,0.000000,0.000000,0.008000,0.000000,0.000000,0.000000,-0.302180,0.001777,15488
35.743092,685575.030229,0.005000,seek,0.000000,0.000000,0.008000,0.000000,0.000000,0.000000,-0.270441,0.001881,15490
35.748093,685575.035353,0.005000,seek,0.000000,0.000000,0.008000,0.000000,0.000000,0.000000,-0.339830,0.001913,15492
35.753093,685575.040504,0.005000,seek,0.000000,0.000000,0.008000,0.000000,0.000000,0.000000,-0.417179,0.006846,15494
35.758093,685575.045710,0.005001,seek,0.000000,0.000000,0.008000,0.000000,0.000000,0.000000,-0.457754,0.001776,15496
35.763094,685575.051004,0.005000,seek,0.000000,0.000000,0.008000,0.000000,0.000000,0.000000,-0.480359,0.001931,15498
35.773092,685575.056185,0.009999,seek,0.000000,0.000000,0.008000,0.000000,0.000000,0.000000,-0.429348,0.004724,15502
35.778093,685575.061368,0.005000,seek,0.000000,0.000000,0.008000,0.000000,0.000000,0.000000,-0.460664,0.001745,15504
35.783092,685575.066516,0.005000,seek,0.000000,0.000000,0.008000,0.000000,0.000000,0.000000,-0.482867,0.001865,15506
35.788092,685575.071651,0.005000,seek,0.000000,0.000000,0.008000,0.000000,0.000000,0.000000,-0.393628,0.001982,15508
35.793093,685575.076784,0.005001,seek,0.000000,0.000000,0.008000,0.000000,0.000000,0.000000,-0.346833,0.006929,15510
35.798093,685575.081933,0.005000,seek,0.000000,0.000000,0.008000,0.000000,0.000000,0.000000,-0.378424,0.004779,15512
35.803093,685575.087026,0.005000,seek,0.000000,0.000000,0.008000,0.000000,0.000000,0.000000,-0.507961,0.001834,15514
35.808092,685575.092135,0.004999,seek,0.000000,0.000000,0.008000,0.000000,0.000000,0.000000,-0.609931,0.006792,15516
35.813092,685575.097232,0.005000,seek,0.000000,0.000000,0.008000,0.000000,0.000000,0.000000,-0.532537,0.002015,15518
35.818092,685575.102328,0.005000,seek,0.000000,0.000000,0.008000,0.000000,0.000000,0.000000,-0.429551,0.001562,15520
35.823092,685575.107437,0.005000,seek,0.000000,0.000000,0.008000,0.000000,0.000000,0.000000,-0.409970,0.006493,15522
35.828092,685575.112547,0.005000,seek,0.000000,0.000000,0.008000,0.000000,0.000000,0.000000,-0.409410,0.001903,15524
35.833092,685575.117652,0.005000,seek,0.000000,0.000000,0.008000,0.000000,0.000000,0.000000,-0.410346,0.006847,15526
35.838092,685575.122752,0.005000,seek,0.000000,0.000000,0.008000,0.000000,0.000000,0.000000,-0.494387,0.001918,15528
35.843092,685575.127849,0.005000,seek,0.000000,0.000000,0.008000,0.000000,0.000000,0.000000,-0.555558,0.001313,15530
35.848093,685575.132934,0.005000,seek,0.000000,0.000000,0.008000,0.000000,0.000000,0.000000,-0.532642,0.001952,15532
35.853092,685575.138025,0.005000,seek,0.000000,0.000000,0.008000,0.000000,0.000000,0.000000,-0.419714,0.001336,15534
35.858092,685575.143120,0.005000,seek,0.000000,0.000000,0.008000,0.000000,0.000000,0.000000,-0.290938,0.001996,15536
35.863092,685575.148228,0.005000,seek,0.000000,0.000000,0.008000,0.000000,0.000000,0.000000,-0.353689,0.001586,15538
35.868093,685575.153363,0.005001,seek,0.000000,0.000000,0.008000,0.000000,0.000000,0.000000,-0.438594,0.001130,15540
35.873094,685575.158486,0.005001,seek,0.000000,0.000000,0.008000,0.000000,0.000000,0.000000,-0.420681,0.001702,15542
35.878093,685575.163616,0.004998,seek,0.000000,0.000000,0.008000,0.000000,0.000000,0.000000,-0.394675,0.001128,15544
35.883092,685575.168739,0.004999,seek,0.000000,0.000000,0.008000,0.000000,0.000000,0.000000,-0.529346,0.001712,15546
35.888093,685575.173879,0.005001,seek,0.000000,0.000000,0.008000,0.000000,0.000000,0.000000,-0.676662,0.001243,15548
35.893092,685575.179020,0.005000,seek,0.000000,0.000000,0.008000,0.000000,0.000000,0.000000,-0.598319,0.001952,15550
35.898093,685575.184132,0.005000,seek,0.000000,0.000000,0.008000,0.000000,0.000000,0.000000,-0.427125,0.001539,15552
35.903092,685575.189221,0.005000,seek,0.000000,0.000000,0.008000,0.000000,0.000000,0.000000,-0.338560,0.006473,15554
35.908092,685575.194315,0.005000,seek,0.000000,0.000000,0.008000,0.000000,0.000000,0.000000,-0.388931,0.001336,15556
35.913092,685575.199471,0.005000,seek,0.000000,0.000000,0.008000,0.000000,0.000000,0.000000,-0.380166,0.002010,15558
35.918094,685575.204615,0.005002,seek,0.000000,0.000000,0.008000,0.000000,0.000000,0.000000,-0.335001,0.001581,15560
35.923092,685575.209754,0.004998,seek,0.000000,0.000000,0.008000,0.000000,0.000000,0.000000,-0.357043,0.006519,15562
35.928093,685575.214886,0.005001,seek,0.000000,0.000000,0.008000,0.000000,0.000000,0.000000,-0.407725,0.004411,15564
35.933094,685575.220140,0.005001,seek,0.000000,0.000000,0.008000,0.000000,0.000000,0.000000,-0.516407,0.001243,15566
35.938094,685575.225249,0.005000,seek,0.000000,0.000000,0.008000,0.000000,0.000000,0.000000,-0.467302,0.001983,15568
35.943095,685575.230397,0.005001,seek,0.000000,0.000000,0.008000,0.000000,0.000000,0.000000,-0.332452,0.001546,15570
35.948092,685575.235534,0.004997,seek,0.000000,0.000000,0.008000,0.000000,0.000000,0.000000,-0.304260,0.006457,15572
35.953092,685575.240669,0.005000,seek,0.000000,0.000000,0.008000,0.000000,0.000000,0.000000,-0.310889,0.004369,15574
35.958093,685575.245815,0.005001,seek,0.000000,0.000000,0.008000,0.000000,0.000000,0.000000,-0.305203,0.001320,15576
35.963096,685575.250973,0.005003,seek,0.000000,0.000000,0.008000,0.000000,0.000000,0.000000,-0.383614,0.002037,15578
35.968093,685575.256094,0.004997,seek,0.000000,0.000000,0.008000,0.000000,0.000000,0.000000,-0.582081,0.001549,15580
35.973093,685575.261204,0.005000,seek,0.000000,0.000000,0.008000,0.000000,0.000000,0.000000,-0.696083,0.006478,15582
35.983093,685575.266315,0.010000,seek,0.000000,0.000000,0.008000,0.000000,0.000000,0.000000,-0.392065,0.001946,15586
35.988093,685575.271418,0.005000,seek,0.000000,0.000000,0.008000,0.000000,0.000000,0.000000,-0.285461,0.001267,15588
35.993092,685575.276568,0.004999,seek,0.000000,0.000000,0.008000,0.000000,0.000000,0.000000,-0.337355,0.001866,15590
35.998093,685575.281667,0.005001,seek,0.000000,0.000000,0.008000,0.000000,0.000000,0.000000,-0.397999,0.001336,15592
36.003093,685575.286867,0.005000,seek,0.000000,0.000000,0.008000,0.000000,0.000000,0.000000,-0.356326,0.001933,15594
36.008092,685575.292011,0.005000,seek,0.000000,0.000000,0.008000,0.000000,0.000000,0.000000,-0.425937,0.001337,15596
36.013092,685575.297108,0.005000,seek,0.000000,0.000000,0.008000,0.000000,0.000000,0.000000,-0.538631,0.001970,15598
36.018092,685575.302206,0.005000,seek,0.000000,0.000000,0.008000,0.000000,0.000000,0.000000,-0.516374,0.001355,15600
36.023092,685575.307301,0.005000,seek,0.000000,0.000000,0.008000,0.000000,0.000000,0.000000,-0.433616,0.001945,15602
36.028093,685575.312484,0.005000,seek,0.000000,0.000000,0.008000,0.000000,0.000000,0.000000,-0.344205,0.001330,15604
36.033093,685575.317590,0.005000,seek,0.000000,0.000000,0.008000,0.000000,0.000000,0.000000,-0.299354,0.001982,15606
36.038093,685575.322707,0.005000,seek,0.000000,0.000000,0.008000,0.000000,0.000000,0.000000,-0.287766,0.001123,15608
36.043092,685575.327812,0.005000,seek,0.000000,0.000000,0.008000,0.000000,0.000000,0.000000,-0.367330,0.001671,15610
36.048093,685575.332912,0.005001,seek,0.000000,0.000000,0.008000,0.000000,0.000000,0.000000,-0.448347,0.001920,15612
36.053092,685575.338019,0.004999,seek,0.000000,0.000000,0.008000,0.000000,0.000000,0.000000,-0.489301,0.006846,15614
36.058092,685575.343120,0.005000,seek,0.000000,0.000000,0.008000,0.000000,0.000000,0.000000,-0.481561,0.004628,15616
36.063093,685575.348208,0.005000,seek,0.000000,0.000000,0.008000,0.000000,0.000000,0.000000,-0.545013,0.004527,15618
36.068093,685575.353293,0.005000,seek,0.000000,0.000000,0.008000,0.000000,0.000000,0.000000,-0.525461,0.001330,15620
36.073092,685575.358425,0.004999,seek,0.000000,0.000000,0.008000,0.000000,0.000000,0.000000,-0.424351,0.001998,15622
36.078092,685575.363548,0.005000,seek,0.000000,0.000000,0.008000,0.000000,0.000000,0.000000,-0.369309,0.001596,15624
36.083092,685575.368666,0.005000,seek,0.000000,0.000000,0.008000,0.000000,0.000000,0.000000,-0.317892,0.006536,15626
36.088092,685575.373814,0.005000,seek,0.000000,0.000000,0.008000,0.000000,0.000000,0.000000,-0.313845,0.004414,15628
36.093092,685575.378934,0.005000,seek,0.000000,0.000000,0.008000,0.000000,0.000000,0.000000,-0.378752,0.004355,15630
36.098093,685575.384080,0.005001,seek,0.000000,0.000000,0.008000,0.000000,0.000000,0.000000,-0.490575,0.004295,15632
36.103092,685575.389169,0.004999,seek,0.000000,0.000000,0.008000,0.000000,0.000000,0.000000,-0.492426,0.004311,15634
36.108092,685575.394251,0.005000,seek,0.000000,0.000000,0.008000,0.000000,0.000000,0.000000,-0.431763,0.004267,15636
36.113093,685575.399362,0.005000,seek,0.000000,0.000000,0.008000,0.000000,0.000000,0.000000,-0.464738,0.001333,15638
36.118092,685575.404483,0.005000,seek,0.000000,0.000000,0.008000,0.000000,0.000000,0.000000,-0.441428,0.002008,15640
36.123092,685575.409607,0.005000,seek,0.000000,0.000000,0.008000,0.000000,0.000000,0.000000,-0.367560,0.001610,15642
36.128092,685575.414730,0.005000,seek,0.000000,0.000000,0.008000,0.000000,0.000000,0.000000,-0.365737,0.006542,15644
36.133092,685575.419860,0.005000,seek,0.000000,0.000000,0.008000,0.000000,0.000000,0.000000,-0.355976,0.004398,15646
36.138092,685575.424991,0.005000,seek,0.000000,0.000000,0.008000,0.000000,0.000000,0.000000,-0.412042,0.001332,15648
36.143093,685575.430120,0.005000,seek,0.000000,0.000000,0.008000,0.000000,0.000000,0.000000,-0.482905,0.006272,15650
36.148093,685575.435210,0.005001,seek,0.000000,0.000000,0.008000,0.000000,0.000000,0.000000,-0.444801,0.001292,15652
36.153092,685575.440265,0.004999,seek,0.000000,0.000000,0.008000,0.000000,0.000000,0.000000,-0.398120,0.006223,15654
36.158093,685575.445380,0.005000,seek,0.000000,0.000000,0.008000,0.000000,0.000000,0.000000,-0.463579,0.001456,15656
36.163093,685575.450526,0.005000,seek,0.000000,0.000000,0.008000,0.000000,0.000000,0.000000,-0.537864,0.006399,15658
36.168093,685575.455618,0.005000,seek,0.000000,0.000000,0.008000,0.000000,0.000000,0.000000,-0.508226,0.004388,15660
36.173093,685575.460788,0.005000,seek,0.000000,0.000000,0.008000,0.000000,0.000000,0.000000,-0.423564,0.001279,15662
36.178092,685575.465921,0.005000,seek,0.000000,0.000000,0.008000,0.000000,0.000000,0.000000,-0.475442,0.001943,15664
36.183092,685575.471085,0.005000,seek,0.000000,0.000000,0.008000,0.000000,0.000000,0.000000,-0.530917,0.001515,15666
36.193092,685575.476181,0.010000,seek,0.000000,0.000000,0.008000,0.000000,0.000000,0.000000,-0.511016,0.004409,15670
36.198093,685575.481273,0.005001,seek,0.000000,0.000000,0.008000,0.000000,0.000000,0.000000,-0.483713,0.001343,15672
36.203092,685575.486363,0.004999,seek,0.000000,0.000000,0.008000,0.000000,0.000000,0.000000,-0.390817,0.001942,15674
36.208092,685575.491460,0.005000,seek,0.000000,0.000000,0.008000,0.000000,0.000000,0.000000,-0.363272,0.001332,15676
36.213092,685575.496597,0.005000,seek,0.000000,0.000000,0.008000,0.000000,0.000000,0.000000,-0.342449,0.001955,15678
36.218092,685575.501692,0.005000,seek,0.000000,0.000000,0.008000,0.000000,0.000000,0.000000,-0.342760,0.001321,15680
36.218092,685575.506839,0.000001,seek,0.000000,0.000000,0.008000,0.000000,0.000000,0.000000,-0.342760,0.001321,15680
36.228746,685575.512019,0.010653,seek,0.000000,0.000000,0.008000,0.000000,0.000000,0.000000,-0.439758,0.002010,15684
36.233092,685575.517162,0.004346,seek,0.000000,0.000000,0.008000,0.000000,0.000000,0.000000,-0.522144,0.001018,15686
36.238092,685575.522251,0.005000,seek,0.000000,0.000000,0.008000,0.000000,0.000000,0.000000,-0.483607,0.001691,15688
36.243092,685575.527347,0.005000,seek,0.000000,0.000000,0.008000,0.000000,0.000000,0.000000,-0.441661,0.001247,15690
36.248093,685575.532455,0.005001,seek,0.000000,0.000000,0.008000,0.000000,0.000000,0.000000,-0.398515,0.001960,15692
36.253092,685575.537579,0.004999,seek,0.000000,0.000000,0.008000,0.000000,0.000000,0.000000,-0.449948,0.001519,15694
36.258092,685575.542695,0.005000,seek,0.000000,0.000000,0.008000,0.000000,0.000000,0.000000,-0.564780,0.006453,15696
36.263093,685575.547804,0.005001,seek,0.000000,0.000000,0.008000,0.000000,0.000000,0.000000,-0.531005,0.001301,15698
36.268092,685575.552899,0.005000,seek,0.000000,0.000000,0.008000,0.000000,0.000000,0.000000,-0.470352,0.001848,15700
36.273095,685575.557994,0.005003,seek,0.000000,0.000000,0.008000,0.000000,0.000000,0.000000,-0.399324,0.001348,15702
36.278093,685575.563088,0.004998,seek,0.000000,0.000000,0.008000,0.000000,0.000000,0.000000,-0.342663,0.006282,15704
36.283093,685575.568179,0.005000,seek,0.000000,0.000000,0.008000,0.000000,0.000000,0.000000,-0.423145,0.004398,15706
36.288093,685575.573303,0.005000,seek,0.000000,0.000000,0.008000,0.000000,0.000000,0.000000,-0.476445,0.004343,15708
36.293092,685575.578468,0.005000,seek,0.000000,0.000000,0.008000,0.000000,0.000000,0.000000,-0.416632,0.001295,15710
36.298093,685575.583600,0.005001,seek,0.000000,0.000000,0.008000,0.000000,0.000000,0.000000,-0.355842,0.001961,15712
36.303092,685575.588740,0.004999,seek,0.000000,0.000000,0.008000,0.000000,0.000000,0.000000,-0.321007,0.006888,15714
36.308093,685575.593867,0.005000,seek,0.000000,0.000000,0.008000,0.000000,0.000000,0.000000,-0.328359,0.004338,15716
36.313093,685575.599007,0.005000,seek,0.000000,0.000000,0.008000,0.000000,0.000000,0.000000,-0.403997,0.001865,15718
36.318093,685575.604097,0.005000,seek,0.000000,0.000000,0.008000,0.000000,0.000000,0.000000,-0.444608,0.001341,15720
36.323095,685575.609205,0.005002,seek,0.000000,0.000000,0.008000,0.000000,0.000000,0.000000,-0.417495,0.006281,15722
36.328093,685575.614294,0.004998,seek,0.000000,0.000000,0.008000,0.000000,0.000000,0.000000,-0.429448,0.004388,15724
36.333092,685575.619382,0.005000,seek,0.000000,0.000000,0.008000,0.000000,0.000000,0.000000,-0.400050,0.001210,15726
36.338093,685575.624510,0.005001,seek,0.000000,0.000000,0.008000,0.000000,0.000000,0.000000,-0.478198,0.001839,15728
36.343093,685575.629664,0.005000,seek,0.000000,0.000000,0.008000,0.000000,0.000000,0.000000,-0.559105,0.001372,15730
36.348093,685575.634786,0.005000,seek,0.000000,0.000000,0.008000,0.000000,0.000000,0.000000,-0.515342,0.006321,15732
36.353092,685575.639993,0.004999,seek,0.000000,0.000000,0.008000,0.000000,0.000000,0.000000,-0.378709,0.004402,15734
36.358094,685575.645192,0.005002,seek,0.000000,0.000000,0.008000,0.000000,0.000000,0.000000,-0.312688,0.001338,15736
36.363093,685575.650296,0.004999,seek,0.000000,0.000000,0.008000,0.000000,0.000000,0.000000,-0.510731,0.001796,15738
36.368092,685575.655468,0.004999,seek,0.000000,0.000000,0.008000,0.000000,0.000000,0.000000,-0.559229,0.001270,15740
36.373092,685575.660615,0.005000,seek,0.000000,0.000000,0.008000,0.000000,0.000000,0.000000,-0.423342,0.001946,15742
36.378093,685575.665875,0.005000,seek,0.000000,0.000000,0.008000,0.000000,0.000000,0.000000,-0.365351,0.001506,15744
36.388092,685575.671146,0.009999,seek,0.000000,0.000000,0.008000,0.000000,0.000000,0.000000,-0.360329,0.001309,15748
36.393093,685575.676253,0.005001,seek,0.000000,0.000000,0.008000,0.000000,0.000000,0.000000,-0.378682,0.001949,15750
36.398093,685575.681357,0.005000,seek,0.000000,0.000000,0.008000,0.000000,0.000000,0.000000,-0.398614,0.001315,15752
36.403093,685575.686506,0.005000,seek,0.000000,0.000000,0.008000,0.000000,0.000000,0.000000,-0.400835,0.001941,15754
36.408093,685575.691712,0.005000,seek,0.000000,0.000000,0.008000,0.000000,0.000000,0.000000,-0.446093,0.001356,15756
36.413093,685575.696920,0.005000,seek,0.000000,0.000000,0.008000,0.000000,0.000000,0.000000,-0.458297,0.001846,15758
36.418093,685575.702088,0.005000,seek,0.000000,0.000000,0.008000,0.000000,0.000000,0.000000,-0.429462,0.001311,15760
36.423093,685575.707203,0.005001,seek,0.000000,0.000000,0.008000,0.000000,0.000000,0.000000,-0.433186,0.006250,15762
36.428093,685575.712311,0.004999,seek,0.000000,0.000000,0.008000,0.000000,0.000000,0.000000,-0.427227,0.001269,15764
36.433093,685575.717418,0.005000,seek,0.000000,0.000000,0.008000,0.000000,0.000000,0.000000,-0.410606,0.001889,15766
36.438093,685575.722559,0.005000,seek,0.000000,0.000000,0.008000,0.000000,0.000000,0.000000,-0.463884,0.001282,15768
36.443093,685575.727703,0.005000,seek,0.000000,0.000000,0.008000,0.000000,0.000000,0.000000,-0.445247,0.001940,15770
36.448093,685575.732938,0.005000,seek,0.000000,0.000000,0.008000,0.000000,0.000000,0.000000,-0.420780,0.001508,15772
36.453092,685575.738169,0.004999,seek,0.000000,0.000000,0.008000,0.000000,0.000000,0.000000,-0.484767,0.001123,15774
36.458093,685575.743276,0.005000,seek,0.000000,0.000000,0.008000,0.000000,0.000000,0.000000,-0.480408,0.001715,15776
36.463093,685575.748382,0.005000,seek,0.000000,0.000000,0.008000,0.000000,0.000000,0.000000,-0.453601,0.001283,15778
36.468093,685575.753524,0.005001,seek,0.000000,0.000000,0.008000,0.000000,0.000000,0.000000,-0.435001,0.001962,15780
36.473093,685575.758751,0.005000,seek,0.000000,0.000000,0.008000,0.000000,0.000000,0.000000,-0.435835,0.001329,15782
36.478093,685575.763981,0.005000,seek,0.000000,0.000000,0.008000,0.000000,0.000000,0.000000,-0.436730,0.001950,15784
36.483093,685575.769227,0.005000,seek,0.000000,0.000000,0.008000,0.000000,0.000000,0.000000,-0.411231,0.001521,15786
36.488093,685575.774334,0.005000,seek,0.000000,0.000000,0.008000,0.000000,0.000000,0.000000,-0.386137,0.006455,15788
36.493092,685575.779502,0.005000,seek,0.000000,0.000000,0.008000,0.000000,0.000000,0.000000,-0.377794,0.001315,15790
36.498093,685575.784687,0.005001,seek,0.000000,0.000000,0.008000,0.000000,0.000000,0.000000,-0.388559,0.001953,15792
36.503093,685575.789993,0.005000,seek,0.000000,0.000000,0.008000,0.000000,0.000000,0.000000,-0.432948,0.001517,15794
36.508092,685575.795224,0.004999,seek,0.000000,0.000000,0.008000,0.000000,0.000000,0.000000,-0.462192,0.006459,15796
36.513093,685575.800331,0.005001,seek,0.000000,0.000000,0.008000,0.000000,0.000000,0.000000,-0.511562,0.001314,15798
36.518093,685575.805437,0.005000,seek,0.000000,0.000000,0.008000,0.000000,0.000000,0.000000,-0.562517,0.006262,15800
36.523092,685575.810575,0.005000,seek,0.000000,0.000000,0.008000,0.000000,0.000000,0.000000,-0.522014,0.004423,15802
36.528092,685575.815847,0.005000,seek,0.000000,0.000000,0.008000,0.000000,0.000000,0.000000,-0.402793,0.004360,15804
36.533092,685575.821098,0.005000,seek,0.000000,0.000000,0.008000,0.000000,0.000000,0.000000,-0.360967,0.004348,15806
36.538093,685575.826204,0.005001,seek,0.000000,0.000000,0.008000,0.000000,0.000000,0.000000,-0.425107,0.004375,15808
36.548093,685575.831410,0.010000,seek,0.000000,0.000000,0.008000,0.000000,0.000000,0.000000,-0.497074,0.001959,15812
36.553092,685575.836628,0.005000,seek,0.000000,0.000000,0.008000,0.000000,0.000000,0.000000,-0.492298,0.001327,15814
36.558092,685575.841850,0.005000,seek,0.000000,0.000000,0.008000,0.000000,0.000000,0.000000,-0.485471,0.006274,15816
36.563093,685575.847126,0.005000,seek,0.000000,0.000000,0.008000,0.000000,0.000000,0.000000,-0.484934,0.004376,15818
36.568092,685575.852233,0.005000,seek,0.000000,0.000000,0.008000,0.000000,0.000000,0.000000,-0.412056,0.004241,15820
36.573092,685575.857340,0.005000,seek,0.000000,0.000000,0.008000,0.000000,0.000000,0.000000,-0.347516,0.001324,15822
36.578093,685575.862444,0.005000,seek,0.000000,0.000000,0.008000,0.000000,0.000000,0.000000,-0.356469,0.006259,15824
36.583093,685575.867601,0.005000,seek,0.000000,0.000000,0.008000,0.000000,0.000000,0.000000,-0.340928,0.001361,15826
36.588093,685575.872870,0.005000,seek,0.000000,0.000000,0.008000,0.000000,0.000000,0.000000,-0.323460,0.006299,15828
36.593093,685575.878103,0.005000,seek,0.000000,0.000000,0.008000,0.000000,0.000000,0.000000,-0.458056,0.001347,15830
36.598093,685575.883244,0.005001,seek,0.000000,0.000000,0.008000,0.000000,0.000000,0.000000,-0.604620,0.006286,15832
36.603093,685575.888374,0.004999,seek,0.000000,0.000000,0.008000,0.000000,0.000000,0.000000,-0.537315,0.001346,15834
36.608092,685575.893474,0.005000,seek,0.000000,0.000000,0.008000,0.000000,0.000000,0.000000,-0.453178,0.006271,15836
36.613093,685575.898597,0.005000,seek,0.000000,0.000000,0.008000,0.000000,0.000000,0.000000,-0.435788,0.001287,15838
36.618092,685575.903697,0.005000,seek,0.000000,0.000000,0.008000,0.000000,0.000000,0.000000,-0.394717,0.001884,15840
36.623093,685575.908850,0.005000,seek,0.000000,0.000000,0.008000,0.000000,0.000000,0.000000,-0.340987,0.001364,15842
36.628092,685575.913976,0.005000,seek,0.000000,0.000000,0.008000,0.000000,0.000000,0.000000,-0.363273,0.002017,15844
36.633092,685575.919080,0.005000,seek,0.000000,0.000000,0.008000,0.000000,0.000000,0.000000,-0.478137,0.001542,15846
36.638092,685575.924165,0.005000,seek,0.000000,0.000000,0.008000,0.000000,0.000000,0.000000,-0.552210,0.006493,15848
36.643092,685575.929246,0.005000,seek,0.000000,0.000000,0.008000,0.000000,0.000000,0.000000,-0.502773,0.004430,15850
36.648093,685575.934390,0.005001,seek,0.000000,0.000000,0.008000,0.000000,0.000000,0.000000,-0.446901,0.001287,15852
36.653093,685575.939528,0.005000,seek,0.000000,0.000000,0.008000,0.000000,0.000000,0.000000,-0.424464,0.001945,15854
36.658092,685575.944659,0.004999,seek,0.000000,0.000000,0.008000,0.000000,0.000000,0.000000,-0.333634,0.001236,15856
36.663092,685575.949790,0.005000,seek,0.000000,0.000000,0.008000,0.000000,0.000000,0.000000,-0.294729,0.001829,15858
36.668094,685575.954919,0.005002,seek,0.000000,0.000000,0.008000,0.000000,0.000000,0.000000,-0.399884,0.001271,15860
36.673093,685575.960073,0.004999,seek,0.000000,0.000000,0.008000,0.000000,0.000000,0.000000,-0.517069,0.001876,15862
36.678092,685575.965154,0.005000,seek,0.000000,0.000000,0.008000,0.000000,0.000000,0.000000,-0.574450,0.001289,15864
36.683092,685575.970270,0.005000,seek,0.000000,0.000000,0.008000,0.000000,0.000000,0.000000,-0.511078,0.001932,15866
36.688092,685575.975384,0.005000,seek,0.000000,0.000000,0.008000,0.000000,0.000000,0.000000,-0.443457,0.001314,15868
36.693092,685575.980524,0.004999,seek,0.000000,0.000000,0.008000,0.000000,0.000000,0.000000,-0.399212,0.001995,15870
36.698093,685575.985663,0.005001,seek,0.000000,0.000000,0.008000,0.000000,0.000000,0.000000,-0.361720,0.001546,15872
36.703092,685575.990779,0.004999,seek,0.000000,0.000000,0.008000,0.000000,0.000000,0.000000,-0.380421,0.006482,15874
36.708092,685575.995935,0.005000,seek,0.000000,0.000000,0.008000,0.000000,0.000000,0.000000,-0.372175,0.004461,15876
36.713092,685576.001092,0.005000,seek,0.000000,0.000000,0.008000,0.000000,0.000000,0.000000,-0.460940,0.001316,15878
36.718092,685576.006204,0.005000,seek,0.000000,0.000000,0.008000,0.000000,0.000000,0.000000,-0.537057,0.002002,15880
36.723094,685576.011290,0.005002,seek,0.000000,0.000000,0.008000,0.000000,0.000000,0.000000,-0.417788,0.001640,15882
36.733092,685576.016444,0.009998,seek,0.000000,0.000000,0.008000,0.000000,0.000000,0.000000,-0.390486,0.001757,15886
36.738092,685576.021521,0.005000,seek,0.000000,0.000000,0.008000,0.000000,0.000000,0.000000,-0.482153,0.001270,15888
36.743092,685576.026641,0.005000,seek,0.000000,0.000000,0.008000,0.000000,0.000000,0.000000,-0.498202,0.001946,15890
36.748093,685576.031794,0.005001,seek,0.000000,0.000000,0.008000,0.000000,0.000000,0.000000,-0.508300,0.001510,15892
36.753093,685576.036909,0.005000,seek,0.000000,0.000000,0.008000,0.000000,0.000000,0.000000,-0.509094,0.006454,15894
36.758092,685576.042043,0.004999,seek,0.000000,0.000000,0.008000,0.000000,0.000000,0.000000,-0.465610,0.001259,15896
36.763092,685576.047125,0.005000,seek,0.000000,0.000000,0.008000,0.000000,0.000000,0.000000,-0.415912,0.001944,15898
36.768092,685576.052207,0.005000,seek,0.000000,0.000000,0.008000,0.000000,0.000000,0.000000,-0.397053,0.001514,15900
36.773092,685576.057297,0.005000,seek,0.000000,0.000000,0.008000,0.000000,0.000000,0.000000,-0.383350,0.006455,15902
36.778093,685576.062460,0.005000,seek,0.000000,0.000000,0.008000,0.000000,0.000000,0.000000,-0.388564,0.004433,15904
36.783092,685576.067577,0.005000,seek,0.000000,0.000000,0.008000,0.000000,0.000000,0.000000,-0.436781,0.001310,15906
36.788092,685576.072708,0.005000,seek,0.000000,0.000000,0.008000,0.000000,0.000000,0.000000,-0.464397,0.001948,15908
36.793092,685576.077789,0.005000,seek,0.000000,0.000000,0.008000,0.000000,0.000000,0.000000,-0.447983,0.001294,15910
36.798093,685576.082874,0.005001,seek,0.000000,0.000000,0.008000,0.000000,0.000000,0.000000,-0.463243,0.002003,15912
36.803093,685576.088009,0.005000,seek,0.000000,0.000000,0.008000,0.000000,0.000000,0.000000,-0.514867,0.001552,15914
36.808092,685576.093092,0.005000,seek,0.000000,0.000000,0.008000,0.000000,0.000000,0.000000,-0.510298,0.001170,15916
36.813093,685576.098215,0.005000,seek,0.000000,0.000000,0.008000,0.000000,0.000000,0.000000,-0.368231,0.001725,15918
36.818093,685576.103294,0.005000,seek,0.000000,0.000000,0.008000,0.000000,0.000000,0.000000,-0.294764,0.001244,15920
36.823093,685576.108416,0.005000,seek,0.000000,0.000000,0.008000,0.000000,0.000000,0.000000,-0.355305,0.001858,15922
36.828093,685576.113568,0.005000,seek,0.000000,0.000000,0.008000,0.000000,0.000000,0.000000,-0.418979,0.001331,15924
36.833092,685576.118746,0.005000,seek,0.000000,0.000000,0.008000,0.000000,0.000000,0.000000,-0.516480,0.001952,15926
36.838093,685576.123850,0.005001,seek,0.000000,0.000000,0.008000,0.000000,0.000000,0.000000,-0.535713,0.001551,15928
36.843093,685576.128986,0.005000,seek,0.000000,0.000000,0.008000,0.000000,0.000000,0.000000,-0.486700,0.006485,15930
36.848093,685576.134097,0.005000,seek,0.000000,0.000000,0.008000,0.000000,0.000000,0.000000,-0.489765,0.001306,15932
36.853092,685576.139191,0.004999,seek,0.000000,0.000000,0.008000,0.000000,0.000000,0.000000,-0.548075,0.001945,15934
36.858092,685576.144288,0.005000,seek,0.000000,0.000000,0.008000,0.000000,0.000000,0.000000,-0.513081,0.001251,15936
36.863092,685576.149436,0.005000,seek,0.000000,0.000000,0.008000,0.000000,0.000000,0.000000,-0.387397,0.001971,15938
36.868092,685576.154565,0.005000,seek,0.000000,0.000000,0.008000,0.000000,0.000000,0.000000,-0.314155,0.001555,15940
36.873092,685576.159702,0.005000,seek,0.000000,0.000000,0.008000,0.000000,0.000000,0.000000,-0.277243,0.006496,15942
36.878092,685576.164836,0.005000,seek,0.000000,0.000000,0.008000,0.000000,0.000000,0.000000,-0.345704,0.001386,15944
36.883092,685576.169958,0.005000,seek,0.000000,0.000000,0.008000,0.000000,0.000000,0.000000,-0.440414,0.002049,15946
36.888093,685576.175096,0.005000,seek,0.000000,0.000000,0.008000,0.000000,0.000000,0.000000,-0.465823,0.001650,15948
36.893093,685576.180186,0.005000,seek,0.000000,0.000000,0.008000,0.000000,0.000000,0.000000,-0.416318,0.001214,15950
36.898093,685576.185273,0.005000,seek,0.000000,0.000000,0.008000,0.000000,0.000000,0.000000,-0.360917,0.001900,15952
36.903093,685576.190407,0.005000,seek,0.000000,0.000000,0.008000,0.000000,0.000000,0.000000,-0.409723,0.001345,15954
36.908092,685576.195546,0.005000,seek,0.000000,0.000000,0.008000,0.000000,0.000000,0.000000,-0.466731,0.006283,15956
36.913092,685576.200704,0.005000,seek,0.000000,0.000000,0.008000,0.000000,0.000000,0.000000,-0.370423,0.001262,15958
36.918092,685576.205853,0.005000,seek,0.000000,0.000000,0.008000,0.000000,0.000000,0.000000,-0.301476,0.001947,15960
36.923093,685576.210985,0.005001,seek,0.000000,0.000000,0.008000,0.000000,0.000000,0.000000,-0.411943,0.001319,15962
36.928093,685576.216095,0.005000,seek,0.000000,0.000000,0.008000,0.000000,0.000000,0.000000,-0.497102,0.006265,15964
36.938093,685576.221180,0.010000,seek,0.000000,0.000000,0.008000,0.000000,0.000000,0.000000,-0.499535,0.006416,15968
36.943093,685576.226307,0.005000,seek,0.000000,0.000000,0.008000,0.000000,0.000000,0.000000,-0.518578,0.001961,15970
36.948092,685576.231396,0.005000,seek,0.000000,0.000000,0.008000,0.000000,0.000000,0.000000,-0.507280,0.001549,15972
36.953092,685576.236490,0.005000,seek,0.000000,0.000000,0.008000,0.000000,0.000000,0.000000,-0.474396,0.006489,15974
36.958092,685576.241587,0.005000,seek,0.000000,0.000000,0.008000,0.000000,0.000000,0.000000,-0.458186,0.001253,15976
36.963092,685576.246747,0.005000,seek,0.000000,0.000000,0.008000,0.000000,0.000000,0.000000,-0.458022,0.001883,15978
36.968093,685576.251846,0.005000,seek,0.000000,0.000000,0.008000,0.000000,0.000000,0.000000,-0.449614,0.001213,15980
36.973093,685576.257106,0.005001,seek,0.000000,0.000000,0.008000,0.000000,0.000000,0.000000,-0.357240,0.001808,15982
36.978092,685576.262204,0.004999,seek,0.000000,0.000000,0.008000,0.000000,0.000000,0.000000,-0.335141,0.001291,15984
36.983092,685576.267297,0.005000,seek,0.000000,0.000000,0.008000,0.000000,0.000000,0.000000,-0.427422,0.001755,15986
36.988093,685576.272393,0.005000,seek,0.000000,0.000000,0.008000,0.000000,0.000000,0.000000,-0.496020,0.001984,15988
36.993093,685576.277508,0.005000,seek,0.000000,0.000000,0.008000,0.000000,0.000000,0.000000,-0.527063,0.001299,15990
36.998092,685576.282615,0.005000,seek,0.000000,0.000000,0.008000,0.000000,0.000000,0.000000,-0.454690,0.001953,15992
37.003093,685576.287723,0.005000,seek,0.000000,0.000000,0.008000,0.000000,0.000000,0.000000,-0.355335,0.001540,15994
37.008092,685576.292826,0.004999,seek,0.000000,0.000000,0.008000,0.000000,0.000000,0.000000,-0.333244,0.006466,15996
37.013092,685576.297919,0.005000,seek,0.000000,0.000000,0.008000,0.000000,0.000000,0.000000,-0.414704,0.004372,15998
37.018093,685576.303009,0.005001,seek,0.000000,0.000000,0.008000,0.000000,0.000000,0.000000,-0.451758,0.001581,16000
37.023093,685576.308118,0.005000,seek,0.000000,0.000000,0.008000,0.000000,0.000000,0.000000,-0.402120,0.001184,16002
37.028092,685576.313262,0.004999,seek,0.000000,0.000000,0.008000,0.000000,0.000000,0.000000,-0.464194,0.001805,16004
37.033093,685576.318367,0.005000,seek,0.000000,0.000000,0.008000,0.000000,0.000000,0.000000,-0.467333,0.001238,16006
37.038093,685576.323504,0.005000,seek,0.000000,0.000000,0.008000,0.000000,0.000000,0.000000,-0.432629,0.001899,16008
37.043092,685576.328639,0.004999,seek,0.000000,0.000000,0.008000,0.000000,0.000000,0.000000,-0.449003,0.001301,16010
37.048093,685576.333755,0.005000,seek,0.000000,0.000000,0.008000,0.000000,0.000000,0.000000,-0.436620,0.006251,16012
37.053093,685576.338919,0.005000,seek,0.000000,0.000000,0.008000,0.000000,0.000000,0.000000,-0.460559,0.001312,16014
37.058092,685576.344025,0.005000,seek,0.000000,0.000000,0.008000,0.000000,0.000000,0.000000,-0.487357,0.006247,16016
37.063092,685576.349125,0.005000,seek,0.000000,0.000000,0.008000,0.000000,0.000000,0.000000,-0.382529,0.004397,16018
37.068093,685576.354232,0.005000,seek,0.000000,0.000000,0.008000,0.000000,0.000000,0.000000,-0.361345,0.001250,16020
37.073092,685576.359303,0.004999,seek,0.000000,0.000000,0.008000,0.000000,0.000000,0.000000,-0.488359,0.001842,16022
37.078092,685576.364430,0.005000,seek,0.000000,0.000000,0.008000,0.000000,0.000000,0.000000,-0.468744,0.001229,16024
37.083092,685576.369582,0.005000,seek,0.000000,0.000000,0.008000,0.000000,0.000000,0.000000,-0.453581,0.001767,16026
37.088092,685576.374700,0.005000,seek,0.000000,0.000000,0.008000,0.000000,0.000000,0.000000,-0.527986,0.001243,16028
37.093092,685576.379818,0.005000,seek,0.000000,0.000000,0.008000,0.000000,0.000000,0.000000,-0.563513,0.001844,16030
37.098093,685576.384935,0.005001,seek,0.000000,0.000000,0.008000,0.000000,0.000000,0.000000,-0.475423,0.001251,16032
37.103093,685576.390084,0.004999,seek,0.000000,0.000000,0.008000,0.000000,0.000000,0.000000,-0.355667,0.001850,16034
37.108093,685576.395166,0.005000,seek,0.000000,0.000000,0.008000,0.000000,0.000000,0.000000,-0.381326,0.001306,16036
37.113092,685576.400250,0.005000,seek,0.000000,0.000000,0.008000,0.000000,0.000000,0.000000,-0.427333,0.001946,16038
37.118092,685576.405333,0.005000,seek,0.000000,0.000000,0.008000,0.000000,0.000000,0.000000,-0.416235,0.001483,16040
37.123092,685576.410471,0.005000,seek,0.000000,0.000000,0.008000,0.000000,0.000000,0.000000,-0.408932,0.006421,16042
37.128093,685576.415603,0.005000,seek,0.000000,0.000000,0.008000,0.000000,0.000000,0.000000,-0.453361,0.004379,16044
37.133092,685576.420698,0.004999,seek,0.000000,0.000000,0.008000,0.000000,0.000000,0.000000,-0.521278,0.004299,16046
37.138093,685576.425895,0.005000,seek,0.000000,0.000000,0.008000,0.000000,0.000000,0.000000,-0.486471,0.002054,16048
37.143092,685576.431115,0.005000,seek,0.000000,0.000000,0.008000,0.000000,0.000000,0.000000,-0.348553,0.001583,16050
37.148093,685576.436227,0.005001,seek,0.000000,0.000000,0.008000,0.000000,0.000000,0.000000,-0.262090,0.006529,16052
37.158092,685576.441370,0.010000,seek,0.000000,0.000000,0.008000,0.000000,0.000000,0.000000,-0.421119,0.001835,16056
37.163092,685576.446511,0.005000,seek,0.000000,0.000000,0.008000,0.000000,0.000000,0.000000,-0.419788,0.001187,16058
37.168092,685576.451652,0.005000,seek,0.000000,0.000000,0.008000,0.000000,0.000000,0.000000,-0.411600,0.001788,16060
37.173092,685576.456940,0.005000,seek,0.000000,0.000000,0.008000,0.000000,0.000000,0.000000,-0.410956,0.006733,16062
37.178093,685576.462185,0.005000,seek,0.000000,0.000000,0.008000,0.000000,0.000000,0.000000,-0.514117,0.001916,16064
37.183092,685576.467289,0.005000,seek,0.000000,0.000000,0.008000,0.000000,0.000000,0.000000,-0.623291,0.001176,16066
37.188093,685576.472422,0.005001,seek,0.000000,0.000000,0.008000,0.000000,0.000000,0.000000,-0.568233,0.001672,16068
37.193093,685576.477515,0.005000,seek,0.000000,0.000000,0.008000,0.000000,0.000000,0.000000,-0.502407,0.006621,16070
37.198093,685576.482609,0.005000,seek,0.000000,0.000000,0.008000,0.000000,0.000000,0.000000,-0.496367,0.004618,16072
37.203092,685576.487753,0.005000,seek,0.000000,0.000000,0.008000,0.000000,0.000000,0.000000,-0.474124,0.004354,16074
37.208092,685576.492877,0.005000,seek,0.000000,0.000000,0.008000,0.000000,0.000000,0.000000,-0.406047,0.001303,16076
37.213093,685576.497966,0.005000,seek,0.000000,0.000000,0.008000,0.000000,0.000000,0.000000,-0.372800,0.001954,16078
37.218092,685576.503033,0.004999,seek,0.000000,0.000000,0.008000,0.000000,0.000000,0.000000,-0.460274,0.001521,16080
37.223094,685576.508116,0.005002,seek,0.000000,0.000000,0.008000,0.000000,0.000000,0.000000,-0.473605,0.001915,16082
37.228094,685576.513214,0.005000,seek,0.000000,0.000000,0.008000,0.000000,0.000000,0.000000,-0.412304,0.001231,16084
37.233092,685576.518295,0.004999,seek,0.000000,0.000000,0.008000,0.000000,0.000000,0.000000,-0.431915,0.001795,16086
37.238093,685576.523408,0.005001,seek,0.000000,0.000000,0.008000,0.000000,0.000000,0.000000,-0.414931,0.001306,16088
37.243092,685576.528538,0.004999,seek,0.000000,0.000000,0.008000,0.000000,0.000000,0.000000,-0.394007,0.001992,16090
37.248092,685576.533658,0.005000,seek,0.000000,0.000000,0.008000,0.000000,0.000000,0.000000,-0.433874,0.001573,16092
37.253092,685576.538779,0.005000,seek,0.000000,0.000000,0.008000,0.000000,0.000000,0.000000,-0.458914,0.006528,16094
37.258092,685576.543878,0.005000,seek,0.000000,0.000000,0.008000,0.000000,0.000000,0.000000,-0.430442,0.001436,16096
37.263093,685576.549012,0.005000,seek,0.000000,0.000000,0.008000,0.000000,0.000000,0.000000,-0.397759,0.006389,16098
37.268092,685576.554123,0.005000,seek,0.000000,0.000000,0.008000,0.000000,0.000000,0.000000,-0.421553,0.001930,16100
37.273092,685576.559219,0.005000,seek,0.000000,0.000000,0.008000,0.000000,0.000000,0.000000,-0.406880,0.001251,16102
37.278092,685576.564315,0.005000,seek,0.000000,0.000000,0.008000,0.000000,0.000000,0.000000,-0.408185,0.001776,16104
37.283093,685576.569441,0.005000,seek,0.000000,0.000000,0.008000,0.000000,0.000000,0.000000,-0.395585,0.001097,16106
37.288092,685576.574610,0.005000,seek,0.000000,0.000000,0.008000,0.000000,0.000000,0.000000,-0.403061,0.001598,16108
37.293092,685576.579737,0.005000,seek,0.000000,0.000000,0.008000,0.000000,0.000000,0.000000,-0.470192,0.006534,16110
37.298092,685576.584860,0.005000,seek,0.000000,0.000000,0.008000,0.000000,0.000000,0.000000,-0.553508,0.004382,16112
37.303092,685576.590057,0.005000,seek,0.000000,0.000000,0.008000,0.000000,0.000000,0.000000,-0.545091,0.004316,16114
37.308092,685576.595183,0.005000,seek,0.000000,0.000000,0.008000,0.000000,0.000000,0.000000,-0.501169,0.001988,16116
37.313092,685576.600289,0.005000,seek,0.000000,0.000000,0.008000,0.000000,0.000000,0.000000,-0.424271,0.001505,16118
37.318092,685576.605606,0.005000,seek,0.000000,0.000000,0.008000,0.000000,0.000000,0.000000,-0.295032,0.006458,16120
37.323093,685576.610770,0.005001,seek,0.000000,0.000000,0.008000,0.000000,0.000000,0.000000,-0.264370,0.001280,16122
37.328092,685576.615904,0.005000,seek,0.000000,0.000000,0.008000,0.000000,0.000000,0.000000,-0.241466,0.001937,16124
37.333092,685576.621039,0.005000,seek,0.000000,0.000000,0.008000,0.000000,0.000000,0.000000,-0.383890,0.001363,16126
37.338092,685576.626139,0.005000,seek,0.000000,0.000000,0.008000,0.000000,0.000000,0.000000,-0.539323,0.006305,16128
37.343092,685576.631232,0.005000,seek,0.000000,0.000000,0.008000,0.000000,0.000000,0.000000,-0.567243,0.004309,16130
37.348092,685576.636319,0.005000,seek,0.000000,0.000000,0.008000,0.000000,0.000000,0.000000,-0.549095,0.001226,16132
37.358093,685576.641447,0.010000,seek,0.000000,0.000000,0.008000,0.000000,0.000000,0.000000,-0.431217,0.001102,16136
37.363093,685576.646620,0.005000,seek,0.000000,0.000000,0.008000,0.000000,0.000000,0.000000,-0.464924,0.001192,16138
37.368092,685576.651712,0.004999,seek,0.000000,0.000000,0.008000,0.000000,0.000000,0.000000,-0.473157,0.001760,16140
37.373092,685576.656925,0.005001,seek,0.000000,0.000000,0.008000,0.000000,0.000000,0.000000,-0.446516,0.001170,16142
37.378092,685576.662143,0.005000,seek,0.000000,0.000000,0.008000,0.000000,0.000000,0.000000,-0.479962,0.001716,16144
37.383093,685576.667250,0.005000,seek,0.000000,0.000000,0.008000,0.000000,0.000000,0.000000,-0.506553,0.001202,16146
37.388093,685576.672471,0.005000,seek,0.000000,0.000000,0.008000,0.000000,0.000000,0.000000,-0.441796,0.001729,16148
37.393092,685576.677602,0.005000,seek,0.000000,0.000000,0.008000,0.000000,0.000000,0.000000,-0.401769,0.006670,16150
37.398093,685576.682727,0.005000,seek,0.000000,0.000000,0.008000,0.000000,0.000000,0.000000,-0.440243,0.004436,16152
37.403092,685576.687849,0.005000,seek,0.000000,0.000000,0.008000,0.000000,0.000000,0.000000,-0.341289,0.001255,16154
37.408092,685576.693019,0.005000,seek,0.000000,0.000000,0.008000,0.000000,0.000000,0.000000,-0.258691,0.001815,16156
37.413093,685576.698163,0.005001,seek,0.000000,0.000000,0.008000,0.000000,0.000000,0.000000,-0.389259,0.001250,16158
37.418092,685576.703305,0.005000,seek,0.000000,0.000000,0.008000,0.000000,0.000000,0.000000,-0.440724,0.001808,16160
37.423093,685576.708441,0.005001,seek,0.000000,0.000000,0.008000,0.000000,0.000000,0.000000,-0.404463,0.001204,16162
37.428092,685576.713586,0.004999,seek,0.000000,0.000000,0.008000,0.000000,0.000000,0.000000,-0.422605,0.001804,16164
37.433092,685576.718711,0.005000,seek,0.000000,0.000000,0.008000,0.000000,0.000000,0.000000,-0.497966,0.001146,16166
37.438119,685576.723876,0.005026,seek,0.000000,0.000000,0.008000,0.000000,0.000000,0.000000,-0.514725,0.001787,16168
37.443092,685576.729037,0.004974,seek,0.000000,0.000000,0.008000,0.000000,0.000000,0.000000,-0.448299,0.001230,16170
37.448093,685576.734124,0.005000,seek,0.000000,0.000000,0.008000,0.000000,0.000000,0.000000,-0.420684,0.001889,16172
37.453092,685576.739257,0.005000,seek,0.000000,0.000000,0.008000,0.000000,0.000000,0.000000,-0.458273,0.001437,16174
37.458092,685576.744440,0.005000,seek,0.000000,0.000000,0.008000,0.000000,0.000000,0.000000,-0.484517,0.006380,16176
37.463093,685576.749579,0.005000,seek,0.000000,0.000000,0.008000,0.000000,0.000000,0.000000,-0.511946,0.001275,16178
37.468092,685576.754784,0.005000,seek,0.000000,0.000000,0.008000,0.000000,0.000000,0.000000,-0.539467,0.006214,16180
37.473092,685576.759923,0.005000,seek,0.000000,0.000000,0.008000,0.000000,0.000000,0.000000,-0.501439,0.001995,16182
37.478092,685576.765149,0.005000,seek,0.000000,0.000000,0.008000,0.000000,0.000000,0.000000,-0.440066,0.001530,16184
37.483092,685576.770351,0.005000,seek,0.000000,0.000000,0.008000,0.000000,0.000000,0.000000,-0.417049,0.006475,16186
37.488092,685576.775492,0.005000,seek,0.000000,0.000000,0.008000,0.000000,0.000000,0.000000,-0.407234,0.001559,16188
37.493093,685576.780619,0.005001,seek,0.000000,0.000000,0.008000,0.000000,0.000000,0.000000,-0.471920,0.001074,16190
37.498093,685576.785755,0.005000,seek,0.000000,0.000000,0.008000,0.000000,0.000000,0.000000,-0.497486,0.001696,16192
37.503092,685576.790871,0.005000,seek,0.000000,0.000000,0.008000,0.000000,0.000000,0.000000,-0.420052,0.001093,16194
37.508092,685576.795985,0.005000,seek,0.000000,0.000000,0.008000,0.000000,0.000000,0.000000,-0.401824,0.001706,16196
37.513093,685576.801163,0.005001,seek,0.000000,0.000000,0.008000,0.000000,0.000000,0.000000,-0.487445,0.001260,16198
37.519335,685576.806273,0.006242,seek,0.000000,0.000000,0.008000,0.000000,0.000000,0.000000,-0.568054,0.003170,16200
37.528093,685576.811378,0.008758,seek,0.000000,0.000000,0.008000,0.000000,0.000000,0.000000,-0.556286,0.001060,16204
37.533093,685576.816518,0.005000,seek,0.000000,0.000000,0.008000,0.000000,0.000000,0.000000,-0.534929,0.001700,16206
37.538093,685576.821755,0.005000,seek,0.000000,0.000000,0.008000,0.000000,0.000000,0.000000,-0.513779,0.001264,16208
37.543092,685576.826861,0.005000,seek,0.000000,0.000000,0.008000,0.000000,0.000000,0.000000,-0.511178,0.001953,16210
37.548092,685576.832104,0.005000,seek,0.000000,0.000000,0.008000,0.000000,0.000000,0.000000,-0.467965,0.001532,16212
37.553093,685576.837211,0.005001,seek,0.000000,0.000000,0.008000,0.000000,0.000000,0.000000,-0.403023,0.006482,16214
37.558092,685576.842318,0.005000,seek,0.000000,0.000000,0.008000,0.000000,0.000000,0.000000,-0.374643,0.004418,16216
37.563093,685576.847473,0.005001,seek,0.000000,0.000000,0.008000,0.000000,0.000000,0.000000,-0.341582,0.001194,16218
37.568094,685576.852614,0.005001,seek,0.000000,0.000000,0.008000,0.000000,0.000000,0.000000,-0.387934,0.001842,16220
37.573092,685576.857867,0.004998,seek,0.000000,0.000000,0.008000,0.000000,0.000000,0.000000,-0.395850,0.001173,16222
37.578092,685576.863090,0.005000,seek,0.000000,0.000000,0.008000,0.000000,0.000000,0.000000,-0.415322,0.001711,16224
37.583092,685576.868218,0.005000,seek,0.000000,0.000000,0.008000,0.000000,0.000000,0.000000,-0.500432,0.001119,16226
37.588092,685576.873325,0.005000,seek,0.000000,0.000000,0.008000,0.000000,0.000000,0.000000,-0.437261,0.001675,16228
37.593092,685576.878464,0.005000,seek,0.000000,0.000000,0.008000,0.000000,0.000000,0.000000,-0.349938,0.006614,16230
37.598092,685576.883602,0.005000,seek,0.000000,0.000000,0.008000,0.000000,0.000000,0.000000,-0.390489,0.001256,16232
37.603092,685576.888817,0.005000,seek,0.000000,0.000000,0.008000,0.000000,0.000000,0.000000,-0.425015,0.001876,16234
37.608092,685576.894029,0.005000,seek,0.000000,0.000000,0.008000,0.000000,0.000000,0.000000,-0.422284,0.001420,16236
37.613092,685576.899149,0.005000,seek,0.000000,0.000000,0.008000,0.000000,0.000000,0.000000,-0.432710,0.006364,16238
37.618092,685576.904312,0.005000,seek,0.000000,0.000000,0.008000,0.000000,0.000000,0.000000,-0.481254,0.001260,16240
37.623092,685576.909523,0.005000,seek,0.000000,0.000000,0.008000,0.000000,0.000000,0.000000,-0.570654,0.001900,16242
37.628093,685576.914663,0.005001,seek,0.000000,0.000000,0.008000,0.000000,0.000000,0.000000,-0.533361,0.001281,16244
37.633092,685576.919820,0.004999,seek,0.000000,0.000000,0.008000,0.000000,0.000000,0.000000,-0.392015,0.001875,16246
37.638093,685576.925049,0.005001,seek,0.000000,0.000000,0.008000,0.000000,0.000000,0.000000,-0.332151,0.001258,16248
37.643092,685576.930230,0.004999,seek,0.000000,0.000000,0.008000,0.000000,0.000000,0.000000,-0.332158,0.001910,16250
37.648092,685576.935337,0.005000,seek,0.000000,0.000000,0.008000,0.000000,0.000000,0.000000,-0.328376,0.001472,16252
37.653093,685576.940533,0.005000,seek,0.000000,0.000000,0.008000,0.000000,0.000000,0.000000,-0.327061,0.006410,16254
37.658092,685576.945672,0.005000,seek,0.000000,0.000000,0.008000,0.000000,0.000000,0.000000,-0.430323,0.001478,16256
37.663092,685576.950875,0.005000,seek,0.000000,0.000000,0.008000,0.000000,0.000000,0.000000,-0.541816,0.006420,16258
37.668092,685576.955978,0.005000,seek,0.000000,0.000000,0.008000,0.000000,0.000000,0.000000,-0.510240,0.001052,16260
37.673103,685576.961199,0.005010,seek,0.000000,0.000000,0.008000,0.000000,0.000000,0.000000,-0.492835,0.001770,16262
37.678092,685576.966303,0.004989,seek,0.000000,0.000000,0.008000,0.000000,0.000000,0.000000,-0.491924,0.001244,16264
37.683092,685576.971408,0.005000,seek,0.000000,0.000000,0.008000,0.000000,0.000000,0.000000,-0.466881,0.001923,16266
37.693092,685576.976512,0.010000,seek,0.000000,0.000000,0.008000,0.000000,0.000000,0.000000,-0.345224,0.001041,16270
37.698092,685576.981632,0.005000,seek,0.000000,0.000000,0.008000,0.000000,0.000000,0.000000,-0.363460,0.001594,16272
37.703092,685576.986768,0.005000,seek,0.000000,0.000000,0.008000,0.000000,0.000000,0.000000,-0.388026,0.006532,16274
37.708093,685576.992018,0.005000,seek,0.000000,0.000000,0.008000,0.000000,0.000000,0.000000,-0.448349,0.004322,16276
37.713092,685576.997205,0.005000,seek,0.000000,0.000000,0.008000,0.000000,0.000000,0.000000,-0.511216,0.001312,16278
37.718092,685577.002310,0.005000,seek,0.000000,0.000000,0.008000,0.000000,0.000000,0.000000,-0.530304,0.001948,16280
37.723093,685577.007383,0.005001,seek,0.000000,0.000000,0.008000,0.000000,0.000000,0.000000,-0.480703,0.001437,16282
37.728092,685577.012527,0.004999,seek,0.000000,0.000000,0.008000,0.000000,0.000000,0.000000,-0.432567,0.001964,16284
37.733092,685577.017727,0.005000,seek,0.000000,0.000000,0.008000,0.000000,0.000000,0.000000,-0.449245,0.001375,16286
37.738092,685577.022931,0.005000,seek,0.000000,0.000000,0.008000,0.000000,0.000000,0.000000,-0.423080,0.001982,16288
37.743092,685577.028161,0.005000,seek,0.000000,0.000000,0.008000,0.000000,0.000000,0.000000,-0.423897,0.001400,16290
37.748092,685577.033268,0.005000,seek,0.000000,0.000000,0.008000,0.000000,0.000000,0.000000,-0.435870,0.001948,16292
37.753092,685577.038373,0.005000,seek,0.000000,0.000000,0.008000,0.000000,0.000000,0.000000,-0.430232,0.001270,16294
37.758092,685577.043527,0.005000,seek,0.000000,0.000000,0.008000,0.000000,0.000000,0.000000,-0.517606,0.001836,16296
37.763094,685577.048671,0.005001,seek,0.000000,0.000000,0.008000,0.000000,0.000000,0.000000,-0.524292,0.001288,16298
37.768092,685577.053832,0.004999,seek,0.000000,0.000000,0.008000,0.000000,0.000000,0.000000,-0.479124,0.001704,16300
37.773092,685577.059034,0.005000,seek,0.000000,0.000000,0.008000,0.000000,0.000000,0.000000,-0.494774,0.001947,16302
37.778092,685577.064159,0.005000,seek,0.000000,0.000000,0.008000,0.000000,0.000000,0.000000,-0.477566,0.001209,16304
37.783092,685577.069266,0.005000,seek,0.000000,0.000000,0.008000,0.000000,0.000000,0.000000,-0.463805,0.001751,16306
37.788092,685577.074373,0.005000,seek,0.000000,0.000000,0.008000,0.000000,0.000000,0.000000,-0.432037,0.001250,16308
37.793092,685577.079522,0.005000,seek,0.000000,0.000000,0.008000,0.000000,0.000000,0.000000,-0.396100,0.001859,16310
37.798093,685577.084628,0.005001,seek,0.000000,0.000000,0.008000,0.000000,0.000000,0.000000,-0.402161,0.001248,16312
37.803092,685577.089893,0.004999,seek,0.000000,0.000000,0.008000,0.000000,0.000000,0.000000,-0.465345,0.001856,16314
37.808093,685577.095118,0.005000,seek,0.000000,0.000000,0.008000,0.000000,0.000000,0.000000,-0.508351,0.001191,16316
37.813092,685577.100224,0.005000,seek,0.000000,0.000000,0.008000,0.000000,0.000000,0.000000,-0.513036,0.001703,16318
37.818093,685577.105331,0.005000,seek,0.000000,0.000000,0.008000,0.000000,0.000000,0.000000,-0.500728,0.001209,16320
37.823092,685577.110472,0.005000,seek,0.000000,0.000000,0.008000,0.000000,0.000000,0.000000,-0.453286,0.001858,16322
37.828092,685577.115742,0.005000,seek,0.000000,0.000000,0.008000,0.000000,0.000000,0.000000,-0.475358,0.001239,16324
37.833092,685577.120963,0.005000,seek,0.000000,0.000000,0.008000,0.000000,0.000000,0.000000,-0.528393,0.006187,16326
37.838093,685577.126043,0.005000,seek,0.000000,0.000000,0.008000,0.000000,0.000000,0.000000,-0.475105,0.001271,16328
37.843092,685577.131148,0.004999,seek,0.000000,0.000000,0.008000,0.000000,0.000000,0.000000,-0.385725,0.001954,16330
37.853092,685577.136252,0.010000,seek,0.000000,0.000000,0.008000,0.000000,0.000000,0.000000,-0.389286,0.006361,16334
37.858093,685577.141357,0.005000,seek,0.000000,0.000000,0.008000,0.000000,0.000000,0.000000,-0.390747,0.004407,16336
37.863093,685577.146499,0.005000,seek,0.000000,0.000000,0.008000,0.000000,0.000000,0.000000,-0.433251,0.004241,16338
37.868092,685577.151581,0.005000,seek,0.000000,0.000000,0.008000,0.000000,0.000000,0.000000,-0.449954,0.001430,16340
37.873092,685577.156717,0.005000,seek,0.000000,0.000000,0.008000,0.000000,0.000000,0.000000,-0.422237,0.006371,16342
37.878092,685577.161838,0.005000,seek,0.000000,0.000000,0.008000,0.000000,0.000000,0.000000,-0.403481,0.001492,16344
37.883093,685577.166997,0.005000,seek,0.000000,0.000000,0.008000,0.000000,0.000000,0.000000,-0.385431,0.006438,16346
37.888092,685577.172116,0.005000,seek,0.000000,0.000000,0.008000,0.000000,0.000000,0.000000,-0.372762,0.001467,16348
37.893092,685577.177206,0.005000,seek,0.000000,0.000000,0.008000,0.000000,0.000000,0.000000,-0.363557,0.001064,16350
37.898093,685577.182322,0.005000,seek,0.000000,0.000000,0.008000,0.000000,0.000000,0.000000,-0.455264,0.001692,16352
37.903092,685577.187440,0.005000,seek,0.000000,0.000000,0.008000,0.000000,0.000000,0.000000,-0.520962,0.001252,16354
37.908093,685577.192550,0.005000,seek,0.000000,0.000000,0.008000,0.000000,0.000000,0.000000,-0.495220,0.006186,16356
37.913092,685577.197658,0.005000,seek,0.000000,0.000000,0.008000,0.000000,0.000000,0.000000,-0.526946,0.004396,16358
37.918092,685577.202763,0.005000,seek,0.000000,0.000000,0.008000,0.000000,0.000000,0.000000,-0.526423,0.001229,16360
37.923092,685577.207892,0.005000,seek,0.000000,0.000000,0.008000,0.000000,0.000000,0.000000,-0.450953,0.001954,16362
37.928092,685577.213020,0.005000,seek,0.000000,0.000000,0.008000,0.000000,0.000000,0.000000,-0.388991,0.001527,16364
37.933093,685577.218169,0.005000,seek,0.000000,0.000000,0.008000,0.000000,0.000000,0.000000,-0.366750,0.006472,16366
37.938092,685577.223251,0.005000,seek,0.000000,0.000000,0.008000,0.000000,0.000000,0.000000,-0.348760,0.004336,16368
37.943092,685577.228364,0.005000,seek,0.000000,0.000000,0.008000,0.000000,0.000000,0.000000,-0.418241,0.004278,16370
37.948093,685577.233475,0.005000,seek,0.000000,0.000000,0.008000,0.000000,0.000000,0.000000,-0.528835,0.001444,16372
37.953093,685577.238594,0.005000,seek,0.000000,0.000000,0.008000,0.000000,0.000000,0.000000,-0.555528,0.006394,16374
37.958092,685577.243710,0.004999,seek,0.000000,0.000000,0.008000,0.000000,0.000000,0.000000,-0.468689,0.001200,16376
37.963092,685577.248832,0.005000,seek,0.000000,0.000000,0.008000,0.000000,0.000000,0.000000,-0.414276,0.001720,16378
37.968092,685577.253915,0.005000,seek,0.000000,0.000000,0.008000,0.000000,0.000000,0.000000,-0.407287,0.001180,16380
37.973092,685577.259062,0.005000,seek,0.000000,0.000000,0.008000,0.000000,0.000000,0.000000,-0.396509,0.001795,16382
37.978092,685577.264186,0.005000,seek,0.000000,0.000000,0.008000,0.000000,0.000000,0.000000,-0.429501,0.001253,16384
37.983093,685577.269270,0.005001,seek,0.000000,0.000000,0.008000,0.000000,0.000000,0.000000,-0.432097,0.006200,16386
37.988092,685577.274410,0.004999,seek,0.000000,0.000000,0.008000,0.000000,0.000000,0.000000,-0.472467,0.001466,16388
37.993093,685577.279538,0.005000,seek,0.000000,0.000000,0.008000,0.000000,0.000000,0.000000,-0.515810,0.006405,16390
37.998093,685577.284623,0.005000,seek,0.000000,0.000000,0.008000,0.000000,0.000000,0.000000,-0.451482,0.001239,16392
38.003092,685577.289742,0.005000,seek,0.000000,0.000000,0.008000,0.000000,0.000000,0.000000,-0.431499,0.001880,16394
38.008092,685577.294859,0.005000,seek,0.000000,0.000000,0.008000,0.000000,0.000000,0.000000,-0.473412,0.001477,16396
38.013093,685577.299965,0.005001,seek,0.000000,0.000000,0.008000,0.000000,0.000000,0.000000,-0.467376,0.006438,16398
38.018093,685577.305095,0.005000,seek,0.000000,0.000000,0.008000,0.000000,0.000000,0.000000,-0.479435,0.001252,16400
38.023093,685577.310173,0.005000,seek,0.000000,0.000000,0.008000,0.000000,0.000000,0.000000,-0.496547,0.000677,16402
38.028092,685577.315313,0.005000,seek,0.000000,0.000000,0.008000,0.000000,0.000000,0.000000,-0.487753,0.001198,16404
38.033092,685577.320465,0.005000,seek,0.000000,0.000000,0.008000,0.000000,0.000000,0.000000,-0.468879,0.001866,16406
38.038092,685577.325587,0.005000,seek,0.000000,0.000000,0.008000,0.000000,0.000000,0.000000,-0.379532,0.001262,16408
38.043092,685577.330667,0.005000,seek,0.000000,0.000000,0.008000,0.000000,0.000000,0.000000,-0.332094,0.001861,16410
38.048093,685577.335775,0.005001,seek,0.000000,0.000000,0.008000,0.000000,0.000000,0.000000,-0.365292,0.001234,16412
38.053094,685577.340851,0.005001,seek,0.000000,0.000000,0.008000,0.000000,0.000000,0.000000,-0.419186,0.001888,16414
38.058092,685577.345976,0.004999,seek,0.000000,0.000000,0.008000,0.000000,0.000000,0.000000,-0.542568,0.001413,16416
38.063092,685577.351030,0.005000,seek,0.000000,0.000000,0.008000,0.000000,0.000000,0.000000,-0.614028,0.006354,16418
38.068093,685577.356145,0.005000,seek,0.000000,0.000000,0.008000,0.000000,0.000000,0.000000,-0.578564,0.000884,16420
38.073092,685577.361211,0.005000,seek,0.000000,0.000000,0.008000,0.000000,0.000000,0.000000,-0.467065,0.001515,16422
38.083093,685577.366293,0.010000,seek,0.000000,0.000000,0.008000,0.000000,0.000000,0.000000,-0.369156,0.001351,16426
38.088092,685577.371419,0.004999,seek,0.000000,0.000000,0.008000,0.000000,0.000000,0.000000,-0.351960,0.006285,16428
38.093096,685577.376562,0.005004,seek,0.000000,0.000000,0.008000,0.000000,0.000000,0.000000,-0.420132,0.001492,16430
38.098093,685577.381711,0.004997,seek,0.000000,0.000000,0.008000,0.000000,0.000000,0.000000,-0.495023,0.006435,16432
38.103092,685577.386839,0.004999,seek,0.000000,0.000000,0.008000,0.000000,0.000000,0.000000,-0.525554,0.001446,16434
38.108092,685577.391932,0.005000,seek,0.000000,0.000000,0.008000,0.000000,0.000000,0.000000,-0.552593,0.006390,16436
38.113092,685577.397037,0.005000,seek,0.000000,0.000000,0.008000,0.000000,0.000000,0.000000,-0.530765,0.004366,16438
38.118092,685577.402134,0.005000,seek,0.000000,0.000000,0.008000,0.000000,0.000000,0.000000,-0.456017,0.001947,16440
38.123092,685577.407220,0.005000,seek,0.000000,0.000000,0.008000,0.000000,0.000000,0.000000,-0.395186,0.001236,16442
38.128092,685577.412360,0.005000,seek,0.000000,0.000000,0.008000,0.000000,0.000000,0.000000,-0.413294,0.001874,16444
38.133093,685577.417461,0.005001,seek,0.000000,0.000000,0.008000,0.000000,0.000000,0.000000,-0.393369,0.001451,16446
38.138092,685577.422582,0.004999,seek,0.000000,0.000000,0.008000,0.000000,0.000000,0.000000,-0.341681,0.006394,16448
38.143093,685577.427698,0.005000,seek,0.000000,0.000000,0.008000,0.000000,0.000000,0.000000,-0.408883,0.001462,16450
38.148092,685577.432863,0.005000,seek,0.000000,0.000000,0.008000,0.000000,0.000000,0.000000,-0.485443,0.006400,16452
38.153092,685577.438034,0.005000,seek,0.000000,0.000000,0.008000,0.000000,0.000000,0.000000,-0.499715,0.001442,16454
38.158092,685577.443115,0.005000,seek,0.000000,0.000000,0.008000,0.000000,0.000000,0.000000,-0.509084,0.006376,16456
38.163092,685577.448200,0.005000,seek,0.000000,0.000000,0.008000,0.000000,0.000000,0.000000,-0.495186,0.001474,16458
38.168092,685577.453308,0.005000,seek,0.000000,0.000000,0.008000,0.000000,0.000000,0.000000,-0.479457,0.006418,16460
38.173092,685577.458440,0.005000,seek,0.000000,0.000000,0.008000,0.000000,0.000000,0.000000,-0.460458,0.001498,16462
38.178092,685577.463576,0.005000,seek,0.000000,0.000000,0.008000,0.000000,0.000000,0.000000,-0.441202,0.006435,16464
38.183092,685577.468671,0.005000,seek,0.000000,0.000000,0.008000,0.000000,0.000000,0.000000,-0.476170,0.001238,16466
38.188093,685577.473796,0.005000,seek,0.000000,0.000000,0.008000,0.000000,0.000000,0.000000,-0.513431,0.001864,16468
38.193092,685577.478920,0.004999,seek,0.000000,0.000000,0.008000,0.000000,0.000000,0.000000,-0.457734,0.001419,16470
38.198092,685577.484008,0.005000,seek,0.000000,0.000000,0.008000,0.000000,0.000000,0.000000,-0.396697,0.006362,16472
38.203093,685577.489094,0.005001,seek,0.000000,0.000000,0.008000,0.000000,0.000000,0.000000,-0.409025,0.001320,16474
38.208092,685577.494179,0.004999,seek,0.000000,0.000000,0.008000,0.000000,0.000000,0.000000,-0.427127,0.006259,16476
38.213093,685577.499261,0.005000,seek,0.000000,0.000000,0.008000,0.000000,0.000000,0.000000,-0.441623,0.004357,16478
38.218093,685577.504389,0.005000,seek,0.000000,0.000000,0.008000,0.000000,0.000000,0.000000,-0.431159,0.004330,16480
38.223093,685577.509518,0.005000,seek,0.000000,0.000000,0.008000,0.000000,0.000000,0.000000,-0.452336,0.001343,16482
38.228092,685577.514684,0.004999,seek,0.000000,0.000000,0.008000,0.000000,0.000000,0.000000,-0.500679,0.006276,16484
38.233092,685577.519803,0.005000,seek,0.000000,0.000000,0.008000,0.000000,0.000000,0.000000,-0.444320,0.004350,16486
38.238093,685577.524903,0.005000,seek,0.000000,0.000000,0.008000,0.000000,0.000000,0.000000,-0.368364,0.001225,16488
38.243092,685577.530012,0.005000,seek,0.000000,0.000000,0.008000,0.000000,0.000000,0.000000,-0.435952,0.001871,16490
38.248092,685577.535096,0.005000,seek,0.000000,0.000000,0.008000,0.000000,0.000000,0.000000,-0.529467,0.001399,16492
38.253092,685577.540176,0.005000,seek,0.000000,0.000000,0.008000,0.000000,0.000000,0.000000,-0.540102,0.006344,16494
38.258092,685577.545315,0.005000,seek,0.000000,0.000000,0.008000,0.000000,0.000000,0.000000,-0.491867,0.001053,16496
38.263092,685577.550439,0.005000,seek,0.000000,0.000000,0.008000,0.000000,0.000000,0.000000,-0.422734,0.001665,16498
38.268092,685577.555593,0.005000,seek,0.000000,0.000000,0.008000,0.000000,0.000000,0.000000,-0.361944,0.001157,16500
38.273092,685577.560679,0.005000,seek,0.000000,0.000000,0.008000,0.000000,0.000000,0.000000,-0.379334,0.001671,16502
38.278093,685577.565820,0.005001,seek,0.000000,0.000000,0.008000,0.000000,0.000000,0.000000,-0.441963,0.006614,16504
38.283094,685577.570942,0.005001,seek,0.000000,0.000000,0.008000,0.000000,0.000000,0.000000,-0.456784,0.004437,16506
38.288092,685577.576067,0.004998,seek,0.000000,0.000000,0.008000,0.000000,0.000000,0.000000,-0.416926,0.004348,16508
38.298092,685577.581202,0.010000,seek,0.000000,0.000000,0.008000,0.000000,0.000000,0.000000,-0.501189,0.001256,16512
38.303093,685577.586283,0.005000,seek,0.000000,0.000000,0.008000,0.000000,0.000000,0.000000,-0.504094,0.001868,16514
38.308092,685577.591366,0.005000,seek,0.000000,0.000000,0.008000,0.000000,0.000000,0.000000,-0.446736,0.006808,16516
38.308092,685577.596503,0.000001,seek,0.000000,0.000000,0.008000,0.000000,0.000000,0.000000,-0.446736,0.006808,16516
38.318092,685577.601592,0.010000,seek,0.000000,0.000000,0.008000,0.000000,0.000000,0.000000,-0.512976,0.001839,16520
38.323092,685577.606733,0.005000,seek,0.000000,0.000000,0.008000,0.000000,0.000000,0.000000,-0.496013,0.001259,16522
38.328092,685577.611869,0.005000,seek,0.000000,0.000000,0.008000,0.000000,0.000000,0.000000,-0.446696,0.001806,16524
38.333093,685577.616952,0.005001,seek,0.000000,0.000000,0.008000,0.000000,0.000000,0.000000,-0.383770,0.001195,16526
38.338092,685577.622073,0.004999,seek,0.000000,0.000000,0.008000,0.000000,0.000000,0.000000,-0.360895,0.001771,16528
38.343093,685577.627201,0.005000,seek,0.000000,0.000000,0.008000,0.000000,0.000000,0.000000,-0.345982,0.006696,16530
38.348093,685577.632325,0.005001,seek,0.000000,0.000000,0.008000,0.000000,0.000000,0.000000,-0.334488,0.004408,16532
38.353092,685577.637476,0.004999,seek,0.000000,0.000000,0.008000,0.000000,0.000000,0.000000,-0.395075,0.004305,16534
38.358092,685577.642598,0.005000,seek,0.000000,0.000000,0.008000,0.000000,0.000000,0.000000,-0.477263,0.004356,16536
38.363093,685577.647684,0.005001,seek,0.000000,0.000000,0.008000,0.000000,0.000000,0.000000,-0.462632,0.001774,16538
38.368092,685577.652767,0.004999,seek,0.000000,0.000000,0.008000,0.000000,0.000000,0.000000,-0.486029,0.001192,16540
38.373092,685577.657850,0.005000,seek,0.000000,0.000000,0.008000,0.000000,0.000000,0.000000,-0.498674,0.001755,16542
38.378094,685577.662955,0.005001,seek,0.000000,0.000000,0.008000,0.000000,0.000000,0.000000,-0.491509,0.001163,16544
38.383093,685577.668025,0.004999,seek,0.000000,0.000000,0.008000,0.000000,0.000000,0.000000,-0.501567,0.001741,16546
38.388093,685577.673111,0.005000,seek,0.000000,0.000000,0.008000,0.000000,0.000000,0.000000,-0.550964,0.001134,16548
38.393092,685577.678195,0.004999,seek,0.000000,0.000000,0.008000,0.000000,0.000000,0.000000,-0.571714,0.001687,16550
38.398092,685577.683296,0.005000,seek,0.000000,0.000000,0.008000,0.000000,0.000000,0.000000,-0.519936,0.006627,16552
38.403093,685577.688388,0.005001,seek,0.000000,0.000000,0.008000,0.000000,0.000000,0.000000,-0.493663,0.004549,16554
38.408097,685577.693475,0.005004,seek,0.000000,0.000000,0.008000,0.000000,0.000000,0.000000,-0.494781,0.001687,16556
38.413325,685577.698602,0.005227,seek,0.000000,0.000000,0.008000,0.000000,0.000000,0.000000,-0.445327,0.001391,16558
38.418327,685577.703735,0.005002,seek,0.000000,0.000000,0.008000,0.000000,0.000000,0.000000,-0.414444,0.001810,16560
38.423116,685577.708875,0.004790,seek,0.000000,0.000000,0.008000,0.000000,0.000000,0.000000,-0.501556,0.001005,16562
38.428092,685577.714012,0.004976,seek,0.000000,0.000000,0.008000,0.000000,0.000000,0.000000,-0.550020,0.001521,16564
38.433092,685577.719098,0.005000,seek,0.000000,0.000000,0.008000,0.000000,0.000000,0.000000,-0.470146,0.001046,16566
38.438093,685577.724193,0.005001,seek,0.000000,0.000000,0.008000,0.000000,0.000000,0.000000,-0.380172,0.001589,16568
38.443093,685577.729335,0.005000,seek,0.000000,0.000000,0.008000,0.000000,0.000000,0.000000,-0.373090,0.006541,16570
38.448093,685577.734432,0.005000,seek,0.000000,0.000000,0.008000,0.000000,0.000000,0.000000,-0.389442,0.001876,16572
38.453093,685577.739582,0.005000,seek,0.000000,0.000000,0.008000,0.000000,0.000000,0.000000,-0.439452,0.001431,16574
38.458092,685577.744687,0.005000,seek,0.000000,0.000000,0.008000,0.000000,0.000000,0.000000,-0.475202,0.006366,16576
38.463093,685577.749819,0.005000,seek,0.000000,0.000000,0.008000,0.000000,0.000000,0.000000,-0.572937,0.001863,16578
38.468093,685577.754909,0.005000,seek,0.000000,0.000000,0.008000,0.000000,0.000000,0.000000,-0.579215,0.001380,16580
38.473093,685577.759996,0.005000,seek,0.000000,0.000000,0.008000,0.000000,0.000000,0.000000,-0.469643,0.001877,16582
38.478092,685577.765089,0.005000,seek,0.000000,0.000000,0.008000,0.000000,0.000000,0.000000,-0.451432,0.001204,16584
38.483092,685577.770217,0.005000,seek,0.000000,0.000000,0.008000,0.000000,0.000000,0.000000,-0.437178,0.001590,16586
38.488092,685577.775291,0.005000,seek,0.000000,0.000000,0.008000,0.000000,0.000000,0.000000,-0.419093,0.006535,16588
38.493092,685577.780418,0.005000,seek,0.000000,0.000000,0.008000,0.000000,0.000000,0.000000,-0.447137,0.001576,16590
38.498092,685577.785536,0.005000,seek,0.000000,0.000000,0.008000,0.000000,0.000000,0.000000,-0.430809,0.001163,16592
38.503092,685577.790651,0.005000,seek,0.000000,0.000000,0.008000,0.000000,0.000000,0.000000,-0.333521,0.001701,16594
38.508092,685577.795828,0.005000,seek,0.000000,0.000000,0.008000,0.000000,0.000000,0.000000,-0.407161,0.001212,16596
38.513092,685577.801028,0.005000,seek,0.000000,0.000000,0.008000,0.000000,0.000000,0.000000,-0.517414,0.001869,16598
38.518092,685577.806139,0.005000,seek,0.000000,0.000000,0.008000,0.000000,0.000000,0.000000,-0.482046,0.001202,16600
38.523093,685577.811246,0.005001,seek,0.000000,0.000000,0.008000,0.000000,0.000000,0.000000,-0.464934,0.001821,16602
38.533093,685577.816353,0.010000,seek,0.000000,0.000000,0.008000,0.000000,0.000000,0.000000,-0.407849,0.006198,16606
38.538092,685577.821471,0.005000,seek,0.000000,0.000000,0.008000,0.000000,0.000000,0.000000,-0.420102,0.001475,16608
38.543092,685577.826600,0.005000,seek,0.000000,0.000000,0.008000,0.000000,0.000000,0.000000,-0.435785,0.006418,16610
38.548093,685577.831744,0.005000,seek,0.000000,0.000000,0.008000,0.000000,0.000000,0.000000,-0.417191,0.001424,16612
38.553092,685577.836931,0.005000,seek,0.000000,0.000000,0.008000,0.000000,0.000000,0.000000,-0.395899,0.006365,16614
38.558092,685577.842169,0.005000,seek,0.000000,0.000000,0.008000,0.000000,0.000000,0.000000,-0.432771,0.001316,16616
38.563093,685577.847276,0.005000,seek,0.000000,0.000000,0.008000,0.000000,0.000000,0.000000,-0.474220,0.006261,16618
38.568092,685577.852383,0.005000,seek,0.000000,0.000000,0.008000,0.000000,0.000000,0.000000,-0.538912,0.004398,16620
38.573092,685577.857527,0.005000,seek,0.000000,0.000000,0.008000,0.000000,0.000000,0.000000,-0.575776,0.001741,16622
38.578092,685577.862734,0.005000,seek,0.000000,0.000000,0.008000,0.000000,0.000000,0.000000,-0.482846,0.001154,16624
38.583093,685577.867954,0.005000,seek,0.000000,0.000000,0.008000,0.000000,0.000000,0.000000,-0.414004,0.001828,16626
38.588092,685577.873187,0.005000,seek,0.000000,0.000000,0.008000,0.000000,0.000000,0.000000,-0.448648,0.001231,16628
38.593092,685577.878293,0.005000,seek,0.000000,0.000000,0.008000,0.000000,0.000000,0.000000,-0.486790,0.006175,16630
38.598093,685577.883454,0.005001,seek,0.000000,0.000000,0.008000,0.000000,0.000000,0.000000,-0.489792,0.004404,16632
38.603092,685577.888592,0.005000,seek,0.000000,0.000000,0.008000,0.000000,0.000000,0.000000,-0.476776,0.001229,16634
38.608092,685577.893738,0.005000,seek,0.000000,0.000000,0.008000,0.000000,0.000000,0.000000,-0.439720,0.001888,16636
38.613093,685577.898840,0.005000,seek,0.000000,0.000000,0.008000,0.000000,0.000000,0.000000,-0.426622,0.001247,16638
38.618093,685577.903963,0.005001,seek,0.000000,0.000000,0.008000,0.000000,0.000000,0.000000,-0.438191,0.006189,16640
38.623093,685577.909048,0.005000,seek,0.000000,0.000000,0.008000,0.000000,0.000000,0.000000,-0.455422,0.004390,16642
38.628093,685577.914139,0.005000,seek,0.000000,0.000000,0.008000,0.000000,0.000000,0.000000,-0.541482,0.001410,16644
38.633093,685577.919230,0.005000,seek,0.000000,0.000000,0.008000,0.000000,0.000000,0.000000,-0.616639,0.006361,16646
38.638092,685577.924318,0.004999,seek,0.000000,0.000000,0.008000,0.000000,0.000000,0.000000,-0.591027,0.004386,16648
38.643092,685577.929446,0.005000,seek,0.000000,0.000000,0.008000,0.000000,0.000000,0.000000,-0.487835,0.004362,16650
38.648093,685577.934583,0.005000,seek,0.000000,0.000000,0.008000,0.000000,0.000000,0.000000,-0.346934,0.004361,16652
38.653092,685577.939734,0.005000,seek,0.000000,0.000000,0.008000,0.000000,0.000000,0.000000,-0.294622,0.001152,16654
38.658093,685577.944854,0.005000,seek,0.000000,0.000000,0.008000,0.000000,0.000000,0.000000,-0.383042,0.001487,16656
38.663092,685577.949952,0.005000,seek,0.000000,0.000000,0.008000,0.000000,0.000000,0.000000,-0.460631,0.006425,16658
38.668092,685577.955079,0.005000,seek,0.000000,0.000000,0.008000,0.000000,0.000000,0.000000,-0.399287,0.004424,16660
38.673092,685577.960163,0.005000,seek,0.000000,0.000000,0.008000,0.000000,0.000000,0.000000,-0.410562,0.004398,16662
38.678092,685577.965241,0.005000,seek,0.000000,0.000000,0.008000,0.000000,0.000000,0.000000,-0.532710,0.004393,16664
38.683092,685577.970349,0.005000,seek,0.000000,0.000000,0.008000,0.000000,0.000000,0.000000,-0.575479,0.004342,16666
38.688092,685577.975483,0.005000,seek,0.000000,0.000000,0.008000,0.000000,0.000000,0.000000,-0.520315,0.004363,16668
38.693093,685577.980606,0.005001,seek,0.000000,0.000000,0.008000,0.000000,0.000000,0.000000,-0.508416,0.001266,16670
38.698093,685577.985778,0.005000,seek,0.000000,0.000000,0.008000,0.000000,0.000000,0.000000,-0.553900,0.006198,16672
38.703092,685577.990920,0.004999,seek,0.000000,0.000000,0.008000,0.000000,0.000000,0.000000,-0.456488,0.004385,16674
38.708094,685577.996046,0.005002,seek,0.000000,0.000000,0.008000,0.000000,0.000000,0.000000,-0.393963,0.001257,16676
38.713092,685578.001147,0.004998,seek,0.000000,0.000000,0.008000,0.000000,0.000000,0.000000,-0.432306,0.001865,16678
38.718092,685578.006238,0.005000,seek,0.000000,0.000000,0.008000,0.000000,0.000000,0.000000,-0.482105,0.001442,16680
38.728093,685578.011371,0.010001,seek,0.000000,0.000000,0.008000,0.000000,0.000000,0.000000,-0.526994,0.001214,16684
38.733093,685578.016526,0.005000,seek,0.000000,0.000000,0.008000,0.000000,0.000000,0.000000,-0.513411,0.006152,16686
38.738092,685578.021645,0.005000,seek,0.000000,0.000000,0.008000,0.000000,0.000000,0.000000,-0.547753,0.004448,16688
38.743092,685578.026793,0.005000,seek,0.000000,0.000000,0.008000,0.000000,0.000000,0.000000,-0.535108,0.004388,16690
38.748093,685578.031920,0.005000,seek,0.000000,0.000000,0.008000,0.000000,0.000000,0.000000,-0.492459,0.004362,16692
38.753092,685578.037046,0.005000,seek,0.000000,0.000000,0.008000,0.000000,0.000000,0.000000,-0.454053,0.001100,16694
38.758093,685578.042273,0.005000,seek,0.000000,0.000000,0.008000,0.000000,0.000000,0.000000,-0.439852,0.001633,16696
38.763093,685578.047380,0.005000,seek,0.000000,0.000000,0.008000,0.000000,0.000000,0.000000,-0.465458,0.001151,16698
38.768092,685578.052526,0.005000,seek,0.000000,0.000000,0.008000,0.000000,0.000000,0.000000,-0.461223,0.006091,16700
38.773093,685578.057760,0.005000,seek,0.000000,0.000000,0.008000,0.000000,0.000000,0.000000,-0.559528,0.004334,16702
38.778092,685578.062894,0.005000,seek,0.000000,0.000000,0.008000,0.000000,0.000000,0.000000,-0.567828,0.001424,16704
38.783093,685578.068023,0.005000,seek,0.000000,0.000000,0.008000,0.000000,0.000000,0.000000,-0.518137,0.001067,16706
38.788092,685578.073118,0.005000,seek,0.000000,0.000000,0.008000,0.000000,0.000000,0.000000,-0.561958,0.001629,16708
38.793092,685578.078243,0.005000,seek,0.000000,0.000000,0.008000,0.000000,0.000000,0.000000,-0.595960,0.001158,16710
38.798093,685578.083354,0.005000,seek,0.000000,0.000000,0.008000,0.000000,0.000000,0.000000,-0.629188,0.006097,16712
38.803094,685578.088486,0.005001,seek,0.000000,0.000000,0.008000,0.000000,0.000000,0.000000,-0.518674,0.000745,16714
38.808092,685578.093613,0.004999,seek,0.000000,0.000000,0.008000,0.000000,0.000000,0.000000,-0.396848,0.005688,16716
38.813093,685578.098730,0.005000,seek,0.000000,0.000000,0.008000,0.000000,0.000000,0.000000,-0.399611,0.001189,16718
38.818092,685578.103886,0.005000,seek,0.000000,0.000000,0.008000,0.000000,0.000000,0.000000,-0.412179,0.006130,16720
38.823092,685578.109030,0.005000,seek,0.000000,0.000000,0.008000,0.000000,0.000000,0.000000,-0.472372,0.001469,16722
38.828095,685578.114154,0.005003,seek,0.000000,0.000000,0.008000,0.000000,0.000000,0.000000,-0.536313,0.006436,16724
38.833093,685578.119245,0.004997,seek,0.000000,0.000000,0.008000,0.000000,0.000000,0.000000,-0.523505,0.001001,16726
38.838092,685578.124366,0.005000,seek,0.000000,0.000000,0.008000,0.000000,0.000000,0.000000,-0.456677,0.001645,16728
38.843092,685578.129493,0.005000,seek,0.000000,0.000000,0.008000,0.000000,0.000000,0.000000,-0.364065,0.001170,16730
38.848092,685578.134615,0.005000,seek,0.000000,0.000000,0.008000,0.000000,0.000000,0.000000,-0.317405,0.006112,16732
38.853093,685578.139731,0.005000,seek,0.000000,0.000000,0.008000,0.000000,0.000000,0.000000,-0.403247,0.004407,16734
38.858092,685578.144859,0.005000,seek,0.000000,0.000000,0.008000,0.000000,0.000000,0.000000,-0.474846,0.001352,16736
38.863093,685578.149977,0.005000,seek,0.000000,0.000000,0.008000,0.000000,0.000000,0.000000,-0.455811,0.006291,16738
38.868092,685578.155091,0.005000,seek,0.000000,0.000000,0.008000,0.000000,0.000000,0.000000,-0.440214,0.001484,16740
38.873092,685578.160214,0.005000,seek,0.000000,0.000000,0.008000,0.000000,0.000000,0.000000,-0.424888,0.006429,16742
38.878093,685578.165302,0.005000,seek,0.000000,0.000000,0.008000,0.000000,0.000000,0.000000,-0.481429,0.001487,16744
38.883093,685578.170421,0.005000,seek,0.000000,0.000000,0.008000,0.000000,0.000000,0.000000,-0.507159,0.001067,16746
38.888093,685578.175508,0.005000,seek,0.000000,0.000000,0.008000,0.000000,0.000000,0.000000,-0.524783,0.001667,16748
38.893093,685578.180625,0.005000,seek,0.000000,0.000000,0.008000,0.000000,0.000000,0.000000,-0.484001,0.001098,16750
38.898093,685578.185744,0.005000,seek,0.000000,0.000000,0.008000,0.000000,0.000000,0.000000,-0.385468,0.001720,16752
38.903093,685578.190871,0.005000,seek,0.000000,0.000000,0.008000,0.000000,0.000000,0.000000,-0.409463,0.001172,16754
38.908093,685578.195993,0.005000,seek,0.000000,0.000000,0.008000,0.000000,0.000000,0.000000,-0.473240,0.001784,16756
38.913092,685578.201090,0.004999,seek,0.000000,0.000000,0.008000,0.000000,0.000000,0.000000,-0.507312,0.001187,16758
38.918093,685578.206176,0.005000,seek,0.000000,0.000000,0.008000,0.000000,0.000000,0.000000,-0.509994,0.006130,16760
38.923093,685578.211261,0.005001,seek,0.000000,0.000000,0.008000,0.000000,0.000000,0.000000,-0.529321,0.001508,16762
38.933093,685578.216382,0.010000,seek,0.000000,0.000000,0.008000,0.000000,0.000000,0.000000,-0.549080,0.001672,16766
38.938092,685578.221510,0.004999,seek,0.000000,0.000000,0.008000,0.000000,0.000000,0.000000,-0.528278,0.001184,16768
38.943093,685578.226640,0.005000,seek,0.000000,0.000000,0.008000,0.000000,0.000000,0.000000,-0.500969,0.001789,16770
38.948092,685578.231756,0.005000,seek,0.000000,0.000000,0.008000,0.000000,0.000000,0.000000,-0.470834,0.001178,16772
38.953093,685578.236875,0.005000,seek,0.000000,0.000000,0.008000,0.000000,0.000000,0.000000,-0.489535,0.001793,16774
38.958092,685578.241997,0.005000,seek,0.000000,0.000000,0.008000,0.000000,0.000000,0.000000,-0.534459,0.001109,16776
38.963093,685578.247125,0.005001,seek,0.000000,0.000000,0.008000,0.000000,0.000000,0.000000,-0.438524,0.001722,16778
38.968092,685578.252246,0.004999,seek,0.000000,0.000000,0.008000,0.000000,0.000000,0.000000,-0.393640,0.001290,16780
38.973093,685578.257408,0.005001,seek,0.000000,0.000000,0.008000,0.000000,0.000000,0.000000,-0.424761,0.006238,16782
38.978092,685578.262534,0.004999,seek,0.000000,0.000000,0.008000,0.000000,0.000000,0.000000,-0.456465,0.001158,16784
38.983092,685578.267654,0.005000,seek,0.000000,0.000000,0.008000,0.000000,0.000000,0.000000,-0.430681,0.001729,16786
38.988093,685578.272728,0.005000,seek,0.000000,0.000000,0.008000,0.000000,0.000000,0.000000,-0.412642,0.001107,16788
38.993093,685578.277850,0.005001,seek,0.000000,0.000000,0.008000,0.000000,0.000000,0.000000,-0.517948,0.001677,16790
38.998093,685578.282934,0.004999,seek,0.000000,0.000000,0.008000,0.000000,0.000000,0.000000,-0.561146,0.001140,16792
39.003092,685578.288021,0.005000,seek,0.000000,0.000000,0.008000,0.000000,0.000000,0.000000,-0.499023,0.001688,16794
39.008092,685578.293100,0.005000,seek,0.000000,0.000000,0.008000,0.000000,0.000000,0.000000,-0.426330,0.001137,16796
39.013092,685578.298199,0.005000,seek,0.000000,0.000000,0.008000,0.000000,0.000000,0.000000,-0.402924,0.001700,16798
39.018092,685578.303273,0.005000,seek,0.000000,0.000000,0.008000,0.000000,0.000000,0.000000,-0.457115,0.000931,16800
39.023093,685578.308346,0.005000,seek,0.000000,0.000000,0.008000,0.000000,0.000000,0.000000,-0.478013,0.001207,16802
39.028092,685578.313472,0.005000,seek,0.000000,0.000000,0.008000,0.000000,0.000000,0.000000,-0.490000,0.001697,16804
39.033092,685578.318548,0.005000,seek,0.000000,0.000000,0.008000,0.000000,0.000000,0.000000,-0.473149,0.000898,16806
39.038092,685578.323619,0.005000,seek,0.000000,0.000000,0.008000,0.000000,0.000000,0.000000,-0.419173,0.005823,16808
39.043092,685578.328694,0.005000,seek,0.000000,0.000000,0.008000,0.000000,0.000000,0.000000,-0.392686,0.004440,16810
39.048093,685578.333768,0.005001,seek,0.000000,0.000000,0.008000,0.000000,0.000000,0.000000,-0.389107,0.004366,16812
39.053093,685578.338842,0.005000,seek,0.000000,0.000000,0.008000,0.000000,0.000000,0.000000,-0.458136,0.001374,16814
39.058093,685578.343922,0.005000,seek,0.000000,0.000000,0.008000,0.000000,0.000000,0.000000,-0.512137,0.006315,16816
39.063092,685578.348998,0.005000,seek,0.000000,0.000000,0.008000,0.000000,0.000000,0.000000,-0.570104,0.001123,16818
39.068092,685578.354080,0.005000,seek,0.000000,0.000000,0.008000,0.000000,0.000000,0.000000,-0.628383,0.006061,16820
39.073093,685578.359162,0.005000,seek,0.000000,0.000000,0.008000,0.000000,0.000000,0.000000,-0.580517,0.001481,16822
39.078092,685578.364239,0.005000,seek,0.000000,0.000000,0.008000,0.000000,0.000000,0.000000,-0.524297,0.006419,16824
39.083092,685578.369312,0.005000,seek,0.000000,0.000000,0.008000,0.000000,0.000000,0.000000,-0.495356,0.004445,16826
39.088092,685578.374386,0.005000,seek,0.000000,0.000000,0.008000,0.000000,0.000000,0.000000,-0.481390,0.001377,16828
39.093092,685578.379460,0.005000,seek,0.000000,0.000000,0.008000,0.000000,0.000000,0.000000,-0.493118,0.006327,16830
39.098093,685578.384532,0.005000,seek,0.000000,0.000000,0.008000,0.000000,0.000000,0.000000,-0.544738,0.004391,16832
39.103093,685578.389607,0.005000,seek,0.000000,0.000000,0.008000,0.000000,0.000000,0.000000,-0.534124,0.001451,16834
39.108092,685578.394680,0.005000,seek,0.000000,0.000000,0.008000,0.000000,0.000000,0.000000,-0.467914,0.006392,16836
39.113093,685578.399756,0.005000,seek,0.000000,0.000000,0.008000,0.000000,0.000000,0.000000,-0.439162,0.001141,16838
39.118092,685578.404843,0.004999,seek,0.000000,0.000000,0.008000,0.000000,0.000000,0.000000,-0.413357,0.006080,16840
39.123093,685578.409921,0.005000,seek,0.000000,0.000000,0.008000,0.000000,0.000000,0.000000,-0.410718,0.004275,16842
39.128093,685578.414998,0.005000,seek,0.000000,0.000000,0.008000,0.000000,0.000000,0.000000,-0.343130,0.004254,16844
39.133092,685578.420172,0.005000,seek,0.000000,0.000000,0.008000,0.000000,0.000000,0.000000,-0.333394,0.001355,16846
39.138092,685578.425301,0.005000,seek,0.000000,0.000000,0.008000,0.000000,0.000000,0.000000,-0.394982,0.006299,16848
39.143092,685578.430424,0.005000,seek,0.000000,0.000000,0.008000,0.000000,0.000000,0.000000,-0.533086,0.001324,16850
39.148092,685578.435652,0.005000,seek,0.000000,0.000000,0.008000,0.000000,0.000000,0.000000,-0.579518,0.001796,16852
39.153092,685578.440820,0.005000,seek,0.000000,0.000000,0.008000,0.000000,0.000000,0.000000,-0.485478,0.006736,16854
39.158092,685578.445987,0.005000,seek,0.000000,0.000000,0.008000,0.000000,0.000000,0.000000,-0.456738,0.004263,16856
39.163092,685578.451151,0.005000,seek,0.000000,0.000000,0.008000,0.000000,0.000000,0.000000,-0.402840,0.004150,16858
39.168092,685578.456273,0.005000,seek,0.000000,0.000000,0.008000,0.000000,0.000000,0.000000,-0.415575,0.000705,16860
39.173093,685578.461426,0.005001,seek,0.000000,0.000000,0.008000,0.000000,0.000000,0.000000,-0.463851,0.005649,16862
39.183092,685578.466586,0.009999,seek,0.000000,0.000000,0.008000,0.000000,0.000000,0.000000,-0.437787,0.001025,16866
39.188092,685578.471817,0.005000,seek,0.000000,0.000000,0.008000,0.000000,0.000000,0.000000,-0.501240,0.001461,16868
39.193093,685578.477036,0.005001,seek,0.000000,0.000000,0.008000,0.000000,0.000000,0.000000,-0.500447,0.006405,16870
39.198093,685578.482125,0.005000,seek,0.000000,0.000000,0.008000,0.000000,0.000000,0.000000,-0.501224,0.004291,16872
39.203092,685578.487248,0.004999,seek,0.000000,0.000000,0.008000,0.000000,0.000000,0.000000,-0.546953,0.004320,16874
39.208092,685578.492370,0.005000,seek,0.000000,0.000000,0.008000,0.000000,0.000000,0.000000,-0.467534,0.001046,16876
39.213092,685578.497493,0.005000,seek,0.000000,0.000000,0.008000,0.000000,0.000000,0.000000,-0.466627,0.001581,16878
39.218092,685578.502623,0.005000,seek,0.000000,0.000000,0.008000,0.000000,0.000000,0.000000,-0.599746,0.006519,16880
39.223092,685578.507779,0.005000,seek,0.000000,0.000000,0.008000,0.000000,0.000000,0.000000,-0.539353,0.004237,16882
39.228092,685578.512929,0.005000,seek,0.000000,0.000000,0.008000,0.000000,0.000000,0.000000,-0.483141,0.001152,16884
39.233093,685578.518159,0.005000,seek,0.000000,0.000000,0.008000,0.000000,0.000000,0.000000,-0.498127,0.006092,16886
39.238092,685578.523282,0.005000,seek,0.000000,0.000000,0.008000,0.000000,0.000000,0.000000,-0.471134,0.004434,16888
39.243092,685578.528449,0.005000,seek,0.000000,0.000000,0.008000,0.000000,0.000000,0.000000,-0.427922,0.001426,16890
39.248093,685578.533572,0.005001,seek,0.000000,0.000000,0.008000,0.000000,0.000000,0.000000,-0.411604,0.006374,16892
39.253092,685578.538818,0.004999,seek,0.000000,0.000000,0.008000,0.000000,0.000000,0.000000,-0.490158,0.001464,16894
39.258092,685578.544037,0.005000,seek,0.000000,0.000000,0.008000,0.000000,0.000000,0.000000,-0.576179,0.006406,16896
39.263092,685578.549135,0.005000,seek,0.000000,0.000000,0.008000,0.000000,0.000000,0.000000,-0.555776,0.004392,16898
39.268093,685578.554256,0.005000,seek,0.000000,0.000000,0.008000,0.000000,0.000000,0.000000,-0.487983,0.001422,16900
39.273093,685578.559418,0.005000,seek,0.000000,0.000000,0.008000,0.000000,0.000000,0.000000,-0.443634,0.006366,16902
39.278092,685578.564540,0.004999,seek,0.000000,0.000000,0.008000,0.000000,0.000000,0.000000,-0.425469,0.001206,16904
39.283092,685578.569663,0.005000,seek,0.000000,0.000000,0.008000,0.000000,0.000000,0.000000,-0.409365,0.006155,16906
39.288092,685578.574872,0.005000,seek,0.000000,0.000000,0.008000,0.000000,0.000000,0.000000,-0.398961,0.001432,16908
39.293092,685578.580050,0.005000,seek,0.000000,0.000000,0.008000,0.000000,0.000000,0.000000,-0.389004,0.006371,16910
39.298093,685578.585173,0.005000,seek,0.000000,0.000000,0.008000,0.000000,0.000000,0.000000,-0.540030,0.001505,16912
39.303092,685578.590295,0.004999,seek,0.000000,0.000000,0.008000,0.000000,0.000000,0.000000,-0.703726,0.006446,16914
39.308092,685578.595443,0.005000,seek,0.000000,0.000000,0.008000,0.000000,0.000000,0.000000,-0.610364,0.001446,16916
39.313092,685578.600565,0.005000,seek,0.000000,0.000000,0.008000,0.000000,0.000000,0.000000,-0.496772,0.006383,16918
39.318092,685578.605765,0.005000,seek,0.000000,0.000000,0.008000,0.000000,0.000000,0.000000,-0.517896,0.001068,16920
39.323093,685578.611018,0.005000,seek,0.000000,0.000000,0.008000,0.000000,0.000000,0.000000,-0.549622,0.001694,16922
39.328093,685578.616209,0.005000,seek,0.000000,0.000000,0.008000,0.000000,0.000000,0.000000,-0.436903,0.001175,16924
39.338093,685578.621293,0.010000,seek,0.000000,0.000000,0.008000,0.000000,0.000000,0.000000,-0.303048,0.004399,16928
39.343092,685578.626380,0.005000,seek,0.000000,0.000000,0.008000,0.000000,0.000000,0.000000,-0.404744,0.004241,16930
39.348092,685578.631468,0.005000,seek,0.000000,0.000000,0.008000,0.000000,0.000000,0.000000,-0.523757,0.001505,16932
39.353092,685578.636553,0.005000,seek,0.000000,0.000000,0.008000,0.000000,0.000000,0.000000,-0.541668,0.006450,16934
39.358092,685578.641693,0.005000,seek,0.000000,0.000000,0.008000,0.000000,0.000000,0.000000,-0.514832,0.004289,16936
39.363092,685578.646825,0.005000,seek,0.000000,0.000000,0.008000,0.000000,0.000000,0.000000,-0.408106,0.004347,16938
39.368092,685578.651909,0.005000,seek,0.000000,0.000000,0.008000,0.000000,0.000000,0.000000,-0.357765,0.001359,16940
39.373092,685578.657080,0.005000,seek,0.000000,0.000000,0.008000,0.000000,0.000000,0.000000,-0.388230,0.006361,16942
39.378092,685578.662172,0.005000,seek,0.000000,0.000000,0.008000,0.000000,0.000000,0.000000,-0.490763,0.001417,16944
39.383092,685578.667258,0.005000,seek,0.000000,0.000000,0.008000,0.000000,0.000000,0.000000,-0.555562,0.001015,16946
39.388092,685578.672387,0.005000,seek,0.000000,0.000000,0.008000,0.000000,0.000000,0.000000,-0.592736,0.001565,16948
39.393092,685578.677500,0.005000,seek,0.000000,0.000000,0.008000,0.000000,0.000000,0.000000,-0.547324,0.001062,16950
39.398092,685578.682633,0.005000,seek,0.000000,0.000000,0.008000,0.000000,0.000000,0.000000,-0.470914,0.001642,16952
39.403092,685578.687740,0.005000,seek,0.000000,0.000000,0.008000,0.000000,0.000000,0.000000,-0.481955,0.001192,16954
39.408092,685578.692924,0.005000,seek,0.000000,0.000000,0.008000,0.000000,0.000000,0.000000,-0.448897,0.006123,16956
39.413092,685578.698061,0.005000,seek,0.000000,0.000000,0.008000,0.000000,0.000000,0.000000,-0.419097,0.004394,16958
39.418093,685578.703151,0.005000,seek,0.000000,0.000000,0.008000,0.000000,0.000000,0.000000,-0.460820,0.000700,16960
39.423093,685578.708251,0.005001,seek,0.000000,0.000000,0.008000,0.000000,0.000000,0.000000,-0.535369,0.005649,16962
39.428092,685578.713385,0.004999,seek,0.000000,0.000000,0.008000,0.000000,0.000000,0.000000,-0.504868,0.004335,16964
39.433093,685578.718532,0.005000,seek,0.000000,0.000000,0.008000,0.000000,0.000000,0.000000,-0.464537,0.004108,16966
39.438092,685578.723622,0.005000,seek,0.000000,0.000000,0.008000,0.000000,0.000000,0.000000,-0.490511,0.004223,16968
39.443092,685578.728744,0.005000,seek,0.000000,0.000000,0.008000,0.000000,0.000000,0.000000,-0.460769,0.004360,16970
39.448093,685578.733829,0.005001,seek,0.000000,0.000000,0.008000,0.000000,0.000000,0.000000,-0.468462,0.001037,16972
39.453092,685578.738968,0.004999,seek,0.000000,0.000000,0.008000,0.000000,0.000000,0.000000,-0.541597,0.005971,16974
39.458092,685578.744103,0.005000,seek,0.000000,0.000000,0.008000,0.000000,0.000000,0.000000,-0.475474,0.001523,16976
39.463092,685578.749199,0.005000,seek,0.000000,0.000000,0.008000,0.000000,0.000000,0.000000,-0.398390,0.006466,16978
39.468092,685578.754287,0.005000,seek,0.000000,0.000000,0.008000,0.000000,0.000000,0.000000,-0.473902,0.001430,16980
39.473092,685578.759419,0.005000,seek,0.000000,0.000000,0.008000,0.000000,0.000000,0.000000,-0.561424,0.006379,16982
39.478092,685578.764550,0.005000,seek,0.000000,0.000000,0.008000,0.000000,0.000000,0.000000,-0.452810,0.001495,16984
39.483093,685578.769681,0.005001,seek,0.000000,0.000000,0.008000,0.000000,0.000000,0.000000,-0.405591,0.001027,16986
39.488093,685578.774830,0.004999,seek,0.000000,0.000000,0.008000,0.000000,0.000000,0.000000,-0.478705,0.001616,16988
39.493092,685578.779917,0.005000,seek,0.000000,0.000000,0.008000,0.000000,0.000000,0.000000,-0.503105,0.001060,16990
39.498093,685578.785006,0.005001,seek,0.000000,0.000000,0.008000,0.000000,0.000000,0.000000,-0.523672,0.001673,16992
39.503093,685578.790096,0.005000,seek,0.000000,0.000000,0.008000,0.000000,0.000000,0.000000,-0.444993,0.001048,16994
39.508092,685578.795182,0.004999,seek,0.000000,0.000000,0.008000,0.000000,0.000000,0.000000,-0.363346,0.001640,16996
39.513093,685578.800270,0.005000,seek,0.000000,0.000000,0.008000,0.000000,0.000000,0.000000,-0.394274,0.001193,16998
39.518092,685578.805415,0.004999,seek,0.000000,0.000000,0.008000,0.000000,0.000000,0.000000,-0.429217,0.006126,17000
39.523093,685578.810542,0.005001,seek,0.000000,0.000000,0.008000,0.000000,0.000000,0.000000,-0.478204,0.001552,17002
39.528093,685578.815627,0.005000,seek,0.000000,0.000000,0.008000,0.000000,0.000000,0.000000,-0.497741,0.001063,17004
39.533092,685578.820738,0.005000,seek,0.000000,0.000000,0.008000,0.000000,0.000000,0.000000,-0.468724,0.005994,17006
39.538092,685578.825857,0.005000,seek,0.000000,0.000000,0.008000,0.000000,0.000000,0.000000,-0.531354,0.004411,17008
39.543092,685578.831024,0.005000,seek,0.000000,0.000000,0.008000,0.000000,0.000000,0.000000,-0.559624,0.004340,17010
39.548092,685578.836109,0.005000,seek,0.000000,0.000000,0.008000,0.000000,0.000000,0.000000,-0.467891,0.001486,17012
39.553093,685578.841195,0.005001,seek,0.000000,0.000000,0.008000,0.000000,0.000000,0.000000,-0.458173,0.001119,17014
39.563092,685578.846282,0.009999,seek,0.000000,0.000000,0.008000,0.000000,0.000000,0.000000,-0.488616,0.001057,17018
39.568093,685578.851368,0.005000,seek,0.000000,0.000000,0.008000,0.000000,0.000000,0.000000,-0.464603,0.006000,17020
39.573092,685578.856498,0.004999,seek,0.000000,0.000000,0.008000,0.000000,0.000000,0.000000,-0.421006,0.004369,17022
39.578092,685578.861578,0.005000,seek,0.000000,0.000000,0.008000,0.000000,0.000000,0.000000,-0.470939,0.004219,17024
39.583093,685578.866717,0.005001,seek,0.000000,0.000000,0.008000,0.000000,0.000000,0.000000,-0.535308,0.001023,17026
39.588092,685578.871858,0.004999,seek,0.000000,0.000000,0.008000,0.000000,0.000000,0.000000,-0.554574,0.001595,17028
39.593092,685578.876940,0.005000,seek,0.000000,0.000000,0.008000,0.000000,0.000000,0.000000,-0.604922,0.006539,17030
39.598093,685578.882114,0.005000,seek,0.000000,0.000000,0.008000,0.000000,0.000000,0.000000,-0.514166,0.004400,17032
39.603092,685578.887200,0.005000,seek,0.000000,0.000000,0.008000,0.000000,0.000000,0.000000,-0.363868,0.004354,17034
39.608092,685578.892287,0.005000,seek,0.000000,0.000000,0.008000,0.000000,0.000000,0.000000,-0.421268,0.004332,17036
39.613092,685578.897371,0.005000,seek,0.000000,0.000000,0.008000,0.000000,0.000000,0.000000,-0.577388,0.004336,17038
39.618092,685578.902503,0.005000,seek,0.000000,0.000000,0.008000,0.000000,0.000000,0.000000,-0.528370,0.001458,17040
39.623092,685578.907578,0.005000,seek,0.000000,0.000000,0.008000,0.000000,0.000000,0.000000,-0.429270,0.006387,17042
39.628092,685578.912679,0.005000,seek,0.000000,0.000000,0.008000,0.000000,0.000000,0.000000,-0.452983,0.001216,17044
39.633092,685578.917814,0.005000,seek,0.000000,0.000000,0.008000,0.000000,0.000000,0.000000,-0.486362,0.006158,17046
39.638092,685578.922933,0.005000,seek,0.000000,0.000000,0.008000,0.000000,0.000000,0.000000,-0.473577,0.001456,17048
39.643092,685578.928066,0.005000,seek,0.000000,0.000000,0.008000,0.000000,0.000000,0.000000,-0.457159,0.006399,17050
39.648092,685578.933197,0.005000,seek,0.000000,0.000000,0.008000,0.000000,0.000000,0.000000,-0.432484,0.004270,17052
39.653093,685578.938308,0.005000,seek,0.000000,0.000000,0.008000,0.000000,0.000000,0.000000,-0.413190,0.001136,17054
39.658092,685578.943390,0.005000,seek,0.000000,0.000000,0.008000,0.000000,0.000000,0.000000,-0.463612,0.001678,17056
39.663093,685578.948516,0.005000,seek,0.000000,0.000000,0.008000,0.000000,0.000000,0.000000,-0.513490,0.001131,17058
39.668093,685578.953639,0.005000,seek,0.000000,0.000000,0.008000,0.000000,0.000000,0.000000,-0.517416,0.006071,17060
39.673092,685578.958718,0.005000,seek,0.000000,0.000000,0.008000,0.000000,0.000000,0.000000,-0.468554,0.004339,17062
39.678092,685578.963838,0.005000,seek,0.000000,0.000000,0.008000,0.000000,0.000000,0.000000,-0.486389,0.000985,17064
39.683093,685578.968951,0.005001,seek,0.000000,0.000000,0.008000,0.000000,0.000000,0.000000,-0.558643,0.001528,17066
39.688093,685578.974081,0.004999,seek,0.000000,0.000000,0.008000,0.000000,0.000000,0.000000,-0.564330,0.006468,17068
39.693092,685578.979154,0.005000,seek,0.000000,0.000000,0.008000,0.000000,0.000000,0.000000,-0.619567,0.004260,17070
39.698092,685578.984234,0.005000,seek,0.000000,0.000000,0.008000,0.000000,0.000000,0.000000,-0.586253,0.004187,17072
39.703092,685578.989331,0.005000,seek,0.000000,0.000000,0.008000,0.000000,0.000000,0.000000,-0.495722,0.001196,17074
39.708093,685578.994458,0.005000,seek,0.000000,0.000000,0.008000,0.000000,0.000000,0.000000,-0.493138,0.006128,17076
39.713092,685578.999572,0.005000,seek,0.000000,0.000000,0.008000,0.000000,0.000000,0.000000,-0.491585,0.004239,17078
39.718093,685579.004704,0.005000,seek,0.000000,0.000000,0.008000,0.000000,0.000000,0.000000,-0.472490,0.004333,17080
39.723093,685579.009942,0.005000,seek,0.000000,0.000000,0.008000,0.000000,0.000000,0.000000,-0.454008,0.001443,17082
39.728093,685579.015087,0.005000,seek,0.000000,0.000000,0.008000,0.000000,0.000000,0.000000,-0.514729,0.001067,17084
39.733092,685579.020199,0.005000,seek,0.000000,0.000000,0.008000,0.000000,0.000000,0.000000,-0.494570,0.001604,17086
39.738093,685579.025270,0.005001,seek,0.000000,0.000000,0.008000,0.000000,0.000000,0.000000,-0.405721,0.001140,17088
39.743092,685579.030378,0.004999,seek,0.000000,0.000000,0.008000,0.000000,0.000000,0.000000,-0.397935,0.006065,17090
39.748092,685579.035504,0.005000,seek,0.000000,0.000000,0.008000,0.000000,0.000000,0.000000,-0.419356,0.001201,17092
39.753092,685579.040646,0.005000,seek,0.000000,0.000000,0.008000,0.000000,0.000000,0.000000,-0.443076,0.006145,17094
39.758092,685579.045719,0.005000,seek,0.000000,0.000000,0.008000,0.000000,0.000000,0.000000,-0.439349,0.004368,17096
39.763093,685579.050840,0.005000,seek,0.000000,0.000000,0.008000,0.000000,0.000000,0.000000,-0.495766,0.001365,17098
39.768093,685579.055956,0.005000,seek,0.000000,0.000000,0.008000,0.000000,0.000000,0.000000,-0.562510,0.006298,17100
39.773092,685579.061082,0.005000,seek,0.000000,0.000000,0.008000,0.000000,0.000000,0.000000,-0.575183,0.001068,17102
39.778092,685579.066224,0.005000,seek,0.000000,0.000000,0.008000,0.000000,0.000000,0.000000,-0.525096,0.001671,17104
39.783093,685579.071331,0.005000,seek,0.000000,0.000000,0.008000,0.000000,0.000000,0.000000,-0.440597,0.001120,17106
39.793092,685579.076594,0.010000,seek,0.000000,0.000000,0.008000,0.000000,0.000000,0.000000,-0.404560,0.001117,17110
39.798093,685579.081819,0.005001,seek,0.000000,0.000000,0.008000,0.000000,0.000000,0.000000,-0.422039,0.001708,17112
39.803092,685579.086928,0.004999,seek,0.000000,0.000000,0.008000,0.000000,0.000000,0.000000,-0.410290,0.001133,17114
39.808093,685579.092168,0.005000,seek,0.000000,0.000000,0.008000,0.000000,0.000000,0.000000,-0.389602,0.001706,17116
39.813092,685579.097278,0.005000,seek,0.000000,0.000000,0.008000,0.000000,0.000000,0.000000,-0.448201,0.001073,17118
39.818092,685579.102437,0.005000,seek,0.000000,0.000000,0.008000,0.000000,0.000000,0.000000,-0.456676,0.001669,17120
39.823092,685579.107547,0.005000,seek,0.000000,0.000000,0.008000,0.000000,0.000000,0.000000,-0.452448,0.001044,17122
39.828093,685579.112873,0.005000,seek,0.000000,0.000000,0.008000,0.000000,0.000000,0.000000,-0.484037,0.001638,17124
39.833092,685579.118007,0.004999,seek,0.000000,0.000000,0.008000,0.000000,0.000000,0.000000,-0.504983,0.001160,17126
39.838092,685579.123130,0.005000,seek,0.000000,0.000000,0.008000,0.000000,0.000000,0.000000,-0.553786,0.006188,17128
39.843094,685579.128202,0.005002,seek,0.000000,0.000000,0.008000,0.000000,0.000000,0.000000,-0.577226,0.004271,17130
39.848093,685579.133280,0.004999,seek,0.000000,0.000000,0.008000,0.000000,0.000000,0.000000,-0.558241,0.004317,17132
39.853093,685579.138393,0.005000,seek,0.000000,0.000000,0.008000,0.000000,0.000000,0.000000,-0.434198,0.001345,17134
39.858093,685579.143511,0.005000,seek,0.000000,0.000000,0.008000,0.000000,0.000000,0.000000,-0.342317,0.006293,17136
39.863093,685579.148614,0.005000,seek,0.000000,0.000000,0.008000,0.000000,0.000000,0.000000,-0.409058,0.004407,17138
39.868093,685579.153684,0.005000,seek,0.000000,0.000000,0.008000,0.000000,0.000000,0.000000,-0.479909,0.001582,17140
39.873093,685579.158761,0.005000,seek,0.000000,0.000000,0.008000,0.000000,0.000000,0.000000,-0.431415,0.001139,17142
39.878092,685579.163877,0.005000,seek,0.000000,0.000000,0.008000,0.000000,0.000000,0.000000,-0.381903,0.006076,17144
39.883092,685579.168987,0.005000,seek,0.000000,0.000000,0.008000,0.000000,0.000000,0.000000,-0.411877,0.001068,17146
39.888092,685579.174081,0.005000,seek,0.000000,0.000000,0.008000,0.000000,0.000000,0.000000,-0.447096,0.001691,17148
39.893093,685579.179204,0.005001,seek,0.000000,0.000000,0.008000,0.000000,0.000000,0.000000,-0.476394,0.001119,17150
39.898093,685579.184340,0.005000,seek,0.000000,0.000000,0.008000,0.000000,0.000000,0.000000,-0.537831,0.001755,17152
39.903093,685579.189472,0.004999,seek,0.000000,0.000000,0.008000,0.000000,0.000000,0.000000,-0.565239,0.001181,17154
39.908092,685579.194582,0.005000,seek,0.000000,0.000000,0.008000,0.000000,0.000000,0.000000,-0.558374,0.006122,17156
39.913092,685579.199695,0.005000,seek,0.000000,0.000000,0.008000,0.000000,0.000000,0.000000,-0.518897,0.001483,17158
39.918093,685579.204820,0.005001,seek,0.000000,0.000000,0.008000,0.000000,0.000000,0.000000,-0.441101,0.001061,17160
39.923092,685579.209936,0.004999,seek,0.000000,0.000000,0.008000,0.000000,0.000000,0.000000,-0.444141,0.001712,17162
39.928092,685579.215067,0.005000,seek,0.000000,0.000000,0.008000,0.000000,0.000000,0.000000,-0.503689,0.001203,17164
39.933093,685579.220137,0.005000,seek,0.000000,0.000000,0.008000,0.000000,0.000000,0.000000,-0.522768,0.006131,17166
39.938092,685579.225209,0.005000,seek,0.000000,0.000000,0.008000,0.000000,0.000000,0.000000,-0.471607,0.001188,17168
39.943092,685579.230316,0.005000,seek,0.000000,0.000000,0.008000,0.000000,0.000000,0.000000,-0.414918,0.006127,17170
39.948093,685579.235448,0.005000,seek,0.000000,0.000000,0.008000,0.000000,0.000000,0.000000,-0.440348,0.001472,17172
39.953092,685579.240559,0.004999,seek,0.000000,0.000000,0.008000,0.000000,0.000000,0.000000,-0.472239,0.006410,17174
39.958093,685579.245673,0.005000,seek,0.000000,0.000000,0.008000,0.000000,0.000000,0.000000,-0.408015,0.004254,17176
39.963093,685579.250748,0.005000,seek,0.000000,0.000000,0.008000,0.000000,0.000000,0.000000,-0.480107,0.001216,17178
39.968092,685579.255861,0.005000,seek,0.000000,0.000000,0.008000,0.000000,0.000000,0.000000,-0.629662,0.006152,17180
39.973092,685579.260977,0.005000,seek,0.000000,0.000000,0.008000,0.000000,0.000000,0.000000,-0.531167,0.001428,17182
39.978092,685579.266097,0.005000,seek,0.000000,0.000000,0.008000,0.000000,0.000000,0.000000,-0.413149,0.006369,17184
39.983092,685579.271170,0.005000,seek,0.000000,0.000000,0.008000,0.000000,0.000000,0.000000,-0.345469,0.001312,17186
39.993093,685579.276297,0.010000,seek,0.000000,0.000000,0.008000,0.000000,0.000000,0.000000,-0.346389,0.004383,17190
39.993093,685579.281369,0.000001,seek,0.000000,0.000000,0.008000,0.000000,0.000000,0.000000,-0.346389,0.004383,17190
40.003092,685579.286485,0.010000,seek,0.000000,0.000000,0.008000,0.000000,0.000000,0.000000,-0.517511,0.001357,17194
40.008092,685579.291597,0.005000,seek,0.000000,0.000000,0.008000,0.000000,0.000000,0.000000,-0.525151,0.006294,17196
40.013092,685579.296705,0.005000,seek,0.000000,0.000000,0.008000,0.000000,0.000000,0.000000,-0.474877,0.001531,17198
40.018093,685579.301812,0.005001,seek,0.000000,0.000000,0.008000,0.000000,0.000000,0.000000,-0.421941,0.001045,17200
40.023092,685579.306881,0.004999,seek,0.000000,0.000000,0.008000,0.000000,0.000000,0.000000,-0.424071,0.001665,17202
40.028092,685579.311971,0.005000,seek,0.000000,0.000000,0.008000,0.000000,0.000000,0.000000,-0.418262,0.001167,17204
40.033093,685579.317098,0.005001,seek,0.000000,0.000000,0.008000,0.000000,0.000000,0.000000,-0.407427,0.006132,17206
40.038093,685579.322198,0.005000,seek,0.000000,0.000000,0.008000,0.000000,0.000000,0.000000,-0.396042,0.001183,17208
40.043092,685579.327270,0.004999,seek,0.000000,0.000000,0.008000,0.000000,0.000000,0.000000,-0.384613,0.006111,17210
40.048093,685579.332347,0.005001,seek,0.000000,0.000000,0.008000,0.000000,0.000000,0.000000,-0.418187,0.001458,17212
40.053093,685579.337489,0.005000,seek,0.000000,0.000000,0.008000,0.000000,0.000000,0.000000,-0.421901,0.001077,17214
40.058093,685579.342618,0.005000,seek,0.000000,0.000000,0.008000,0.000000,0.000000,0.000000,-0.404407,0.001770,17216
40.063093,685579.347740,0.005000,seek,0.000000,0.000000,0.008000,0.000000,0.000000,0.000000,-0.438346,0.001100,17218
40.068092,685579.352853,0.005000,seek,0.000000,0.000000,0.008000,0.000000,0.000000,0.000000,-0.509913,0.001658,17220
40.073093,685579.357981,0.005000,seek,0.000000,0.000000,0.008000,0.000000,0.000000,0.000000,-0.545134,0.001082,17222
40.078092,685579.363018,0.005000,seek,0.000000,0.000000,0.008000,0.000000,0.000000,0.000000,-0.520571,0.001718,17224
40.083092,685579.368110,0.005000,seek,0.000000,0.000000,0.008000,0.000000,0.000000,0.000000,-0.466376,0.001301,17226
40.088093,685579.373182,0.005000,seek,0.000000,0.000000,0.008000,0.000000,0.000000,0.000000,-0.417578,0.006244,17228
40.093093,685579.378253,0.005000,seek,0.000000,0.000000,0.008000,0.000000,0.000000,0.000000,-0.413738,0.004192,17230
40.098092,685579.383326,0.005000,seek,0.000000,0.000000,0.008000,0.000000,0.000000,0.000000,-0.424838,0.001774,17232
40.098092,685579.388477,0.000001,seek,0.000000,0.000000,0.008000,0.000000,0.000000,0.000000,-0.424838,0.001774,17232
40.104041,685579.393603,0.005949,seek,0.000000,0.000000,0.008000,0.000000,0.000000,0.000000,-0.441914,0.002247,17234
40.109787,685579.398732,0.005746,seek,0.000000,0.000000,0.008000,0.000000,0.000000,0.000000,-0.511570,0.002546,17236
40.119873,685579.403841,0.010086,seek,0.000000,0.000000,0.008000,0.000000,0.000000,0.000000,-0.410873,0.002772,17240
40.124467,685579.408950,0.004594,seek,0.000000,0.000000,0.008000,0.000000,0.000000,0.000000,-0.314527,0.002973,17242
40.128859,685579.414075,0.004392,seek,0.000000,0.000000,0.008000,0.000000,0.000000,0.000000,-0.331713,0.001877,17244
40.133238,685579.419184,0.004380,seek,0.000000,0.000000,0.008000,0.000000,0.000000,0.000000,-0.389068,0.001798,17246
40.138092,685579.424297,0.004854,seek,0.000000,0.000000,0.008000,0.000000,0.000000,0.000000,-0.466652,0.001025,17248
40.143092,685579.429406,0.005000,seek,0.000000,0.000000,0.008000,0.000000,0.000000,0.000000,-0.519349,0.001712,17250
40.148092,685579.434515,0.005000,seek,0.000000,0.000000,0.008000,0.000000,0.000000,0.000000,-0.462609,0.001290,17252
40.153093,685579.439640,0.005000,seek,0.000000,0.000000,0.008000,0.000000,0.000000,0.000000,-0.400853,0.006227,17254
40.158092,685579.444753,0.005000,seek,0.000000,0.000000,0.008000,0.000000,0.000000,0.000000,-0.424384,0.001465,17256
40.163092,685579.449863,0.005000,seek,0.000000,0.000000,0.008000,0.000000,0.000000,0.000000,-0.454628,0.006405,17258
40.168092,685579.454970,0.005000,seek,0.000000,0.000000,0.008000,0.000000,0.000000,0.000000,-0.431982,0.001435,17260
40.173093,685579.460036,0.005000,seek,0.000000,0.000000,0.008000,0.000000,0.000000,0.000000,-0.405173,0.006380,17262
40.178092,685579.465122,0.004999,seek,0.000000,0.000000,0.008000,0.000000,0.000000,0.000000,-0.373024,0.004373,17264
40.183092,685579.470214,0.005000,seek,0.000000,0.000000,0.008000,0.000000,0.000000,0.000000,-0.354072,0.001239,17266
40.188093,685579.475299,0.005000,seek,0.000000,0.000000,0.008000,0.000000,0.000000,0.000000,-0.366197,0.006188,17268
40.193092,685579.480501,0.004999,seek,0.000000,0.000000,0.008000,0.000000,0.000000,0.000000,-0.455774,0.001388,17270
40.198092,685579.485723,0.005000,seek,0.000000,0.000000,0.008000,0.000000,0.000000,0.000000,-0.551446,0.006332,17272
40.203093,685579.490933,0.005001,seek,0.000000,0.000000,0.008000,0.000000,0.000000,0.000000,-0.466021,0.001421,17274
40.208093,685579.496141,0.005000,seek,0.000000,0.000000,0.008000,0.000000,0.000000,0.000000,-0.366343,0.006354,17276
40.218093,685579.501252,0.010000,seek,0.000000,0.000000,0.008000,0.000000,0.000000,0.000000,-0.462844,0.006328,17280
40.218093,685579.506361,0.000001,seek,0.000000,0.000000,0.008000,0.000000,0.000000,0.000000,-0.462844,0.006328,17280
40.228092,685579.511581,0.010000,seek,0.000000,0.000000,0.008000,0.000000,0.000000,0.000000,-0.387053,0.001381,17284
40.233092,685579.516806,0.005000,seek,0.000000,0.000000,0.008000,0.000000,0.000000,0.000000,-0.361104,0.006321,17286
40.238092,685579.522069,0.005000,seek,0.000000,0.000000,0.008000,0.000000,0.000000,0.000000,-0.375305,0.001529,17288
40.243092,685579.527295,0.005000,seek,0.000000,0.000000,0.008000,0.000000,0.000000,0.000000,-0.452544,0.001162,17290
40.248093,685579.532444,0.005001,seek,0.000000,0.000000,0.008000,0.000000,0.000000,0.000000,-0.518500,0.006109,17292
40.253093,685579.537654,0.005000,seek,0.000000,0.000000,0.008000,0.000000,0.000000,0.000000,-0.508747,0.001487,17294
40.258093,685579.542862,0.005000,seek,0.000000,0.000000,0.008000,0.000000,0.000000,0.000000,-0.493036,0.006429,17296
40.263092,685579.548065,0.005000,seek,0.000000,0.000000,0.008000,0.000000,0.000000,0.000000,-0.485684,0.001005,17298
40.268093,685579.553173,0.005000,seek,0.000000,0.000000,0.008000,0.000000,0.000000,0.000000,-0.478990,0.005948,17300
40.273092,685579.558282,0.005000,seek,0.000000,0.000000,0.008000,0.000000,0.000000,0.000000,-0.380546,0.001484,17302
40.278092,685579.563391,0.005000,seek,0.000000,0.000000,0.008000,0.000000,0.000000,0.000000,-0.274882,0.006423,17304
40.283092,685579.568541,0.005000,seek,0.000000,0.000000,0.008000,0.000000,0.000000,0.000000,-0.341671,0.001500,17306
40.288092,685579.573810,0.005000,seek,0.000000,0.000000,0.008000,0.000000,0.000000,0.000000,-0.422033,0.006443,17308
40.293092,685579.579041,0.005000,seek,0.000000,0.000000,0.008000,0.000000,0.000000,0.000000,-0.512225,0.001329,17310
40.298093,685579.584187,0.005001,seek,0.000000,0.000000,0.008000,0.000000,0.000000,0.000000,-0.603190,0.006267,17312
40.303092,685579.589296,0.004999,seek,0.000000,0.000000,0.008000,0.000000,0.000000,0.000000,-0.520814,0.001498,17314
40.308092,685579.594405,0.005000,seek,0.000000,0.000000,0.008000,0.000000,0.000000,0.000000,-0.429253,0.001063,17316
40.313092,685579.599630,0.005000,seek,0.000000,0.000000,0.008000,0.000000,0.000000,0.000000,-0.426506,0.006012,17318
40.318093,685579.604850,0.005000,seek,0.000000,0.000000,0.008000,0.000000,0.000000,0.000000,-0.422272,0.001069,17320
40.323092,685579.610100,0.004999,seek,0.000000,0.000000,0.008000,0.000000,0.000000,0.000000,-0.417921,0.005998,17322
40.328092,685579.615208,0.005000,seek,0.000000,0.000000,0.008000,0.000000,0.000000,0.000000,-0.500829,0.004389,17324
40.333092,685579.620515,0.005000,seek,0.000000,0.000000,0.008000,0.000000,0.000000,0.000000,-0.464373,0.004355,17326
40.338093,685579.625740,0.005000,seek,0.000000,0.000000,0.008000,0.000000,0.000000,0.000000,-0.346330,0.001444,17328
40.343092,685579.630956,0.005000,seek,0.000000,0.000000,0.008000,0.000000,0.000000,0.000000,-0.348097,0.006381,17330
40.348093,685579.636203,0.005000,seek,0.000000,0.000000,0.008000,0.000000,0.000000,0.000000,-0.371019,0.001456,17332
40.358093,685579.641312,0.010000,seek,0.000000,0.000000,0.008000,0.000000,0.000000,0.000000,-0.513381,0.005942,17336
40.363092,685579.646446,0.005000,seek,0.000000,0.000000,0.008000,0.000000,0.000000,0.000000,-0.505874,0.004235,17338
40.368092,685579.651595,0.005000,seek,0.000000,0.000000,0.008000,0.000000,0.000000,0.000000,-0.432634,0.001419,17340
40.373092,685579.656800,0.005000,seek,0.000000,0.000000,0.008000,0.000000,0.000000,0.000000,-0.366611,0.006357,17342
40.378092,685579.662013,0.005000,seek,0.000000,0.000000,0.008000,0.000000,0.000000,0.000000,-0.361415,0.004435,17344
40.383092,685579.667135,0.005000,seek,0.000000,0.000000,0.008000,0.000000,0.000000,0.000000,-0.395328,0.001466,17346
40.388092,685579.672243,0.005000,seek,0.000000,0.000000,0.008000,0.000000,0.000000,0.000000,-0.432319,0.006398,17348
40.393092,685579.677444,0.005000,seek,0.000000,0.000000,0.008000,0.000000,0.000000,0.000000,-0.517078,0.004448,17350
40.398093,685579.682623,0.005000,seek,0.000000,0.000000,0.008000,0.000000,0.000000,0.000000,-0.569440,0.004395,17352
40.403093,685579.687839,0.005000,seek,0.000000,0.000000,0.008000,0.000000,0.000000,0.000000,-0.514023,0.004296,17354
40.408092,685579.693051,0.004999,seek,0.000000,0.000000,0.008000,0.000000,0.000000,0.000000,-0.473066,0.004330,17356
40.413092,685579.698276,0.005000,seek,0.000000,0.000000,0.008000,0.000000,0.000000,0.000000,-0.477339,0.004342,17358
40.418093,685579.703475,0.005000,seek,0.000000,0.000000,0.008000,0.000000,0.000000,0.000000,-0.423358,0.004334,17360
40.423093,685579.708701,0.005000,seek,0.000000,0.000000,0.008000,0.000000,0.000000,0.000000,-0.366446,0.004391,17362
40.428092,685579.713923,0.005000,seek,0.000000,0.000000,0.008000,0.000000,0.000000,0.000000,-0.367166,0.001070,17364
40.433092,685579.719221,0.005000,seek,0.000000,0.000000,0.008000,0.000000,0.000000,0.000000,-0.350054,0.006006,17366
40.438093,685579.724438,0.005000,seek,0.000000,0.000000,0.008000,0.000000,0.000000,0.000000,-0.365289,0.004458,17368
40.443092,685579.729597,0.004999,seek,0.000000,0.000000,0.008000,0.000000,0.000000,0.000000,-0.388377,0.001371,17370
40.448095,685579.734830,0.005003,seek,0.000000,0.000000,0.008000,0.000000,0.000000,0.000000,-0.438477,0.001013,17372
40.453092,685579.739938,0.004997,seek,0.000000,0.000000,0.008000,0.000000,0.000000,0.000000,-0.578538,0.001587,17374
40.458093,685579.745137,0.005001,seek,0.000000,0.000000,0.008000,0.000000,0.000000,0.000000,-0.651935,0.001143,17376
40.463093,685579.750246,0.005000,seek,0.000000,0.000000,0.008000,0.000000,0.000000,0.000000,-0.626942,0.006089,17378
40.468092,685579.755354,0.005000,seek,0.000000,0.000000,0.008000,0.000000,0.000000,0.000000,-0.532154,0.004398,17380
40.473092,685579.760565,0.005000,seek,0.000000,0.000000,0.008000,0.000000,0.000000,0.000000,-0.419037,0.001441,17382
40.478093,685579.765793,0.005000,seek,0.000000,0.000000,0.008000,0.000000,0.000000,0.000000,-0.397300,0.006373,17384
40.483092,685579.771042,0.005000,seek,0.000000,0.000000,0.008000,0.000000,0.000000,0.000000,-0.372003,0.004325,17386
40.488094,685579.776228,0.005001,seek,0.000000,0.000000,0.008000,0.000000,0.000000,0.000000,-0.327740,0.004335,17388
40.498093,685579.781511,0.009999,seek,0.000000,0.000000,0.008000,0.000000,0.000000,0.000000,-0.574926,0.004387,17392
40.503092,685579.786759,0.005000,seek,0.000000,0.000000,0.008000,0.000000,0.000000,0.000000,-0.489208,0.001197,17394
40.508093,685579.791959,0.005000,seek,0.000000,0.000000,0.008000,0.000000,0.000000,0.000000,-0.350809,0.001633,17396
40.513093,685579.797048,0.005000,seek,0.000000,0.000000,0.008000,0.000000,0.000000,0.000000,-0.442736,0.001018,17398
40.518093,685579.802294,0.005000,seek,0.000000,0.000000,0.008000,0.000000,0.000000,0.000000,-0.530293,0.001576,17400
40.523092,685579.807405,0.004999,seek,0.000000,0.000000,0.008000,0.000000,0.000000,0.000000,-0.542024,0.006508,17402
40.528092,685579.812563,0.005000,seek,0.000000,0.000000,0.008000,0.000000,0.000000,0.000000,-0.542947,0.004326,17404
40.533093,685579.817797,0.005000,seek,0.000000,0.000000,0.008000,0.000000,0.000000,0.000000,-0.512553,0.001298,17406
40.538092,685579.823014,0.005000,seek,0.000000,0.000000,0.008000,0.000000,0.000000,0.000000,-0.479694,0.006236,17408
40.543092,685579.828228,0.005000,seek,0.000000,0.000000,0.008000,0.000000,0.000000,0.000000,-0.473062,0.001483,17410
40.548093,685579.833338,0.005001,seek,0.000000,0.000000,0.008000,0.000000,0.000000,0.000000,-0.468494,0.006431,17412
40.553092,685579.838484,0.005000,seek,0.000000,0.000000,0.008000,0.000000,0.000000,0.000000,-0.480312,0.001458,17414
40.558093,685579.843590,0.005000,seek,0.000000,0.000000,0.008000,0.000000,0.000000,0.000000,-0.468830,0.000979,17416
40.563092,685579.848816,0.004999,seek,0.000000,0.000000,0.008000,0.000000,0.000000,0.000000,-0.415789,0.001607,17418
40.568093,685579.854036,0.005000,seek,0.000000,0.000000,0.008000,0.000000,0.000000,0.000000,-0.347339,0.001122,17420
40.573093,685579.859153,0.005000,seek,0.000000,0.000000,0.008000,0.000000,0.000000,0.000000,-0.305225,0.006064,17422
40.578092,685579.864261,0.005000,seek,0.000000,0.000000,0.008000,0.000000,0.000000,0.000000,-0.423237,0.001419,17424
40.583092,685579.869482,0.005000,seek,0.000000,0.000000,0.008000,0.000000,0.000000,0.000000,-0.553850,0.006356,17426
40.588092,685579.874629,0.005000,seek,0.000000,0.000000,0.008000,0.000000,0.000000,0.000000,-0.506708,0.001377,17428
40.593092,685579.879833,0.005000,seek,0.000000,0.000000,0.008000,0.000000,0.000000,0.000000,-0.445577,0.006316,17430
40.598093,685579.885057,0.005001,seek,0.000000,0.000000,0.008000,0.000000,0.000000,0.000000,-0.457173,0.001060,17432
40.603092,685579.890165,0.005000,seek,0.000000,0.000000,0.008000,0.000000,0.000000,0.000000,-0.474494,0.006002,17434
40.608093,685579.895275,0.005001,seek,0.000000,0.000000,0.008000,0.000000,0.000000,0.000000,-0.428151,0.001474,17436
40.613092,685579.900456,0.004999,seek,0.000000,0.000000,0.008000,0.000000,0.000000,0.000000,-0.376798,0.006410,17438
40.618093,685579.905605,0.005000,seek,0.000000,0.000000,0.008000,0.000000,0.000000,0.000000,-0.418087,0.001379,17440
40.623092,685579.910830,0.005000,seek,0.000000,0.000000,0.008000,0.000000,0.000000,0.000000,-0.446625,0.000957,17442
40.628092,685579.916062,0.005000,seek,0.000000,0.000000,0.008000,0.000000,0.000000,0.000000,-0.404733,0.001597,17444
40.633092,685579.921216,0.005000,seek,0.000000,0.000000,0.008000,0.000000,0.000000,0.000000,-0.388866,0.001133,17446
40.638092,685579.926325,0.004999,seek,0.000000,0.000000,0.008000,0.000000,0.000000,0.000000,-0.399145,0.006070,17448
40.648092,685579.931480,0.010000,seek,0.000000,0.000000,0.008000,0.000000,0.000000,0.000000,-0.460245,0.001451,17452
40.653092,685579.936630,0.005000,seek,0.000000,0.000000,0.008000,0.000000,0.000000,0.000000,-0.518258,0.001039,17454
40.658093,685579.941865,0.005000,seek,0.000000,0.000000,0.008000,0.000000,0.000000,0.000000,-0.495045,0.005994,17456
40.663092,685579.947286,0.004999,seek,0.000000,0.000000,0.008000,0.000000,0.000000,0.000000,-0.514511,0.001472,17458
40.668092,685579.952416,0.005000,seek,0.000000,0.000000,0.008000,0.000000,0.000000,0.000000,-0.504447,0.001049,17460
40.673092,685579.957547,0.005000,seek,0.000000,0.000000,0.008000,0.000000,0.000000,0.000000,-0.470766,0.005988,17462
40.678092,685579.962661,0.005000,seek,0.000000,0.000000,0.008000,0.000000,0.000000,0.000000,-0.479948,0.001470,17464
40.683092,685579.967784,0.005000,seek,0.000000,0.000000,0.008000,0.000000,0.000000,0.000000,-0.492504,0.001050,17466
40.688093,685579.973033,0.005000,seek,0.000000,0.000000,0.008000,0.000000,0.000000,0.000000,-0.499338,0.001631,17468
40.693093,685579.978176,0.005000,seek,0.000000,0.000000,0.008000,0.000000,0.000000,0.000000,-0.508434,0.001073,17470
40.698093,685579.983282,0.005000,seek,0.000000,0.000000,0.008000,0.000000,0.000000,0.000000,-0.511861,0.006022,17472
40.703092,685579.988389,0.005000,seek,0.000000,0.000000,0.008000,0.000000,0.000000,0.000000,-0.508243,0.001013,17474
40.708094,685579.993530,0.005001,seek,0.000000,0.000000,0.008000,0.000000,0.000000,0.000000,-0.475853,0.001638,17476
40.713092,685579.998668,0.004999,seek,0.000000,0.000000,0.008000,0.000000,0.000000,0.000000,-0.431476,0.001094,17478
40.718092,685580.003856,0.005000,seek,0.000000,0.000000,0.008000,0.000000,0.000000,0.000000,-0.414374,0.006068,17480
40.723093,685580.008998,0.005001,seek,0.000000,0.000000,0.008000,0.000000,0.000000,0.000000,-0.357365,0.001063,17482
40.728092,685580.014088,0.004999,seek,0.000000,0.000000,0.008000,0.000000,0.000000,0.000000,-0.297216,0.005988,17484
40.733092,685580.019167,0.005000,seek,0.000000,0.000000,0.008000,0.000000,0.000000,0.000000,-0.344046,0.000990,17486
40.738092,685580.024243,0.005000,seek,0.000000,0.000000,0.008000,0.000000,0.000000,0.000000,-0.484961,0.001430,17488
40.743092,685580.029343,0.005000,seek,0.000000,0.000000,0.008000,0.000000,0.000000,0.000000,-0.581715,0.006376,17490
40.748093,685580.034449,0.005000,seek,0.000000,0.000000,0.008000,0.000000,0.000000,0.000000,-0.583871,0.004182,17492
40.753092,685580.039706,0.005000,seek,0.000000,0.000000,0.008000,0.000000,0.000000,0.000000,-0.499801,0.001370,17494
40.758093,685580.044909,0.005000,seek,0.000000,0.000000,0.008000,0.000000,0.000000,0.000000,-0.414405,0.006303,17496
40.763093,685580.050123,0.005000,seek,0.000000,0.000000,0.008000,0.000000,0.000000,0.000000,-0.410847,0.004386,17498
40.768093,685580.055330,0.005000,seek,0.000000,0.000000,0.008000,0.000000,0.000000,0.000000,-0.372019,0.004395,17500
40.773092,685580.060478,0.005000,seek,0.000000,0.000000,0.008000,0.000000,0.000000,0.000000,-0.354554,0.001014,17502
40.778092,685580.065620,0.005000,seek,0.000000,0.000000,0.008000,0.000000,0.000000,0.000000,-0.466636,0.001542,17504
40.783093,685580.070708,0.005000,seek,0.000000,0.000000,0.008000,0.000000,0.000000,0.000000,-0.562809,0.001008,17506
40.788092,685580.075835,0.004999,seek,0.000000,0.000000,0.008000,0.000000,0.000000,0.000000,-0.531019,0.001564,17508
40.793093,685580.080965,0.005001,seek,0.000000,0.000000,0.008000,0.000000,0.000000,0.000000,-0.487960,0.006494,17510
40.798094,685580.086128,0.005001,seek,0.000000,0.000000,0.008000,0.000000,0.000000,0.000000,-0.488607,0.004397,17512
40.803092,685580.091277,0.004999,seek,0.000000,0.000000,0.008000,0.000000,0.000000,0.000000,-0.502442,0.001350,17514
40.808092,685580.096434,0.005000,seek,0.000000,0.000000,0.008000,0.000000,0.000000,0.000000,-0.513279,0.006290,17516
40.818092,685580.101551,0.010000,seek,0.000000,0.000000,0.008000,0.000000,0.000000,0.000000,-0.559196,0.001335,17520
40.823092,685580.106633,0.005000,seek,0.000000,0.000000,0.008000,0.000000,0.000000,0.000000,-0.487790,0.006278,17522
40.828093,685580.111717,0.005000,seek,0.000000,0.000000,0.008000,0.000000,0.000000,0.000000,-0.432943,0.001055,17524
40.833092,685580.116871,0.004999,seek,0.000000,0.000000,0.008000,0.000000,0.000000,0.000000,-0.411959,0.001624,17526
40.838093,685580.121956,0.005001,seek,0.000000,0.000000,0.008000,0.000000,0.000000,0.000000,-0.442866,0.001057,17528
40.843093,685580.127084,0.005000,seek,0.000000,0.000000,0.008000,0.000000,0.000000,0.000000,-0.425182,0.001618,17530
40.848093,685580.132168,0.005000,seek,0.000000,0.000000,0.008000,0.000000,0.000000,0.000000,-0.403675,0.006552,17532
40.853093,685580.137290,0.005000,seek,0.000000,0.000000,0.008000,0.000000,0.000000,0.000000,-0.398838,0.001066,17534
40.858092,685580.142370,0.004999,seek,0.000000,0.000000,0.008000,0.000000,0.000000,0.000000,-0.448917,0.001633,17536
40.863092,685580.147450,0.005000,seek,0.000000,0.000000,0.008000,0.000000,0.000000,0.000000,-0.426529,0.001166,17538
40.868092,685580.152531,0.005000,seek,0.000000,0.000000,0.008000,0.000000,0.000000,0.000000,-0.344833,0.006088,17540
40.873092,685580.157698,0.005000,seek,0.000000,0.000000,0.008000,0.000000,0.000000,0.000000,-0.386833,0.004656,17542
40.878093,685580.162844,0.005001,seek,0.000000,0.000000,0.008000,0.000000,0.000000,0.000000,-0.446227,0.001377,17544
40.883093,685580.167967,0.005001,seek,0.000000,0.000000,0.008000,0.000000,0.000000,0.000000,-0.506166,0.001008,17546
40.888092,685580.173040,0.004999,seek,0.000000,0.000000,0.008000,0.000000,0.000000,0.000000,-0.483819,0.001589,17548
40.893093,685580.178125,0.005000,seek,0.000000,0.000000,0.008000,0.000000,0.000000,0.000000,-0.464917,0.001091,17550
40.898093,685580.183247,0.005000,seek,0.000000,0.000000,0.008000,0.000000,0.000000,0.000000,-0.548399,0.001574,17552
40.903093,685580.188327,0.005000,seek,0.000000,0.000000,0.008000,0.000000,0.000000,0.000000,-0.521442,0.001070,17554
40.908093,685580.193480,0.005000,seek,0.000000,0.000000,0.008000,0.000000,0.000000,0.000000,-0.427537,0.001608,17556
40.913092,685580.198584,0.005000,seek,0.000000,0.000000,0.008000,0.000000,0.000000,0.000000,-0.389334,0.006534,17558
40.918093,685580.203749,0.005000,seek,0.000000,0.000000,0.008000,0.000000,0.000000,0.000000,-0.342427,0.001264,17560
40.923093,685580.208885,0.005000,seek,0.000000,0.000000,0.008000,0.000000,0.000000,0.000000,-0.294834,0.006200,17562
40.928092,685580.214009,0.005000,seek,0.000000,0.000000,0.008000,0.000000,0.000000,0.000000,-0.244980,0.004217,17564
40.933093,685580.219117,0.005000,seek,0.000000,0.000000,0.008000,0.000000,0.000000,0.000000,-0.358535,0.004191,17566
40.938092,685580.224210,0.004999,seek,0.000000,0.000000,0.008000,0.000000,0.000000,0.000000,-0.554076,0.004344,17568
40.943092,685580.229300,0.005001,seek,0.000000,0.000000,0.008000,0.000000,0.000000,0.000000,-0.507346,0.001396,17570
40.948093,685580.234452,0.005000,seek,0.000000,0.000000,0.008000,0.000000,0.000000,0.000000,-0.418533,0.006337,17572
40.953092,685580.239597,0.005000,seek,0.000000,0.000000,0.008000,0.000000,0.000000,0.000000,-0.433715,0.001505,17574
40.958093,685580.244724,0.005000,seek,0.000000,0.000000,0.008000,0.000000,0.000000,0.000000,-0.457082,0.006447,17576
40.963092,685580.249891,0.005000,seek,0.000000,0.000000,0.008000,0.000000,0.000000,0.000000,-0.486466,0.001520,17578
40.968092,685580.255018,0.005000,seek,0.000000,0.000000,0.008000,0.000000,0.000000,0.000000,-0.500856,0.001075,17580
40.973094,685580.260108,0.005001,seek,0.000000,0.000000,0.008000,0.000000,0.000000,0.000000,-0.486522,0.006016,17582
40.978093,685580.265194,0.004999,seek,0.000000,0.000000,0.008000,0.000000,0.000000,0.000000,-0.485394,0.004441,17584
40.983093,685580.270277,0.005000,seek,0.000000,0.000000,0.008000,0.000000,0.000000,0.000000,-0.505676,0.004284,17586
40.988092,685580.275398,0.005000,seek,0.000000,0.000000,0.008000,0.000000,0.000000,0.000000,-0.527642,0.004360,17588
40.993092,685580.280530,0.005000,seek,0.000000,0.000000,0.008000,0.000000,0.000000,0.000000,-0.445820,0.004298,17590
40.998093,685580.285655,0.005000,seek,0.000000,0.000000,0.008000,0.000000,0.000000,0.000000,-0.412121,0.001485,17592
41.003092,685580.290748,0.005000,seek,0.000000,0.000000,0.008000,0.000000,0.000000,0.000000,-0.398567,0.001061,17594
41.008093,685580.295880,0.005000,seek,0.000000,0.000000,0.008000,0.000000,0.000000,0.000000,-0.330308,0.006001,17596
41.013093,685580.301037,0.005000,seek,0.000000,0.000000,0.008000,0.000000,0.000000,0.000000,-0.433427,0.001099,17598
41.018092,685580.306215,0.005000,seek,0.000000,0.000000,0.008000,0.000000,0.000000,0.000000,-0.550034,0.006031,17600
41.028093,685580.311321,0.010000,seek,0.000000,0.000000,0.008000,0.000000,0.000000,0.000000,-0.570065,0.006421,17604
41.033092,685580.316428,0.004999,seek,0.000000,0.000000,0.008000,0.000000,0.000000,0.000000,-0.529119,0.001461,17606
41.038092,685580.321577,0.005000,seek,0.000000,0.000000,0.008000,0.000000,0.000000,0.000000,-0.484479,0.006405,17608
41.043092,685580.326679,0.005000,seek,0.000000,0.000000,0.008000,0.000000,0.000000,0.000000,-0.452626,0.004377,17610
41.048092,685580.331847,0.005000,seek,0.000000,0.000000,0.008000,0.000000,0.000000,0.000000,-0.435875,0.004314,17612
41.053092,685580.337054,0.005000,seek,0.000000,0.000000,0.008000,0.000000,0.000000,0.000000,-0.462735,0.001369,17614
41.058093,685580.342326,0.005001,seek,0.000000,0.000000,0.008000,0.000000,0.000000,0.000000,-0.478930,0.006317,17616
41.063092,685580.347451,0.005000,seek,0.000000,0.000000,0.008000,0.000000,0.000000,0.000000,-0.447332,0.004359,17618
41.068092,685580.352583,0.005000,seek,0.000000,0.000000,0.008000,0.000000,0.000000,0.000000,-0.441703,0.001546,17620
41.073092,685580.357722,0.005000,seek,0.000000,0.000000,0.008000,0.000000,0.000000,0.000000,-0.441370,0.001152,17622
41.078092,685580.362840,0.005000,seek,0.000000,0.000000,0.008000,0.000000,0.000000,0.000000,-0.411722,0.006093,17624
41.083094,685580.367986,0.005001,seek,0.000000,0.000000,0.008000,0.000000,0.000000,0.000000,-0.449771,0.001437,17626
41.088093,685580.373035,0.004999,seek,0.000000,0.000000,0.008000,0.000000,0.000000,0.000000,-0.571268,0.000968,17628
41.093092,685580.378144,0.004999,seek,0.000000,0.000000,0.008000,0.000000,0.000000,0.000000,-0.594751,0.001506,17630
41.098093,685580.383248,0.005001,seek,0.000000,0.000000,0.008000,0.000000,0.000000,0.000000,-0.438505,0.000942,17632
41.103093,685580.388403,0.005000,seek,0.000000,0.000000,0.008000,0.000000,0.000000,0.000000,-0.434913,0.001470,17634
41.108092,685580.393552,0.005000,seek,0.000000,0.000000,0.008000,0.000000,0.000000,0.000000,-0.540349,0.001004,17636
41.113094,685580.398682,0.005002,seek,0.000000,0.000000,0.008000,0.000000,0.000000,0.000000,-0.551768,0.005967,17638
41.118092,685580.403784,0.004998,seek,0.000000,0.000000,0.008000,0.000000,0.000000,0.000000,-0.515350,0.000959,17640
41.123093,685580.408942,0.005000,seek,0.000000,0.000000,0.008000,0.000000,0.000000,0.000000,-0.475167,0.005908,17642
41.128093,685580.414106,0.005000,seek,0.000000,0.000000,0.008000,0.000000,0.000000,0.000000,-0.483387,0.001414,17644
41.133093,685580.419197,0.005000,seek,0.000000,0.000000,0.008000,0.000000,0.000000,0.000000,-0.588505,0.000993,17646
41.138093,685580.424282,0.005001,seek,0.000000,0.000000,0.008000,0.000000,0.000000,0.000000,-0.544124,0.001588,17648
41.143092,685580.429415,0.004999,seek,0.000000,0.000000,0.008000,0.000000,0.000000,0.000000,-0.367988,0.001108,17650
41.148092,685580.434533,0.005000,seek,0.000000,0.000000,0.008000,0.000000,0.000000,0.000000,-0.327226,0.006134,17652
41.153092,685580.439659,0.005000,seek,0.000000,0.000000,0.008000,0.000000,0.000000,0.000000,-0.352520,0.004082,17654
41.158093,685580.444788,0.005001,seek,0.000000,0.000000,0.008000,0.000000,0.000000,0.000000,-0.423476,0.001211,17656
41.163093,685580.449909,0.004999,seek,0.000000,0.000000,0.008000,0.000000,0.000000,0.000000,-0.469522,0.006147,17658
41.168093,685580.455047,0.005000,seek,0.000000,0.000000,0.008000,0.000000,0.000000,0.000000,-0.485734,0.001428,17660
41.173092,685580.460135,0.004999,seek,0.000000,0.000000,0.008000,0.000000,0.000000,0.000000,-0.499597,0.006358,17662
41.178092,685580.465216,0.005000,seek,0.000000,0.000000,0.008000,0.000000,0.000000,0.000000,-0.498758,0.001423,17664
41.183093,685580.470299,0.005000,seek,0.000000,0.000000,0.008000,0.000000,0.000000,0.000000,-0.489482,0.000951,17666
41.188092,685580.475414,0.004999,seek,0.000000,0.000000,0.008000,0.000000,0.000000,0.000000,-0.496686,0.001557,17668
41.193093,685580.480586,0.005001,seek,0.000000,0.000000,0.008000,0.000000,0.000000,0.000000,-0.452180,0.001116,17670
41.198092,685580.485817,0.004999,seek,0.000000,0.000000,0.008000,0.000000,0.000000,0.000000,-0.388390,0.006057,17672
41.203092,685580.491181,0.005000,seek,0.000000,0.000000,0.008000,0.000000,0.000000,0.000000,-0.468516,0.001446,17674
41.208093,685580.496290,0.005000,seek,0.000000,0.000000,0.008000,0.000000,0.000000,0.000000,-0.559969,0.006399,17676
41.213093,685580.501404,0.005000,seek,0.000000,0.000000,0.008000,0.000000,0.000000,0.000000,-0.521808,0.001349,17678
41.223093,685580.506545,0.010000,seek,0.000000,0.000000,0.008000,0.000000,0.000000,0.000000,-0.450667,0.001303,17682
41.228092,685580.511807,0.005000,seek,0.000000,0.000000,0.008000,0.000000,0.000000,0.000000,-0.497962,0.006233,17684
41.233092,685580.517029,0.005000,seek,0.000000,0.000000,0.008000,0.000000,0.000000,0.000000,-0.450180,0.001450,17686
41.238093,685580.522264,0.005000,seek,0.000000,0.000000,0.008000,0.000000,0.000000,0.000000,-0.394915,0.006385,17688
41.243092,685580.527373,0.005000,seek,0.000000,0.000000,0.008000,0.000000,0.000000,0.000000,-0.414667,0.001380,17690
41.248092,685580.532526,0.005000,seek,0.000000,0.000000,0.008000,0.000000,0.000000,0.000000,-0.440322,0.006324,17692
41.253092,685580.537676,0.005000,seek,0.000000,0.000000,0.008000,0.000000,0.000000,0.000000,-0.442340,0.004284,17694
41.258093,685580.543033,0.005000,seek,0.000000,0.000000,0.008000,0.000000,0.000000,0.000000,-0.473703,0.001414,17696
41.263092,685580.548154,0.004999,seek,0.000000,0.000000,0.008000,0.000000,0.000000,0.000000,-0.488112,0.001009,17698
41.268093,685580.553261,0.005001,seek,0.000000,0.000000,0.008000,0.000000,0.000000,0.000000,-0.469982,0.005965,17700
41.273093,685580.558403,0.005000,seek,0.000000,0.000000,0.008000,0.000000,0.000000,0.000000,-0.542974,0.001374,17702
41.278093,685580.563545,0.005000,seek,0.000000,0.000000,0.008000,0.000000,0.000000,0.000000,-0.623137,0.006327,17704
41.283093,685580.568653,0.005000,seek,0.000000,0.000000,0.008000,0.000000,0.000000,0.000000,-0.579173,0.004180,17706
41.288092,685580.573797,0.005000,seek,0.000000,0.000000,0.008000,0.000000,0.000000,0.000000,-0.467946,0.000993,17708
41.293093,685580.578903,0.005001,seek,0.000000,0.000000,0.008000,0.000000,0.000000,0.000000,-0.401698,0.005948,17710
41.298093,685580.584098,0.005000,seek,0.000000,0.000000,0.008000,0.000000,0.000000,0.000000,-0.388892,0.001495,17712
41.303093,685580.589205,0.005000,seek,0.000000,0.000000,0.008000,0.000000,0.000000,0.000000,-0.395014,0.001074,17714
41.308093,685580.594312,0.005000,seek,0.000000,0.000000,0.008000,0.000000,0.000000,0.000000,-0.410219,0.006026,17716
41.313093,685580.599465,0.004999,seek,0.000000,0.000000,0.008000,0.000000,0.000000,0.000000,-0.436611,0.001430,17718
41.318093,685580.604662,0.005000,seek,0.000000,0.000000,0.008000,0.000000,0.000000,0.000000,-0.463892,0.001009,17720
41.323093,685580.609744,0.005000,seek,0.000000,0.000000,0.008000,0.000000,0.000000,0.000000,-0.472423,0.001638,17722
41.328093,685580.614867,0.005000,seek,0.000000,0.000000,0.008000,0.000000,0.000000,0.000000,-0.455636,0.001038,17724
41.333093,685580.619986,0.005000,seek,0.000000,0.000000,0.008000,0.000000,0.000000,0.000000,-0.461172,0.001664,17726
41.338093,685580.625100,0.005000,seek,0.000000,0.000000,0.008000,0.000000,0.000000,0.000000,-0.418789,0.001061,17728
41.343093,685580.630181,0.005000,seek,0.000000,0.000000,0.008000,0.000000,0.000000,0.000000,-0.368394,0.001564,17730
41.348093,685580.635264,0.005000,seek,0.000000,0.000000,0.008000,0.000000,0.000000,0.000000,-0.382395,0.001097,17732
41.353093,685580.640391,0.005000,seek,0.000000,0.000000,0.008000,0.000000,0.000000,0.000000,-0.375013,0.006037,17734
41.358093,685580.645523,0.005000,seek,0.000000,0.000000,0.008000,0.000000,0.000000,0.000000,-0.430076,0.001508,17736
41.363092,685580.650642,0.004999,seek,0.000000,0.000000,0.008000,0.000000,0.000000,0.000000,-0.490054,0.006435,17738
41.368093,685580.655779,0.005000,seek,0.000000,0.000000,0.008000,0.000000,0.000000,0.000000,-0.559866,0.001508,17740
41.373092,685580.660897,0.005000,seek,0.000000,0.000000,0.008000,0.000000,0.000000,0.000000,-0.555825,0.000951,17742
41.378093,685580.665986,0.005000,seek,0.000000,0.000000,0.008000,0.000000,0.000000,0.000000,-0.477569,0.001571,17744
41.383093,685580.671022,0.005000,seek,0.000000,0.000000,0.008000,0.000000,0.000000,0.000000,-0.475088,0.001097,17746
41.388093,685580.676098,0.005000,seek,0.000000,0.000000,0.008000,0.000000,0.000000,0.000000,-0.481882,0.006029,17748
41.393092,685580.681175,0.004999,seek,0.000000,0.000000,0.008000,0.000000,0.000000,0.000000,-0.480812,0.001001,17750
41.398093,685580.686260,0.005001,seek,0.000000,0.000000,0.008000,0.000000,0.000000,0.000000,-0.416446,0.001620,17752
41.403092,685580.691373,0.004999,seek,0.000000,0.000000,0.008000,0.000000,0.000000,0.000000,-0.358292,0.001051,17754
41.413092,685580.696488,0.010000,seek,0.000000,0.000000,0.008000,0.000000,0.000000,0.000000,-0.393754,0.001006,17758
41.418093,685580.701625,0.005000,seek,0.000000,0.000000,0.008000,0.000000,0.000000,0.000000,-0.426206,0.001656,17760
41.423093,685580.706797,0.005000,seek,0.000000,0.000000,0.008000,0.000000,0.000000,0.000000,-0.493965,0.001066,17762
41.428093,685580.711902,0.005000,seek,0.000000,0.000000,0.008000,0.000000,0.000000,0.000000,-0.564503,0.006006,17764
41.433093,685580.716976,0.004999,seek,0.000000,0.000000,0.008000,0.000000,0.000000,0.000000,-0.532681,0.000939,17766
41.438093,685580.722091,0.005000,seek,0.000000,0.000000,0.008000,0.000000,0.000000,0.000000,-0.440462,0.001568,17768
41.443093,685580.727174,0.005000,seek,0.000000,0.000000,0.008000,0.000000,0.000000,0.000000,-0.396825,0.001054,17770
41.448093,685580.732293,0.005000,seek,0.000000,0.000000,0.008000,0.000000,0.000000,0.000000,-0.409351,0.005998,17772
41.453092,685580.737406,0.005000,seek,0.000000,0.000000,0.008000,0.000000,0.000000,0.000000,-0.436861,0.000962,17774
41.458093,685580.742488,0.005000,seek,0.000000,0.000000,0.008000,0.000000,0.000000,0.000000,-0.465551,0.005903,17776
41.463094,685580.747602,0.005001,seek,0.000000,0.000000,0.008000,0.000000,0.000000,0.000000,-0.503827,0.004445,17778
41.468093,685580.752726,0.005000,seek,0.000000,0.000000,0.008000,0.000000,0.000000,0.000000,-0.572035,0.001394,17780
41.473093,685580.757839,0.005000,seek,0.000000,0.000000,0.008000,0.000000,0.000000,0.000000,-0.569093,0.001020,17782
41.478093,685580.762954,0.005000,seek,0.000000,0.000000,0.008000,0.000000,0.000000,0.000000,-0.531375,0.005961,17784
41.483092,685580.768091,0.004999,seek,0.000000,0.000000,0.008000,0.000000,0.000000,0.000000,-0.469747,0.001442,17786
41.488092,685580.773220,0.005000,seek,0.000000,0.000000,0.008000,0.000000,0.000000,0.000000,-0.393634,0.001019,17788
41.493093,685580.778344,0.005001,seek,0.000000,0.000000,0.008000,0.000000,0.000000,0.000000,-0.398694,0.001566,17790
41.498095,685580.783457,0.005002,seek,0.000000,0.000000,0.008000,0.000000,0.000000,0.000000,-0.422033,0.000881,17792
41.503093,685580.788608,0.004998,seek,0.000000,0.000000,0.008000,0.000000,0.000000,0.000000,-0.404069,0.001412,17794
41.508092,685580.793717,0.005000,seek,0.000000,0.000000,0.008000,0.000000,0.000000,0.000000,-0.441260,0.000956,17796
41.513092,685580.798839,0.005000,seek,0.000000,0.000000,0.008000,0.000000,0.000000,0.000000,-0.515663,0.001514,17798
41.518093,685580.803954,0.005000,seek,0.000000,0.000000,0.008000,0.000000,0.000000,0.000000,-0.522869,0.001030,17800
41.523093,685580.809035,0.005000,seek,0.000000,0.000000,0.008000,0.000000,0.000000,0.000000,-0.511005,0.005970,17802
41.528092,685580.814147,0.005000,seek,0.000000,0.000000,0.008000,0.000000,0.000000,0.000000,-0.457755,0.001368,17804
41.533094,685580.819260,0.005002,seek,0.000000,0.000000,0.008000,0.000000,0.000000,0.000000,-0.474369,0.001072,17806
41.538092,685580.824365,0.004998,seek,0.000000,0.000000,0.008000,0.000000,0.000000,0.000000,-0.498681,0.001513,17808
41.543092,685580.829465,0.005000,seek,0.000000,0.000000,0.008000,0.000000,0.000000,0.000000,-0.494730,0.000912,17810
41.548095,685580.834573,0.005002,seek,0.000000,0.000000,0.008000,0.000000,0.000000,0.000000,-0.462020,0.001556,17812
41.553093,685580.839708,0.004998,seek,0.000000,0.000000,0.008000,0.000000,0.000000,0.000000,-0.399933,0.000956,17814
41.558093,685580.844844,0.005000,seek,0.000000,0.000000,0.008000,0.000000,0.000000,0.000000,-0.437017,0.001550,17816
41.563093,685580.849992,0.005000,seek,0.000000,0.000000,0.008000,0.000000,0.000000,0.000000,-0.464437,0.001055,17818
41.568093,685580.855112,0.005000,seek,0.000000,0.000000,0.008000,0.000000,0.000000,0.000000,-0.466266,0.005993,17820
41.573093,685580.860225,0.005000,seek,0.000000,0.000000,0.008000,0.000000,0.000000,0.000000,-0.405960,0.001482,17822
41.578093,685580.865341,0.005001,seek,0.000000,0.000000,0.008000,0.000000,0.000000,0.000000,-0.340763,0.000943,17824
41.583092,685580.870455,0.004999,seek,0.000000,0.000000,0.008000,0.000000,0.000000,0.000000,-0.326624,0.001595,17826
41.588093,685580.875570,0.005001,seek,0.000000,0.000000,0.008000,0.000000,0.000000,0.000000,-0.428774,0.001011,17828
41.593092,685580.880685,0.004999,seek,0.000000,0.000000,0.008000,0.000000,0.000000,0.000000,-0.549083,0.005947,17830
41.598093,685580.885800,0.005001,seek,0.000000,0.000000,0.008000,0.000000,0.000000,0.000000,-0.515750,0.001474,17832
41.603092,685580.890910,0.004999,seek,0.000000,0.000000,0.008000,0.000000,0.000000,0.000000,-0.431473,0.000898,17834
41.608094,685580.896015,0.005001,seek,0.000000,0.000000,0.008000,0.000000,0.000000,0.000000,-0.403356,0.001453,17836
41.613092,685580.901114,0.004999,seek,0.000000,0.000000,0.008000,0.000000,0.000000,0.000000,-0.485701,0.000990,17838
41.618092,685580.906217,0.005000,seek,0.000000,0.000000,0.008000,0.000000,0.000000,0.000000,-0.559371,0.005928,17840
41.623093,685580.911371,0.005000,seek,0.000000,0.000000,0.008000,0.000000,0.000000,0.000000,-0.582395,0.004405,17842
41.633093,685580.916523,0.010000,seek,0.000000,0.000000,0.008000,0.000000,0.000000,0.000000,-0.451374,0.001029,17846
41.638092,685580.921685,0.005000,seek,0.000000,0.000000,0.008000,0.000000,0.000000,0.000000,-0.424197,0.005970,17848
41.643093,685580.926787,0.005000,seek,0.000000,0.000000,0.008000,0.000000,0.000000,0.000000,-0.399809,0.001062,17850
41.648093,685580.932086,0.005000,seek,0.000000,0.000000,0.008000,0.000000,0.000000,0.000000,-0.375640,0.006004,17852
41.653093,685580.937208,0.005000,seek,0.000000,0.000000,0.008000,0.000000,0.000000,0.000000,-0.319938,0.001113,17854
41.658093,685580.942341,0.005000,seek,0.000000,0.000000,0.008000,0.000000,0.000000,0.000000,-0.261756,0.006046,17856
41.663092,685580.947476,0.004999,seek,0.000000,0.000000,0.008000,0.000000,0.000000,0.000000,-0.381813,0.001425,17858
41.668092,685580.952609,0.005000,seek,0.000000,0.000000,0.008000,0.000000,0.000000,0.000000,-0.486025,0.001022,17860
41.673092,685580.957735,0.005000,seek,0.000000,0.000000,0.008000,0.000000,0.000000,0.000000,-0.512011,0.001534,17862
41.678093,685580.962834,0.005001,seek,0.000000,0.000000,0.008000,0.000000,0.000000,0.000000,-0.561714,0.006481,17864
41.683093,685580.967927,0.005000,seek,0.000000,0.000000,0.008000,0.000000,0.000000,0.000000,-0.509045,0.000940,17866
41.688093,685580.973074,0.005000,seek,0.000000,0.000000,0.008000,0.000000,0.000000,0.000000,-0.450761,0.001537,17868
41.693093,685580.978153,0.005001,seek,0.000000,0.000000,0.008000,0.000000,0.000000,0.000000,-0.448617,0.001062,17870
41.698093,685580.983275,0.004999,seek,0.000000,0.000000,0.008000,0.000000,0.000000,0.000000,-0.448448,0.006011,17872
41.703093,685580.988438,0.005000,seek,0.000000,0.000000,0.008000,0.000000,0.000000,0.000000,-0.463538,0.001460,17874
41.708092,685580.993535,0.005000,seek,0.000000,0.000000,0.008000,0.000000,0.000000,0.000000,-0.479828,0.006396,17876
41.713092,685580.998642,0.005000,seek,0.000000,0.000000,0.008000,0.000000,0.000000,0.000000,-0.456095,0.001466,17878
41.718092,685581.003746,0.005000,seek,0.000000,0.000000,0.008000,0.000000,0.000000,0.000000,-0.429213,0.000980,17880
41.723093,685581.008901,0.005001,seek,0.000000,0.000000,0.008000,0.000000,0.000000,0.000000,-0.427097,0.005920,17882
41.728093,685581.014045,0.005000,seek,0.000000,0.000000,0.008000,0.000000,0.000000,0.000000,-0.384445,0.001405,17884
41.733093,685581.019135,0.005000,seek,0.000000,0.000000,0.008000,0.000000,0.000000,0.000000,-0.337766,0.000870,17886
41.738093,685581.024222,0.005000,seek,0.000000,0.000000,0.008000,0.000000,0.000000,0.000000,-0.431060,0.001465,17888
41.743093,685581.029351,0.005000,seek,0.000000,0.000000,0.008000,0.000000,0.000000,0.000000,-0.541448,0.001017,17890
41.748093,685581.034480,0.005000,seek,0.000000,0.000000,0.008000,0.000000,0.000000,0.000000,-0.555376,0.005958,17892
41.753093,685581.039625,0.005000,seek,0.000000,0.000000,0.008000,0.000000,0.000000,0.000000,-0.556654,0.004373,17894
41.758092,685581.044719,0.005000,seek,0.000000,0.000000,0.008000,0.000000,0.000000,0.000000,-0.537493,0.001431,17896
41.763092,685581.049810,0.005000,seek,0.000000,0.000000,0.008000,0.000000,0.000000,0.000000,-0.473152,0.000994,17898
41.768092,685581.054944,0.005000,seek,0.000000,0.000000,0.008000,0.000000,0.000000,0.000000,-0.424697,0.005936,17900
41.773092,685581.060118,0.005000,seek,0.000000,0.000000,0.008000,0.000000,0.000000,0.000000,-0.441493,0.001051,17902
41.778093,685581.065239,0.005001,seek,0.000000,0.000000,0.008000,0.000000,0.000000,0.000000,-0.463424,0.005986,17904
41.783092,685581.070325,0.004999,seek,0.000000,0.000000,0.008000,0.000000,0.000000,0.000000,-0.472055,0.004816,17906
41.788092,685581.075449,0.005000,seek,0.000000,0.000000,0.008000,0.000000,0.000000,0.000000,-0.484748,0.001038,17908
41.793092,685581.080589,0.005000,seek,0.000000,0.000000,0.008000,0.000000,0.000000,0.000000,-0.490855,0.005971,17910
41.798093,685581.085714,0.005001,seek,0.000000,0.000000,0.008000,0.000000,0.000000,0.000000,-0.415562,0.001505,17912
41.803093,685581.090834,0.005000,seek,0.000000,0.000000,0.008000,0.000000,0.000000,0.000000,-0.333863,0.006447,17914
41.808093,685581.095953,0.005000,seek,0.000000,0.000000,0.008000,0.000000,0.000000,0.000000,-0.349144,0.001023,17916
41.813093,685581.101106,0.005000,seek,0.000000,0.000000,0.008000,0.000000,0.000000,0.000000,-0.372059,0.005962,17918
41.818092,685581.106207,0.004999,seek,0.000000,0.000000,0.008000,0.000000,0.000000,0.000000,-0.466032,0.004243,17920
41.823092,685581.111314,0.005000,seek,0.000000,0.000000,0.008000,0.000000,0.000000,0.000000,-0.520121,0.004320,17922
41.833093,685581.116422,0.010000,seek,0.000000,0.000000,0.008000,0.000000,0.000000,0.000000,-0.449096,0.001011,17926
41.838092,685581.121563,0.004999,seek,0.000000,0.000000,0.008000,0.000000,0.000000,0.000000,-0.510911,0.001649,17928
41.843092,685581.126776,0.005000,seek,0.000000,0.000000,0.008000,0.000000,0.000000,0.000000,-0.482085,0.001037,17930
41.848093,685581.132030,0.005000,seek,0.000000,0.000000,0.008000,0.000000,0.000000,0.000000,-0.473517,0.005988,17932
41.853092,685581.137227,0.005000,seek,0.000000,0.000000,0.008000,0.000000,0.000000,0.000000,-0.433565,0.001484,17934
41.858093,685581.142334,0.005000,seek,0.000000,0.000000,0.008000,0.000000,0.000000,0.000000,-0.391143,0.001058,17936
41.863092,685581.147457,0.005000,seek,0.000000,0.000000,0.008000,0.000000,0.000000,0.000000,-0.387804,0.005994,17938
41.868092,685581.152679,0.005000,seek,0.000000,0.000000,0.008000,0.000000,0.000000,0.000000,-0.423801,0.001494,17940
41.873092,685581.157790,0.005000,seek,0.000000,0.000000,0.008000,0.000000,0.000000,0.000000,-0.409761,0.001039,17942
41.878092,685581.162873,0.005000,seek,0.000000,0.000000,0.008000,0.000000,0.000000,0.000000,-0.355524,0.005983,17944
41.883092,685581.167899,0.005000,seek,0.000000,0.000000,0.008000,0.000000,0.000000,0.000000,-0.351255,0.004385,17946
41.888092,685581.172978,0.005000,seek,0.000000,0.000000,0.008000,0.000000,0.000000,0.000000,-0.338070,0.004253,17948
41.893092,685581.178020,0.005000,seek,0.000000,0.000000,0.008000,0.000000,0.000000,0.000000,-0.384504,0.004692,17950
41.898092,685581.183098,0.005001,seek,0.000000,0.000000,0.008000,0.000000,0.000000,0.000000,-0.458578,0.004900,17952
41.903093,685581.188185,0.005000,seek,0.000000,0.000000,0.008000,0.000000,0.000000,0.000000,-0.458899,0.001005,17954
41.908093,685581.193305,0.005000,seek,0.000000,0.000000,0.008000,0.000000,0.000000,0.000000,-0.443318,0.005935,17956
41.913092,685581.198390,0.005000,seek,0.000000,0.000000,0.008000,0.000000,0.000000,0.000000,-0.444849,0.001421,17958
41.918093,685581.203486,0.005000,seek,0.000000,0.000000,0.008000,0.000000,0.000000,0.000000,-0.435343,0.000955,17960
41.923093,685581.208569,0.005000,seek,0.000000,0.000000,0.008000,0.000000,0.000000,0.000000,-0.422211,0.005895,17962
41.928092,685581.213643,0.005000,seek,0.000000,0.000000,0.008000,0.000000,0.000000,0.000000,-0.465685,0.004809,17964
41.933092,685581.218715,0.005000,seek,0.000000,0.000000,0.008000,0.000000,0.000000,0.000000,-0.493070,0.004209,17966
41.938092,685581.223811,0.005000,seek,0.000000,0.000000,0.008000,0.000000,0.000000,0.000000,-0.483460,0.001068,17968
41.943092,685581.228915,0.005000,seek,0.000000,0.000000,0.008000,0.000000,0.000000,0.000000,-0.441127,0.001504,17970
41.948093,685581.234024,0.005000,seek,0.000000,0.000000,0.008000,0.000000,0.000000,0.000000,-0.387438,0.006448,17972
41.953092,685581.239251,0.004999,seek,0.000000,0.000000,0.008000,0.000000,0.000000,0.000000,-0.409901,0.001376,17974
41.958092,685581.244358,0.005000,seek,0.000000,0.000000,0.008000,0.000000,0.000000,0.000000,-0.438358,0.006313,17976
41.963092,685581.249465,0.005000,seek,0.000000,0.000000,0.008000,0.000000,0.000000,0.000000,-0.461574,0.004317,17978
41.968093,685581.254677,0.005000,seek,0.000000,0.000000,0.008000,0.000000,0.000000,0.000000,-0.492498,0.004297,17980
41.973092,685581.259913,0.005000,seek,0.000000,0.000000,0.008000,0.000000,0.000000,0.000000,-0.456732,0.001278,17982
41.978093,685581.265131,0.005001,seek,0.000000,0.000000,0.008000,0.000000,0.000000,0.000000,-0.407595,0.006220,17984
41.983092,685581.270239,0.005000,seek,0.000000,0.000000,0.008000,0.000000,0.000000,0.000000,-0.383665,0.001339,17986
41.988092,685581.275346,0.005000,seek,0.000000,0.000000,0.008000,0.000000,0.000000,0.000000,-0.361718,0.006276,17988
41.993092,685581.280510,0.005000,seek,0.000000,0.000000,0.008000,0.000000,0.000000,0.000000,-0.391130,0.004301,17990
41.998093,685581.285723,0.005001,seek,0.000000,0.000000,0.008000,0.000000,0.000000,0.000000,-0.442866,0.001003,17992
42.003092,685581.290953,0.004999,seek,0.000000,0.000000,0.008000,0.000000,0.000000,0.000000,-0.415728,0.001540,17994
42.008094,685581.296045,0.005001,seek,0.000000,0.000000,0.008000,0.000000,0.000000,0.000000,-0.413042,0.001056,17996
42.013092,685581.301225,0.004999,seek,0.000000,0.000000,0.008000,0.000000,0.000000,0.000000,-0.461771,0.005995,17998
42.018092,685581.306332,0.005000,seek,0.000000,0.000000,0.008000,0.000000,0.000000,0.000000,-0.487038,0.001366,18000
42.023092,685581.311454,0.005000,seek,0.000000,0.000000,0.008000,0.000000,0.000000,0.000000,-0.510458,0.006301,18002
42.033092,685581.316604,0.010000,seek,0.000000,0.000000,0.008000,0.000000,0.000000,0.000000,-0.419550,0.006234,18006
42.038092,685581.321712,0.005000,seek,0.000000,0.000000,0.008000,0.000000,0.000000,0.000000,-0.429165,0.001408,18008
42.043093,685581.326828,0.005000,seek,0.000000,0.000000,0.008000,0.000000,0.000000,0.000000,-0.443319,0.006335,18010
42.048092,685581.331935,0.005000,seek,0.000000,0.000000,0.008000,0.000000,0.000000,0.000000,-0.440365,0.004304,18012
42.053093,685581.337207,0.005000,seek,0.000000,0.000000,0.008000,0.000000,0.000000,0.000000,-0.449215,0.001353,18014
42.058092,685581.342326,0.005000,seek,0.000000,0.000000,0.008000,0.000000,0.000000,0.000000,-0.463061,0.006285,18016
42.063092,685581.347432,0.005000,seek,0.000000,0.000000,0.008000,0.000000,0.000000,0.000000,-0.483959,0.001396,18018
42.068092,685581.352702,0.005000,seek,0.000000,0.000000,0.008000,0.000000,0.000000,0.000000,-0.505411,0.006329,18020
42.073092,685581.357907,0.005000,seek,0.000000,0.000000,0.008000,0.000000,0.000000,0.000000,-0.503447,0.004264,18022
42.078092,685581.363126,0.005000,seek,0.000000,0.000000,0.008000,0.000000,0.000000,0.000000,-0.477551,0.001384,18024
42.083092,685581.368234,0.005000,seek,0.000000,0.000000,0.008000,0.000000,0.000000,0.000000,-0.480482,0.000989,18026
42.088092,685581.373341,0.005000,seek,0.000000,0.000000,0.008000,0.000000,0.000000,0.000000,-0.507769,0.005915,18028
42.093093,685581.378576,0.005000,seek,0.000000,0.000000,0.008000,0.000000,0.000000,0.000000,-0.450362,0.001423,18030
42.098093,685581.383683,0.005000,seek,0.000000,0.000000,0.008000,0.000000,0.000000,0.000000,-0.391686,0.001055,18032
42.103092,685581.388957,0.005000,seek,0.000000,0.000000,0.008000,0.000000,0.000000,0.000000,-0.392464,0.005997,18034
42.108092,685581.394158,0.005000,seek,0.000000,0.000000,0.008000,0.000000,0.000000,0.000000,-0.406912,0.004331,18036
42.113092,685581.399371,0.005000,seek,0.000000,0.000000,0.008000,0.000000,0.000000,0.000000,-0.459667,0.004112,18038
42.118092,685581.404570,0.005000,seek,0.000000,0.000000,0.008000,0.000000,0.000000,0.000000,-0.539682,0.004187,18040
42.123093,685581.409726,0.005001,seek,0.000000,0.000000,0.008000,0.000000,0.000000,0.000000,-0.512750,0.004319,18042
42.128093,685581.414927,0.005000,seek,0.000000,0.000000,0.008000,0.000000,0.000000,0.000000,-0.403115,0.001468,18044
42.133092,685581.420090,0.005000,seek,0.000000,0.000000,0.008000,0.000000,0.000000,0.000000,-0.376658,0.000868,18046
42.138092,685581.425196,0.004999,seek,0.000000,0.000000,0.008000,0.000000,0.000000,0.000000,-0.380431,0.001427,18048
42.143093,685581.430303,0.005001,seek,0.000000,0.000000,0.008000,0.000000,0.000000,0.000000,-0.401996,0.001003,18050
42.148092,685581.435410,0.005000,seek,0.000000,0.000000,0.008000,0.000000,0.000000,0.000000,-0.436930,0.005947,18052
42.153092,685581.440560,0.005000,seek,0.000000,0.000000,0.008000,0.000000,0.000000,0.000000,-0.406648,0.001050,18054
42.158092,685581.445715,0.005000,seek,0.000000,0.000000,0.008000,0.000000,0.000000,0.000000,-0.371233,0.005990,18056
42.163092,685581.450820,0.005000,seek,0.000000,0.000000,0.008000,0.000000,0.000000,0.000000,-0.344512,0.001471,18058
42.168093,685581.455952,0.005001,seek,0.000000,0.000000,0.008000,0.000000,0.000000,0.000000,-0.373297,0.001020,18060
42.173092,685581.461079,0.005000,seek,0.000000,0.000000,0.008000,0.000000,0.000000,0.000000,-0.430384,0.005960,18062
42.178092,685581.466214,0.005000,seek,0.000000,0.000000,0.008000,0.000000,0.000000,0.000000,-0.517290,0.001219,18064
42.183092,685581.471299,0.005000,seek,0.000000,0.000000,0.008000,0.000000,0.000000,0.000000,-0.606543,0.006163,18066
42.193092,685581.476432,0.010000,seek,0.000000,0.000000,0.008000,0.000000,0.000000,0.000000,-0.478807,0.005999,18070
42.198092,685581.481548,0.005000,seek,0.000000,0.000000,0.008000,0.000000,0.000000,0.000000,-0.375852,0.001400,18072
42.203093,685581.486687,0.005001,seek,0.000000,0.000000,0.008000,0.000000,0.000000,0.000000,-0.270276,0.006347,18074
42.208092,685581.491832,0.004999,seek,0.000000,0.000000,0.008000,0.000000,0.000000,0.000000,-0.338992,0.003847,18076
42.213092,685581.496971,0.005000,seek,0.000000,0.000000,0.008000,0.000000,0.000000,0.000000,-0.477217,0.001222,18078
42.218093,685581.502121,0.005000,seek,0.000000,0.000000,0.008000,0.000000,0.000000,0.000000,-0.543887,0.000826,18080
42.223093,685581.507205,0.005000,seek,0.000000,0.000000,0.008000,0.000000,0.000000,0.000000,-0.576873,0.001339,18082
42.228092,685581.512279,0.004999,seek,0.000000,0.000000,0.008000,0.000000,0.000000,0.000000,-0.607207,0.006277,18084
42.233092,685581.517352,0.005000,seek,0.000000,0.000000,0.008000,0.000000,0.000000,0.000000,-0.494231,0.001340,18086
42.238092,685581.522508,0.005000,seek,0.000000,0.000000,0.008000,0.000000,0.000000,0.000000,-0.380352,0.000931,18088
42.243498,685581.527650,0.005406,seek,0.000000,0.000000,0.008000,0.000000,0.000000,0.000000,-0.409787,0.000883,18090
42.248145,685581.532749,0.004646,seek,0.000000,0.000000,0.008000,0.000000,0.000000,0.000000,-0.413322,0.001194,18092
42.253093,685581.537887,0.004948,seek,0.000000,0.000000,0.008000,0.000000,0.000000,0.000000,-0.386795,0.006074,18094
42.258093,685581.543027,0.005000,seek,0.000000,0.000000,0.008000,0.000000,0.000000,0.000000,-0.375348,0.001405,18096
42.263092,685581.548167,0.005000,seek,0.000000,0.000000,0.008000,0.000000,0.000000,0.000000,-0.469786,0.001016,18098
42.268092,685581.553255,0.005000,seek,0.000000,0.000000,0.008000,0.000000,0.000000,0.000000,-0.581916,0.005949,18100
42.273092,685581.558361,0.005000,seek,0.000000,0.000000,0.008000,0.000000,0.000000,0.000000,-0.506651,0.001360,18102
42.278092,685581.563507,0.005000,seek,0.000000,0.000000,0.008000,0.000000,0.000000,0.000000,-0.416638,0.006300,18104
42.283092,685581.568594,0.005000,seek,0.000000,0.000000,0.008000,0.000000,0.000000,0.000000,-0.443048,0.001451,18106
42.288095,685581.573725,0.005003,seek,0.000000,0.000000,0.008000,0.000000,0.000000,0.000000,-0.445341,0.000998,18108
42.293092,685581.578813,0.004997,seek,0.000000,0.000000,0.008000,0.000000,0.000000,0.000000,-0.412241,0.005938,18110
42.298093,685581.583964,0.005000,seek,0.000000,0.000000,0.008000,0.000000,0.000000,0.000000,-0.408962,0.004279,18112
42.303092,685581.589093,0.005000,seek,0.000000,0.000000,0.008000,0.000000,0.000000,0.000000,-0.409118,0.001419,18114
42.308092,685581.594182,0.005000,seek,0.000000,0.000000,0.008000,0.000000,0.000000,0.000000,-0.378275,0.001058,18116
42.313092,685581.599283,0.005000,seek,0.000000,0.000000,0.008000,0.000000,0.000000,0.000000,-0.343904,0.005990,18118
42.318092,685581.604429,0.005000,seek,0.000000,0.000000,0.008000,0.000000,0.000000,0.000000,-0.367204,0.001469,18120
42.323092,685581.609575,0.005000,seek,0.000000,0.000000,0.008000,0.000000,0.000000,0.000000,-0.445872,0.000999,18122
42.328092,685581.614688,0.005000,seek,0.000000,0.000000,0.008000,0.000000,0.000000,0.000000,-0.502891,0.005942,18124
42.333092,685581.619771,0.005000,seek,0.000000,0.000000,0.008000,0.000000,0.000000,0.000000,-0.440988,0.001380,18126
42.338092,685581.624895,0.005000,seek,0.000000,0.000000,0.008000,0.000000,0.000000,0.000000,-0.384811,0.000986,18128
42.343092,685581.630037,0.005000,seek,0.000000,0.000000,0.008000,0.000000,0.000000,0.000000,-0.395477,0.005932,18130
42.348092,685581.635124,0.005000,seek,0.000000,0.000000,0.008000,0.000000,0.000000,0.000000,-0.456863,0.004328,18132
42.353093,685581.640230,0.005000,seek,0.000000,0.000000,0.008000,0.000000,0.000000,0.000000,-0.506472,0.001375,18134
42.358092,685581.645353,0.005000,seek,0.000000,0.000000,0.008000,0.000000,0.000000,0.000000,-0.494608,0.006311,18136
42.363093,685581.650530,0.005000,seek,0.000000,0.000000,0.008000,0.000000,0.000000,0.000000,-0.458057,0.001102,18138
42.368092,685581.655683,0.005000,seek,0.000000,0.000000,0.008000,0.000000,0.000000,0.000000,-0.419564,0.005906,18140
42.373093,685581.660909,0.005000,seek,0.000000,0.000000,0.008000,0.000000,0.000000,0.000000,-0.411546,0.004943,18142
42.378092,685581.666096,0.005000,seek,0.000000,0.000000,0.008000,0.000000,0.000000,0.000000,-0.453756,0.001420,18144
42.383092,685581.671202,0.005000,seek,0.000000,0.000000,0.008000,0.000000,0.000000,0.000000,-0.486971,0.000957,18146
42.388093,685581.676309,0.005000,seek,0.000000,0.000000,0.008000,0.000000,0.000000,0.000000,-0.447432,0.001566,18148
42.398092,685581.681415,0.010000,seek,0.000000,0.000000,0.008000,0.000000,0.000000,0.000000,-0.429806,0.006011,18152
42.403092,685581.686562,0.005000,seek,0.000000,0.000000,0.008000,0.000000,0.000000,0.000000,-0.361183,0.001483,18154
42.408093,685581.691766,0.005000,seek,0.000000,0.000000,0.008000,0.000000,0.000000,0.000000,-0.323302,0.001061,18156
42.413092,685581.697109,0.005000,seek,0.000000,0.000000,0.008000,0.000000,0.000000,0.000000,-0.356779,0.006002,18158
42.418093,685581.702214,0.005000,seek,0.000000,0.000000,0.008000,0.000000,0.000000,0.000000,-0.455550,0.001020,18160
42.423092,685581.707320,0.005000,seek,0.000000,0.000000,0.008000,0.000000,0.000000,0.000000,-0.563351,0.001399,18162
42.428092,685581.712427,0.005000,seek,0.000000,0.000000,0.008000,0.000000,0.000000,0.000000,-0.575724,0.006347,18164
42.433092,685581.717569,0.005000,seek,0.000000,0.000000,0.008000,0.000000,0.000000,0.000000,-0.528223,0.000916,18166
42.438093,685581.722673,0.005000,seek,0.000000,0.000000,0.008000,0.000000,0.000000,0.000000,-0.476010,0.005861,18168
42.443092,685581.727926,0.005000,seek,0.000000,0.000000,0.008000,0.000000,0.000000,0.000000,-0.505465,0.004818,18170
42.448092,685581.733140,0.005000,seek,0.000000,0.000000,0.008000,0.000000,0.000000,0.000000,-0.472429,0.001404,18172
42.453093,685581.738270,0.005000,seek,0.000000,0.000000,0.008000,0.000000,0.000000,0.000000,-0.400910,0.006346,18174
42.458093,685581.743376,0.005000,seek,0.000000,0.000000,0.008000,0.000000,0.000000,0.000000,-0.457348,0.001466,18176
42.463093,685581.748550,0.005000,seek,0.000000,0.000000,0.008000,0.000000,0.000000,0.000000,-0.438948,0.000941,18178
42.468092,685581.753804,0.005000,seek,0.000000,0.000000,0.008000,0.000000,0.000000,0.000000,-0.352592,0.005888,18180
42.473092,685581.759065,0.005000,seek,0.000000,0.000000,0.008000,0.000000,0.000000,0.000000,-0.388956,0.001016,18182
42.478092,685581.764171,0.005000,seek,0.000000,0.000000,0.008000,0.000000,0.000000,0.000000,-0.434979,0.005954,18184
42.483093,685581.769279,0.005000,seek,0.000000,0.000000,0.008000,0.000000,0.000000,0.000000,-0.369083,0.000938,18186
42.488092,685581.774419,0.005000,seek,0.000000,0.000000,0.008000,0.000000,0.000000,0.000000,-0.294380,0.005878,18188
42.493093,685581.779565,0.005001,seek,0.000000,0.000000,0.008000,0.000000,0.000000,0.000000,-0.351127,0.004437,18190
42.498092,685581.784791,0.004999,seek,0.000000,0.000000,0.008000,0.000000,0.000000,0.000000,-0.422300,0.001332,18192
42.503092,685581.789990,0.005000,seek,0.000000,0.000000,0.008000,0.000000,0.000000,0.000000,-0.424079,0.000955,18194
42.508092,685581.795198,0.005000,seek,0.000000,0.000000,0.008000,0.000000,0.000000,0.000000,-0.416316,0.005893,18196
42.513092,685581.800305,0.005000,seek,0.000000,0.000000,0.008000,0.000000,0.000000,0.000000,-0.458158,0.000947,18198
42.518092,685581.805434,0.005000,seek,0.000000,0.000000,0.008000,0.000000,0.000000,0.000000,-0.503903,0.005885,18200
42.523092,685581.810686,0.005000,seek,0.000000,0.000000,0.008000,0.000000,0.000000,0.000000,-0.543113,0.001427,18202
42.528092,685581.815887,0.005000,seek,0.000000,0.000000,0.008000,0.000000,0.000000,0.000000,-0.545143,0.000910,18204
42.533093,685581.821029,0.005001,seek,0.000000,0.000000,0.008000,0.000000,0.000000,0.000000,-0.508638,0.005860,18206
42.538093,685581.826168,0.005000,seek,0.000000,0.000000,0.008000,0.000000,0.000000,0.000000,-0.508103,0.000985,18208
42.543092,685581.831272,0.005000,seek,0.000000,0.000000,0.008000,0.000000,0.000000,0.000000,-0.510399,0.005923,18210
42.548092,685581.836385,0.005000,seek,0.000000,0.000000,0.008000,0.000000,0.000000,0.000000,-0.390684,0.004821,18212
42.553092,685581.841523,0.005000,seek,0.000000,0.000000,0.008000,0.000000,0.000000,0.000000,-0.318814,0.001431,18214
42.563093,685581.846664,0.010001,seek,0.000000,0.000000,0.008000,0.000000,0.000000,0.000000,-0.618394,0.001451,18218
42.568092,685581.851810,0.004999,seek,0.000000,0.000000,0.008000,0.000000,0.000000,0.000000,-0.628668,0.006389,18220
42.573092,685581.856948,0.005000,seek,0.000000,0.000000,0.008000,0.000000,0.000000,0.000000,-0.539772,0.001384,18222
42.578093,685581.862100,0.005000,seek,0.000000,0.000000,0.008000,0.000000,0.000000,0.000000,-0.483066,0.000823,18224
42.583092,685581.867221,0.005000,seek,0.000000,0.000000,0.008000,0.000000,0.000000,0.000000,-0.470848,0.001399,18226
42.588093,685581.872361,0.005000,seek,0.000000,0.000000,0.008000,0.000000,0.000000,0.000000,-0.422137,0.006336,18228
42.593093,685581.877481,0.005000,seek,0.000000,0.000000,0.008000,0.000000,0.000000,0.000000,-0.485288,0.001059,18230
42.598093,685581.882596,0.005000,seek,0.000000,0.000000,0.008000,0.000000,0.000000,0.000000,-0.557243,0.005999,18232
42.603093,685581.887709,0.005000,seek,0.000000,0.000000,0.008000,0.000000,0.000000,0.000000,-0.462524,0.001037,18234
42.608092,685581.892867,0.005000,seek,0.000000,0.000000,0.008000,0.000000,0.000000,0.000000,-0.354687,0.005977,18236
42.613092,685581.897946,0.005000,seek,0.000000,0.000000,0.008000,0.000000,0.000000,0.000000,-0.337761,0.004819,18238
42.618093,685581.903110,0.005000,seek,0.000000,0.000000,0.008000,0.000000,0.000000,0.000000,-0.443500,0.000930,18240
42.623092,685581.908230,0.005000,seek,0.000000,0.000000,0.008000,0.000000,0.000000,0.000000,-0.567334,0.005873,18242
42.628092,685581.913343,0.005000,seek,0.000000,0.000000,0.008000,0.000000,0.000000,0.000000,-0.555446,0.004806,18244
42.633092,685581.918480,0.005000,seek,0.000000,0.000000,0.008000,0.000000,0.000000,0.000000,-0.525950,0.001050,18246
42.638092,685581.923598,0.005000,seek,0.000000,0.000000,0.008000,0.000000,0.000000,0.000000,-0.516700,0.005993,18248
42.643093,685581.928712,0.005000,seek,0.000000,0.000000,0.008000,0.000000,0.000000,0.000000,-0.390186,0.001446,18250
42.648093,685581.933884,0.005000,seek,0.000000,0.000000,0.008000,0.000000,0.000000,0.000000,-0.321080,0.001000,18252
42.653092,685581.939037,0.005000,seek,0.000000,0.000000,0.008000,0.000000,0.000000,0.000000,-0.382278,0.005943,18254
42.658092,685581.944180,0.005000,seek,0.000000,0.000000,0.008000,0.000000,0.000000,0.000000,-0.412388,0.001418,18256
42.663093,685581.949286,0.005001,seek,0.000000,0.000000,0.008000,0.000000,0.000000,0.000000,-0.419124,0.000965,18258
42.668092,685581.954412,0.004999,seek,0.000000,0.000000,0.008000,0.000000,0.000000,0.000000,-0.398727,0.005904,18260
42.673093,685581.959566,0.005001,seek,0.000000,0.000000,0.008000,0.000000,0.000000,0.000000,-0.422875,0.001032,18262
42.678092,685581.964770,0.004999,seek,0.000000,0.000000,0.008000,0.000000,0.000000,0.000000,-0.450528,0.005978,18264
42.683093,685581.969913,0.005000,seek,0.000000,0.000000,0.008000,0.000000,0.000000,0.000000,-0.512330,0.000912,18266
42.688092,685581.975044,0.005000,seek,0.000000,0.000000,0.008000,0.000000,0.000000,0.000000,-0.576820,0.005848,18268
42.693093,685581.980221,0.005000,seek,0.000000,0.000000,0.008000,0.000000,0.000000,0.000000,-0.553385,0.004961,18270
42.698093,685581.985329,0.005000,seek,0.000000,0.000000,0.008000,0.000000,0.000000,0.000000,-0.462025,0.001386,18272
42.703093,685581.990473,0.005001,seek,0.000000,0.000000,0.008000,0.000000,0.000000,0.000000,-0.344106,0.000978,18274
42.708093,685581.995574,0.004999,seek,0.000000,0.000000,0.008000,0.000000,0.000000,0.000000,-0.285102,0.005909,18276
42.713093,685582.000824,0.005000,seek,0.000000,0.000000,0.008000,0.000000,0.000000,0.000000,-0.348135,0.000950,18278
42.718092,685582.005967,0.005000,seek,0.000000,0.000000,0.008000,0.000000,0.000000,0.000000,-0.420772,0.005885,18280
42.723093,685582.011162,0.005001,seek,0.000000,0.000000,0.008000,0.000000,0.000000,0.000000,-0.466878,0.000812,18282
42.728093,685582.016268,0.005000,seek,0.000000,0.000000,0.008000,0.000000,0.000000,0.000000,-0.539660,0.001413,18284
42.733093,685582.021394,0.004999,seek,0.000000,0.000000,0.008000,0.000000,0.000000,0.000000,-0.574152,0.000838,18286
42.743092,685582.026479,0.010000,seek,0.000000,0.000000,0.008000,0.000000,0.000000,0.000000,-0.493238,0.000867,18290
42.748093,685582.031568,0.005000,seek,0.000000,0.000000,0.008000,0.000000,0.000000,0.000000,-0.402813,0.005799,18292
42.753092,685582.036675,0.005000,seek,0.000000,0.000000,0.008000,0.000000,0.000000,0.000000,-0.387073,0.000968,18294
42.758093,685582.041802,0.005000,seek,0.000000,0.000000,0.008000,0.000000,0.000000,0.000000,-0.377210,0.005914,18296
42.763093,685582.046934,0.005000,seek,0.000000,0.000000,0.008000,0.000000,0.000000,0.000000,-0.472792,0.001442,18298
42.768092,685582.052025,0.005000,seek,0.000000,0.000000,0.008000,0.000000,0.000000,0.000000,-0.537218,0.000897,18300
42.773093,685582.057125,0.005001,seek,0.000000,0.000000,0.008000,0.000000,0.000000,0.000000,-0.449873,0.001493,18302
42.778093,685582.062210,0.005000,seek,0.000000,0.000000,0.008000,0.000000,0.000000,0.000000,-0.446488,0.000903,18304
42.783093,685582.067287,0.005000,seek,0.000000,0.000000,0.008000,0.000000,0.000000,0.000000,-0.502671,0.005841,18306
42.788093,685582.072400,0.005000,seek,0.000000,0.000000,0.008000,0.000000,0.000000,0.000000,-0.439595,0.004800,18308
42.793093,685582.077534,0.005000,seek,0.000000,0.000000,0.008000,0.000000,0.000000,0.000000,-0.386389,0.001392,18310
42.798093,685582.082640,0.005000,seek,0.000000,0.000000,0.008000,0.000000,0.000000,0.000000,-0.467441,0.001004,18312
42.803093,685582.087776,0.005000,seek,0.000000,0.000000,0.008000,0.000000,0.000000,0.000000,-0.539803,0.005947,18314
42.808092,685582.092930,0.005000,seek,0.000000,0.000000,0.008000,0.000000,0.000000,0.000000,-0.567259,0.004441,18316
42.813093,685582.098080,0.005000,seek,0.000000,0.000000,0.008000,0.000000,0.000000,0.000000,-0.491807,0.000913,18318
42.818092,685582.103157,0.005000,seek,0.000000,0.000000,0.008000,0.000000,0.000000,0.000000,-0.386493,0.005844,18320
42.823093,685582.108240,0.005000,seek,0.000000,0.000000,0.008000,0.000000,0.000000,0.000000,-0.423435,0.000914,18322
42.828093,685582.113368,0.005000,seek,0.000000,0.000000,0.008000,0.000000,0.000000,0.000000,-0.471574,0.005854,18324
42.833092,685582.118515,0.004999,seek,0.000000,0.000000,0.008000,0.000000,0.000000,0.000000,-0.443147,0.000869,18326
42.838092,685582.123665,0.005000,seek,0.000000,0.000000,0.008000,0.000000,0.000000,0.000000,-0.408695,0.005808,18328
42.843092,685582.128754,0.005000,seek,0.000000,0.000000,0.008000,0.000000,0.000000,0.000000,-0.491772,0.001409,18330
42.848093,685582.133884,0.005001,seek,0.000000,0.000000,0.008000,0.000000,0.000000,0.000000,-0.528608,0.000914,18332
42.853092,685582.138970,0.004999,seek,0.000000,0.000000,0.008000,0.000000,0.000000,0.000000,-0.476016,0.005852,18334
42.858092,685582.144105,0.005000,seek,0.000000,0.000000,0.008000,0.000000,0.000000,0.000000,-0.408647,0.000936,18336
42.863093,685582.149195,0.005000,seek,0.000000,0.000000,0.008000,0.000000,0.000000,0.000000,-0.340114,0.005880,18338
42.868094,685582.154279,0.005002,seek,0.000000,0.000000,0.008000,0.000000,0.000000,0.000000,-0.375804,0.001445,18340
42.873092,685582.159395,0.004998,seek,0.000000,0.000000,0.008000,0.000000,0.000000,0.000000,-0.363152,0.000960,18342
42.878092,685582.164515,0.005000,seek,0.000000,0.000000,0.008000,0.000000,0.000000,0.000000,-0.305612,0.005903,18344
42.883092,685582.169656,0.005000,seek,0.000000,0.000000,0.008000,0.000000,0.000000,0.000000,-0.396260,0.004817,18346
42.888092,685582.174772,0.005000,seek,0.000000,0.000000,0.008000,0.000000,0.000000,0.000000,-0.592273,0.000927,18348
42.893092,685582.179883,0.005000,seek,0.000000,0.000000,0.008000,0.000000,0.000000,0.000000,-0.701400,0.005853,18350
42.898092,685582.184997,0.005000,seek,0.000000,0.000000,0.008000,0.000000,0.000000,0.000000,-0.709989,0.004806,18352
42.903093,685582.190104,0.005000,seek,0.000000,0.000000,0.008000,0.000000,0.000000,0.000000,-0.583662,0.000991,18354
42.908092,685582.195205,0.005000,seek,0.000000,0.000000,0.008000,0.000000,0.000000,0.000000,-0.446716,0.005925,18356
42.913093,685582.200410,0.005000,seek,0.000000,0.000000,0.008000,0.000000,0.000000,0.000000,-0.437985,0.000881,18358
42.918093,685582.205611,0.005000,seek,0.000000,0.000000,0.008000,0.000000,0.000000,0.000000,-0.439344,0.005817,18360
42.923092,685582.210719,0.005000,seek,0.000000,0.000000,0.008000,0.000000,0.000000,0.000000,-0.435918,0.000949,18362
42.928092,685582.215824,0.005000,seek,0.000000,0.000000,0.008000,0.000000,0.000000,0.000000,-0.495304,0.001484,18364
42.933092,685582.220926,0.005000,seek,0.000000,0.000000,0.008000,0.000000,0.000000,0.000000,-0.499597,0.001010,18366
42.938092,685582.226023,0.005000,seek,0.000000,0.000000,0.008000,0.000000,0.000000,0.000000,-0.436366,0.005952,18368
42.943093,685582.231107,0.005000,seek,0.000000,0.000000,0.008000,0.000000,0.000000,0.000000,-0.427655,0.004733,18370
42.948092,685582.236182,0.004999,seek,0.000000,0.000000,0.008000,0.000000,0.000000,0.000000,-0.437711,0.001384,18372
42.953092,685582.241254,0.005000,seek,0.000000,0.000000,0.008000,0.000000,0.000000,0.000000,-0.403841,0.000919,18374
42.958092,685582.246369,0.005000,seek,0.000000,0.000000,0.008000,0.000000,0.000000,0.000000,-0.352038,0.005857,18376
42.963093,685582.251483,0.005000,seek,0.000000,0.000000,0.008000,0.000000,0.000000,0.000000,-0.370495,0.000858,18378
42.973092,685582.256603,0.010000,seek,0.000000,0.000000,0.008000,0.000000,0.000000,0.000000,-0.437583,0.004816,18382
42.978092,685582.261715,0.005000,seek,0.000000,0.000000,0.008000,0.000000,0.000000,0.000000,-0.355306,0.001399,18384
42.983093,685582.266793,0.005001,seek,0.000000,0.000000,0.008000,0.000000,0.000000,0.000000,-0.241449,0.000866,18386
42.988093,685582.271925,0.005000,seek,0.000000,0.000000,0.008000,0.000000,0.000000,0.000000,-0.251990,0.005807,18388
42.993092,685582.277046,0.005000,seek,0.000000,0.000000,0.008000,0.000000,0.000000,0.000000,-0.286617,0.000908,18390
42.998092,685582.282166,0.005000,seek,0.000000,0.000000,0.008000,0.000000,0.000000,0.000000,-0.323140,0.005845,18392
43.003092,685582.287260,0.005000,seek,0.000000,0.000000,0.008000,0.000000,0.000000,0.000000,-0.297374,0.004812,18394
43.008093,685582.292344,0.005000,seek,0.000000,0.000000,0.008000,0.000000,0.000000,0.000000,-0.266717,0.000840,18396
43.013092,685582.297429,0.005000,seek,0.000000,0.000000,0.008000,0.000000,0.000000,0.000000,-0.264315,0.005772,18398
43.018093,685582.302548,0.005000,seek,0.000000,0.000000,0.008000,0.000000,0.000000,0.000000,-0.222252,0.004296,18400
43.023093,685582.307665,0.005000,seek,0.000000,0.000000,0.008000,0.000000,0.000000,0.000000,-0.172629,0.001411,18402
43.028093,685582.312736,0.005000,seek,0.000000,0.000000,0.008000,0.000000,0.000000,0.000000,-0.175074,0.000957,18404
43.033093,685582.317868,0.005000,seek,0.000000,0.000000,0.008000,0.000000,0.000000,0.000000,-0.186054,0.005900,18406
43.038092,685582.323010,0.005000,seek,0.000000,0.000000,0.008000,0.000000,0.000000,0.000000,-0.206536,0.001436,18408
43.043092,685582.328085,0.005000,seek,0.000000,0.000000,0.008000,0.000000,0.000000,0.000000,-0.161111,0.001016,18410
43.048093,685582.333161,0.005000,seek,0.000000,0.000000,0.008000,0.000000,0.000000,0.000000,-0.090881,0.005955,18412
43.053092,685582.338242,0.005000,seek,0.000000,0.000000,0.008000,0.000000,0.000000,0.000000,-0.122902,0.004806,18414
43.058092,685582.343318,0.005000,seek,0.000000,0.000000,0.008000,0.000000,0.000000,0.000000,-0.162972,0.004758,18416
43.063092,685582.348528,0.005000,seek,0.000000,0.000000,0.008000,0.000000,0.000000,0.000000,-0.059442,0.000976,18418
43.068092,685582.353676,0.005000,seek,0.000000,0.000000,0.008000,0.000000,0.000000,0.000000,0.055390,0.005917,18420
43.073092,685582.358768,0.005000,seek,0.000000,0.000000,0.008000,0.000000,0.000000,0.000000,0.042089,0.001007,18422
43.078092,685582.363903,0.005000,seek,0.000000,0.000000,0.008000,0.000000,0.000000,0.000000,0.018704,0.005948,18424
43.083092,685582.369037,0.005000,seek,0.000000,0.000000,0.008000,0.000000,0.000000,0.000000,0.068305,0.001461,18426
43.088092,685582.374147,0.005000,seek,0.000000,0.000000,0.008000,0.000000,0.000000,0.000000,0.085475,0.000989,18428
43.093092,685582.379236,0.005000,seek,0.000000,0.000000,0.008000,0.000000,0.000000,0.000000,0.048651,0.005931,18430
43.098092,685582.384378,0.005000,seek,0.000000,0.000000,0.008000,0.000000,0.000000,0.000000,0.066773,0.000927,18432
43.103093,685582.389496,0.005001,seek,0.000000,0.000000,0.008000,0.000000,0.000000,0.000000,0.089219,0.005871,18434
43.108092,685582.394614,0.004999,seek,0.000000,0.000000,0.008000,0.000000,0.000000,0.000000,0.178434,0.000967,18436
43.113093,685582.399726,0.005001,seek,0.000000,0.000000,0.008000,0.000000,0.000000,0.000000,0.272905,0.005910,18438
43.118093,685582.404863,0.005000,seek,0.000000,0.000000,0.008000,0.000000,0.000000,0.000000,0.265958,0.004817,18440
43.123093,685582.409977,0.005000,seek,0.000000,0.000000,0.008000,0.000000,0.000000,0.000000,0.259051,0.001430,18442
43.128093,685582.415189,0.005000,seek,0.000000,0.000000,0.008000,0.000000,0.000000,0.000000,0.300038,0.001012,18444
43.133092,685582.420293,0.005000,seek,0.000000,0.000000,0.008000,0.000000,0.000000,0.000000,0.336774,0.005954,18446
43.138093,685582.425505,0.005000,seek,0.000000,0.000000,0.008000,0.000000,0.000000,0.000000,0.360730,0.004806,18448
43.143093,685582.430649,0.005000,seek,0.000000,0.000000,0.008000,0.000000,0.000000,0.000000,0.435453,0.004743,18450
43.148093,685582.435851,0.005000,seek,0.000000,0.000000,0.008000,0.000000,0.000000,0.000000,0.429914,0.004747,18452
43.153093,685582.441054,0.005000,seek,0.000000,0.000000,0.008000,0.000000,0.000000,0.000000,0.470309,0.001452,18454
43.158092,685582.446158,0.004999,seek,0.000000,0.000000,0.008000,0.000000,0.000000,0.000000,0.564683,0.000940,18456
43.163093,685582.451264,0.005001,seek,0.000000,0.000000,0.008000,0.000000,0.000000,0.000000,0.559281,0.005883,18458
43.168093,685582.456368,0.005000,seek,0.000000,0.000000,0.008000,0.000000,0.000000,0.000000,0.506894,0.004758,18460
43.173092,685582.461515,0.004999,seek,0.000000,0.000000,0.008000,0.000000,0.000000,0.000000,0.621909,0.000999,18462
43.183093,685582.466779,0.010001,seek,0.000000,0.000000,0.008000,0.000000,0.000000,0.000000,0.781772,0.004789,18466
43.188093,685582.471915,0.004999,seek,0.000000,0.000000,0.008000,0.000000,0.000000,0.000000,0.688775,0.004192,18468
43.193093,685582.477012,0.005000,seek,0.000000,0.000000,0.008000,0.000000,0.000000,0.000000,0.660808,0.004322,18470
43.198092,685582.482103,0.005000,seek,0.000000,0.000000,0.008000,0.000000,0.000000,0.000000,0.766675,0.004736,18472
43.203093,685582.487185,0.005000,seek,0.000000,0.000000,0.008000,0.000000,0.000000,0.000000,0.841785,0.000973,18474
43.208092,685582.492315,0.005000,seek,0.000000,0.000000,0.008000,0.000000,0.000000,0.000000,0.842692,0.005909,18476
43.213093,685582.497445,0.005001,seek,0.000000,0.000000,0.008000,0.000000,0.000000,0.000000,0.859089,0.004749,18478
43.218093,685582.502575,0.005000,seek,0.000000,0.000000,0.008000,0.000000,0.000000,0.000000,0.918328,0.004759,18480
43.223093,685582.507694,0.005000,seek,0.000000,0.000000,0.008000,0.000000,0.000000,0.000000,0.980846,0.001382,18482
43.228093,685582.512807,0.004999,seek,0.000000,0.000000,0.008000,0.000000,0.000000,0.000000,1.001998,0.006312,18484
43.233093,685582.517922,0.005001,seek,0.000000,0.000000,0.008000,0.000000,0.000000,0.000000,1.045938,0.004805,18486
43.238093,685582.523041,0.005000,seek,0.000000,0.000000,0.008000,0.000000,0.000000,0.000000,1.032637,0.001426,18488
43.243093,685582.528216,0.005000,seek,0.000000,0.000000,0.008000,0.000000,0.000000,0.000000,1.057567,0.000987,18490
43.248093,685582.533323,0.005000,seek,0.000000,0.000000,0.008000,0.000000,0.000000,0.000000,1.144541,0.005914,18492
43.253092,685582.538466,0.005000,seek,0.000000,0.000000,0.008000,0.000000,0.000000,0.000000,1.250783,0.001038,18494
43.253092,685582.538523,0.000001,seat,0.000000,0.000000,0.002000,0.000000,0.000000,0.000000,1.250783,0.001038,18494
43.258093,685582.543639,0.005000,seat,0.000000,0.000000,0.002000,0.000000,0.000000,0.000000,1.358541,0.005959,18496
43.263092,685582.548760,0.004999,seat,0.000000,0.000000,0.002000,0.000000,0.000000,0.000000,1.336825,0.001357,18498
43.268092,685582.553968,0.005000,seat,0.000000,0.000000,0.002000,0.000000,0.000000,0.000000,1.294300,0.000906,18500
43.273093,685582.559157,0.005001,seat,0.000000,0.000000,0.002000,0.000000,0.000000,0.000000,1.280333,0.005843,18502
43.278097,685582.564354,0.005004,seat,0.000000,0.000000,0.002000,0.000000,0.000000,0.000000,1.403112,0.004862,18504
43.283093,685582.569460,0.004996,seat,0.000000,0.000000,0.002000,0.000000,0.000000,0.000000,1.450310,0.001383,18506
43.288092,685582.574598,0.004999,seat,0.000000,0.000000,0.002000,0.000000,0.000000,0.000000,1.439635,0.001013,18508
43.293093,685582.579820,0.005001,seat,0.000000,0.000000,0.002000,0.000000,0.000000,0.000000,1.510746,0.005958,18510
43.298093,685582.584991,0.005000,seat,0.000000,0.000000,0.002000,0.000000,0.000000,0.000000,1.555207,0.004799,18512
43.303093,685582.590188,0.005000,seat,0.000000,0.000000,0.002000,0.000000,0.000000,0.000000,1.552339,0.004750,18514
43.308093,685582.595294,0.005000,seat,0.000000,0.000000,0.002000,0.000000,0.000000,0.000000,1.417649,0.001410,18516
43.313093,685582.600422,0.005000,seat,0.000000,0.000000,0.002000,0.000000,0.000000,0.000000,1.499447,0.001010,18518
43.318093,685582.605569,0.005001,seat,0.000000,0.000000,0.002000,0.000000,0.000000,0.000000,1.687516,0.005948,18520
43.323093,685582.610723,0.005000,seat,0.000000,0.000000,0.002000,0.000000,0.000000,0.000000,1.730887,0.004808,18522
43.328096,685582.615950,0.005004,seat,0.000000,0.000000,0.002000,0.000000,0.000000,0.000000,1.849686,0.004778,18524
43.333093,685582.621197,0.004996,contact_chirp,0.000000,0.000000,0.000377,0.000000,0.000000,0.000000,1.772136,0.000849,18526
43.338093,685582.626313,0.005000,contact_chirp,0.000000,0.000000,0.000377,0.000000,0.000000,0.000000,1.592318,0.005792,18528
43.348093,685582.631467,0.010000,contact_chirp,0.000000,0.000000,0.000377,0.000000,0.000000,0.000000,1.658399,0.004268,18532
43.353092,685582.636773,0.005000,contact_chirp,0.000000,0.000000,0.000378,0.000000,0.000000,0.000000,1.746060,0.004311,18534
43.358093,685582.641934,0.005001,contact_chirp,0.000000,0.000000,0.000378,0.000000,0.000000,0.000000,1.782471,0.004723,18536
43.363093,685582.647149,0.005000,contact_chirp,0.000000,0.000000,0.000378,0.000000,0.000000,0.000000,1.814849,0.004272,18538
43.368092,685582.652268,0.005000,contact_chirp,0.000000,0.000000,0.000378,0.000000,0.000000,0.000000,1.805180,0.001013,18540
43.373092,685582.657492,0.005000,contact_chirp,0.000000,0.000000,0.000378,0.000000,0.000000,0.000000,1.792201,0.005957,18542
43.378093,685582.662649,0.005000,contact_chirp,0.000000,0.000000,0.000378,0.000000,0.000000,0.000000,1.822434,0.004813,18544
43.383092,685582.667861,0.005000,contact_chirp,0.000000,0.000000,0.000378,0.000000,0.000000,0.000000,1.709198,0.001400,18546
43.388093,685582.673071,0.005000,contact_chirp,0.000000,0.000000,0.000378,0.000000,0.000000,0.000000,1.627417,0.000999,18548
43.393093,685582.678197,0.005000,contact_chirp,0.000000,0.000000,0.000378,0.000000,0.000000,0.000000,1.694982,0.005939,18550
43.398092,685582.683416,0.005000,contact_chirp,0.000000,0.000000,0.000377,0.000000,0.000000,0.000000,1.811186,0.001388,18552
43.403092,685582.688532,0.005000,contact_chirp,0.000000,0.000000,0.000377,0.000000,0.000000,0.000000,1.931217,0.006319,18554
43.408093,685582.693738,0.005000,contact_chirp,0.000000,0.000000,0.000377,0.000000,0.000000,0.000000,1.896716,0.004812,18556
43.413093,685582.698949,0.005000,contact_chirp,0.000000,0.000000,0.000377,0.000000,0.000000,0.000000,1.778822,0.001010,18558
43.418092,685582.704161,0.005000,contact_chirp,0.000000,0.000000,0.000376,0.000000,0.000000,0.000000,1.698312,0.005943,18560
43.423092,685582.709281,0.005000,contact_chirp,0.000000,0.000000,0.000376,0.000000,0.000000,0.000000,1.759511,0.004814,18562
43.428095,685582.714399,0.005003,contact_chirp,0.000000,0.000000,0.000376,0.000000,0.000000,0.000000,1.861617,0.001456,18564
43.433093,685582.719570,0.004997,contact_chirp,0.000000,0.000000,0.000375,0.000000,0.000000,0.000000,1.850082,0.000839,18566
43.438093,685582.724787,0.005000,contact_chirp,0.000000,0.000000,0.000375,0.000000,0.000000,0.000000,1.793151,0.001438,18568
43.443092,685582.729991,0.005000,contact_chirp,0.000000,0.000000,0.000374,0.000000,0.000000,0.000000,1.786075,0.001003,18570
43.448092,685582.735177,0.005000,contact_chirp,0.000000,0.000000,0.000374,0.000000,0.000000,0.000000,1.789623,0.005949,18572
43.453093,685582.740294,0.005000,contact_chirp,0.000000,0.000000,0.000373,0.000000,0.000000,0.000000,1.807758,0.001028,18574
43.458092,685582.745413,0.005000,contact_chirp,0.000000,0.000000,0.000373,0.000000,0.000000,0.000000,1.827042,0.005970,18576
43.463092,685582.750570,0.005000,contact_chirp,0.000000,0.000000,0.000372,0.000000,0.000000,0.000000,1.798448,0.001339,18578
43.468093,685582.755824,0.005000,contact_chirp,0.000000,0.000000,0.000371,0.000000,0.000000,0.000000,1.762448,0.000953,18580
43.473093,685582.761042,0.005000,contact_chirp,0.000000,0.000000,0.000370,0.000000,0.000000,0.000000,1.755975,0.005893,18582
43.478095,685582.766284,0.005002,contact_chirp,0.000000,0.000000,0.000370,0.000000,0.000000,0.000000,1.760419,0.004814,18584
43.483093,685582.771402,0.004997,contact_chirp,0.000000,0.000000,0.000369,0.000000,0.000000,0.000000,1.791515,0.000822,18586
43.493093,685582.776575,0.010000,contact_chirp,0.000000,0.000000,0.000368,0.000000,0.000000,0.000000,1.761628,0.005976,18590
43.498093,685582.781787,0.005000,contact_chirp,0.000000,0.000000,0.000367,0.000000,0.000000,0.000000,1.777921,0.001445,18592
43.503093,685582.787006,0.005001,contact_chirp,0.000000,0.000000,0.000366,0.000000,0.000000,0.000000,1.799606,0.001079,18594
43.508093,685582.792131,0.004999,contact_chirp,0.000000,0.000000,0.000365,0.000000,0.000000,0.000000,1.803132,0.006013,18596
43.513092,685582.797260,0.004999,contact_chirp,0.000000,0.000000,0.000364,0.000000,0.000000,0.000000,1.803409,0.004806,18598
43.518092,685582.802381,0.005000,contact_chirp,0.000000,0.000000,0.000363,0.000000,0.000000,0.000000,1.801029,0.001029,18600
43.523093,685582.807535,0.005001,contact_chirp,0.000000,0.000000,0.000362,0.000000,0.000000,0.000000,1.798440,0.005976,18602
43.528095,685582.812746,0.005002,contact_chirp,0.000000,0.000000,0.000361,0.000000,0.000000,0.000000,1.790776,0.001518,18604
43.533092,685582.817971,0.004997,contact_chirp,0.000000,0.000000,0.000360,0.000000,0.000000,0.000000,1.789147,0.001108,18606
43.538093,685582.823231,0.005001,contact_chirp,0.000000,0.000000,0.000359,0.000000,0.000000,0.000000,1.795453,0.006060,18608
43.543093,685582.828404,0.005000,contact_chirp,0.000000,0.000000,0.000357,0.000000,0.000000,0.000000,1.771680,0.001026,18610
43.548093,685582.833592,0.005000,contact_chirp,0.000000,0.000000,0.000356,0.000000,0.000000,0.000000,1.745540,0.005975,18612
43.553092,685582.838714,0.005000,contact_chirp,0.000000,0.000000,0.000355,0.000000,0.000000,0.000000,1.739674,0.004121,18614
43.558093,685582.843933,0.005000,contact_chirp,0.000000,0.000000,0.000353,0.000000,0.000000,0.000000,1.758691,0.001021,18616
43.563093,685582.849158,0.005000,contact_chirp,0.000000,0.000000,0.000352,0.000000,0.000000,0.000000,1.783475,0.005962,18618
43.568093,685582.854275,0.005000,contact_chirp,0.000000,0.000000,0.000351,0.000000,0.000000,0.000000,1.750288,0.001466,18620
43.573093,685582.859393,0.005000,contact_chirp,0.000000,0.000000,0.000349,0.000000,0.000000,0.000000,1.702307,0.000976,18622
43.578093,685582.864609,0.005000,contact_chirp,0.000000,0.000000,0.000348,0.000000,0.000000,0.000000,1.688300,0.005920,18624
43.583093,685582.869760,0.005000,contact_chirp,0.000000,0.000000,0.000346,0.000000,0.000000,0.000000,1.715860,0.001381,18626
43.588093,685582.874981,0.004999,contact_chirp,0.000000,0.000000,0.000345,0.000000,0.000000,0.000000,1.742716,0.000952,18628
43.593093,685582.880176,0.005000,contact_chirp,0.000000,0.000000,0.000343,0.000000,0.000000,0.000000,1.740853,0.005895,18630
43.598093,685582.885298,0.005000,contact_chirp,0.000000,0.000000,0.000341,0.000000,0.000000,0.000000,1.711593,0.000950,18632
43.603093,685582.890416,0.005000,contact_chirp,0.000000,0.000000,0.000340,0.000000,0.000000,0.000000,1.680177,0.005893,18634
43.608093,685582.895534,0.005000,contact_chirp,0.000000,0.000000,0.000338,0.000000,0.000000,0.000000,1.647902,0.001496,18636
43.613093,685582.900776,0.004999,contact_chirp,0.000000,0.000000,0.000336,0.000000,0.000000,0.000000,1.615385,0.000951,18638
43.618092,685582.905893,0.005000,contact_chirp,0.000000,0.000000,0.000334,0.000000,0.000000,0.000000,1.620960,0.001217,18640
43.623092,685582.911108,0.005000,contact_chirp,0.000000,0.000000,0.000332,0.000000,0.000000,0.000000,1.629707,0.006156,18642
43.628096,685582.916227,0.005004,contact_chirp,0.000000,0.000000,0.000331,0.000000,0.000000,0.000000,1.654708,0.004437,18644
43.633093,685582.921403,0.004996,contact_chirp,0.000000,0.000000,0.000329,0.000000,0.000000,0.000000,1.675360,0.004133,18646
43.643093,685582.926561,0.010000,contact_chirp,0.000000,0.000000,0.000327,0.000000,0.000000,0.000000,1.640560,0.000978,18650
43.648092,685582.931691,0.005000,contact_chirp,0.000000,0.000000,0.000325,0.000000,0.000000,0.000000,1.601008,0.005921,18652
43.653092,685582.936822,0.005000,contact_chirp,0.000000,0.000000,0.000323,0.000000,0.000000,0.000000,1.585188,0.001347,18654
43.658093,685582.941958,0.005000,contact_chirp,0.000000,0.000000,0.000321,0.000000,0.000000,0.000000,1.571236,0.006287,18656
43.663093,685582.947092,0.005000,contact_chirp,0.000000,0.000000,0.000318,0.000000,0.000000,0.000000,1.589506,0.000994,18658
43.668092,685582.952254,0.004999,contact_chirp,0.000000,0.000000,0.000316,0.000000,0.000000,0.000000,1.610312,0.005914,18660
43.673093,685582.957402,0.005001,contact_chirp,0.000000,0.000000,0.000314,0.000000,0.000000,0.000000,1.585621,0.000990,18662
43.678092,685582.962554,0.004999,contact_chirp,0.000000,0.000000,0.000312,0.000000,0.000000,0.000000,1.557348,0.005925,18664
43.683093,685582.967666,0.005000,contact_chirp,0.000000,0.000000,0.000310,0.000000,0.000000,0.000000,1.572123,0.000902,18666
43.688093,685582.972779,0.005000,contact_chirp,0.000000,0.000000,0.000307,0.000000,0.000000,0.000000,1.569363,0.001419,18668
43.693092,685582.978010,0.005000,contact_chirp,0.000000,0.000000,0.000305,0.000000,0.000000,0.000000,1.548222,0.006359,18670
43.698092,685582.983219,0.005000,contact_chirp,0.000000,0.000000,0.000303,0.000000,0.000000,0.000000,1.518960,0.001432,18672
43.703092,685582.988336,0.005000,contact_chirp,0.000000,0.000000,0.000300,0.000000,0.000000,0.000000,1.489059,0.006374,18674
43.708093,685582.993451,0.005000,contact_chirp,0.000000,0.000000,0.000298,0.000000,0.000000,0.000000,1.485871,0.000959,18676
43.713092,685582.998617,0.005000,contact_chirp,0.000000,0.000000,0.000295,0.000000,0.000000,0.000000,1.484786,0.005896,18678
43.718092,685583.003841,0.005000,contact_chirp,0.000000,0.000000,0.000293,0.000000,0.000000,0.000000,1.444716,0.004806,18680
43.723093,685583.008957,0.005001,contact_chirp,0.000000,0.000000,0.000290,0.000000,0.000000,0.000000,1.413962,0.004361,18682
43.728092,685583.014094,0.005000,contact_chirp,0.000000,0.000000,0.000288,0.000000,0.000000,0.000000,1.475963,0.000873,18684
43.733093,685583.019217,0.005000,contact_chirp,0.000000,0.000000,0.000285,0.000000,0.000000,0.000000,1.492243,0.001469,18686
43.738093,685583.024363,0.005001,contact_chirp,0.000000,0.000000,0.000282,0.000000,0.000000,0.000000,1.388735,0.001001,18688
43.743093,685583.029516,0.005000,contact_chirp,0.000000,0.000000,0.000280,0.000000,0.000000,0.000000,1.316435,0.005946,18690
43.748092,685583.034677,0.004999,contact_chirp,0.000000,0.000000,0.000277,0.000000,0.000000,0.000000,1.406459,0.001301,18692
43.753093,685583.039894,0.005000,contact_chirp,0.000000,0.000000,0.000274,0.000000,0.000000,0.000000,1.528251,0.000844,18694
43.758093,685583.045136,0.005000,contact_chirp,0.000000,0.000000,0.000271,0.000000,0.000000,0.000000,1.445712,0.001446,18696
43.763093,685583.050254,0.005000,contact_chirp,0.000000,0.000000,0.000269,0.000000,0.000000,0.000000,1.375483,0.000873,18698
43.768093,685583.055371,0.005000,contact_chirp,0.000000,0.000000,0.000266,0.000000,0.000000,0.000000,1.417339,0.005819,18700
43.773093,685583.060528,0.005000,contact_chirp,0.000000,0.000000,0.000263,0.000000,0.000000,0.000000,1.435968,0.001363,18702
43.778093,685583.065741,0.005000,contact_chirp,0.000000,0.000000,0.000260,0.000000,0.000000,0.000000,1.439302,0.000918,18704
43.783093,685583.070952,0.005000,contact_chirp,0.000000,0.000000,0.000257,0.000000,0.000000,0.000000,1.426098,0.005853,18706
43.788093,685583.076064,0.005001,contact_chirp,0.000000,0.000000,0.000254,0.000000,0.000000,0.000000,1.424663,0.004805,18708
43.793093,685583.081174,0.004999,contact_chirp,0.000000,0.000000,0.000251,0.000000,0.000000,0.000000,1.407272,0.000860,18710
43.798093,685583.086282,0.005000,contact_chirp,0.000000,0.000000,0.000248,0.000000,0.000000,0.000000,1.389022,0.005793,18712
43.803093,685583.091420,0.005000,contact_chirp,0.000000,0.000000,0.000245,0.000000,0.000000,0.000000,1.373819,0.000831,18714
43.813093,685583.096550,0.010000,contact_chirp,0.000000,0.000000,0.000242,0.000000,0.000000,0.000000,1.472441,0.000934,18718
43.813093,685583.101656,0.000001,contact_chirp,0.000000,0.000000,0.000238,0.000000,0.000000,0.000000,1.472441,0.000934,18718
43.823093,685583.106761,0.010000,contact_chirp,0.000000,0.000000,0.000235,0.000000,0.000000,0.000000,1.400310,0.001134,18722
43.828093,685583.111866,0.005000,contact_chirp,0.000000,0.000000,0.000232,0.000000,0.000000,0.000000,1.317186,0.006063,18724
43.833093,685583.116970,0.005000,contact_chirp,0.000000,0.000000,0.000229,0.000000,0.000000,0.000000,1.321229,0.000901,18726
43.838093,685583.122073,0.005000,contact_chirp,0.000000,0.000000,0.000226,0.000000,0.000000,0.000000,1.332132,0.005838,18728
43.843093,685583.127176,0.005001,contact_chirp,0.000000,0.000000,0.000222,0.000000,0.000000,0.000000,1.321186,0.004799,18730
43.848093,685583.132279,0.005000,contact_chirp,0.000000,0.000000,0.000219,0.000000,0.000000,0.000000,1.382981,0.004751,18732
43.853093,685583.137382,0.005000,contact_chirp,0.000000,0.000000,0.000216,0.000000,0.000000,0.000000,1.373688,0.001384,18734
43.858093,685583.142500,0.004999,contact_chirp,0.000000,0.000000,0.000212,0.000000,0.000000,0.000000,1.335744,0.000971,18736
43.863093,685583.147621,0.005001,contact_chirp,0.000000,0.000000,0.000209,0.000000,0.000000,0.000000,1.384163,0.005917,18738
43.868093,685583.152744,0.005000,contact_chirp,0.000000,0.000000,0.000205,0.000000,0.000000,0.000000,1.368070,0.004801,18740
43.873093,685583.157867,0.005000,contact_chirp,0.000000,0.000000,0.000202,0.000000,0.000000,0.000000,1.341093,0.001439,18742
43.878092,685583.162991,0.004999,contact_chirp,0.000000,0.000000,0.000198,0.000000,0.000000,0.000000,1.311422,0.001004,18744
43.883093,685583.168121,0.005000,contact_chirp,0.000000,0.000000,0.000195,0.000000,0.000000,0.000000,1.287347,0.005945,18746
43.888093,685583.173245,0.005000,contact_chirp,0.000000,0.000000,0.000191,0.000000,0.000000,0.000000,1.307554,0.000920,18748
43.893093,685583.178369,0.005000,contact_chirp,0.000000,0.000000,0.000188,0.000000,0.000000,0.000000,1.331245,0.005856,18750
43.898093,685583.183493,0.005000,contact_chirp,0.000000,0.000000,0.000184,0.000000,0.000000,0.000000,1.286882,0.004791,18752
43.903093,685583.188615,0.005000,contact_chirp,0.000000,0.000000,0.000180,0.000000,0.000000,0.000000,1.226865,0.000933,18754
43.908093,685583.193738,0.005000,contact_chirp,0.000000,0.000000,0.000177,0.000000,0.000000,0.000000,1.211845,0.005873,18756
43.913092,685583.198859,0.005000,contact_chirp,0.000000,0.000000,0.000173,0.000000,0.000000,0.000000,1.231722,0.004807,18758
43.918092,685583.203985,0.005000,contact_chirp,0.000000,0.000000,0.000169,0.000000,0.000000,0.000000,1.260547,0.001440,18760
43.923093,685583.209112,0.005001,contact_chirp,0.000000,0.000000,0.000166,0.000000,0.000000,0.000000,1.311241,0.001025,18762
43.928093,685583.214238,0.005000,contact_chirp,0.000000,0.000000,0.000162,0.000000,0.000000,0.000000,1.357456,0.005961,18764
43.933093,685583.219362,0.005000,contact_chirp,0.000000,0.000000,0.000158,0.000000,0.000000,0.000000,1.308057,0.000974,18766
43.938092,685583.224483,0.005000,contact_chirp,0.000000,0.000000,0.000154,0.000000,0.000000,0.000000,1.251133,0.005914,18768
43.943092,685583.229605,0.005000,contact_chirp,0.000000,0.000000,0.000150,0.000000,0.000000,0.000000,1.236820,0.004286,18770
43.948093,685583.234729,0.005000,contact_chirp,0.000000,0.000000,0.000146,0.000000,0.000000,0.000000,1.225862,0.004297,18772
43.953092,685583.239852,0.005000,contact_chirp,0.000000,0.000000,0.000143,0.000000,0.000000,0.000000,1.201525,0.004762,18774
43.958093,685583.244976,0.005000,contact_chirp,0.000000,0.000000,0.000139,0.000000,0.000000,0.000000,1.176135,0.004759,18776
43.963093,685583.250065,0.005000,contact_chirp,0.000000,0.000000,0.000135,0.000000,0.000000,0.000000,1.193141,0.004752,18778
43.968092,685583.255188,0.005000,contact_chirp,0.000000,0.000000,0.000131,0.000000,0.000000,0.000000,1.213484,0.004768,18780
43.973092,685583.260311,0.005000,contact_chirp,0.000000,0.000000,0.000127,0.000000,0.000000,0.000000,1.203246,0.004760,18782
43.978092,685583.265431,0.005000,contact_chirp,0.000000,0.000000,0.000123,0.000000,0.000000,0.000000,1.208282,0.004752,18784
43.983092,685583.270559,0.005000,contact_chirp,0.000000,0.000000,0.000119,0.000000,0.000000,0.000000,1.246058,0.004756,18786
43.988092,685583.275684,0.005000,contact_chirp,0.000000,0.000000,0.000115,0.000000,0.000000,0.000000,1.227145,0.004765,18788
43.993093,685583.280809,0.005000,contact_chirp,0.000000,0.000000,0.000110,0.000000,0.000000,0.000000,1.209979,0.004754,18790
43.998092,685583.285934,0.005000,contact_chirp,0.000000,0.000000,0.000106,0.000000,0.000000,0.000000,1.182214,0.004754,18792
44.003093,685583.291058,0.005000,contact_chirp,0.000000,0.000000,0.000102,0.000000,0.000000,0.000000,1.176038,0.000870,18794
44.008093,685583.296169,0.005000,contact_chirp,0.000000,0.000000,0.000098,0.000000,0.000000,0.000000,1.223884,0.005805,18796
44.013093,685583.301276,0.005000,contact_chirp,0.000000,0.000000,0.000094,0.000000,0.000000,0.000000,1.197529,0.001078,18798
44.018092,685583.306381,0.005000,contact_chirp,0.000000,0.000000,0.000090,0.000000,0.000000,0.000000,1.165333,0.006013,18800
44.023093,685583.311487,0.005000,contact_chirp,0.000000,0.000000,0.000086,0.000000,0.000000,0.000000,1.137200,0.004819,18802
44.033093,685583.316591,0.010000,contact_chirp,0.000000,0.000000,0.000081,0.000000,0.000000,0.000000,1.152459,0.001036,18806
44.038093,685583.321696,0.005001,contact_chirp,0.000000,0.000000,0.000077,0.000000,0.000000,0.000000,1.174786,0.005999,18808
44.043093,685583.326800,0.005000,contact_chirp,0.000000,0.000000,0.000073,0.000000,0.000000,0.000000,1.128391,0.000902,18810
44.048092,685583.331906,0.005000,contact_chirp,0.000000,0.000000,0.000069,0.000000,0.000000,0.000000,1.076588,0.005841,18812
44.053093,685583.337018,0.005000,contact_chirp,0.000000,0.000000,0.000064,0.000000,0.000000,0.000000,1.076044,0.000953,18814
44.058094,685583.342124,0.005001,contact_chirp,0.000000,0.000000,0.000060,0.000000,0.000000,0.000000,1.079536,0.005899,18816
44.063093,685583.347229,0.004999,contact_chirp,0.000000,0.000000,0.000056,0.000000,0.000000,0.000000,1.062165,0.001455,18818
44.068093,685583.352334,0.005000,contact_chirp,0.000000,0.000000,0.000051,0.000000,0.000000,0.000000,1.051080,0.000894,18820
44.073094,685583.357452,0.005001,contact_chirp,0.000000,0.000000,0.000047,0.000000,0.000000,0.000000,1.058133,0.005843,18822
44.078093,685583.362577,0.005000,contact_chirp,0.000000,0.000000,0.000043,0.000000,0.000000,0.000000,1.110929,0.000987,18824
44.083093,685583.367703,0.005000,contact_chirp,0.000000,0.000000,0.000038,0.000000,0.000000,0.000000,1.167325,0.005922,18826
44.088092,685583.372887,0.005000,contact_chirp,0.000000,0.000000,0.000034,0.000000,0.000000,0.000000,1.113357,0.004807,18828
44.093093,685583.378015,0.005000,contact_chirp,0.000000,0.000000,0.000030,0.000000,0.000000,0.000000,0.997254,0.000881,18830
44.098092,685583.383144,0.005000,contact_chirp,0.000000,0.000000,0.000025,0.000000,0.000000,0.000000,0.934666,0.005814,18832
44.103093,685583.388274,0.005000,contact_chirp,0.000000,0.000000,0.000021,0.000000,0.000000,0.000000,0.969167,0.001007,18834
44.108092,685583.393460,0.005000,contact_chirp,0.000000,0.000000,0.000016,0.000000,0.000000,0.000000,1.011310,0.005944,18836
44.113093,685583.398581,0.005001,contact_chirp,0.000000,0.000000,0.000012,0.000000,0.000000,0.000000,1.035125,0.000988,18838
44.118092,685583.403702,0.004999,contact_chirp,0.000000,0.000000,0.000007,0.000000,0.000000,0.000000,1.057498,0.005924,18840
44.123092,685583.408824,0.005000,contact_chirp,0.000000,0.000000,0.000003,0.000000,0.000000,0.000000,1.068843,0.004820,18842
44.128092,685583.413944,0.005000,contact_chirp,0.000000,0.000000,-0.000002,0.000000,0.000000,0.000000,1.057268,0.004341,18844
44.133092,685583.419059,0.005000,contact_chirp,0.000000,0.000000,-0.000006,0.000000,0.000000,0.000000,1.036812,0.004755,18846
44.138092,685583.424214,0.005000,contact_chirp,0.000000,0.000000,-0.000011,0.000000,0.000000,0.000000,1.012144,0.001442,18848
44.143092,685583.429351,0.005000,contact_chirp,0.000000,0.000000,-0.000015,0.000000,0.000000,0.000000,0.962472,0.001014,18850
44.148092,685583.434473,0.005000,contact_chirp,0.000000,0.000000,-0.000020,0.000000,0.000000,0.000000,0.936398,0.005953,18852
44.153092,685583.439670,0.005000,contact_chirp,0.000000,0.000000,-0.000024,0.000000,0.000000,0.000000,0.983024,0.004243,18854
44.158092,685583.444790,0.004999,contact_chirp,0.000000,0.000000,-0.000029,0.000000,0.000000,0.000000,0.970735,0.004245,18856
44.163092,685583.449912,0.005000,contact_chirp,0.000000,0.000000,-0.000033,0.000000,0.000000,0.000000,0.959568,0.004110,18858
44.168092,685583.455038,0.005000,contact_chirp,0.000000,0.000000,-0.000038,0.000000,0.000000,0.000000,0.955441,0.000985,18860
44.173092,685583.460159,0.005000,contact_chirp,0.000000,0.000000,-0.000042,0.000000,0.000000,0.000000,0.897431,0.005930,18862
44.178092,685583.465280,0.005000,contact_chirp,0.000000,0.000000,-0.000047,0.000000,0.000000,0.000000,0.922941,0.001041,18864
44.183092,685583.470403,0.005000,contact_chirp,0.000000,0.000000,-0.000052,0.000000,0.000000,0.000000,0.955025,0.005983,18866
44.188092,685583.475526,0.005000,contact_chirp,0.000000,0.000000,-0.000056,0.000000,0.000000,0.000000,0.925802,0.004424,18868
44.193092,685583.480647,0.005000,contact_chirp,0.000000,0.000000,-0.000061,0.000000,0.000000,0.000000,0.894543,0.004165,18870
44.198093,685583.485767,0.005000,contact_chirp,0.000000,0.000000,-0.000065,0.000000,0.000000,0.000000,0.903585,0.000919,18872
44.203092,685583.490888,0.004999,contact_chirp,0.000000,0.000000,-0.000070,0.000000,0.000000,0.000000,0.913011,0.005860,18874
44.208092,685583.495996,0.005000,contact_chirp,0.000000,0.000000,-0.000074,0.000000,0.000000,0.000000,0.852614,0.001002,18876
44.213093,685583.501112,0.005000,contact_chirp,0.000000,0.000000,-0.000079,0.000000,0.000000,0.000000,0.786723,0.005942,18878
44.218092,685583.506221,0.005000,contact_chirp,0.000000,0.000000,-0.000083,0.000000,0.000000,0.000000,0.835224,0.001049,18880
44.223093,685583.511330,0.005001,contact_chirp,0.000000,0.000000,-0.000088,0.000000,0.000000,0.000000,0.892727,0.005997,18882
44.228093,685583.516434,0.005000,contact_chirp,0.000000,0.000000,-0.000093,0.000000,0.000000,0.000000,0.896088,0.001044,18884
44.238093,685583.521537,0.010000,contact_chirp,0.000000,0.000000,-0.000097,0.000000,0.000000,0.000000,0.854220,0.000978,18888
44.243092,685583.526641,0.004999,contact_chirp,0.000000,0.000000,-0.000102,0.000000,0.000000,0.000000,0.810099,0.005917,18890
44.248093,685583.531747,0.005001,contact_chirp,0.000000,0.000000,-0.000106,0.000000,0.000000,0.000000,0.811033,0.001053,18892
44.253093,685583.536853,0.004999,contact_chirp,0.000000,0.000000,-0.000111,0.000000,0.000000,0.000000,0.815513,0.005992,18894
44.258093,685583.541957,0.005000,contact_chirp,0.000000,0.000000,-0.000115,0.000000,0.000000,0.000000,0.805089,0.001017,18896
44.263092,685583.547065,0.005000,contact_chirp,0.000000,0.000000,-0.000120,0.000000,0.000000,0.000000,0.793491,0.005961,18898
44.268093,685583.552205,0.005001,contact_chirp,0.000000,0.000000,-0.000124,0.000000,0.000000,0.000000,0.858093,0.004843,18900
44.273093,685583.557324,0.005000,contact_chirp,0.000000,0.000000,-0.000129,0.000000,0.000000,0.000000,0.855347,0.004209,18902
44.278093,685583.562432,0.005001,contact_chirp,0.000000,0.000000,-0.000133,0.000000,0.000000,0.000000,0.816317,0.004323,18904
44.283093,685583.567535,0.005000,contact_chirp,0.000000,0.000000,-0.000138,0.000000,0.000000,0.000000,0.849367,0.001343,18906
44.288092,685583.572628,0.005000,contact_chirp,0.000000,0.000000,-0.000142,0.000000,0.000000,0.000000,0.776650,0.000911,18908
44.293093,685583.577794,0.005000,contact_chirp,0.000000,0.000000,-0.000147,0.000000,0.000000,0.000000,0.694020,0.005854,18910
44.298093,685583.582933,0.005000,contact_chirp,0.000000,0.000000,-0.000151,0.000000,0.000000,0.000000,0.707581,0.000985,18912
44.303092,685583.588059,0.004999,contact_chirp,0.000000,0.000000,-0.000156,0.000000,0.000000,0.000000,0.728712,0.005912,18914
44.308092,685583.593170,0.005000,contact_chirp,0.000000,0.000000,-0.000160,0.000000,0.000000,0.000000,0.716330,0.001397,18916
44.313092,685583.598271,0.005000,contact_chirp,0.000000,0.000000,-0.000165,0.000000,0.000000,0.000000,0.701310,0.006338,18918
44.318093,685583.603449,0.005000,contact_chirp,0.000000,0.000000,-0.000169,0.000000,0.000000,0.000000,0.723292,0.001002,18920
44.323092,685583.608577,0.005000,contact_chirp,0.000000,0.000000,-0.000174,0.000000,0.000000,0.000000,0.748186,0.005943,18922
44.328092,685583.613716,0.005000,contact_chirp,0.000000,0.000000,-0.000178,0.000000,0.000000,0.000000,0.762082,0.001044,18924
44.333093,685583.618861,0.005000,contact_chirp,0.000000,0.000000,-0.000182,0.000000,0.000000,0.000000,0.775112,0.005987,18926
44.338093,685583.624013,0.005000,contact_chirp,0.000000,0.000000,-0.000187,0.000000,0.000000,0.000000,0.791517,0.001085,18928
44.343092,685583.629126,0.005000,contact_chirp,0.000000,0.000000,-0.000191,0.000000,0.000000,0.000000,0.808187,0.006021,18930
44.348093,685583.634250,0.005001,contact_chirp,0.000000,0.000000,-0.000196,0.000000,0.000000,0.000000,0.738251,0.004178,18932
44.353092,685583.639392,0.005000,contact_chirp,0.000000,0.000000,-0.000200,0.000000,0.000000,0.000000,0.691199,0.003990,18934
44.358093,685583.644528,0.005000,contact_chirp,0.000000,0.000000,-0.000204,0.000000,0.000000,0.000000,0.734941,0.000938,18936
44.363092,685583.649665,0.005000,contact_chirp,0.000000,0.000000,-0.000209,0.000000,0.000000,0.000000,0.711891,0.001384,18938
44.368092,685583.654809,0.005000,contact_chirp,0.000000,0.000000,-0.000213,0.000000,0.000000,0.000000,0.649323,0.000921,18940
44.373092,685583.659916,0.005000,contact_chirp,0.000000,0.000000,-0.000217,0.000000,0.000000,0.000000,0.627882,0.005876,18942
44.378092,685583.665071,0.005000,contact_chirp,0.000000,0.000000,-0.000222,0.000000,0.000000,0.000000,0.635884,0.004300,18944
44.383092,685583.670207,0.005000,contact_chirp,0.000000,0.000000,-0.000226,0.000000,0.000000,0.000000,0.718689,0.001014,18946
44.388092,685583.675302,0.005000,contact_chirp,0.000000,0.000000,-0.000230,0.000000,0.000000,0.000000,0.797692,0.005958,18948
44.393093,685583.680442,0.005000,contact_chirp,0.000000,0.000000,-0.000234,0.000000,0.000000,0.000000,0.760295,0.004803,18950
44.398093,685583.685561,0.005000,contact_chirp,0.000000,0.000000,-0.000239,0.000000,0.000000,0.000000,0.689448,0.001046,18952
44.403092,685583.690692,0.004999,contact_chirp,0.000000,0.000000,-0.000243,0.000000,0.000000,0.000000,0.659583,0.005987,18954
44.408092,685583.695828,0.005000,contact_chirp,0.000000,0.000000,-0.000247,0.000000,0.000000,0.000000,0.657233,0.004248,18956
44.413092,685583.700962,0.005000,contact_chirp,0.000000,0.000000,-0.000251,0.000000,0.000000,0.000000,0.672423,0.004237,18958
44.418092,685583.706111,0.005000,contact_chirp,0.000000,0.000000,-0.000255,0.000000,0.000000,0.000000,0.646462,0.004369,18960
44.423092,685583.711263,0.005000,contact_chirp,0.000000,0.000000,-0.000259,0.000000,0.000000,0.000000,0.650275,0.004763,18962
44.433092,685583.716423,0.010000,contact_chirp,0.000000,0.000000,-0.000263,0.000000,0.000000,0.000000,0.602040,0.006089,18966
44.433092,685583.721539,0.000001,contact_chirp,0.000000,0.000000,-0.000267,0.000000,0.000000,0.000000,0.602040,0.006089,18966
44.443092,685583.726661,0.010000,contact_chirp,0.000000,0.000000,-0.000271,0.000000,0.000000,0.000000,0.655566,0.000946,18970
44.448093,685583.731796,0.005000,contact_chirp,0.000000,0.000000,-0.000275,0.000000,0.000000,0.000000,0.711606,0.005885,18972
44.453093,685583.736964,0.005000,contact_chirp,0.000000,0.000000,-0.000279,0.000000,0.000000,0.000000,0.732891,0.001002,18974
44.458092,685583.742141,0.004999,contact_chirp,0.000000,0.000000,-0.000283,0.000000,0.000000,0.000000,0.751441,0.005941,18976
44.458092,685583.747302,0.000001,contact_chirp,0.000000,0.000000,-0.000287,0.000000,0.000000,0.000000,0.751441,0.005941,18976
44.463092,685583.752461,0.005000,contact_chirp,0.000000,0.000000,-0.000291,0.000000,0.000000,0.000000,0.681005,0.004288,18978
44.469056,685583.757647,0.005964,contact_chirp,0.000000,0.000000,-0.000295,0.000000,0.000000,0.000000,0.576577,0.002298,18980
44.474837,685583.762912,0.005781,contact_chirp,0.000000,0.000000,-0.000299,0.000000,0.000000,0.000000,0.547317,0.002692,18982
44.484435,685583.768040,0.009599,contact_chirp,0.000000,0.000000,-0.000303,0.000000,0.000000,0.000000,0.597083,0.002475,18986
44.489048,685583.773159,0.004613,contact_chirp,0.000000,0.000000,-0.000306,0.000000,0.000000,0.000000,0.607342,0.001697,18988
44.493489,685583.778328,0.004440,contact_chirp,0.000000,0.000000,-0.000310,0.000000,0.000000,0.000000,0.585151,0.001714,18990
44.498092,685583.783541,0.004603,contact_chirp,0.000000,0.000000,-0.000314,0.000000,0.000000,0.000000,0.545533,0.000944,18992
44.503093,685583.788659,0.005001,contact_chirp,0.000000,0.000000,-0.000318,0.000000,0.000000,0.000000,0.521910,0.005892,18994
44.508092,685583.793759,0.005000,contact_chirp,0.000000,0.000000,-0.000321,0.000000,0.000000,0.000000,0.554328,0.001064,18996
44.513092,685583.798916,0.005000,contact_chirp,0.000000,0.000000,-0.000325,0.000000,0.000000,0.000000,0.591155,0.006004,18998
44.518092,685583.804070,0.005000,contact_chirp,0.000000,0.000000,-0.000328,0.000000,0.000000,0.000000,0.556671,0.004819,19000
44.523092,685583.809202,0.005000,contact_chirp,0.000000,0.000000,-0.000332,0.000000,0.000000,0.000000,0.525611,0.004760,19002
44.528092,685583.814400,0.005000,contact_chirp,0.000000,0.000000,-0.000335,0.000000,0.000000,0.000000,0.528868,0.001045,19004
44.533092,685583.819586,0.005000,contact_chirp,0.000000,0.000000,-0.000339,0.000000,0.000000,0.000000,0.525790,0.006105,19006
44.538092,685583.824729,0.005000,contact_chirp,0.000000,0.000000,-0.000342,0.000000,0.000000,0.000000,0.479634,0.001341,19008
44.543092,685583.830016,0.005000,contact_chirp,0.000000,0.000000,-0.000346,0.000000,0.000000,0.000000,0.430087,0.006220,19010
44.548093,685583.835185,0.005001,contact_chirp,0.000000,0.000000,-0.000349,0.000000,0.000000,0.000000,0.454376,0.004810,19012
44.553093,685583.840337,0.005000,contact_chirp,0.000000,0.000000,-0.000352,0.000000,0.000000,0.000000,0.490748,0.000967,19014
44.558092,685583.845492,0.004999,contact_chirp,0.000000,0.000000,-0.000356,0.000000,0.000000,0.000000,0.499882,0.005905,19016
44.563092,685583.850608,0.005000,contact_chirp,0.000000,0.000000,-0.000359,0.000000,0.000000,0.000000,0.500602,0.004258,19018
44.568093,685583.855723,0.005000,contact_chirp,0.000000,0.000000,-0.000362,0.000000,0.000000,0.000000,0.430628,0.004253,19020
44.573093,685583.860955,0.005000,contact_chirp,0.000000,0.000000,-0.000365,0.000000,0.000000,0.000000,0.394110,0.001024,19022
44.578093,685583.866199,0.005000,contact_chirp,0.000000,0.000000,-0.000368,0.000000,0.000000,0.000000,0.430256,0.005966,19024
44.583092,685583.871318,0.005000,contact_chirp,0.000000,0.000000,-0.000371,0.000000,0.000000,0.000000,0.476216,0.001052,19026
44.588092,685583.876459,0.005000,contact_chirp,0.000000,0.000000,-0.000374,0.000000,0.000000,0.000000,0.522948,0.005986,19028
44.598093,685583.881628,0.010000,contact_chirp,0.000000,0.000000,-0.000377,0.000000,0.000000,0.000000,0.394598,0.001021,19032
44.603093,685583.886872,0.005000,contact_chirp,0.000000,0.000000,-0.000380,0.000000,0.000000,0.000000,0.413563,0.005955,19034
44.608093,685583.892188,0.005000,contact_chirp,0.000000,0.000000,-0.000383,0.000000,0.000000,0.000000,0.400092,0.004790,19036
44.613092,685583.897306,0.004999,contact_chirp,0.000000,0.000000,-0.000386,0.000000,0.000000,0.000000,0.373138,0.000889,19038
44.618092,685583.902459,0.005000,contact_chirp,0.000000,0.000000,-0.000389,0.000000,0.000000,0.000000,0.360087,0.005833,19040
44.623093,685583.907680,0.005000,contact_chirp,0.000000,0.000000,-0.000392,0.000000,0.000000,0.000000,0.359044,0.004820,19042
44.628093,685583.912948,0.005000,contact_chirp,0.000000,0.000000,-0.000395,0.000000,0.000000,0.000000,0.389430,0.004367,19044
44.633092,685583.918195,0.005000,contact_chirp,0.000000,0.000000,-0.000397,0.000000,0.000000,0.000000,0.425140,0.001035,19046
44.638092,685583.923313,0.005000,contact_chirp,0.000000,0.000000,-0.000400,0.000000,0.000000,0.000000,0.430785,0.005978,19048
44.643093,685583.928487,0.005000,contact_chirp,0.000000,0.000000,-0.000402,0.000000,0.000000,0.000000,0.400035,0.004750,19050
44.648093,685583.933701,0.005000,contact_chirp,0.000000,0.000000,-0.000405,0.000000,0.000000,0.000000,0.404015,0.001442,19052
44.653093,685583.938935,0.005000,contact_chirp,0.000000,0.000000,-0.000407,0.000000,0.000000,0.000000,0.405398,0.001063,19054
44.658092,685583.944197,0.005000,contact_chirp,0.000000,0.000000,-0.000410,0.000000,0.000000,0.000000,0.368983,0.005987,19056
44.663092,685583.949323,0.005000,contact_chirp,0.000000,0.000000,-0.000412,0.000000,0.000000,0.000000,0.376553,0.004429,19058
44.668092,685583.954601,0.005000,contact_chirp,0.000000,0.000000,-0.000415,0.000000,0.000000,0.000000,0.416976,0.004286,19060
44.673093,685583.959831,0.005001,contact_chirp,0.000000,0.000000,-0.000417,0.000000,0.000000,0.000000,0.379838,0.001038,19062
44.678093,685583.965067,0.005000,contact_chirp,0.000000,0.000000,-0.000419,0.000000,0.000000,0.000000,0.307205,0.005983,19064
44.683093,685583.970292,0.005000,contact_chirp,0.000000,0.000000,-0.000421,0.000000,0.000000,0.000000,0.341675,0.004814,19066
44.688092,685583.975615,0.005000,contact_chirp,0.000000,0.000000,-0.000423,0.000000,0.000000,0.000000,0.381124,0.001048,19068
44.693092,685583.980812,0.005000,contact_chirp,0.000000,0.000000,-0.000426,0.000000,0.000000,0.000000,0.380779,0.005988,19070
44.698093,685583.986063,0.005001,contact_chirp,0.000000,0.000000,-0.000428,0.000000,0.000000,0.000000,0.358127,0.004824,19072
44.703093,685583.991216,0.005000,contact_chirp,0.000000,0.000000,-0.000429,0.000000,0.000000,0.000000,0.333301,0.004346,19074
44.708092,685583.996369,0.005000,contact_chirp,0.000000,0.000000,-0.000431,0.000000,0.000000,0.000000,0.330930,0.004758,19076
44.718092,685584.001571,0.010000,contact_chirp,0.000000,0.000000,-0.000433,0.000000,0.000000,0.000000,0.297603,0.000976,19080
44.723094,685584.006796,0.005002,contact_chirp,0.000000,0.000000,-0.000435,0.000000,0.000000,0.000000,0.360630,0.005935,19082
44.728093,685584.012061,0.004999,contact_chirp,0.000000,0.000000,-0.000437,0.000000,0.000000,0.000000,0.297744,0.001002,19084
44.733092,685584.017172,0.004999,contact_chirp,0.000000,0.000000,-0.000438,0.000000,0.000000,0.000000,0.224949,0.005937,19086
44.733092,685584.017277,0.000001,retract,0.000000,0.000000,-0.008000,0.000000,0.000000,0.000000,0.224949,0.005937,19086
44.733092,685584.017325,0.000001,done,0.000000,0.000000,0.000000,0.000000,0.000000,0.000000,0.224949,0.005937,19086
