t_wall_s,t_mono_s,dt_actual_s,phase,axis,vel_ff,vel_ff_vz,v_cmd_z,v_ach,vz_achieved_tool,fz,feedback_age_s,sensor_age_s,a_tcp_z_plus,motion_seq
5.009067,599452.002664,0.005000,hold,2,0.000000,0.000000,0.000000,-0.001205,-0.001205,0.624292,0.003681,0.003681,0.000000,1136820
5.009067,599452.007770,0.000001,hold,2,0.000000,0.000000,0.000000,-0.001205,-0.001205,0.624292,0.003681,0.003681,0.000000,1136820
5.019137,599452.012866,0.010070,hold,2,0.000000,0.000000,0.000000,-0.001700,-0.001700,0.627745,0.003694,0.003694,0.000000,1136824
5.024067,599452.017955,0.004929,hold,2,0.000000,0.000000,0.000000,-0.000769,-0.000769,0.639025,0.003823,0.003823,0.188927,1136826
5.029067,599452.023042,0.005000,hold,2,0.000000,0.000000,0.000000,-0.001172,-0.001172,0.625486,0.004344,0.004344,0.000000,1136828
5.034067,599452.028131,0.005000,hold,2,0.000000,0.000000,0.000000,-0.001358,-0.001358,0.629656,0.003817,0.003817,0.000000,1136830
5.039067,599452.033221,0.005000,hold,2,0.000000,0.000000,0.000000,-0.000326,-0.000326,0.642179,0.004338,0.004338,0.206434,1136832
5.044067,599452.038314,0.005000,hold,2,0.000000,0.000000,0.000000,-0.001389,-0.001389,0.656825,0.003897,0.003897,0.000000,1136834
5.049067,599452.043416,0.005000,hold,2,0.000000,0.000000,0.000000,-0.000448,-0.000448,0.656106,0.003457,0.003457,0.188130,1136836
5.054067,599452.048518,0.005000,hold,2,0.000000,0.000000,0.000000,-0.001360,-0.001360,0.641557,0.003770,0.003770,0.000000,1136838
5.059067,599452.053620,0.005000,hold,2,0.000000,0.000000,0.000000,-0.001361,-0.001361,0.634422,0.004249,0.004249,0.000000,1136840
5.064067,599452.058722,0.005000,hold,2,0.000000,0.000000,0.000000,-0.001361,-0.001361,0.622814,0.003613,0.003613,0.000000,1136842
5.069067,599452.063828,0.005000,hold,2,0.000000,0.000000,0.000000,-0.000639,-0.000639,0.614138,0.003834,0.003834,0.144408,1136844
5.074067,599452.068930,0.005000,hold,2,0.000000,0.000000,0.000000,-0.000020,-0.000020,0.628364,0.004420,0.004420,0.123796,1136846
5.079067,599452.074036,0.005000,hold,2,0.000000,0.000000,0.000000,-0.000772,-0.000772,0.661220,0.003620,0.003620,0.000000,1136848
5.084067,599452.079139,0.005000,hold,2,0.000000,0.000000,0.000000,0.000103,0.000103,0.676272,0.003753,0.003753,0.174890,1136850
5.089067,599452.084242,0.005000,hold,2,0.000000,0.000000,0.000000,0.001451,0.001451,0.662459,0.004231,0.004231,0.269729,1136852
5.094067,599452.089343,0.005000,hold,2,0.000000,0.000000,0.000000,0.000723,0.000723,0.633938,0.003657,0.003657,0.000000,1136854
5.099068,599452.094444,0.005001,hold,2,0.000000,0.000000,0.000000,0.000645,0.000645,0.619059,0.003775,0.003775,0.000000,1136856
5.104067,599452.099545,0.005000,hold,2,0.000000,0.000000,0.000000,-0.000158,-0.000158,0.610210,0.004235,0.004235,0.000000,1136858
5.109067,599452.104646,0.005000,hold,2,0.000000,0.000000,0.000000,-0.000206,-0.000206,0.587207,0.003688,0.003688,0.000000,1136860
5.114067,599452.109747,0.005000,hold,2,0.000000,0.000000,0.000000,-0.000206,-0.000206,0.578675,0.003994,0.003994,0.000008,1136862
5.119067,599452.114850,0.005000,hold,2,0.000000,0.000000,0.000000,0.000262,0.000262,0.591473,0.003552,0.003552,0.093756,1136864
5.124067,599452.119950,0.005000,hold,2,0.000000,0.000000,0.000000,0.000262,0.000262,0.617063,0.003800,0.003800,0.000000,1136866
5.129069,599452.125038,0.005002,hold,2,0.000000,0.000000,0.000000,-0.000012,-0.000012,0.618362,0.004332,0.004332,0.000000,1136868
5.134067,599452.130140,0.004998,hold,2,0.000000,0.000000,0.000000,-0.000632,-0.000632,0.584094,0.003672,0.003672,0.000000,1136870
5.139067,599452.135242,0.004999,hold,2,0.000000,0.000000,0.000000,0.000012,0.000012,0.580322,0.004243,0.004243,0.128810,1136872
5.144067,599452.140342,0.005000,hold,2,0.000000,0.000000,0.000000,-0.000868,-0.000868,0.578301,0.003637,0.003637,0.000000,1136874
5.149068,599452.145442,0.005001,hold,2,0.000000,0.000000,0.000000,-0.000739,-0.000739,0.615574,0.003881,0.003881,0.025858,1136876
5.154067,599452.150543,0.004999,hold,2,0.000000,0.000000,0.000000,-0.000196,-0.000196,0.649943,0.003295,0.003295,0.108672,1136878
5.159067,599452.155644,0.005000,hold,2,0.000000,0.000000,0.000000,-0.000312,-0.000312,0.638135,0.003735,0.003735,0.000000,1136880
5.164067,599452.160745,0.005000,hold,2,0.000000,0.000000,0.000000,0.000484,0.000484,0.612561,0.004072,0.004072,0.159208,1136882
5.169067,599452.165849,0.005000,hold,2,0.000000,0.000000,0.000000,0.000959,0.000959,0.593751,0.003618,0.003618,0.094899,1136884
5.174067,599452.170951,0.005000,hold,2,0.000000,0.000000,0.000000,-0.000234,-0.000234,0.619604,0.003851,0.003851,0.000000,1136886
5.179067,599452.176053,0.005000,hold,2,0.000000,0.000000,0.000000,-0.000238,-0.000238,0.622807,0.004273,0.004273,0.000000,1136888
5.184067,599452.181156,0.005000,hold,2,0.000000,0.000000,0.000000,-0.000182,-0.000182,0.614579,0.003605,0.003605,0.011321,1136890
5.189067,599452.186259,0.005000,hold,2,0.000000,0.000000,0.000000,-0.000108,-0.000108,0.617101,0.004185,0.004185,0.014816,1136892
5.194067,599452.191376,0.005000,hold,2,0.000000,0.000000,0.000000,-0.001391,-0.001391,0.623382,0.003706,0.003706,0.000000,1136894
5.199067,599452.196518,0.005000,hold,2,0.000000,0.000000,0.000000,-0.000933,-0.000933,0.627465,0.004295,0.004295,0.091498,1136896
5.204067,599452.201648,0.005000,hold,2,0.000000,0.000000,0.000000,-0.000876,-0.000876,0.597238,0.003854,0.003854,0.011358,1136898
5.209067,599452.206747,0.005000,hold,2,0.000000,0.000000,0.000000,-0.000197,-0.000197,0.575559,0.003370,0.003370,0.135841,1136900
5.219067,599452.211876,0.010000,hold,2,0.000000,0.000000,0.000000,-0.000680,-0.000680,0.671059,0.003527,0.003527,0.124413,1136904
5.224067,599452.216995,0.005000,hold,2,0.000000,0.000000,0.000000,-0.000774,-0.000774,0.661325,0.004128,0.004128,0.000000,1136906
5.229067,599452.222083,0.005000,hold,2,0.000000,0.000000,0.000000,-0.000922,-0.000922,0.639295,0.003734,0.003734,0.000000,1136908
5.234067,599452.227209,0.005000,hold,2,0.000000,0.000000,0.000000,-0.000848,-0.000848,0.633600,0.004331,0.004331,0.014800,1136910
5.239067,599452.232308,0.005000,hold,2,0.000000,0.000000,0.000000,-0.001352,-0.001352,0.627921,0.003908,0.003908,0.000000,1136912
5.244067,599452.237400,0.005000,hold,2,0.000000,0.000000,0.000000,-0.000420,-0.000420,0.615586,0.003467,0.003467,0.186462,1136914
5.249067,599452.242525,0.005000,hold,2,0.000000,0.000000,0.000000,0.000227,0.000227,0.631422,0.004116,0.004116,0.129414,1136916
5.254068,599452.247611,0.005001,hold,2,0.000000,0.000000,0.000000,-0.000747,-0.000747,0.661612,0.003625,0.003625,0.000000,1136918
5.259067,599452.252700,0.004999,hold,2,0.000000,0.000000,0.000000,0.000103,0.000103,0.679280,0.004197,0.004197,0.170165,1136920
5.264067,599452.257787,0.005000,hold,2,0.000000,0.000000,0.000000,-0.000350,-0.000350,0.667698,0.003851,0.003851,0.000000,1136922
5.269067,599452.262873,0.005000,hold,2,0.000000,0.000000,0.000000,-0.000350,-0.000350,0.633779,0.003394,0.003394,0.000000,1136924
5.274067,599452.267962,0.004999,hold,2,0.000000,0.000000,0.000000,0.001580,0.001580,0.604028,0.004007,0.004007,0.386018,1136926
5.279067,599452.273030,0.005000,hold,2,0.000000,0.000000,0.000000,0.001155,0.001155,0.595215,0.003648,0.003648,0.000000,1136928
5.284067,599452.278144,0.005000,hold,2,0.000000,0.000000,0.000000,0.001155,0.001155,0.598909,0.004287,0.004287,0.000003,1136930
5.289067,599452.283232,0.005000,hold,2,0.000000,0.000000,0.000000,-0.000172,-0.000172,0.610670,0.003908,0.003908,0.000000,1136932
5.294067,599452.288330,0.004999,hold,2,0.000000,0.000000,0.000000,0.000679,0.000679,0.623943,0.003477,0.003477,0.170232,1136934
5.299067,599452.293437,0.005000,hold,2,0.000000,0.000000,0.000000,-0.000899,-0.000899,0.634737,0.004070,0.004070,0.000000,1136936
5.304067,599452.298539,0.005000,hold,2,0.000000,0.000000,0.000000,-0.000351,-0.000351,0.635106,0.003731,0.003731,0.109672,1136938
5.309067,599452.303642,0.005000,hold,2,0.000000,0.000000,0.000000,0.000507,0.000507,0.612055,0.004320,0.004320,0.171542,1136940
5.314067,599452.308744,0.005000,hold,2,0.000000,0.000000,0.000000,0.000226,0.000226,0.617734,0.003892,0.003892,0.000000,1136942
5.319067,599452.313847,0.005000,hold,2,0.000000,0.000000,0.000000,0.001330,0.001330,0.651693,0.003462,0.003462,0.220690,1136944
5.324068,599452.318986,0.005000,hold,2,0.000000,0.000000,0.000000,0.000781,0.000781,0.643742,0.004074,0.004074,0.000000,1136946
5.329067,599452.324105,0.005000,hold,2,0.000000,0.000000,0.000000,-0.000172,-0.000172,0.614049,0.003648,0.003648,0.000000,1136948
5.334067,599452.329209,0.005000,hold,2,0.000000,0.000000,0.000000,0.000602,0.000602,0.609004,0.003928,0.003928,0.154795,1136950
5.339067,599452.334310,0.005000,hold,2,0.000000,0.000000,0.000000,0.000177,0.000177,0.618564,0.003439,0.003439,0.000000,1136952
5.344067,599452.339412,0.005000,hold,2,0.000000,0.000000,0.000000,0.001376,0.001376,0.611048,0.003720,0.003720,0.239946,1136954
5.349067,599452.344511,0.005000,hold,2,0.000000,0.000000,0.000000,0.001727,0.001727,0.612510,0.004091,0.004091,0.070233,1136956
5.354067,599452.349624,0.005000,hold,2,0.000000,0.000000,0.000000,0.002257,0.002257,0.642197,0.003591,0.003591,0.105976,1136958
5.359068,599452.354760,0.005001,hold,2,0.000000,0.000000,0.000000,0.001754,0.001754,0.650025,0.004172,0.004172,0.000000,1136960
5.364479,599452.359896,0.005411,hold,2,0.000000,0.000000,0.000000,0.001773,0.001773,0.624949,0.004183,0.004183,0.003573,1136962
5.369726,599452.364984,0.005248,hold,2,0.000000,0.000000,0.000000,0.002076,0.002076,0.580382,0.003982,0.003982,0.057624,1136964
5.374067,599452.370098,0.004340,hold,2,0.000000,0.000000,0.000000,0.002200,0.002200,0.572431,0.003902,0.003902,0.028512,1136966
5.379067,599452.375183,0.005000,hold,2,0.000000,0.000000,0.000000,-0.000002,-0.000002,0.590229,0.003402,0.003402,0.000000,1136968
5.384067,599452.380266,0.005000,hold,2,0.000000,0.000000,0.000000,0.001700,0.001700,0.594401,0.003990,0.003990,0.340270,1136970
5.389067,599452.385390,0.005000,hold,2,0.000000,0.000000,0.000000,0.000846,0.000846,0.598459,0.003523,0.003523,0.000000,1136972
5.394067,599452.390475,0.005000,hold,2,0.000000,0.000000,0.000000,-0.000393,-0.000393,0.602460,0.004132,0.004132,0.000000,1136974
5.399067,599452.395577,0.005000,hold,2,0.000000,0.000000,0.000000,0.000243,0.000243,0.603995,0.003726,0.003726,0.127276,1136976
5.404067,599452.400700,0.005001,hold,2,0.000000,0.000000,0.000000,0.000621,0.000621,0.595260,0.004316,0.004316,0.075554,1136978
5.409067,599452.405820,0.004999,hold,2,0.000000,0.000000,0.000000,0.000621,0.000621,0.589862,0.003891,0.003891,0.000001,1136980
5.414067,599452.410937,0.005000,hold,2,0.000000,0.000000,0.000000,-0.000704,-0.000704,0.597577,0.003448,0.003448,0.000000,1136982
5.419067,599452.416025,0.005000,hold,2,0.000000,0.000000,0.000000,-0.000704,-0.000704,0.619546,0.004067,0.004067,0.000000,1136984
5.424067,599452.421115,0.005000,hold,2,0.000000,0.000000,0.000000,0.000148,0.000148,0.613173,0.003684,0.003684,0.170507,1136986
5.429068,599452.426218,0.005001,hold,2,0.000000,0.000000,0.000000,0.001273,0.001273,0.603599,0.004307,0.004307,0.224857,1136988
5.434067,599452.431333,0.004999,hold,2,0.000000,0.000000,0.000000,-0.000306,-0.000306,0.631149,0.003896,0.003896,0.000000,1136990
5.439068,599452.436441,0.005001,hold,2,0.000000,0.000000,0.000000,-0.001506,-0.001506,0.624405,0.003476,0.003476,0.000000,1136992
5.444067,599452.441533,0.004999,hold,2,0.000000,0.000000,0.000000,-0.000331,-0.000331,0.593178,0.003851,0.003851,0.234972,1136994
5.449067,599452.446619,0.005000,hold,2,0.000000,0.000000,0.000000,-0.001052,-0.001052,0.600138,0.004359,0.004359,0.000000,1136996
5.454068,599452.451705,0.005001,hold,2,0.000000,0.000000,0.000000,0.000072,0.000072,0.633060,0.003699,0.003699,0.224646,1136998
5.464067,599452.456794,0.009999,hold,2,0.000000,0.000000,0.000000,0.000772,0.000772,0.641794,0.003202,0.003202,0.215588,1137002
5.469068,599452.461900,0.005001,hold,2,0.000000,0.000000,0.000000,0.001047,0.001047,0.619679,0.003612,0.003612,0.055013,1137004
5.474067,599452.466988,0.004999,hold,2,0.000000,0.000000,0.000000,0.000648,0.000648,0.601819,0.004157,0.004157,0.000000,1137006
5.479067,599452.472032,0.005000,hold,2,0.000000,0.000000,0.000000,0.000120,0.000120,0.579885,0.003741,0.003741,0.000000,1137008
5.479067,599452.477123,0.000001,hold,2,0.000000,0.000000,0.000000,0.000120,0.000120,0.579885,0.003741,0.003741,0.000000,1137008
5.484067,599452.482294,0.005000,hold,2,0.000000,0.000000,0.000000,0.000574,0.000574,0.569839,0.004417,0.004417,0.090835,1137010
5.489532,599452.487396,0.005465,hold,2,0.000000,0.000000,0.000000,-0.000930,-0.000930,0.580908,0.004427,0.004427,0.000000,1137012
5.494855,599452.492524,0.005322,hold,2,0.000000,0.000000,0.000000,0.000924,0.000924,0.606185,0.004254,0.004254,0.348385,1137014
5.504359,599452.497640,0.009504,hold,2,0.000000,0.000000,0.000000,-0.000429,-0.000429,0.603092,0.004028,0.004028,0.000000,1137018
5.509067,599452.502726,0.004708,hold,2,0.000000,0.000000,0.000000,-0.000429,-0.000429,0.593710,0.004061,0.004061,0.000000,1137020
5.514067,599452.507854,0.005000,hold,2,0.000000,0.000000,0.000000,0.000471,0.000471,0.607252,0.003649,0.003649,0.179869,1137022
5.519067,599452.512979,0.005000,hold,2,0.000000,0.000000,0.000000,-0.000580,-0.000580,0.647792,0.004253,0.004253,0.000000,1137024
5.524067,599452.518063,0.005000,hold,2,0.000000,0.000000,0.000000,-0.000229,-0.000229,0.639593,0.003831,0.003831,0.070161,1137026
5.529067,599452.523171,0.005000,hold,2,0.000000,0.000000,0.000000,0.000599,0.000599,0.591357,0.003415,0.003415,0.165526,1137028
5.534068,599452.528274,0.005001,hold,2,0.000000,0.000000,0.000000,-0.000654,-0.000654,0.574055,0.004003,0.004003,0.000000,1137030
5.539067,599452.533384,0.004999,hold,2,0.000000,0.000000,0.000000,-0.000842,-0.000842,0.596911,0.003485,0.003485,0.000000,1137032
5.544067,599452.538499,0.005000,hold,2,0.000000,0.000000,0.000000,-0.000004,-0.000004,0.591181,0.003755,0.003755,0.167595,1137034
5.549067,599452.543615,0.005000,hold,2,0.000000,0.000000,0.000000,-0.001382,-0.001382,0.583224,0.004068,0.004068,0.000000,1137036
5.554067,599452.548733,0.005000,hold,2,0.000000,0.000000,0.000000,-0.000052,-0.000052,0.610951,0.003566,0.003566,0.265991,1137038
5.559067,599452.553847,0.005000,hold,2,0.000000,0.000000,0.000000,-0.000478,-0.000478,0.616258,0.003779,0.003779,0.000000,1137040
5.564067,599452.558962,0.005000,hold,2,0.000000,0.000000,0.000000,0.000022,0.000022,0.615097,0.004238,0.004238,0.100068,1137042
5.569067,599452.564077,0.005000,hold,2,0.000000,0.000000,0.000000,-0.000305,-0.000305,0.601996,0.003650,0.003650,0.000000,1137044
5.574067,599452.569192,0.005000,hold,2,0.000000,0.000000,0.000000,0.000572,0.000572,0.577584,0.003964,0.003964,0.175424,1137046
5.579068,599452.574307,0.005001,hold,2,0.000000,0.000000,0.000000,-0.001554,-0.001554,0.579270,0.003488,0.003488,0.000000,1137048
5.584068,599452.579424,0.005000,hold,2,0.000000,0.000000,0.000000,-0.000527,-0.000527,0.595404,0.003770,0.003770,0.205407,1137050
5.589067,599452.584530,0.004999,hold,2,0.000000,0.000000,0.000000,-0.001080,-0.001080,0.611077,0.004339,0.004339,0.000000,1137052
5.594067,599452.589641,0.005000,hold,2,0.000000,0.000000,0.000000,-0.000517,-0.000517,0.637520,0.003902,0.003902,0.112764,1137054
5.599067,599452.594758,0.005000,hold,2,0.000000,0.000000,0.000000,-0.001428,-0.001428,0.648108,0.003484,0.003484,0.000000,1137056
5.604067,599452.599875,0.005000,hold,2,0.000000,0.000000,0.000000,-0.000479,-0.000479,0.640075,0.004099,0.004099,0.189718,1137058
5.609067,599452.604990,0.005000,hold,2,0.000000,0.000000,0.000000,-0.000054,-0.000054,0.622555,0.003756,0.003756,0.085070,1137060
5.614067,599452.610111,0.005000,hold,2,0.000000,0.000000,0.000000,-0.000052,-0.000052,0.637171,0.003299,0.003299,0.000251,1137062
5.619067,599452.615229,0.005000,hold,2,0.000000,0.000000,0.000000,-0.001631,-0.001631,0.631285,0.003887,0.003887,0.000000,1137064
5.624067,599452.620346,0.005000,hold,2,0.000000,0.000000,0.000000,-0.000253,-0.000253,0.611692,0.003401,0.003401,0.275564,1137066
5.629067,599452.625465,0.005000,hold,2,0.000000,0.000000,0.000000,0.000071,0.000071,0.588941,0.003977,0.003977,0.064821,1137068
5.634067,599452.630587,0.005001,hold,2,0.000000,0.000000,0.000000,0.000199,0.000199,0.571977,0.003552,0.003552,0.025670,1137070
5.639067,599452.635704,0.005000,hold,2,0.000000,0.000000,0.000000,0.000199,0.000199,0.599557,0.004163,0.004163,0.000000,1137072
5.644067,599452.640858,0.005000,hold,2,0.000000,0.000000,0.000000,0.000597,0.000597,0.600742,0.003689,0.003689,0.079482,1137074
5.649067,599452.645980,0.005000,hold,2,0.000000,0.000000,0.000000,0.000224,0.000224,0.612694,0.004302,0.004302,0.000000,1137076
5.654067,599452.651094,0.005000,hold,2,0.000000,0.000000,0.000000,-0.000477,-0.000477,0.619265,0.003906,0.003906,0.000000,1137078
5.659067,599452.656183,0.005000,hold,2,0.000000,0.000000,0.000000,0.000673,0.000673,0.594813,0.003371,0.003371,0.230069,1137080
5.664067,599452.661267,0.005000,hold,2,0.000000,0.000000,0.000000,0.000174,0.000174,0.592378,0.003988,0.003988,0.000000,1137082
5.669067,599452.666372,0.005000,hold,2,0.000000,0.000000,0.000000,0.000223,0.000223,0.601167,0.003511,0.003511,0.009829,1137084
5.674067,599452.671508,0.005000,hold,2,0.000000,0.000000,0.000000,0.001148,0.001148,0.610649,0.004094,0.004094,0.184970,1137086
5.679067,599452.676636,0.005000,hold,2,0.000000,0.000000,0.000000,0.000224,0.000224,0.636047,0.003732,0.003732,0.000000,1137088
5.684067,599452.681760,0.005000,hold,2,0.000000,0.000000,0.000000,-0.001005,-0.001005,0.637160,0.004362,0.004362,0.000000,1137090
5.694067,599452.686894,0.010000,hold,2,0.000000,0.000000,0.000000,0.000274,0.000274,0.606595,0.003457,0.003457,0.000000,1137094
5.699067,599452.692004,0.005000,hold,2,0.000000,0.000000,0.000000,-0.000601,-0.000601,0.628255,0.004062,0.004062,0.000000,1137096
5.704067,599452.697143,0.005000,hold,2,0.000000,0.000000,0.000000,0.000700,0.000700,0.628914,0.003670,0.003670,0.260147,1137098
5.709068,599452.702308,0.005001,hold,2,0.000000,0.000000,0.000000,-0.001453,-0.001453,0.610518,0.004245,0.004245,0.000000,1137100
5.714068,599452.707593,0.004999,hold,2,0.000000,0.000000,0.000000,-0.000102,-0.000102,0.592420,0.003775,0.003775,0.270352,1137102
5.719067,599452.712808,0.005000,hold,2,0.000000,0.000000,0.000000,-0.000254,-0.000254,0.582845,0.003364,0.003364,0.000000,1137104
5.724068,599452.717919,0.005001,hold,2,0.000000,0.000000,0.000000,-0.000254,-0.000254,0.594895,0.003971,0.003971,0.000000,1137106
5.729067,599452.723045,0.004999,hold,2,0.000000,0.000000,0.000000,-0.000124,-0.000124,0.585743,0.003590,0.003590,0.025884,1137108
5.734067,599452.728162,0.005000,hold,2,0.000000,0.000000,0.000000,-0.000225,-0.000225,0.537407,0.004208,0.004208,0.000000,1137110
5.739067,599452.733281,0.005000,hold,2,0.000000,0.000000,0.000000,-0.000853,-0.000853,0.543106,0.003846,0.003846,0.000000,1137112
5.744067,599452.738401,0.005000,hold,2,0.000000,0.000000,0.000000,-0.000276,-0.000276,0.577740,0.003454,0.003454,0.115296,1137114
5.749067,599452.743518,0.005000,hold,2,0.000000,0.000000,0.000000,-0.001993,-0.001993,0.612438,0.004081,0.004081,0.000000,1137116
5.754067,599452.748630,0.005000,hold,2,0.000000,0.000000,0.000000,0.000425,0.000425,0.620475,0.003547,0.003547,0.483710,1137118
5.759068,599452.753747,0.005000,hold,2,0.000000,0.000000,0.000000,0.000124,0.000124,0.575650,0.003969,0.003969,0.000000,1137120
5.764067,599452.758866,0.005000,hold,2,0.000000,0.000000,0.000000,-0.000150,-0.000150,0.557369,0.003570,0.003570,0.000000,1137122
5.769067,599452.763985,0.005000,hold,2,0.000000,0.000000,0.000000,-0.000503,-0.000503,0.591898,0.004164,0.004164,0.000000,1137124
5.774067,599452.769100,0.005000,hold,2,0.000000,0.000000,0.000000,-0.000225,-0.000225,0.638228,0.003741,0.003741,0.055477,1137126
5.779067,599452.774211,0.005000,hold,2,0.000000,0.000000,0.000000,0.000624,0.000624,0.643294,0.004364,0.004364,0.169928,1137128
5.784067,599452.779325,0.005000,hold,2,0.000000,0.000000,0.000000,0.000322,0.000322,0.621102,0.003906,0.003906,0.000000,1137130
5.789067,599452.784427,0.005000,hold,2,0.000000,0.000000,0.000000,0.000549,0.000549,0.599069,0.003526,0.003526,0.045448,1137132
5.794067,599452.789534,0.005000,hold,2,0.000000,0.000000,0.000000,0.000200,0.000200,0.608167,0.004165,0.004165,0.000000,1137134
5.799067,599452.794648,0.005000,hold,2,0.000000,0.000000,0.000000,0.000550,0.000550,0.627686,0.003686,0.003686,0.069942,1137136
5.804067,599452.799761,0.005000,hold,2,0.000000,0.000000,0.000000,-0.000026,-0.000026,0.603797,0.003799,0.003799,0.000000,1137138
5.809068,599452.804877,0.005000,hold,2,0.000000,0.000000,0.000000,0.001301,0.001301,0.593684,0.003318,0.003318,0.265492,1137140
5.814067,599452.809994,0.004999,hold,2,0.000000,0.000000,0.000000,0.000550,0.000550,0.609449,0.003762,0.003762,0.000000,1137142
5.819067,599452.815109,0.005000,hold,2,0.000000,0.000000,0.000000,0.000123,0.000123,0.614057,0.004045,0.004045,0.000000,1137144
5.824067,599452.820222,0.005000,hold,2,0.000000,0.000000,0.000000,-0.000026,-0.000026,0.592154,0.003628,0.003628,0.000000,1137146
5.829068,599452.825325,0.005001,hold,2,0.000000,0.000000,0.000000,0.001126,0.001126,0.556744,0.004302,0.004302,0.230289,1137148
5.834067,599452.830456,0.004999,hold,2,0.000000,0.000000,0.000000,0.000724,0.000724,0.555558,0.003966,0.003966,0.000000,1137150
5.839067,599452.835541,0.005000,hold,2,0.000000,0.000000,0.000000,-0.000877,-0.000877,0.594055,0.003612,0.003612,0.000000,1137152
5.844067,599452.840660,0.005000,hold,2,0.000000,0.000000,0.000000,0.001101,0.001101,0.635482,0.004225,0.004225,0.395561,1137154
5.849067,599452.845784,0.005000,hold,2,0.000000,0.000000,0.000000,0.001126,0.001126,0.635427,0.003831,0.003831,0.004873,1137156
5.854067,599452.850869,0.005000,hold,2,0.000000,0.000000,0.000000,-0.000026,-0.000026,0.606245,0.003419,0.003419,0.000000,1137158
5.859067,599452.855996,0.005000,hold,2,0.000000,0.000000,0.000000,-0.000026,-0.000026,0.596286,0.004040,0.004040,0.000000,1137160
5.864067,599452.861162,0.005001,hold,2,0.000000,0.000000,0.000000,0.000675,0.000675,0.612994,0.003621,0.003621,0.140295,1137162
5.869067,599452.866241,0.005000,hold,2,0.000000,0.000000,0.000000,0.000675,0.000675,0.617575,0.004190,0.004190,0.000000,1137164
5.874067,599452.871366,0.005000,hold,2,0.000000,0.000000,0.000000,0.000700,0.000700,0.631999,0.003674,0.003674,0.005034,1137166
5.879067,599452.876525,0.005000,hold,2,0.000000,0.000000,0.000000,0.001727,0.001727,0.623465,0.003974,0.003974,0.205398,1137168
5.884068,599452.881644,0.005001,hold,2,0.000000,0.000000,0.000000,-0.000603,-0.000603,0.590225,0.003511,0.003511,0.000000,1137170
5.889067,599452.886722,0.004999,hold,2,0.000000,0.000000,0.000000,0.000301,0.000301,0.576334,0.003755,0.003755,0.180896,1137172
5.899067,599452.891797,0.010000,hold,2,0.000000,0.000000,0.000000,-0.000301,-0.000301,0.606061,0.003575,0.003575,0.000000,1137176
5.904067,599452.896907,0.005000,hold,2,0.000000,0.000000,0.000000,0.000300,0.000300,0.609226,0.003751,0.003751,0.120282,1137178
5.909067,599452.902024,0.005000,hold,2,0.000000,0.000000,0.000000,0.000424,0.000424,0.597626,0.004190,0.004190,0.024679,1137180
5.914067,599452.907103,0.005000,hold,2,0.000000,0.000000,0.000000,0.001050,0.001050,0.588415,0.003629,0.003629,0.125343,1137182
5.919067,599452.912239,0.005000,hold,2,0.000000,0.000000,0.000000,-0.000876,-0.000876,0.610690,0.003826,0.003826,0.000000,1137184
5.924067,599452.917310,0.005000,hold,2,0.000000,0.000000,0.000000,0.000499,0.000499,0.609916,0.004337,0.004337,0.274875,1137186
5.929067,599452.922377,0.005000,hold,2,0.000000,0.000000,0.000000,0.001075,0.001075,0.592877,0.003709,0.003709,0.115302,1137188
5.934068,599452.927518,0.005000,hold,2,0.000000,0.000000,0.000000,-0.000875,-0.000875,0.597302,0.004138,0.004138,0.000000,1137190
5.939068,599452.932606,0.005000,hold,2,0.000000,0.000000,0.000000,-0.000001,-0.000001,0.589179,0.003654,0.003654,0.174905,1137192
5.944069,599452.937694,0.005001,hold,2,0.000000,0.000000,0.000000,-0.000501,-0.000501,0.571871,0.004077,0.004077,0.000000,1137194
5.949067,599452.942732,0.004998,hold,2,0.000000,0.000000,0.000000,0.000124,0.000124,0.561360,0.003602,0.003602,0.125099,1137196
5.954067,599452.947808,0.005000,hold,2,0.000000,0.000000,0.000000,-0.001002,-0.001002,0.560984,0.004157,0.004157,0.000000,1137198
5.959067,599452.952918,0.005000,hold,2,0.000000,0.000000,0.000000,-0.000101,-0.000101,0.589332,0.003746,0.003746,0.180249,1137200
5.964067,599452.958031,0.005000,hold,2,0.000000,0.000000,0.000000,-0.000425,-0.000425,0.630755,0.004305,0.004305,0.000000,1137202
5.969067,599452.963129,0.005000,hold,2,0.000000,0.000000,0.000000,-0.000000,-0.000000,0.650303,0.003851,0.003851,0.085037,1137204
5.974067,599452.968269,0.005000,hold,2,0.000000,0.000000,0.000000,-0.000577,-0.000577,0.605071,0.003410,0.003410,0.000000,1137206
5.979067,599452.973356,0.005000,hold,2,0.000000,0.000000,0.000000,-0.000026,-0.000026,0.562775,0.004006,0.004006,0.110319,1137208
5.984067,599452.978436,0.005000,hold,2,0.000000,0.000000,0.000000,-0.000875,-0.000875,0.595051,0.003682,0.003682,0.000000,1137210
5.989067,599452.983554,0.005000,hold,2,0.000000,0.000000,0.000000,-0.000101,-0.000101,0.633487,0.004266,0.004266,0.154841,1137212
5.994067,599452.988696,0.005000,hold,2,0.000000,0.000000,0.000000,0.000475,0.000475,0.625012,0.003900,0.003900,0.115146,1137214
5.999067,599452.993810,0.005000,hold,2,0.000000,0.000000,0.000000,0.000475,0.000475,0.602552,0.003479,0.003479,0.000000,1137216
6.004068,599452.998923,0.005001,hold,2,0.000000,0.000000,0.000000,-0.000001,-0.000001,0.600089,0.004118,0.004118,0.000000,1137218
6.009067,599453.004008,0.004999,hold,2,0.000000,0.000000,0.000000,-0.000001,-0.000001,0.582256,0.003728,0.003728,0.000000,1137220
6.014067,599453.009230,0.005000,hold,2,0.000000,0.000000,0.000000,-0.000850,-0.000850,0.591252,0.004342,0.004342,0.000000,1137222
6.019067,599453.014360,0.005000,hold,2,0.000000,0.000000,0.000000,-0.000000,-0.000000,0.618781,0.003901,0.003901,0.170066,1137224
6.024490,599453.019548,0.005423,hold,2,0.000000,0.000000,0.000000,-0.000501,-0.000501,0.624448,0.003887,0.003887,0.000000,1137226
6.029767,599453.024790,0.005277,hold,2,0.000000,0.000000,0.000000,-0.000000,-0.000000,0.616238,0.004711,0.004711,0.094991,1137228
6.035075,599453.029965,0.005309,hold,2,0.000000,0.000000,0.000000,-0.000450,-0.000450,0.593928,0.004584,0.004584,0.000000,1137230
6.040581,599453.035173,0.005506,hold,2,0.000000,0.000000,0.000000,-0.000450,-0.000450,0.602774,0.000741,0.000741,0.000000,1137232
6.045722,599453.040289,0.005141,hold,2,0.000000,0.000000,0.000000,-0.000000,-0.000000,0.594488,0.000373,0.000373,0.087547,1137234
6.049786,599453.045406,0.004064,hold,2,0.000000,0.000000,0.000000,-0.000000,-0.000000,0.548543,0.004378,0.004378,0.000000,1137236
6.054067,599453.050523,0.004281,hold,2,0.000000,0.000000,0.000000,-0.000000,-0.000000,0.557579,0.004133,0.004133,0.000000,1137238
6.059067,599453.055781,0.005000,hold,2,0.000000,0.000000,0.000000,-0.000000,-0.000000,0.573587,0.003665,0.003665,0.000000,1137240
6.064067,599453.060999,0.005000,hold,2,0.000000,0.000000,0.000000,-0.000000,-0.000000,0.588099,0.003924,0.003924,0.000007,1137242
6.069067,599453.066174,0.005000,hold,2,0.000000,0.000000,0.000000,-0.000001,-0.000001,0.585781,0.003447,0.003447,0.000000,1137244
6.074067,599453.071289,0.005000,hold,2,0.000000,0.000000,0.000000,-0.000000,-0.000000,0.589048,0.003745,0.003745,0.000167,1137246
6.079068,599453.076406,0.005000,hold,2,0.000000,0.000000,0.000000,-0.000025,-0.000025,0.632271,0.004006,0.004006,0.000000,1137248
6.084068,599453.081569,0.005001,hold,2,0.000000,0.000000,0.000000,0.000551,0.000551,0.627790,0.003519,0.003519,0.115143,1137250
6.089067,599453.086715,0.004999,hold,2,0.000000,0.000000,0.000000,-0.000025,-0.000025,0.607758,0.003893,0.003893,0.000000,1137252
6.099067,599453.091955,0.010000,hold,2,0.000000,0.000000,0.000000,-0.000000,-0.000000,0.582324,0.003959,0.003959,0.000000,1137256
6.104067,599453.097184,0.005000,hold,2,0.000000,0.000000,0.000000,-0.000076,-0.000076,0.600690,0.003535,0.003535,0.000000,1137258
6.109067,599453.102300,0.005000,hold,2,0.000000,0.000000,0.000000,-0.000025,-0.000025,0.590202,0.004115,0.004115,0.010302,1137260
6.114067,599453.107421,0.005000,hold,2,0.000000,0.000000,0.000000,-0.000025,-0.000025,0.579477,0.003721,0.003721,0.000000,1137262
6.119067,599453.112610,0.005000,hold,2,0.000000,0.000000,0.000000,-0.000000,-0.000000,0.601246,0.004349,0.004349,0.004955,1137264
6.124067,599453.117862,0.005000,hold,2,0.000000,0.000000,0.000000,-0.000000,-0.000000,0.617513,0.003948,0.003948,0.000000,1137266
6.129067,599453.123146,0.005000,hold,2,0.000000,0.000000,0.000000,-0.000000,-0.000000,0.615316,0.003489,0.003489,0.000004,1137268
6.134067,599453.128263,0.005000,hold,2,0.000000,0.000000,0.000000,-0.000000,-0.000000,0.611305,0.004103,0.004103,0.000000,1137270
6.139067,599453.133380,0.005000,hold,2,0.000000,0.000000,0.000000,-0.000000,-0.000000,0.608059,0.003612,0.003612,0.000001,1137272
6.144067,599453.138525,0.005000,hold,2,0.000000,0.000000,0.000000,-0.000000,-0.000000,0.584253,0.004201,0.004201,0.000000,1137274
6.149067,599453.143727,0.005000,hold,2,0.000000,0.000000,0.000000,-0.000000,-0.000000,0.583431,0.003839,0.003839,0.000000,1137276
6.154067,599453.148966,0.005000,hold,2,0.000000,0.000000,0.000000,-0.000000,-0.000000,0.625536,0.003426,0.003426,0.000000,1137278
6.159067,599453.154105,0.004999,hold,2,0.000000,0.000000,0.000000,-0.000000,-0.000000,0.634530,0.004029,0.004029,0.000007,1137280
6.164067,599453.159232,0.005001,hold,2,0.000000,0.000000,0.000000,-0.000000,-0.000000,0.615123,0.003601,0.003601,0.000000,1137282
6.169067,599453.164348,0.005000,hold,2,0.000000,0.000000,0.000000,-0.000000,-0.000000,0.601504,0.004241,0.004241,0.000000,1137284
6.174067,599453.169464,0.005000,hold,2,0.000000,0.000000,0.000000,-0.000000,-0.000000,0.592336,0.003856,0.003856,0.000003,1137286
6.179067,599453.174580,0.005000,hold,2,0.000000,0.000000,0.000000,-0.000000,-0.000000,0.586044,0.003408,0.003408,0.000000,1137288
6.184067,599453.179696,0.005000,hold,2,0.000000,0.000000,0.000000,-0.000000,-0.000000,0.603365,0.004093,0.004093,0.000003,1137290
6.189067,599453.184958,0.004999,hold,2,0.000000,0.000000,0.000000,-0.000000,-0.000000,0.613551,0.003738,0.003738,0.000000,1137292
6.194067,599453.190197,0.005000,hold,2,0.000000,0.000000,0.000000,0.000425,0.000425,0.580678,0.004339,0.004339,0.085014,1137294
6.199067,599453.195312,0.005000,hold,2,0.000000,0.000000,0.000000,-0.000000,-0.000000,0.569070,0.003904,0.003904,0.000000,1137296
6.204067,599453.200493,0.005000,hold,2,0.000000,0.000000,0.000000,-0.000000,-0.000000,0.594731,0.003483,0.003483,0.000000,1137298
6.209067,599453.205672,0.005000,hold,2,0.000000,0.000000,0.000000,-0.000000,-0.000000,0.607496,0.004110,0.004110,0.000000,1137300
6.214067,599453.210874,0.005000,hold,2,0.000000,0.000000,0.000000,-0.000000,-0.000000,0.605031,0.003740,0.003740,0.000002,1137302
6.219067,599453.216108,0.005000,hold,2,0.000000,0.000000,0.000000,-0.000000,-0.000000,0.597649,0.004357,0.004357,0.000000,1137304
6.224067,599453.221224,0.005000,hold,2,0.000000,0.000000,0.000000,-0.000000,-0.000000,0.597510,0.003883,0.003883,0.000006,1137306
6.229067,599453.226339,0.005000,hold,2,0.000000,0.000000,0.000000,-0.000000,-0.000000,0.607188,0.003467,0.003467,0.000000,1137308
6.234067,599453.231457,0.005001,hold,2,0.000000,0.000000,0.000000,-0.000000,-0.000000,0.601268,0.004082,0.004082,0.000000,1137310
6.239067,599453.236613,0.005000,hold,2,0.000000,0.000000,0.000000,-0.000000,-0.000000,0.587402,0.003739,0.003739,0.000012,1137312
6.249067,599453.241890,0.010000,hold,2,0.000000,0.000000,0.000000,-0.000000,-0.000000,0.561831,0.003914,0.003914,0.000018,1137316
6.254067,599453.247166,0.005000,hold,2,0.000000,0.000000,0.000000,-0.000000,-0.000000,0.574766,0.003482,0.003482,0.000000,1137318
6.259067,599453.252282,0.005000,hold,2,0.000000,0.000000,0.000000,-0.000000,-0.000000,0.600810,0.003997,0.003997,0.000000,1137320
6.264067,599453.257397,0.005000,hold,2,0.000000,0.000000,0.000000,-0.000000,-0.000000,0.618932,0.003605,0.003605,0.000007,1137322
6.269067,599453.262599,0.005000,hold,2,0.000000,0.000000,0.000000,-0.000000,-0.000000,0.617651,0.004232,0.004232,0.000000,1137324
6.274067,599453.267856,0.005000,hold,2,0.000000,0.000000,0.000000,-0.000000,-0.000000,0.608459,0.003861,0.003861,0.000003,1137326
6.279067,599453.272975,0.005000,hold,2,0.000000,0.000000,0.000000,-0.000000,-0.000000,0.591066,0.003322,0.003322,0.000000,1137328
6.284067,599453.278194,0.005000,hold,2,0.000000,0.000000,0.000000,-0.000000,-0.000000,0.589077,0.003954,0.003954,0.000002,1137330
6.289067,599453.283358,0.005001,hold,2,0.000000,0.000000,0.000000,-0.000000,-0.000000,0.605416,0.003469,0.003469,0.000000,1137332
6.294067,599453.288512,0.004999,hold,2,0.000000,0.000000,0.000000,-0.000000,-0.000000,0.616647,0.004077,0.004077,0.000000,1137334
6.299067,599453.293730,0.005000,hold,2,0.000000,0.000000,0.000000,-0.000025,-0.000025,0.616656,0.003608,0.003608,0.000000,1137336
6.304067,599453.298943,0.005001,hold,2,0.000000,0.000000,0.000000,-0.000000,-0.000000,0.594753,0.004144,0.004144,0.004961,1137338
6.309067,599453.304180,0.005000,hold,2,0.000000,0.000000,0.000000,-0.000000,-0.000000,0.582019,0.003776,0.003776,0.000000,1137340
6.314067,599453.309295,0.005000,hold,2,0.000000,0.000000,0.000000,-0.000000,-0.000000,0.599275,0.004320,0.004320,0.000006,1137342
6.319067,599453.314379,0.005000,hold,2,0.000000,0.000000,0.000000,-0.000000,-0.000000,0.617232,0.003955,0.003955,0.000002,1137344
6.324080,599453.319533,0.005013,hold,2,0.000000,0.000000,0.000000,-0.000000,-0.000000,0.618123,0.003607,0.003607,0.000000,1137346
6.329067,599453.324765,0.004986,hold,2,0.000000,0.000000,0.000000,-0.000000,-0.000000,0.605316,0.004050,0.004050,0.000000,1137348
6.334067,599453.330077,0.005000,hold,2,0.000000,0.000000,0.000000,-0.000000,-0.000000,0.589403,0.003546,0.003546,0.000000,1137350
6.339067,599453.335208,0.005000,hold,2,0.000000,0.000000,0.000000,-0.000000,-0.000000,0.594034,0.004092,0.004092,0.000000,1137352
6.344067,599453.340334,0.005000,hold,2,0.000000,0.000000,0.000000,-0.000000,-0.000000,0.580933,0.003634,0.003634,0.000012,1137354
6.349067,599453.345476,0.005000,hold,2,0.000000,0.000000,0.000000,-0.000000,-0.000000,0.556916,0.004210,0.004210,0.000000,1137356
6.354067,599453.350730,0.005000,hold,2,0.000000,0.000000,0.000000,0.000000,0.000000,0.573641,0.003742,0.003742,0.000028,1137358
6.359067,599453.356067,0.005000,hold,2,0.000000,0.000000,0.000000,-0.000000,-0.000000,0.622044,0.004073,0.004073,0.000000,1137360
6.364067,599453.361185,0.005000,hold,2,0.000000,0.000000,0.000000,-0.000000,-0.000000,0.625691,0.003539,0.003539,0.000000,1137362
6.369067,599453.366300,0.005000,hold,2,0.000000,0.000000,0.000000,-0.000000,-0.000000,0.578309,0.004065,0.004065,0.000001,1137364
6.374067,599453.371416,0.005000,hold,2,0.000000,0.000000,0.000000,-0.000490,-0.000490,0.575674,0.003482,0.003482,0.000000,1137366
6.379068,599453.376532,0.005001,hold,2,0.000000,0.000000,0.000000,-0.000000,-0.000000,0.604278,0.004031,0.004031,0.097882,1137368
6.384068,599453.381736,0.005001,hold,2,0.000000,0.000000,0.000000,-0.000000,-0.000000,0.610360,0.003654,0.003654,0.000003,1137370
6.394067,599453.386900,0.009999,hold,2,0.000000,0.000000,0.000000,-0.000000,-0.000000,0.632421,0.003904,0.003904,0.000003,1137374
6.399067,599453.392116,0.005000,hold,2,0.000000,0.000000,0.000000,-0.000000,-0.000000,0.645046,0.003503,0.003503,0.000000,1137376
6.404067,599453.397246,0.005000,hold,2,0.000000,0.000000,0.000000,-0.000000,-0.000000,0.626397,0.004110,0.004110,0.000002,1137378
6.409067,599453.402361,0.005000,hold,2,0.000000,0.000000,0.000000,-0.000000,-0.000000,0.592916,0.003710,0.003710,0.000006,1137380
6.414067,599453.407487,0.005000,hold,2,0.000000,0.000000,0.000000,-0.000490,-0.000490,0.597110,0.004365,0.004365,0.000000,1137382
6.419067,599453.412659,0.005000,hold,2,0.000000,0.000000,0.000000,-0.000000,-0.000000,0.618349,0.003933,0.003933,0.097893,1137384
6.424067,599453.417920,0.005000,hold,2,0.000000,0.000000,0.000000,-0.000000,-0.000000,0.625383,0.003428,0.003428,0.000004,1137386
6.429067,599453.423231,0.005000,hold,2,0.000000,0.000000,0.000000,-0.000000,-0.000000,0.613995,0.003770,0.003770,0.000001,1137388
6.434067,599453.428347,0.005000,hold,2,0.000000,0.000000,0.000000,-0.000000,-0.000000,0.608764,0.003258,0.003258,0.000000,1137390
6.439067,599453.433463,0.005000,hold,2,0.000000,0.000000,0.000000,-0.000000,-0.000000,0.615353,0.003841,0.003841,0.000009,1137392
6.444067,599453.438579,0.005000,hold,2,0.000000,0.000000,0.000000,-0.000000,-0.000000,0.603723,0.003325,0.003325,0.000000,1137394
6.449068,599453.443784,0.005000,hold,2,0.000000,0.000000,0.000000,-0.000000,-0.000000,0.596975,0.003699,0.003699,0.000000,1137396
6.454067,599453.448990,0.004999,hold,2,0.000000,0.000000,0.000000,-0.000000,-0.000000,0.589305,0.004043,0.004043,0.000001,1137398
6.459067,599453.454260,0.005000,hold,2,0.000000,0.000000,0.000000,-0.000000,-0.000000,0.583370,0.003526,0.003526,0.000001,1137400
6.464067,599453.459367,0.005000,hold,2,0.000000,0.000000,0.000000,0.000001,0.000001,0.583291,0.004058,0.004058,0.000142,1137402
6.469067,599453.464467,0.005000,hold,2,0.000000,0.000000,0.000000,-0.000000,-0.000000,0.582768,0.003685,0.003685,0.000000,1137404
6.474067,599453.469567,0.005000,hold,2,0.000000,0.000000,0.000000,0.000001,0.000001,0.579573,0.004259,0.004259,0.000146,1137406
6.479067,599453.474701,0.005000,hold,2,0.000000,0.000000,0.000000,-0.000000,-0.000000,0.589088,0.003857,0.003857,0.000000,1137408
6.484067,599453.479827,0.005000,hold,2,0.000000,0.000000,0.000000,0.000076,0.000076,0.612674,0.003454,0.003454,0.015301,1137410
6.489067,599453.484952,0.005000,hold,2,0.000000,0.000000,0.000000,-0.000000,-0.000000,0.619395,0.004069,0.004069,0.000000,1137412
6.494067,599453.490023,0.004999,hold,2,0.000000,0.000000,0.000000,-0.000000,-0.000000,0.622273,0.003639,0.003639,0.000006,1137414
6.499067,599453.495119,0.005000,hold,2,0.000000,0.000000,0.000000,0.000001,0.000001,0.628488,0.003998,0.003998,0.000146,1137416
6.504067,599453.500201,0.005000,hold,2,0.000000,0.000000,0.000000,-0.000000,-0.000000,0.626685,0.003505,0.003505,0.000000,1137418
6.509067,599453.505286,0.005000,hold,2,0.000000,0.000000,0.000000,-0.000000,-0.000000,0.620797,0.003749,0.003749,0.000010,1137420
6.514067,599453.510365,0.005000,hold,2,0.000000,0.000000,0.000000,0.000001,0.000001,0.605687,0.004102,0.004102,0.000145,1137422
6.519067,599453.515452,0.005000,hold,2,0.000000,0.000000,0.000000,-0.000000,-0.000000,0.599039,0.003629,0.003629,0.000000,1137424
6.524067,599453.520604,0.005000,hold,2,0.000000,0.000000,0.000000,0.000000,0.000000,0.608813,0.004117,0.004117,0.000012,1137426
6.529067,599453.525716,0.005000,hold,2,0.000000,0.000000,0.000000,-0.000000,-0.000000,0.591975,0.003629,0.003629,0.000000,1137428
6.534067,599453.530833,0.005000,hold,2,0.000000,0.000000,0.000000,-0.000000,-0.000000,0.566964,0.003791,0.003791,0.000012,1137430
6.539067,599453.535910,0.005000,hold,2,0.000000,0.000000,0.000000,-0.000000,-0.000000,0.558364,0.004250,0.004250,0.000000,1137432
6.544067,599453.541023,0.005000,hold,2,0.000000,0.000000,0.000000,-0.000000,-0.000000,0.565321,0.003711,0.003711,0.000000,1137434
6.549067,599453.546107,0.005000,hold,2,0.000000,0.000000,0.000000,-0.000000,-0.000000,0.582705,0.003854,0.003854,0.000010,1137436
6.554067,599453.551250,0.005000,hold,2,0.000000,0.000000,0.000000,-0.000000,-0.000000,0.581856,0.003408,0.003408,0.000000,1137438
6.559067,599453.556328,0.005000,hold,2,0.000000,0.000000,0.000000,-0.000000,-0.000000,0.577500,0.003831,0.003831,0.000000,1137440
6.564067,599453.561449,0.005000,hold,2,0.000000,0.000000,0.000000,-0.001152,-0.001152,0.576768,0.003276,0.003276,0.000000,1137442
6.569067,599453.566528,0.005000,hold,2,0.000000,0.000000,0.000000,-0.000000,-0.000000,0.571260,0.003733,0.003733,0.230347,1137444
6.574067,599453.571681,0.005000,hold,2,0.000000,0.000000,0.000000,0.000025,0.000025,0.597079,0.004322,0.004322,0.004969,1137446
6.579067,599453.576813,0.005000,hold,2,0.000000,0.000000,0.000000,-0.000000,-0.000000,0.609179,0.003905,0.003905,0.000000,1137448
6.589067,599453.581911,0.010000,hold,2,0.000000,0.000000,0.000000,0.000001,0.000001,0.561086,0.003801,0.003801,0.000000,1137452
6.594067,599453.587014,0.005000,hold,2,0.000000,0.000000,0.000000,-0.000000,-0.000000,0.595156,0.004369,0.004369,0.000000,1137454
6.599067,599453.592108,0.005000,hold,2,0.000000,0.000000,0.000000,0.000025,0.000025,0.602354,0.003754,0.003754,0.004961,1137456
6.604067,599453.597258,0.005000,hold,2,0.000000,0.000000,0.000000,-0.000000,-0.000000,0.590859,0.004082,0.004082,0.000000,1137458
6.609067,599453.602321,0.005000,hold,2,0.000000,0.000000,0.000000,-0.000000,-0.000000,0.588900,0.003629,0.003629,0.000000,1137460
6.614067,599453.607436,0.005001,hold,2,0.000000,0.000000,0.000000,0.000076,0.000076,0.588877,0.003837,0.003837,0.015290,1137462
6.619068,599453.612583,0.005001,hold,2,0.000000,0.000000,0.000000,-0.000000,-0.000000,0.585883,0.004280,0.004280,0.000000,1137464
6.624067,599453.617709,0.004999,hold,2,0.000000,0.000000,0.000000,0.000154,0.000154,0.596869,0.003663,0.003663,0.030735,1137466
6.629067,599453.622827,0.005000,hold,2,0.000000,0.000000,0.000000,-0.000000,-0.000000,0.602069,0.003869,0.003869,0.000000,1137468
6.634068,599453.627933,0.005001,hold,2,0.000000,0.000000,0.000000,0.000025,0.000025,0.601946,0.003256,0.003256,0.004984,1137470
6.639067,599453.633095,0.005000,hold,2,0.000000,0.000000,0.000000,-0.000000,-0.000000,0.590156,0.003689,0.003689,0.000000,1137472
6.644067,599453.638209,0.005000,hold,2,0.000000,0.000000,0.000000,-0.000000,-0.000000,0.565214,0.003994,0.003994,0.000000,1137474
6.649067,599453.643313,0.005000,hold,2,0.000000,0.000000,0.000000,0.000425,0.000425,0.568963,0.003498,0.003498,0.085015,1137476
6.654067,599453.648416,0.005000,hold,2,0.000000,0.000000,0.000000,0.000425,0.000425,0.581516,0.003955,0.003955,0.000001,1137478
6.659067,599453.653560,0.005000,hold,2,0.000000,0.000000,0.000000,0.000425,0.000425,0.588366,0.003430,0.003430,0.000000,1137480
6.664067,599453.658689,0.005000,hold,2,0.000000,0.000000,0.000000,0.000425,0.000425,0.603623,0.004027,0.004027,0.000001,1137482
6.669067,599453.663762,0.005000,hold,2,0.000000,0.000000,0.000000,-0.001152,-0.001152,0.615189,0.003657,0.003657,0.000000,1137484
6.674067,599453.668864,0.005000,hold,2,0.000000,0.000000,0.000000,-0.001152,-0.001152,0.620357,0.003204,0.003204,0.000000,1137486
6.679067,599453.673972,0.005000,hold,2,0.000000,0.000000,0.000000,0.000851,0.000851,0.609611,0.003903,0.003903,0.400563,1137488
6.684067,599453.679021,0.005000,hold,2,0.000000,0.000000,0.000000,-0.000000,-0.000000,0.589164,0.003513,0.003513,0.000000,1137490
6.689067,599453.684095,0.005000,hold,2,0.000000,0.000000,0.000000,0.000450,0.000450,0.592549,0.004131,0.004131,0.090011,1137492
6.694067,599453.689174,0.005000,hold,2,0.000000,0.000000,0.000000,0.000025,0.000025,0.596067,0.003781,0.003781,0.000000,1137494
6.699067,599453.694252,0.005000,hold,2,0.000000,0.000000,0.000000,0.000927,0.000927,0.595771,0.003333,0.003333,0.180329,1137496
6.704067,599453.699327,0.005000,hold,2,0.000000,0.000000,0.000000,-0.000576,-0.000576,0.621782,0.003952,0.003952,0.000000,1137498
6.709067,599453.704405,0.005000,hold,2,0.000000,0.000000,0.000000,0.000501,0.000501,0.626542,0.003509,0.003509,0.215492,1137500
6.714067,599453.709521,0.005000,hold,2,0.000000,0.000000,0.000000,-0.000150,-0.000150,0.594226,0.004162,0.004162,0.000000,1137502
6.719067,599453.714661,0.005000,hold,2,0.000000,0.000000,0.000000,0.000850,0.000850,0.595389,0.003788,0.003788,0.200049,1137504
6.724067,599453.719787,0.005000,hold,2,0.000000,0.000000,0.000000,-0.000000,-0.000000,0.604141,0.003391,0.003391,0.000000,1137506
6.729067,599453.724911,0.005000,hold,2,0.000000,0.000000,0.000000,0.000850,0.000850,0.606691,0.004094,0.004094,0.170047,1137508
6.734067,599453.730026,0.005000,hold,2,0.000000,0.000000,0.000000,0.000275,0.000275,0.612717,0.003754,0.003754,0.000000,1137510
6.739067,599453.735144,0.005000,hold,2,0.000000,0.000000,0.000000,0.000025,0.000025,0.603270,0.004418,0.004418,0.000000,1137512
6.744067,599453.740224,0.005000,hold,2,0.000000,0.000000,0.000000,-0.000576,-0.000576,0.604290,0.004041,0.004041,0.000000,1137514
6.749067,599453.745299,0.005000,hold,2,0.000000,0.000000,0.000000,-0.000150,-0.000150,0.595542,0.003554,0.003554,0.085162,1137516
6.754067,599453.750378,0.005000,hold,2,0.000000,0.000000,0.000000,0.000076,0.000076,0.593616,0.003889,0.003889,0.045331,1137518
6.759068,599453.755460,0.005000,hold,2,0.000000,0.000000,0.000000,-0.000000,-0.000000,0.620030,0.003260,0.003260,0.000000,1137520
6.764067,599453.760579,0.004999,hold,2,0.000000,0.000000,0.000000,-0.000000,-0.000000,0.619740,0.003729,0.003729,0.000000,1137522
6.769067,599453.765653,0.005000,hold,2,0.000000,0.000000,0.000000,0.000426,0.000426,0.608538,0.004062,0.004062,0.085169,1137524
6.774067,599453.770781,0.005000,hold,2,0.000000,0.000000,0.000000,0.000153,0.000153,0.617373,0.003583,0.003583,0.000000,1137526
6.779067,599453.775905,0.005000,hold,2,0.000000,0.000000,0.000000,-0.000000,-0.000000,0.598650,0.004013,0.004013,0.000000,1137528
6.784067,599453.781025,0.005000,hold,2,0.000000,0.000000,0.000000,-0.001152,-0.001152,0.564736,0.003504,0.003504,0.000000,1137530
6.789067,599453.786147,0.004999,hold,2,0.000000,0.000000,0.000000,0.000275,0.000275,0.561024,0.004021,0.004021,0.285409,1137532
6.794067,599453.791290,0.005001,hold,2,0.000000,0.000000,0.000000,-0.000000,-0.000000,0.584530,0.003524,0.003524,0.000000,1137534
6.799067,599453.796410,0.005000,hold,2,0.000000,0.000000,0.000000,0.000001,0.000001,0.605158,0.004164,0.004164,0.000132,1137536
6.804067,599453.801498,0.005000,hold,2,0.000000,0.000000,0.000000,0.000001,0.000001,0.610092,0.003742,0.003742,0.000000,1137538
6.809069,599453.806625,0.005002,hold,2,0.000000,0.000000,0.000000,0.000502,0.000502,0.592786,0.003311,0.003311,0.100288,1137540
6.814067,599453.811716,0.004998,hold,2,0.000000,0.000000,0.000000,0.000502,0.000502,0.595639,0.003971,0.003971,0.000001,1137542
6.824067,599453.816806,0.010000,hold,2,0.000000,0.000000,0.000000,-0.000500,-0.000500,0.623910,0.004128,0.004128,0.130507,1137546
6.829067,599453.821896,0.005000,hold,2,0.000000,0.000000,0.000000,-0.000576,-0.000576,0.606582,0.003679,0.003679,0.000000,1137548
6.834067,599453.826979,0.005000,hold,2,0.000000,0.000000,0.000000,0.000502,0.000502,0.586216,0.003159,0.003159,0.215657,1137550
6.839067,599453.832076,0.005000,hold,2,0.000000,0.000000,0.000000,0.000026,0.000026,0.576267,0.003686,0.003686,0.000000,1137552
6.844067,599453.837150,0.005000,hold,2,0.000000,0.000000,0.000000,-0.000575,-0.000575,0.592029,0.004049,0.004049,0.000000,1137554
6.849068,599453.842293,0.005001,hold,2,0.000000,0.000000,0.000000,-0.000000,-0.000000,0.588075,0.003621,0.003621,0.115075,1137556
6.854067,599453.847381,0.004999,hold,2,0.000000,0.000000,0.000000,-0.000575,-0.000575,0.572983,0.003898,0.003898,0.000000,1137558
6.859067,599453.852477,0.005000,hold,2,0.000000,0.000000,0.000000,0.001340,0.001340,0.569590,0.003265,0.003265,0.383035,1137560
6.864067,599453.857556,0.005000,hold,2,0.000000,0.000000,0.000000,0.000425,0.000425,0.607569,0.003690,0.003690,0.000000,1137562
6.869067,599453.862668,0.005000,hold,2,0.000000,0.000000,0.000000,-0.001126,-0.001126,0.646855,0.004049,0.004049,0.000000,1137564
6.874067,599453.867782,0.005000,hold,2,0.000000,0.000000,0.000000,0.000850,0.000850,0.614316,0.003573,0.003573,0.395309,1137566
6.879067,599453.872903,0.005001,hold,2,0.000000,0.000000,0.000000,-0.000551,-0.000551,0.601994,0.004151,0.004151,0.000000,1137568
6.884067,599453.877983,0.005000,hold,2,0.000000,0.000000,0.000000,-0.001076,-0.001076,0.592394,0.003809,0.003809,0.000000,1137570
6.889067,599453.883193,0.005000,hold,2,0.000000,0.000000,0.000000,0.000001,0.000001,0.582251,0.003381,0.003381,0.215275,1137572
6.894067,599453.888297,0.005000,hold,2,0.000000,0.000000,0.000000,-0.000576,-0.000576,0.608747,0.003943,0.003943,0.000000,1137574
6.899067,599453.893399,0.005000,hold,2,0.000000,0.000000,0.000000,0.000850,0.000850,0.618927,0.003558,0.003558,0.285257,1137576
6.904067,599453.898548,0.005000,hold,2,0.000000,0.000000,0.000000,0.000001,0.000001,0.609954,0.004221,0.004221,0.000000,1137578
6.909067,599453.903754,0.005000,hold,2,0.000000,0.000000,0.000000,-0.000576,-0.000576,0.612072,0.003802,0.003802,0.000000,1137580
6.914067,599453.908903,0.005000,hold,2,0.000000,0.000000,0.000000,0.000425,0.000425,0.608365,0.003361,0.003361,0.200256,1137582
6.919067,599453.914110,0.005000,hold,2,0.000000,0.000000,0.000000,0.000000,0.000000,0.584531,0.003967,0.003967,0.000000,1137584
6.924067,599453.919212,0.005000,hold,2,0.000000,0.000000,0.000000,0.000425,0.000425,0.576147,0.003534,0.003534,0.085024,1137586
6.929067,599453.924314,0.004999,hold,2,0.000000,0.000000,0.000000,-0.000500,-0.000500,0.603055,0.004147,0.004147,0.000000,1137588
6.934067,599453.929417,0.005000,hold,2,0.000000,0.000000,0.000000,-0.000000,-0.000000,0.647945,0.003761,0.003761,0.099929,1137590
6.939067,599453.934556,0.005000,hold,2,0.000000,0.000000,0.000000,0.000153,0.000153,0.665252,0.004009,0.004009,0.030680,1137592
6.944068,599453.939771,0.005001,hold,2,0.000000,0.000000,0.000000,0.000076,0.000076,0.652091,0.003594,0.003594,0.000000,1137594
6.949067,599453.944976,0.004999,hold,2,0.000000,0.000000,0.000000,0.000425,0.000425,0.613966,0.004208,0.004208,0.069765,1137596
6.954068,599453.950207,0.005000,hold,2,0.000000,0.000000,0.000000,-0.000576,-0.000576,0.589225,0.003796,0.003796,0.000000,1137598
6.959068,599453.955314,0.005000,hold,2,0.000000,0.000000,0.000000,0.000000,0.000000,0.607752,0.003390,0.003390,0.115231,1137600
6.964068,599453.960455,0.005000,hold,2,0.000000,0.000000,0.000000,0.000000,0.000000,0.605998,0.004042,0.004042,0.000000,1137602
6.969068,599453.965594,0.005000,hold,2,0.000000,0.000000,0.000000,0.000000,0.000000,0.593657,0.003607,0.003607,0.000000,1137604
6.974068,599453.970852,0.005000,hold,2,0.000000,0.000000,0.000000,0.000000,0.000000,0.604477,0.004221,0.004221,0.000001,1137606
6.979067,599453.976061,0.004999,hold,2,0.000000,0.000000,0.000000,0.000850,0.000850,0.598474,0.003837,0.003837,0.170080,1137608
6.984067,599453.981179,0.005000,hold,2,0.000000,0.000000,0.000000,0.000000,0.000000,0.587197,0.003417,0.003417,0.000000,1137610
6.989067,599453.986282,0.005000,hold,2,0.000000,0.000000,0.000000,-0.000074,-0.000074,0.579542,0.004055,0.004055,0.000000,1137612
6.994067,599453.991452,0.005000,hold,2,0.000000,0.000000,0.000000,0.000076,0.000076,0.581175,0.003649,0.003649,0.030107,1137614
6.999067,599453.996593,0.004999,hold,2,0.000000,0.000000,0.000000,0.000451,0.000451,0.595631,0.004272,0.004272,0.074862,1137616
7.004068,599454.001734,0.005001,hold,2,0.000000,0.000000,0.000000,0.000000,0.000000,0.583615,0.003880,0.003880,0.000000,1137618
7.014067,599454.006971,0.010000,hold,2,0.000000,0.000000,0.000000,0.000927,0.000927,0.619227,0.004092,0.004092,0.185292,1137622
7.019068,599454.012207,0.005000,hold,2,0.000000,0.000000,0.000000,0.000076,0.000076,0.618754,0.003630,0.003630,0.000000,1137624
7.024067,599454.017309,0.004999,hold,2,0.000000,0.000000,0.000000,0.000426,0.000426,0.617421,0.004251,0.004251,0.069859,1137626
7.029067,599454.022411,0.005000,hold,2,0.000000,0.000000,0.000000,0.000000,0.000000,0.605848,0.003848,0.003848,0.000000,1137628
7.034067,599454.027610,0.005000,hold,2,0.000000,0.000000,0.000000,0.000501,0.000501,0.594126,0.003429,0.003429,0.100286,1137630
7.039067,599454.032891,0.005000,hold,2,0.000000,0.000000,0.000000,0.000076,0.000076,0.594110,0.004073,0.004073,0.000000,1137632
7.044068,599454.038184,0.005000,hold,2,0.000000,0.000000,0.000000,0.000850,0.000850,0.606580,0.003669,0.003669,0.154789,1137634
7.049067,599454.043287,0.004999,hold,2,0.000000,0.000000,0.000000,0.000000,0.000000,0.608214,0.004308,0.004308,0.000000,1137636
7.054067,599454.048390,0.005000,hold,2,0.000000,0.000000,0.000000,0.000000,0.000000,0.606428,0.003945,0.003945,0.000088,1137638
7.059067,599454.053621,0.005000,hold,2,0.000000,0.000000,0.000000,0.000000,0.000000,0.606520,0.003542,0.003542,0.000000,1137640
7.064068,599454.058722,0.005000,hold,2,0.000000,0.000000,0.000000,0.000000,0.000000,0.595979,0.004163,0.004163,0.000092,1137642
7.069067,599454.063913,0.004999,hold,2,0.000000,0.000000,0.000000,-0.000576,-0.000576,0.610912,0.003737,0.003737,0.000000,1137644
7.074067,599454.069117,0.005000,hold,2,0.000000,0.000000,0.000000,0.000000,0.000000,0.638824,0.004380,0.004380,0.115311,1137646
7.079067,599454.074220,0.005000,hold,2,0.000000,0.000000,0.000000,0.000000,0.000000,0.638395,0.003965,0.003965,0.000000,1137648
7.084067,599454.079322,0.005000,hold,2,0.000000,0.000000,0.000000,0.000000,0.000000,0.623524,0.003561,0.003561,0.000002,1137650
7.089067,599454.084425,0.005000,hold,2,0.000000,0.000000,0.000000,0.000153,0.000153,0.620527,0.004202,0.004202,0.030580,1137652
7.094068,599454.089567,0.005000,hold,2,0.000000,0.000000,0.000000,0.000425,0.000425,0.620625,0.003848,0.003848,0.054442,1137654
7.099067,599454.094799,0.004999,hold,2,0.000000,0.000000,0.000000,0.000153,0.000153,0.623627,0.003442,0.003442,0.000000,1137656
7.104067,599454.099997,0.005000,hold,2,0.000000,0.000000,0.000000,0.000153,0.000153,0.623360,0.004043,0.004043,0.000000,1137658
7.109067,599454.105189,0.005000,hold,2,0.000000,0.000000,0.000000,0.000000,0.000000,0.620178,0.003615,0.003615,0.000000,1137660
7.114067,599454.110292,0.005000,hold,2,0.000000,0.000000,0.000000,0.000001,0.000001,0.616514,0.004144,0.004144,0.000095,1137662
7.119067,599454.115394,0.005000,hold,2,0.000000,0.000000,0.000000,0.000076,0.000076,0.617238,0.003740,0.003740,0.015147,1137664
7.124067,599454.120599,0.005000,hold,2,0.000000,0.000000,0.000000,0.000000,0.000000,0.617335,0.004379,0.004379,0.000000,1137666
7.129068,599454.125753,0.005000,hold,2,0.000000,0.000000,0.000000,0.000000,0.000000,0.611627,0.003977,0.003977,0.000000,1137668
7.134067,599454.130882,0.004999,hold,2,0.000000,0.000000,0.000000,0.000527,0.000527,0.615886,0.003579,0.003579,0.105411,1137670
7.139068,599454.135991,0.005000,hold,2,0.000000,0.000000,0.000000,0.000000,0.000000,0.610116,0.004214,0.004214,0.000000,1137672
7.144067,599454.141073,0.005000,hold,2,0.000000,0.000000,0.000000,0.000000,0.000000,0.577956,0.003829,0.003829,0.000000,1137674
7.149067,599454.146200,0.005000,hold,2,0.000000,0.000000,0.000000,0.000076,0.000076,0.560127,0.003423,0.003423,0.015240,1137676
7.154067,599454.151330,0.005000,hold,2,0.000000,0.000000,0.000000,0.000000,0.000000,0.585973,0.004063,0.004063,0.000000,1137678
7.159067,599454.156476,0.005000,hold,2,0.000000,0.000000,0.000000,0.000000,0.000000,0.626179,0.003637,0.003637,0.000000,1137680
7.164067,599454.161593,0.005000,hold,2,0.000000,0.000000,0.000000,0.000425,0.000425,0.647832,0.004291,0.004291,0.085033,1137682
7.169067,599454.166732,0.005000,hold,2,0.000000,0.000000,0.000000,0.000000,0.000000,0.627971,0.003900,0.003900,0.000000,1137684
7.179067,599454.171827,0.010000,hold,2,0.000000,0.000000,0.000000,0.000000,0.000000,0.584959,0.004110,0.004110,0.000000,1137688
7.179067,599454.176969,0.000001,hold,2,0.000000,0.000000,0.000000,0.000000,0.000000,0.584959,0.004110,0.004110,0.000000,1137688
7.189067,599454.182021,0.010000,hold,2,0.000000,0.000000,0.000000,0.000426,0.000426,0.602979,0.004385,0.004385,0.085121,1137692
7.194067,599454.187101,0.005000,hold,2,0.000000,0.000000,0.000000,0.000000,0.000000,0.613863,0.003972,0.003972,0.000000,1137694
7.199067,599454.192182,0.005000,hold,2,0.000000,0.000000,0.000000,0.000076,0.000076,0.592092,0.003557,0.003557,0.015133,1137696
7.204067,599454.197316,0.005000,hold,2,0.000000,0.000000,0.000000,0.000000,0.000000,0.581540,0.004210,0.004210,0.000000,1137698
7.209067,599454.202418,0.005000,hold,2,0.000000,0.000000,0.000000,0.000927,0.000927,0.618296,0.003848,0.003848,0.185383,1137700
7.214067,599454.207517,0.005000,hold,2,0.000000,0.000000,0.000000,0.000000,0.000000,0.631693,0.003429,0.003429,0.000000,1137702
7.219067,599454.212617,0.005000,hold,2,0.000000,0.000000,0.000000,0.000603,0.000603,0.603156,0.004055,0.004055,0.120616,1137704
7.224067,599454.217676,0.005000,hold,2,0.000000,0.000000,0.000000,0.000000,0.000000,0.567870,0.003628,0.003628,0.000000,1137706
7.229068,599454.222756,0.005000,hold,2,0.000000,0.000000,0.000000,0.000000,0.000000,0.544993,0.004272,0.004272,0.000001,1137708
7.234067,599454.227830,0.005000,hold,2,0.000000,0.000000,0.000000,-0.000576,-0.000576,0.528437,0.003903,0.003903,0.000000,1137710
7.239067,599454.232905,0.005000,hold,2,0.000000,0.000000,0.000000,0.000000,0.000000,0.525392,0.003505,0.003505,0.115232,1137712
7.244068,599454.237983,0.005000,hold,2,0.000000,0.000000,0.000000,0.000425,0.000425,0.529230,0.004141,0.004141,0.085027,1137714
7.249067,599454.243016,0.005000,hold,2,0.000000,0.000000,0.000000,0.000076,0.000076,0.553212,0.003738,0.003738,0.000000,1137716
7.254067,599454.248114,0.005000,hold,2,0.000000,0.000000,0.000000,0.000274,0.000274,0.594921,0.003337,0.003337,0.039625,1137718
7.259067,599454.253197,0.005000,hold,2,0.000000,0.000000,0.000000,0.000076,0.000076,0.589568,0.003975,0.003975,0.000000,1137720
7.264068,599454.258333,0.005001,hold,2,0.000000,0.000000,0.000000,0.000425,0.000425,0.584635,0.003565,0.003565,0.069818,1137722
7.269068,599454.263492,0.005000,hold,2,0.000000,0.000000,0.000000,-0.000500,-0.000500,0.597104,0.004211,0.004211,0.000000,1137724
7.274068,599454.268615,0.005000,hold,2,0.000000,0.000000,0.000000,-0.000500,-0.000500,0.595284,0.003784,0.003784,0.000001,1137726
7.279067,599454.273689,0.004999,hold,2,0.000000,0.000000,0.000000,0.000876,0.000876,0.612911,0.004308,0.004308,0.275314,1137728
7.284067,599454.278783,0.005000,hold,2,0.000000,0.000000,0.000000,-0.000424,-0.000424,0.621949,0.003844,0.003844,0.000000,1137730
7.289069,599454.283875,0.005002,hold,2,0.000000,0.000000,0.000000,0.000000,0.000000,0.621075,0.003414,0.003414,0.084727,1137732
7.294466,599454.289113,0.005397,hold,2,0.000000,0.000000,0.000000,0.000666,0.000666,0.626857,0.004375,0.004375,0.123454,1137734
7.299067,599454.294225,0.004601,hold,2,0.000000,0.000000,0.000000,0.000000,0.000000,0.603467,0.003546,0.003546,0.000000,1137736
7.304067,599454.299332,0.005000,hold,2,0.000000,0.000000,0.000000,-0.000088,-0.000088,0.593051,0.004113,0.004113,0.000000,1137738
7.309067,599454.304480,0.005000,hold,2,0.000000,0.000000,0.000000,0.000076,0.000076,0.628797,0.003679,0.003679,0.032723,1137740
7.314067,599454.309628,0.005000,hold,2,0.000000,0.000000,0.000000,0.000000,0.000000,0.656650,0.004297,0.004297,0.000000,1137742
7.319068,599454.314734,0.005000,hold,2,0.000000,0.000000,0.000000,0.000000,0.000000,0.649492,0.003867,0.003867,0.000000,1137744
7.324068,599454.319890,0.005000,hold,2,0.000000,0.000000,0.000000,0.000000,0.000000,0.602236,0.003409,0.003409,0.000011,1137746
7.329067,599454.325120,0.004999,hold,2,0.000000,0.000000,0.000000,0.000501,0.000501,0.574850,0.003983,0.003983,0.100244,1137748
7.334067,599454.330259,0.005000,hold,2,0.000000,0.000000,0.000000,0.000000,0.000000,0.586865,0.003565,0.003565,0.000000,1137750
7.339068,599454.335398,0.005001,hold,2,0.000000,0.000000,0.000000,0.000000,0.000000,0.611418,0.004215,0.004215,0.000001,1137752
7.344068,599454.340554,0.005000,hold,2,0.000000,0.000000,0.000000,0.000000,0.000000,0.630374,0.003794,0.003794,0.000000,1137754
7.349067,599454.345762,0.005000,hold,2,0.000000,0.000000,0.000000,0.000000,0.000000,0.625034,0.004386,0.004386,0.000009,1137756
7.354068,599454.350993,0.005000,hold,2,0.000000,0.000000,0.000000,0.000425,0.000425,0.619349,0.003977,0.003977,0.085023,1137758
7.359067,599454.356143,0.004999,hold,2,0.000000,0.000000,0.000000,0.000000,0.000000,0.643437,0.003429,0.003429,0.000000,1137760
7.364067,599454.361253,0.005000,hold,2,0.000000,0.000000,0.000000,0.000000,0.000000,0.641507,0.003704,0.003704,0.000000,1137762
7.369067,599454.366361,0.005000,hold,2,0.000000,0.000000,0.000000,0.000000,0.000000,0.626763,0.004107,0.004107,0.000000,1137764
7.374067,599454.371503,0.005000,hold,2,0.000000,0.000000,0.000000,0.000152,0.000152,0.641274,0.003559,0.003559,0.030374,1137766
7.379068,599454.376674,0.005000,hold,2,0.000000,0.000000,0.000000,0.000000,0.000000,0.626915,0.003979,0.003979,0.000000,1137768
7.384067,599454.381808,0.005000,hold,2,0.000000,0.000000,0.000000,0.000000,0.000000,0.597846,0.003416,0.003416,0.000000,1137770
7.394068,599454.387034,0.010000,hold,2,0.000000,0.000000,0.000000,0.000000,0.000000,0.570630,0.003414,0.003414,0.000000,1137774
7.399067,599454.392141,0.005000,hold,2,0.000000,0.000000,0.000000,0.000000,0.000000,0.595070,0.003909,0.003909,0.000000,1137776
7.404067,599454.397246,0.005000,hold,2,0.000000,0.000000,0.000000,0.000000,0.000000,0.621688,0.003381,0.003381,0.000000,1137778
7.409067,599454.402460,0.004999,hold,2,0.000000,0.000000,0.000000,0.000152,0.000152,0.609859,0.003864,0.003864,0.030363,1137780
7.414067,599454.407657,0.005000,hold,2,0.000000,0.000000,0.000000,0.000152,0.000152,0.597708,0.003379,0.003379,0.000000,1137782
7.419067,599454.412866,0.005000,hold,2,0.000000,0.000000,0.000000,0.000000,0.000000,0.613207,0.003978,0.003978,0.000000,1137784
7.424069,599454.418093,0.005001,hold,2,0.000000,0.000000,0.000000,0.000000,0.000000,0.616769,0.003482,0.003482,0.000001,1137786
7.429068,599454.423219,0.004999,hold,2,0.000000,0.000000,0.000000,0.000152,0.000152,0.608648,0.003984,0.003984,0.030357,1137788
7.434068,599454.428327,0.005000,hold,2,0.000000,0.000000,0.000000,0.000152,0.000152,0.641663,0.004126,0.004126,0.000000,1137790
7.439068,599454.433457,0.005001,hold,2,0.000000,0.000000,0.000000,0.000000,0.000000,0.637295,0.003642,0.003642,0.000000,1137792
7.444069,599454.438623,0.005000,hold,2,0.000000,0.000000,0.000000,0.000000,0.000000,0.598979,0.004130,0.004130,0.000001,1137794
7.449069,599454.443835,0.005000,hold,2,0.000000,0.000000,0.000000,0.000000,0.000000,0.588515,0.003655,0.003655,0.000006,1137796
7.454070,599454.449046,0.005001,hold,2,0.000000,0.000000,0.000000,0.000000,0.000000,0.609121,0.003843,0.003843,0.000000,1137798
7.459070,599454.454180,0.005000,hold,2,0.000000,0.000000,0.000000,0.000152,0.000152,0.652759,0.004410,0.004410,0.030420,1137800
7.464069,599454.459296,0.004999,hold,2,0.000000,0.000000,0.000000,0.000026,0.000026,0.650956,0.003787,0.003787,0.000000,1137802
7.469069,599454.464454,0.005000,hold,2,0.000000,0.000000,0.000000,0.000000,0.000000,0.629487,0.004322,0.004322,0.000000,1137804
7.474069,599454.469698,0.005000,hold,2,0.000000,0.000000,0.000000,0.000000,0.000000,0.636284,0.003707,0.003707,0.000000,1137806
7.479069,599454.474924,0.005000,hold,2,0.000000,0.000000,0.000000,-0.000576,-0.000576,0.655440,0.004071,0.004071,0.000000,1137808
7.484069,599454.480157,0.005000,hold,2,0.000000,0.000000,0.000000,-0.000500,-0.000500,0.649829,0.003594,0.003594,0.015160,1137810
7.489068,599454.485276,0.005000,hold,2,0.000000,0.000000,0.000000,0.000076,0.000076,0.627901,0.003940,0.003940,0.115247,1137812
7.494070,599454.490393,0.005001,hold,2,0.000000,0.000000,0.000000,0.000000,0.000000,0.607456,0.003319,0.003319,0.000000,1137814
7.499068,599454.495555,0.004998,hold,2,0.000000,0.000000,0.000000,0.000000,0.000000,0.595239,0.003922,0.003922,0.000000,1137816
7.504069,599454.500764,0.005001,hold,2,0.000000,0.000000,0.000000,0.000152,0.000152,0.629235,0.003227,0.003227,0.030318,1137818
7.509069,599454.505985,0.005000,hold,2,0.000000,0.000000,0.000000,0.000000,0.000000,0.653975,0.003869,0.003869,0.000000,1137820
7.514086,599454.511180,0.005017,hold,2,0.000000,0.000000,0.000000,0.000000,0.000000,0.645445,0.003489,0.003489,0.000000,1137822
7.519069,599454.516301,0.004983,hold,2,0.000000,0.000000,0.000000,0.000076,0.000076,0.617994,0.003992,0.003992,0.015200,1137824
7.524068,599454.521434,0.004999,hold,2,0.000000,0.000000,0.000000,0.000026,0.000026,0.599854,0.003431,0.003431,0.000000,1137826
7.529068,599454.526578,0.005000,hold,2,0.000000,0.000000,0.000000,0.000000,0.000000,0.609562,0.003983,0.003983,0.000000,1137828
7.534069,599454.531791,0.005001,hold,2,0.000000,0.000000,0.000000,0.000000,0.000000,0.621292,0.003585,0.003585,0.000008,1137830
7.539069,599454.536907,0.005000,hold,2,0.000000,0.000000,0.000000,0.000000,0.000000,0.617733,0.003997,0.003997,0.000000,1137832
7.549068,599454.542077,0.009999,hold,2,0.000000,0.000000,0.000000,0.000000,0.000000,0.575250,0.003806,0.003806,0.000000,1137836
7.554068,599454.547167,0.005000,hold,2,0.000000,0.000000,0.000000,0.000425,0.000425,0.577242,0.004191,0.004191,0.085034,1137838
7.559120,599454.552288,0.005052,hold,2,0.000000,0.000000,0.000000,0.000000,0.000000,0.622121,0.003648,0.003648,0.000000,1137840
7.564068,599454.557421,0.004948,hold,2,0.000000,0.000000,0.000000,0.000000,0.000000,0.620176,0.003849,0.003849,0.000001,1137842
7.569070,599454.562562,0.005001,hold,2,0.000000,0.000000,0.000000,0.000000,0.000000,0.581104,0.004332,0.004332,0.000000,1137844
7.574069,599454.567684,0.004999,hold,2,0.000000,0.000000,0.000000,0.000000,0.000000,0.590406,0.003756,0.003756,0.000000,1137846
7.579069,599454.572768,0.005000,hold,2,0.000000,0.000000,0.000000,-0.000576,-0.000576,0.629455,0.004283,0.004283,0.000000,1137848
7.584069,599454.577905,0.005000,hold,2,0.000000,0.000000,0.000000,0.000000,0.000000,0.625417,0.003866,0.003866,0.115261,1137850
7.589069,599454.583004,0.005000,hold,2,0.000000,0.000000,0.000000,0.000000,0.000000,0.615482,0.003390,0.003390,0.000000,1137852
7.594071,599454.588109,0.005002,hold,2,0.000000,0.000000,0.000000,0.000026,0.000026,0.612474,0.003900,0.003900,0.005233,1137854
7.599069,599454.593224,0.004998,hold,2,0.000000,0.000000,0.000000,0.000000,0.000000,0.592788,0.004399,0.004399,0.000000,1137856
7.604069,599454.598312,0.005000,hold,2,0.000000,0.000000,0.000000,0.000488,0.000488,0.600023,0.003970,0.003970,0.097630,1137858
7.609069,599454.603453,0.005000,hold,2,0.000000,0.000000,0.000000,-0.000462,-0.000462,0.623029,0.004312,0.004312,0.000000,1137860
7.614068,599454.608557,0.004999,hold,2,0.000000,0.000000,0.000000,0.000000,0.000000,0.605202,0.003691,0.003691,0.092435,1137862
7.619069,599454.613693,0.005001,hold,2,0.000000,0.000000,0.000000,0.000000,0.000000,0.598287,0.003999,0.003999,0.000000,1137864
7.624069,599454.618815,0.005000,hold,2,0.000000,0.000000,0.000000,0.000000,0.000000,0.623827,0.003514,0.003514,0.000000,1137866
7.629069,599454.623930,0.005000,hold,2,0.000000,0.000000,0.000000,0.000000,0.000000,0.599764,0.003852,0.003852,0.000001,1137868
7.634069,599454.629066,0.005000,hold,2,0.000000,0.000000,0.000000,0.000000,0.000000,0.572656,0.004280,0.004280,0.000003,1137870
7.639070,599454.634140,0.005001,hold,2,0.000000,0.000000,0.000000,0.000000,0.000000,0.600521,0.003724,0.003724,0.000000,1137872
7.644069,599454.639218,0.004999,hold,2,0.000000,0.000000,0.000000,0.000000,0.000000,0.649046,0.004082,0.004082,0.000002,1137874
7.649071,599454.644337,0.005002,hold,2,0.000000,0.000000,0.000000,0.000000,0.000000,0.639508,0.003620,0.003620,0.000000,1137876
7.654070,599454.649454,0.004999,hold,2,0.000000,0.000000,0.000000,0.000000,0.000000,0.592248,0.004176,0.004176,0.000000,1137878
7.659071,599454.654590,0.005001,hold,2,0.000000,0.000000,0.000000,0.000000,0.000000,0.595004,0.003718,0.003718,0.000003,1137880
7.664071,599454.659671,0.005000,hold,2,0.000000,0.000000,0.000000,0.000026,0.000026,0.623243,0.004275,0.004275,0.005236,1137882
7.669070,599454.664788,0.005000,hold,2,0.000000,0.000000,0.000000,0.000000,0.000000,0.620131,0.003882,0.003882,0.000000,1137884
7.674070,599454.669871,0.005000,hold,2,0.000000,0.000000,0.000000,0.000000,0.000000,0.603123,0.003436,0.003436,0.000000,1137886
7.679071,599454.674995,0.005002,hold,2,0.000000,0.000000,0.000000,0.000000,0.000000,0.586593,0.004000,0.004000,0.000002,1137888
7.684070,599454.680112,0.004999,hold,2,0.000000,0.000000,0.000000,0.000000,0.000000,0.579419,0.003547,0.003547,0.000062,1137890
7.689071,599454.685191,0.005001,hold,2,0.000000,0.000000,0.000000,0.000000,0.000000,0.601414,0.004129,0.004129,0.000000,1137892
7.694071,599454.690276,0.005000,hold,2,0.000000,0.000000,0.000000,0.000000,0.000000,0.618217,0.003641,0.003641,0.000001,1137894
7.699070,599454.695429,0.004999,hold,2,0.000000,0.000000,0.000000,0.000000,0.000000,0.621152,0.004246,0.004246,0.000000,1137896
7.704072,599454.700554,0.005001,hold,2,0.000000,0.000000,0.000000,0.000000,0.000000,0.612033,0.003819,0.003819,0.000002,1137898
7.709070,599454.705704,0.004999,hold,2,0.000000,0.000000,0.000000,0.000000,0.000000,0.607151,0.004438,0.004438,0.000000,1137900
7.714070,599454.710834,0.004999,hold,2,0.000000,0.000000,0.000000,0.000000,0.000000,0.618667,0.003999,0.003999,0.000000,1137902
7.719070,599454.715967,0.005001,hold,2,0.000000,0.000000,0.000000,0.000000,0.000000,0.623487,0.003569,0.003569,0.000004,1137904
7.724071,599454.721088,0.005000,hold,2,0.000000,0.000000,0.000000,0.000000,0.000000,0.609029,0.004194,0.004194,0.000000,1137906
7.729070,599454.726176,0.005000,hold,2,0.000000,0.000000,0.000000,0.000000,0.000000,0.591209,0.003752,0.003752,0.000002,1137908
7.734070,599454.731261,0.004999,hold,2,0.000000,0.000000,0.000000,0.000000,0.000000,0.598589,0.004374,0.004374,0.000009,1137910
7.739070,599454.736342,0.005000,hold,2,0.000000,0.000000,0.000000,0.000000,0.000000,0.621660,0.003980,0.003980,0.000000,1137912
7.744071,599454.741540,0.005001,hold,2,0.000000,0.000000,0.000000,0.000000,0.000000,0.608518,0.003483,0.003483,0.000001,1137914
7.749071,599454.746689,0.005000,hold,2,0.000000,0.000000,0.000000,0.000000,0.000000,0.563706,0.004105,0.004105,0.000005,1137916
7.754069,599454.751888,0.004998,hold,2,0.000000,0.000000,0.000000,0.000000,0.000000,0.581661,0.003650,0.003650,0.000000,1137918
7.764069,599454.757007,0.010000,hold,2,0.000000,0.000000,0.000000,0.000000,0.000000,0.609592,0.003860,0.003860,0.000000,1137922
7.769068,599454.762164,0.005000,hold,2,0.000000,0.000000,0.000000,0.000000,0.000000,0.593884,0.003448,0.003448,0.000000,1137924
7.774069,599454.767278,0.005000,hold,2,0.000000,0.000000,0.000000,0.000000,0.000000,0.603830,0.004035,0.004035,0.000000,1137926
7.779069,599454.772390,0.005000,hold,2,0.000000,0.000000,0.000000,0.000000,0.000000,0.619294,0.003586,0.003586,0.000008,1137928
7.784069,599454.777506,0.005000,hold,2,0.000000,0.000000,0.000000,0.000000,0.000000,0.615143,0.004236,0.004236,0.000000,1137930
7.789069,599454.782620,0.005000,hold,2,0.000000,0.000000,0.000000,0.000000,0.000000,0.609812,0.003816,0.003816,0.000000,1137932
7.794069,599454.787769,0.004999,hold,2,0.000000,0.000000,0.000000,0.000000,0.000000,0.598936,0.003388,0.003388,0.000000,1137934
7.799070,599454.792886,0.005001,hold,2,0.000000,0.000000,0.000000,0.000000,0.000000,0.595403,0.004009,0.004009,0.000004,1137936
7.804071,599454.798148,0.005001,hold,2,0.000000,0.000000,0.000000,0.000000,0.000000,0.609005,0.003596,0.003596,0.000001,1137938
7.809070,599454.803455,0.004999,hold,2,0.000000,0.000000,0.000000,0.000000,0.000000,0.605624,0.004222,0.004222,0.000000,1137940
7.814070,599454.808570,0.005000,hold,2,0.000000,0.000000,0.000000,0.000000,0.000000,0.607433,0.003805,0.003805,0.000000,1137942
7.819071,599454.813701,0.005001,hold,2,0.000000,0.000000,0.000000,0.000000,0.000000,0.602206,0.003390,0.003390,0.000001,1137944
7.824070,599454.818821,0.005000,hold,2,0.000000,0.000000,0.000000,0.000000,0.000000,0.572411,0.004020,0.004020,0.000008,1137946
7.829071,599454.823911,0.005001,hold,2,0.000000,0.000000,0.000000,0.000000,0.000000,0.583168,0.003580,0.003580,0.000000,1137948
7.834070,599454.829017,0.004999,hold,2,0.000000,0.000000,0.000000,0.000000,0.000000,0.614588,0.004165,0.004165,0.000008,1137950
7.839069,599454.834111,0.004999,hold,2,0.000000,0.000000,0.000000,0.000000,0.000000,0.613395,0.003939,0.003939,0.000000,1137952
7.844070,599454.839278,0.005001,hold,2,0.000000,0.000000,0.000000,0.000000,0.000000,0.595585,0.004513,0.004513,0.000000,1137954
7.849070,599454.844398,0.005000,hold,2,0.000000,0.000000,0.000000,0.000000,0.000000,0.601979,0.003968,0.003968,0.000008,1137956
7.854069,599454.849512,0.004999,hold,2,0.000000,0.000000,0.000000,0.000000,0.000000,0.617552,0.003509,0.003509,0.000000,1137958
7.859067,599454.854591,0.004998,hold,2,0.000000,0.000000,0.000000,0.000851,0.000851,0.606457,0.004130,0.004130,0.170166,1137960
7.864068,599454.859736,0.005000,hold,2,0.000000,0.000000,0.000000,0.000851,0.000851,0.596385,0.003741,0.003741,0.000001,1137962
7.869067,599454.864850,0.005000,hold,2,0.000000,0.000000,0.000000,0.000000,0.000000,0.603912,0.004361,0.004361,0.000000,1137964
7.874067,599454.869966,0.005000,hold,2,0.000000,0.000000,0.000000,0.000000,0.000000,0.606211,0.003907,0.003907,0.000000,1137966
7.879067,599454.875113,0.005000,hold,2,0.000000,0.000000,0.000000,0.000000,0.000000,0.606564,0.004437,0.004437,0.000001,1137968
7.884067,599454.880243,0.005000,hold,2,0.000000,0.000000,0.000000,0.000000,0.000000,0.601610,0.003964,0.003964,0.000001,1137970
7.889067,599454.885314,0.005000,hold,2,0.000000,0.000000,0.000000,0.000000,0.000000,0.588403,0.003569,0.003569,0.000005,1137972
7.894068,599454.890443,0.005000,hold,2,0.000000,0.000000,0.000000,0.000000,0.000000,0.599870,0.004149,0.004149,0.000000,1137974
7.899068,599454.895595,0.005000,hold,2,0.000000,0.000000,0.000000,0.000000,0.000000,0.617848,0.003743,0.003743,0.000000,1137976
7.904068,599454.900726,0.005000,hold,2,0.000000,0.000000,0.000000,0.000000,0.000000,0.620491,0.004329,0.004329,0.000000,1137978
7.909068,599454.905845,0.005000,hold,2,0.000000,0.000000,0.000000,0.000000,0.000000,0.612611,0.003901,0.003901,0.000001,1137980
7.914068,599454.910991,0.005000,hold,2,0.000000,0.000000,0.000000,0.000000,0.000000,0.623295,0.003479,0.003479,0.000001,1137982
7.919067,599454.916078,0.005000,hold,2,0.000000,0.000000,0.000000,0.000000,0.000000,0.639806,0.004102,0.004102,0.000009,1137984
7.924067,599454.921151,0.005000,hold,2,0.000000,0.000000,0.000000,0.000000,0.000000,0.609572,0.003738,0.003738,0.000000,1137986
7.929067,599454.926231,0.005000,hold,2,0.000000,0.000000,0.000000,0.000000,0.000000,0.606280,0.004364,0.004364,0.000002,1137988
7.934067,599454.931311,0.005000,hold,2,0.000000,0.000000,0.000000,0.000000,0.000000,0.626971,0.003964,0.003964,0.000011,1137990
7.939067,599454.936425,0.005000,hold,2,0.000000,0.000000,0.000000,0.000000,0.000000,0.611510,0.003522,0.003522,0.000000,1137992
7.944067,599454.941543,0.005000,hold,2,0.000000,0.000000,0.000000,0.000000,0.000000,0.578849,0.004170,0.004170,0.000004,1137994
7.949067,599454.946655,0.005000,hold,2,0.000000,0.000000,0.000000,-0.000576,-0.000576,0.568741,0.003732,0.003732,0.000000,1137996
7.959067,599454.951767,0.010000,hold,2,0.000000,0.000000,0.000000,0.000000,0.000000,0.617596,0.003968,0.003968,0.000001,1138000
7.964068,599454.956889,0.005001,hold,2,0.000000,0.000000,0.000000,-0.000026,-0.000026,0.616817,0.003556,0.003556,0.000000,1138002
7.969067,599454.962026,0.004999,hold,2,0.000000,0.000000,0.000000,0.000000,0.000000,0.616865,0.004165,0.004165,0.005247,1138004
7.974067,599454.967099,0.005000,hold,2,0.000000,0.000000,0.000000,0.000425,0.000425,0.623767,0.003779,0.003779,0.085045,1138006
7.979067,599454.972211,0.005000,hold,2,0.000000,0.000000,0.000000,0.000000,0.000000,0.615879,0.004340,0.004340,0.000000,1138008
7.984067,599454.977322,0.005000,hold,2,0.000000,0.000000,0.000000,0.000000,0.000000,0.600454,0.003891,0.003891,0.000003,1138010
7.989068,599454.982391,0.005000,hold,2,0.000000,0.000000,0.000000,0.000000,0.000000,0.596061,0.003512,0.003512,0.000000,1138012
7.994067,599454.987525,0.005000,hold,2,0.000000,0.000000,0.000000,0.000000,0.000000,0.597289,0.004084,0.004084,0.000002,1138014
7.999067,599454.992649,0.005000,hold,2,0.000000,0.000000,0.000000,0.000000,0.000000,0.579795,0.003621,0.003621,0.000008,1138016
8.004067,599454.997755,0.005000,hold,2,0.000000,0.000000,0.000000,0.000000,0.000000,0.552761,0.004177,0.004177,0.000000,1138018
8.009067,599455.002856,0.005000,hold,2,0.000000,0.000000,0.000000,-0.001152,-0.001152,0.567157,0.003788,0.003788,0.000000,1138020
8.014067,599455.007971,0.005000,hold,2,0.000000,0.000000,0.000000,0.000000,0.000000,0.605101,0.004296,0.004296,0.230508,1138022
8.019067,599455.013080,0.005000,hold,2,0.000000,0.000000,0.000000,0.000000,0.000000,0.607358,0.003887,0.003887,0.000000,1138024
8.024067,599455.018154,0.005000,hold,2,0.000000,0.000000,0.000000,0.000000,0.000000,0.586026,0.003432,0.003432,0.000000,1138026
8.029067,599455.023225,0.005000,hold,2,0.000000,0.000000,0.000000,0.000000,0.000000,0.592281,0.003771,0.003771,0.000009,1138028
8.034067,599455.028330,0.005000,hold,2,0.000000,0.000000,0.000000,0.000000,0.000000,0.612043,0.004275,0.004275,0.000001,1138030
8.039067,599455.033441,0.005000,hold,2,0.000000,0.000000,0.000000,0.000000,0.000000,0.601782,0.003833,0.003833,0.000000,1138032
8.044067,599455.038579,0.005000,hold,2,0.000000,0.000000,0.000000,0.000000,0.000000,0.582286,0.003388,0.003388,0.000000,1138034
8.049067,599455.043704,0.005000,hold,2,0.000000,0.000000,0.000000,0.000000,0.000000,0.571190,0.003949,0.003949,0.000004,1138036
8.054067,599455.048812,0.005000,hold,2,0.000000,0.000000,0.000000,0.000000,0.000000,0.585851,0.003531,0.003531,0.000002,1138038
8.059067,599455.053880,0.005000,hold,2,0.000000,0.000000,0.000000,0.000000,0.000000,0.605547,0.004109,0.004109,0.000000,1138040
8.064067,599455.058994,0.005000,hold,2,0.000000,0.000000,0.000000,0.000000,0.000000,0.594886,0.003659,0.003659,0.000000,1138042
8.069069,599455.064076,0.005002,hold,2,0.000000,0.000000,0.000000,0.000000,0.000000,0.581273,0.004256,0.004256,0.000006,1138044
8.074067,599455.069156,0.004998,hold,2,0.000000,0.000000,0.000000,0.000000,0.000000,0.596688,0.003842,0.003842,0.000079,1138046
8.079067,599455.074233,0.005000,hold,2,0.000000,0.000000,0.000000,0.000000,0.000000,0.611214,0.004371,0.004371,0.000000,1138048
8.084067,599455.079336,0.005000,hold,2,0.000000,0.000000,0.000000,0.000000,0.000000,0.598925,0.003904,0.003904,0.000005,1138050
8.089067,599455.084458,0.005000,hold,2,0.000000,0.000000,0.000000,0.000000,0.000000,0.590455,0.003529,0.003529,0.000000,1138052
8.094067,599455.089569,0.005000,hold,2,0.000000,0.000000,0.000000,0.000000,0.000000,0.603186,0.004122,0.004122,0.000009,1138054
8.099067,599455.094677,0.005000,hold,2,0.000000,0.000000,0.000000,0.000000,0.000000,0.618435,0.003653,0.003653,0.000000,1138056
8.104067,599455.099783,0.005000,hold,2,0.000000,0.000000,0.000000,0.000000,0.000000,0.604820,0.004212,0.004212,0.000000,1138058
8.109068,599455.104900,0.005001,hold,2,0.000000,0.000000,0.000000,0.000000,0.000000,0.585798,0.003853,0.003853,0.000000,1138060
8.114067,599455.110056,0.004999,hold,2,0.000000,0.000000,0.000000,0.000076,0.000076,0.582887,0.003335,0.003335,0.015111,1138062
8.119069,599455.115190,0.005002,hold,2,0.000000,0.000000,0.000000,0.000000,0.000000,0.598649,0.003851,0.003851,0.000000,1138064
8.124067,599455.120264,0.004998,hold,2,0.000000,0.000000,0.000000,-0.000576,-0.000576,0.606888,0.003399,0.003399,0.000000,1138066
8.129067,599455.125387,0.005000,hold,2,0.000000,0.000000,0.000000,0.000000,0.000000,0.596284,0.003960,0.003960,0.115243,1138068
8.134068,599455.130467,0.005000,hold,2,0.000000,0.000000,0.000000,0.000076,0.000076,0.580412,0.003510,0.003510,0.015098,1138070
8.139067,599455.135610,0.004999,hold,2,0.000000,0.000000,0.000000,0.000000,0.000000,0.579980,0.004109,0.004109,0.000000,1138072
8.144067,599455.140737,0.005001,hold,2,0.000000,0.000000,0.000000,0.000000,0.000000,0.596869,0.003740,0.003740,0.000076,1138074
8.149067,599455.145854,0.005000,hold,2,0.000000,0.000000,0.000000,0.000000,0.000000,0.607728,0.004283,0.004283,0.000000,1138076
8.154067,599455.150971,0.005000,hold,2,0.000000,0.000000,0.000000,0.000000,0.000000,0.615515,0.003892,0.003892,0.000001,1138078
8.159067,599455.156107,0.005000,hold,2,0.000000,0.000000,0.000000,0.000000,0.000000,0.608518,0.003456,0.003456,0.000000,1138080
8.164067,599455.161193,0.005000,hold,2,0.000000,0.000000,0.000000,0.000151,0.000151,0.600157,0.004040,0.004040,0.030194,1138082
8.169069,599455.166273,0.005002,hold,2,0.000000,0.000000,0.000000,0.000000,0.000000,0.596574,0.003647,0.003647,0.000000,1138084
8.174067,599455.171381,0.004998,hold,2,0.000000,0.000000,0.000000,0.000000,0.000000,0.622785,0.004259,0.004259,0.000000,1138086
8.179067,599455.176524,0.005000,hold,2,0.000000,0.000000,0.000000,0.000000,0.000000,0.646466,0.003774,0.003774,0.000000,1138088
8.184067,599455.181600,0.005000,hold,2,0.000000,0.000000,0.000000,0.000000,0.000000,0.624340,0.004302,0.004302,0.000001,1138090
8.189067,599455.186752,0.005000,hold,2,0.000000,0.000000,0.000000,0.000000,0.000000,0.609135,0.003847,0.003847,0.000001,1138092
8.199067,599455.191908,0.010000,hold,2,0.000000,0.000000,0.000000,0.000151,0.000151,0.611200,0.003935,0.003935,0.030189,1138096
8.204067,599455.197058,0.005000,hold,2,0.000000,0.000000,0.000000,0.000000,0.000000,0.626154,0.003489,0.003489,0.000000,1138098
8.209067,599455.202131,0.005000,hold,2,0.000000,0.000000,0.000000,0.000000,0.000000,0.619208,0.004078,0.004078,0.000000,1138100
8.214067,599455.207209,0.005001,hold,2,0.000000,0.000000,0.000000,0.000000,0.000000,0.601888,0.003591,0.003591,0.000001,1138102
8.219069,599455.212288,0.005002,hold,2,0.000000,0.000000,0.000000,0.000000,0.000000,0.595577,0.004182,0.004182,0.000000,1138104
8.224067,599455.217399,0.004998,hold,2,0.000000,0.000000,0.000000,0.000000,0.000000,0.606400,0.003776,0.003776,0.000004,1138106
8.229067,599455.222517,0.005000,hold,2,0.000000,0.000000,0.000000,0.000000,0.000000,0.618907,0.004274,0.004274,0.000006,1138108
8.234067,599455.227658,0.005000,hold,2,0.000000,0.000000,0.000000,0.000000,0.000000,0.618642,0.003828,0.003828,0.000000,1138110
8.239067,599455.232772,0.005000,hold,2,0.000000,0.000000,0.000000,-0.000576,-0.000576,0.600921,0.003426,0.003426,0.000000,1138112
8.244068,599455.237906,0.005001,hold,2,0.000000,0.000000,0.000000,0.000000,0.000000,0.576953,0.003907,0.003907,0.115228,1138114
8.249067,599455.243024,0.004999,hold,2,0.000000,0.000000,0.000000,0.000000,0.000000,0.586328,0.003447,0.003447,0.000000,1138116
8.254067,599455.248100,0.005000,hold,2,0.000000,0.000000,0.000000,0.000000,0.000000,0.619944,0.004045,0.004045,0.000013,1138118
8.259067,599455.253172,0.005000,hold,2,0.000000,0.000000,0.000000,0.000000,0.000000,0.638679,0.003554,0.003554,0.000000,1138120
8.264067,599455.258249,0.005000,hold,2,0.000000,0.000000,0.000000,-0.000088,-0.000088,0.609680,0.004123,0.004123,0.000000,1138122
8.269069,599455.263366,0.005002,hold,2,0.000000,0.000000,0.000000,0.000000,0.000000,0.571474,0.003729,0.003729,0.017632,1138124
8.274067,599455.268492,0.004998,hold,2,0.000000,0.000000,0.000000,0.000000,0.000000,0.586583,0.004307,0.004307,0.000000,1138126
8.279067,599455.273615,0.005000,hold,2,0.000000,0.000000,0.000000,0.000000,0.000000,0.630735,0.003838,0.003838,0.000001,1138128
8.284067,599455.278724,0.005000,hold,2,0.000000,0.000000,0.000000,0.000000,0.000000,0.645206,0.004372,0.004372,0.000000,1138130
8.289067,599455.283835,0.005000,hold,2,0.000000,0.000000,0.000000,0.000000,0.000000,0.627717,0.003864,0.003864,0.000001,1138132
8.294067,599455.288948,0.005000,hold,2,0.000000,0.000000,0.000000,-0.000576,-0.000576,0.609612,0.003397,0.003397,0.000000,1138134
8.299067,599455.294092,0.005000,hold,2,0.000000,0.000000,0.000000,0.000000,0.000000,0.598015,0.003893,0.003893,0.115244,1138136
8.304067,599455.299177,0.004999,hold,2,0.000000,0.000000,0.000000,0.000000,0.000000,0.601821,0.003448,0.003448,0.000009,1138138
8.309068,599455.304253,0.005001,hold,2,0.000000,0.000000,0.000000,0.000000,0.000000,0.621783,0.004027,0.004027,0.000008,1138140
8.314067,599455.309380,0.004999,hold,2,0.000000,0.000000,0.000000,0.000000,0.000000,0.649556,0.003534,0.003534,0.000000,1138142
8.319067,599455.314497,0.005000,hold,2,0.000000,0.000000,0.000000,0.000976,0.000976,0.639728,0.004122,0.004122,0.195244,1138144
8.324067,599455.319617,0.005000,hold,2,0.000000,0.000000,0.000000,0.000000,0.000000,0.605754,0.003677,0.003677,0.000000,1138146
8.329067,599455.324731,0.005000,hold,2,0.000000,0.000000,0.000000,0.000000,0.000000,0.590896,0.004193,0.004193,0.000000,1138148
8.334067,599455.329852,0.005000,hold,2,0.000000,0.000000,0.000000,0.000000,0.000000,0.573796,0.003850,0.003850,0.000001,1138150
8.339067,599455.334974,0.005000,hold,2,0.000000,0.000000,0.000000,0.000000,0.000000,0.576099,0.003424,0.003424,0.000000,1138152
8.344067,599455.340109,0.005000,hold,2,0.000000,0.000000,0.000000,0.000000,0.000000,0.603942,0.004021,0.004021,0.000000,1138154
8.349067,599455.345181,0.005000,hold,2,0.000000,0.000000,0.000000,0.000000,0.000000,0.616858,0.003667,0.003667,0.000000,1138156
8.354067,599455.350210,0.005000,hold,2,0.000000,0.000000,0.000000,0.000000,0.000000,0.616888,0.004232,0.004232,0.000000,1138158
8.359067,599455.355320,0.005000,hold,2,0.000000,0.000000,0.000000,0.000000,0.000000,0.598732,0.003837,0.003837,0.000000,1138160
8.364067,599455.360438,0.005000,hold,2,0.000000,0.000000,0.000000,0.000000,0.000000,0.591741,0.003373,0.003373,0.000001,1138162
8.369067,599455.365547,0.005000,hold,2,0.000000,0.000000,0.000000,0.000000,0.000000,0.602909,0.003980,0.003980,0.000001,1138164
8.374067,599455.370688,0.005000,hold,2,0.000000,0.000000,0.000000,0.000000,0.000000,0.608269,0.003566,0.003566,0.000005,1138166
8.379068,599455.375803,0.005001,hold,2,0.000000,0.000000,0.000000,0.000000,0.000000,0.625553,0.004144,0.004144,0.000008,1138168
8.384067,599455.380920,0.004999,hold,2,0.000000,0.000000,0.000000,0.000000,0.000000,0.642746,0.003788,0.003788,0.000000,1138170
8.389067,599455.386031,0.005000,hold,2,0.000000,0.000000,0.000000,0.000000,0.000000,0.634473,0.003357,0.003357,0.000002,1138172
8.394068,599455.391121,0.005001,hold,2,0.000000,0.000000,0.000000,0.000000,0.000000,0.617646,0.003949,0.003949,0.000001,1138174
8.399067,599455.396195,0.004999,hold,2,0.000000,0.000000,0.000000,0.000000,0.000000,0.595200,0.003545,0.003545,0.000000,1138176
8.404068,599455.401266,0.005001,hold,2,0.000000,0.000000,0.000000,0.000000,0.000000,0.575001,0.004231,0.004231,0.000000,1138178
8.409067,599455.406385,0.004999,hold,2,0.000000,0.000000,0.000000,0.000000,0.000000,0.591292,0.003868,0.003868,0.000001,1138180
8.414067,599455.411499,0.005000,hold,2,0.000000,0.000000,0.000000,0.000000,0.000000,0.619919,0.003410,0.003410,0.000001,1138182
8.419067,599455.416616,0.005000,hold,2,0.000000,0.000000,0.000000,0.000000,0.000000,0.618513,0.004034,0.004034,0.000000,1138184
8.424067,599455.421734,0.005000,hold,2,0.000000,0.000000,0.000000,0.000000,0.000000,0.604065,0.003669,0.003669,0.000005,1138186
8.429067,599455.426863,0.005000,hold,2,0.000000,0.000000,0.000000,0.000000,0.000000,0.606879,0.004289,0.004289,0.000000,1138188
8.439067,599455.431982,0.010000,hold,2,0.000000,0.000000,0.000000,0.000000,0.000000,0.610268,0.003503,0.003503,0.000000,1138192
8.444067,599455.437087,0.005000,hold,2,0.000000,0.000000,0.000000,0.000000,0.000000,0.607562,0.004195,0.004195,0.000000,1138194
8.449067,599455.442169,0.005000,hold,2,0.000000,0.000000,0.000000,0.000000,0.000000,0.601410,0.003869,0.003869,0.000000,1138196
8.454067,599455.447281,0.005000,hold,2,0.000000,0.000000,0.000000,0.000000,0.000000,0.617899,0.003509,0.003509,0.000001,1138198
8.459067,599455.452401,0.005000,hold,2,0.000000,0.000000,0.000000,0.000000,0.000000,0.615688,0.004147,0.004147,0.000005,1138200
8.464067,599455.457503,0.005000,hold,2,0.000000,0.000000,0.000000,0.000000,0.000000,0.594346,0.003725,0.003725,0.000000,1138202
8.469067,599455.462621,0.005000,hold,2,0.000000,0.000000,0.000000,0.000000,0.000000,0.578918,0.004331,0.004331,0.000002,1138204
8.474067,599455.467701,0.005000,hold,2,0.000000,0.000000,0.000000,0.000000,0.000000,0.566503,0.003900,0.003900,0.000002,1138206
8.479067,599455.472821,0.005000,hold,2,0.000000,0.000000,0.000000,0.000000,0.000000,0.579785,0.003482,0.003482,0.000000,1138208
8.484067,599455.477940,0.005000,hold,2,0.000000,0.000000,0.000000,0.000000,0.000000,0.590428,0.004155,0.004155,0.000000,1138210
8.489068,599455.483084,0.005000,hold,2,0.000000,0.000000,0.000000,0.000000,0.000000,0.588158,0.003796,0.003796,0.000002,1138212
8.494068,599455.488162,0.005001,hold,2,0.000000,0.000000,0.000000,0.000000,0.000000,0.597393,0.003417,0.003417,0.000001,1138214
8.499068,599455.493246,0.004999,hold,2,0.000000,0.000000,0.000000,0.000000,0.000000,0.606368,0.004104,0.004104,0.000000,1138216
8.504068,599455.498356,0.005000,hold,2,0.000000,0.000000,0.000000,0.000000,0.000000,0.595344,0.003762,0.003762,0.000000,1138218
8.509067,599455.503442,0.004999,hold,2,0.000000,0.000000,0.000000,0.000000,0.000000,0.588316,0.004425,0.004425,0.000001,1138220
8.514067,599455.508608,0.005000,hold,2,0.000000,0.000000,0.000000,0.000000,0.000000,0.607992,0.003937,0.003937,0.000004,1138222
8.519067,599455.513730,0.005000,hold,2,0.000000,0.000000,0.000000,0.000000,0.000000,0.623218,0.003515,0.003515,0.000000,1138224
8.524067,599455.518846,0.005000,hold,2,0.000000,0.000000,0.000000,0.000000,0.000000,0.619675,0.004044,0.004044,0.000000,1138226
8.529067,599455.523971,0.005000,hold,2,0.000000,0.000000,0.000000,0.000000,0.000000,0.603318,0.003514,0.003514,0.000000,1138228
8.534068,599455.529093,0.005000,hold,2,0.000000,0.000000,0.000000,0.000000,0.000000,0.608803,0.004040,0.004040,0.000000,1138230
8.539067,599455.534167,0.004999,hold,2,0.000000,0.000000,0.000000,0.000000,0.000000,0.612168,0.003642,0.003642,0.000000,1138232
8.544067,599455.539247,0.005000,hold,2,0.000000,0.000000,0.000000,0.000000,0.000000,0.595424,0.004141,0.004141,0.000000,1138234
8.549067,599455.544345,0.005000,hold,2,0.000000,0.000000,0.000000,0.000000,0.000000,0.595933,0.003739,0.003739,0.000000,1138236
8.554067,599455.549470,0.005000,hold,2,0.000000,0.000000,0.000000,0.000000,0.000000,0.603840,0.004366,0.004366,0.000001,1138238
8.559067,599455.554548,0.005000,hold,2,0.000000,0.000000,0.000000,0.000000,0.000000,0.621221,0.003881,0.003881,0.000001,1138240
8.564067,599455.559631,0.005000,hold,2,0.000000,0.000000,0.000000,0.000000,0.000000,0.611656,0.003472,0.003472,0.000001,1138242
8.569067,599455.564744,0.004999,hold,2,0.000000,0.000000,0.000000,0.000000,0.000000,0.590995,0.004080,0.004080,0.000000,1138244
8.574067,599455.569852,0.005000,hold,2,0.000000,0.000000,0.000000,0.000000,0.000000,0.598125,0.003736,0.003736,0.000004,1138246
8.579068,599455.574971,0.005001,hold,2,0.000000,0.000000,0.000000,0.000000,0.000000,0.600725,0.004328,0.004328,0.000000,1138248
8.584067,599455.580087,0.004999,hold,2,0.000000,0.000000,0.000000,0.000000,0.000000,0.604362,0.003890,0.003890,0.000000,1138250
8.589067,599455.585165,0.005000,hold,2,0.000000,0.000000,0.000000,0.000000,0.000000,0.621245,0.003376,0.003376,0.000000,1138252
8.594067,599455.590248,0.005000,hold,2,0.000000,0.000000,0.000000,0.000000,0.000000,0.641256,0.003847,0.003847,0.000008,1138254
8.599067,599455.595366,0.005000,hold,2,0.000000,0.000000,0.000000,0.000000,0.000000,0.632765,0.003381,0.003381,0.000000,1138256
8.604067,599455.600493,0.005000,hold,2,0.000000,0.000000,0.000000,0.000000,0.000000,0.616045,0.003992,0.003992,0.000000,1138258
8.609067,599455.605574,0.005000,hold,2,0.000000,0.000000,0.000000,0.000000,0.000000,0.618847,0.003599,0.003599,0.000001,1138260
8.614067,599455.610655,0.005000,hold,2,0.000000,0.000000,0.000000,0.000000,0.000000,0.615904,0.004170,0.004170,0.000001,1138262
8.619067,599455.615735,0.005000,hold,2,0.000000,0.000000,0.000000,0.000000,0.000000,0.605533,0.003803,0.003803,0.000000,1138264
8.624067,599455.620808,0.005000,hold,2,0.000000,0.000000,0.000000,0.000000,0.000000,0.597244,0.003378,0.003378,0.000001,1138266
8.629069,599455.625937,0.005002,hold,2,0.000000,0.000000,0.000000,0.000000,0.000000,0.599383,0.003967,0.003967,0.000000,1138268
8.634067,599455.631067,0.004998,hold,2,0.000000,0.000000,0.000000,0.000000,0.000000,0.615630,0.003551,0.003551,0.000000,1138270
8.639067,599455.636185,0.005000,hold,2,0.000000,0.000000,0.000000,0.000000,0.000000,0.609710,0.004156,0.004156,0.000000,1138272
8.644067,599455.641263,0.005000,hold,2,0.000000,0.000000,0.000000,0.000000,0.000000,0.575212,0.003765,0.003765,0.000001,1138274
8.649067,599455.646400,0.005000,hold,2,0.000000,0.000000,0.000000,0.000000,0.000000,0.568436,0.004356,0.004356,0.000001,1138276
8.654067,599455.651517,0.005000,hold,2,0.000000,0.000000,0.000000,0.000000,0.000000,0.593226,0.003897,0.003897,0.000000,1138278
8.659067,599455.656651,0.005000,hold,2,0.000000,0.000000,0.000000,0.000000,0.000000,0.601413,0.003413,0.003413,0.000000,1138280
8.664067,599455.661772,0.005000,hold,2,0.000000,0.000000,0.000000,0.000000,0.000000,0.577453,0.004015,0.004015,0.000008,1138282
8.674067,599455.666886,0.009999,hold,2,0.000000,0.000000,0.000000,0.000000,0.000000,0.582841,0.004244,0.004244,0.000000,1138286
8.679067,599455.672022,0.005000,hold,2,0.000000,0.000000,0.000000,0.000000,0.000000,0.612243,0.003881,0.003881,0.000000,1138288
8.684067,599455.677097,0.005000,hold,2,0.000000,0.000000,0.000000,0.000000,0.000000,0.615408,0.003487,0.003487,0.000004,1138290
8.689067,599455.682168,0.005000,hold,2,0.000000,0.000000,0.000000,0.000000,0.000000,0.617597,0.004087,0.004087,0.000000,1138292
8.694068,599455.687237,0.005001,hold,2,0.000000,0.000000,0.000000,0.000000,0.000000,0.610189,0.003658,0.003658,0.000000,1138294
8.699067,599455.692315,0.004999,hold,2,0.000000,0.000000,0.000000,0.000000,0.000000,0.604527,0.003827,0.003827,0.000000,1138296
8.704067,599455.697470,0.005000,hold,2,0.000000,0.000000,0.000000,0.000000,0.000000,0.615771,0.003312,0.003312,0.000000,1138298
8.709067,599455.702607,0.005000,hold,2,0.000000,0.000000,0.000000,0.000000,0.000000,0.622264,0.003850,0.003850,0.000001,1138300
8.714067,599455.707686,0.005000,hold,2,0.000000,0.000000,0.000000,0.000000,0.000000,0.623366,0.003376,0.003376,0.000000,1138302
8.719067,599455.712802,0.005000,hold,2,0.000000,0.000000,0.000000,0.000000,0.000000,0.615434,0.003988,0.003988,0.000000,1138304
8.724067,599455.717912,0.005000,hold,2,0.000000,0.000000,0.000000,0.000000,0.000000,0.597673,0.003572,0.003572,0.000001,1138306
8.729069,599455.723033,0.005002,hold,2,0.000000,0.000000,0.000000,0.000000,0.000000,0.602437,0.004169,0.004169,0.000001,1138308
8.734068,599455.728192,0.004998,hold,2,0.000000,0.000000,0.000000,0.000000,0.000000,0.619541,0.003751,0.003751,0.000000,1138310
8.739068,599455.733267,0.005000,hold,2,0.000000,0.000000,0.000000,0.000000,0.000000,0.609556,0.003339,0.003339,0.000003,1138312
8.744067,599455.738393,0.004999,hold,2,0.000000,0.000000,0.000000,0.000000,0.000000,0.595247,0.003948,0.003948,0.000000,1138314
8.749068,599455.743505,0.005001,hold,2,0.000000,0.000000,0.000000,0.000000,0.000000,0.598480,0.003529,0.003529,0.000001,1138316
8.754067,599455.748617,0.005000,hold,2,0.000000,0.000000,0.000000,0.000000,0.000000,0.605692,0.004168,0.004168,0.000000,1138318
8.759067,599455.753741,0.005000,hold,2,0.000000,0.000000,0.000000,0.000000,0.000000,0.593435,0.003715,0.003715,0.000000,1138320
8.764067,599455.758871,0.005000,hold,2,0.000000,0.000000,0.000000,0.000000,0.000000,0.571257,0.004292,0.004292,0.000001,1138322
8.769067,599455.764002,0.005000,hold,2,0.000000,0.000000,0.000000,0.000000,0.000000,0.577106,0.003896,0.003896,0.000002,1138324
8.774067,599455.769077,0.005000,hold,2,0.000000,0.000000,0.000000,0.000000,0.000000,0.597235,0.003497,0.003497,0.000000,1138326
8.779069,599455.774207,0.005002,hold,2,0.000000,0.000000,0.000000,0.000000,0.000000,0.608344,0.004115,0.004115,0.000001,1138328
8.784067,599455.779280,0.004998,hold,2,0.000000,0.000000,0.000000,0.000000,0.000000,0.614857,0.003752,0.003752,0.000000,1138330
8.789067,599455.784388,0.005000,hold,2,0.000000,0.000000,0.000000,0.000000,0.000000,0.608946,0.003330,0.003330,0.000003,1138332
8.794067,599455.789473,0.005000,hold,2,0.000000,0.000000,0.000000,0.000000,0.000000,0.610501,0.003901,0.003901,0.000000,1138334
8.799067,599455.794587,0.005000,hold,2,0.000000,0.000000,0.000000,0.000000,0.000000,0.616836,0.003496,0.003496,0.000000,1138336
8.804067,599455.799698,0.005000,hold,2,0.000000,0.000000,0.000000,0.000000,0.000000,0.607068,0.004106,0.004106,0.000000,1138338
8.809067,599455.804778,0.005000,hold,2,0.000000,0.000000,0.000000,0.000000,0.000000,0.608051,0.003678,0.003678,0.000001,1138340
8.814067,599455.809900,0.005001,hold,2,0.000000,0.000000,0.000000,0.000000,0.000000,0.612073,0.003919,0.003919,0.000001,1138342
8.819067,599455.815015,0.005000,hold,2,0.000000,0.000000,0.000000,0.000000,0.000000,0.614524,0.003342,0.003342,0.000000,1138344
8.824067,599455.820189,0.005000,hold,2,0.000000,0.000000,0.000000,0.000000,0.000000,0.604712,0.003722,0.003722,0.000001,1138346
8.829069,599455.825295,0.005002,hold,2,0.000000,0.000000,0.000000,0.000000,0.000000,0.583866,0.004006,0.004006,0.000000,1138348
8.834067,599455.830469,0.004999,hold,2,0.000000,0.000000,0.000000,0.000000,0.000000,0.594394,0.003561,0.003561,0.000000,1138350
8.839067,599455.835605,0.005000,hold,2,0.000000,0.000000,0.000000,0.000000,0.000000,0.607593,0.004058,0.004058,0.000000,1138352
8.844067,599455.840818,0.005000,hold,2,0.000000,0.000000,0.000000,0.000000,0.000000,0.604041,0.003604,0.003604,0.000001,1138354
8.849067,599455.846149,0.005000,hold,2,0.000000,0.000000,0.000000,0.000000,0.000000,0.607608,0.004085,0.004085,0.000000,1138356
8.854067,599455.851250,0.005000,hold,2,0.000000,0.000000,0.000000,0.000000,0.000000,0.620076,0.003550,0.003550,0.000000,1138358
8.859067,599455.856377,0.005000,hold,2,0.000000,0.000000,0.000000,0.000000,0.000000,0.606299,0.004153,0.004153,0.000000,1138360
8.864067,599455.861497,0.005000,hold,2,0.000000,0.000000,0.000000,0.000000,0.000000,0.584991,0.003794,0.003794,0.000011,1138362
8.869067,599455.866626,0.005000,hold,2,0.000000,0.000000,0.000000,0.000000,0.000000,0.596034,0.003375,0.003375,0.000000,1138364
8.879068,599455.871771,0.010001,hold,2,0.000000,0.000000,0.000000,0.000000,0.000000,0.604629,0.004251,0.004251,0.085036,1138368
8.884067,599455.876893,0.004999,hold,2,0.000000,0.000000,0.000000,0.000576,0.000576,0.584291,0.003631,0.003631,0.115278,1138370
8.889067,599455.881974,0.005000,hold,2,0.000000,0.000000,0.000000,0.000000,0.000000,0.588376,0.003831,0.003831,0.000000,1138372
8.894067,599455.887022,0.005001,hold,2,0.000000,0.000000,0.000000,0.000000,0.000000,0.602354,0.004231,0.004231,0.000001,1138374
8.899067,599455.892106,0.005000,hold,2,0.000000,0.000000,0.000000,0.000000,0.000000,0.597132,0.003640,0.003640,0.000000,1138376
8.904067,599455.897181,0.005000,hold,2,0.000000,0.000000,0.000000,0.000000,0.000000,0.592792,0.003993,0.003993,0.000000,1138378
8.909067,599455.902251,0.005000,hold,2,0.000000,0.000000,0.000000,0.000000,0.000000,0.586701,0.003553,0.003553,0.000001,1138380
8.914067,599455.907394,0.005001,hold,2,0.000000,0.000000,0.000000,0.000000,0.000000,0.600316,0.003799,0.003799,0.000000,1138382
8.919067,599455.912536,0.005000,hold,2,0.000000,0.000000,0.000000,0.000000,0.000000,0.603585,0.004282,0.004282,0.000000,1138384
8.924067,599455.917610,0.005000,hold,2,0.000000,0.000000,0.000000,0.000000,0.000000,0.584866,0.003680,0.003680,0.000004,1138386
8.929069,599455.922721,0.005002,hold,2,0.000000,0.000000,0.000000,0.000000,0.000000,0.588200,0.003873,0.003873,0.000000,1138388
8.934068,599455.927832,0.004999,hold,2,0.000000,0.000000,0.000000,0.000000,0.000000,0.602771,0.003285,0.003285,0.000004,1138390
8.939067,599455.932948,0.005000,hold,2,0.000000,0.000000,0.000000,0.000000,0.000000,0.598859,0.003712,0.003712,0.000006,1138392
8.944067,599455.938071,0.005000,hold,2,0.000000,0.000000,0.000000,0.000000,0.000000,0.585531,0.003991,0.003991,0.000000,1138394
8.949067,599455.943149,0.005000,hold,2,0.000000,0.000000,0.000000,0.000000,0.000000,0.587923,0.003506,0.003506,0.000001,1138396
8.954067,599455.948224,0.005000,hold,2,0.000000,0.000000,0.000000,0.000000,0.000000,0.608525,0.003839,0.003839,0.000000,1138398
8.959067,599455.953296,0.005000,hold,2,0.000000,0.000000,0.000000,0.000000,0.000000,0.616062,0.004272,0.004272,0.000001,1138400
8.964078,599455.958404,0.005011,hold,2,0.000000,0.000000,0.000000,0.000000,0.000000,0.610010,0.003719,0.003719,0.000000,1138402
8.969068,599455.963513,0.004990,hold,2,0.000000,0.000000,0.000000,0.000000,0.000000,0.613537,0.003813,0.003813,0.000000,1138404
8.974067,599455.968581,0.004999,hold,2,0.000000,0.000000,0.000000,0.000000,0.000000,0.616753,0.004198,0.004198,0.000008,1138406
8.979070,599455.973640,0.005003,hold,2,0.000000,0.000000,0.000000,-0.000000,-0.000000,0.615292,0.003654,0.003654,0.000000,1138408
8.984067,599455.978749,0.004997,hold,2,0.000000,0.000000,0.000000,0.000000,0.000000,0.605302,0.003855,0.003855,0.000011,1138410
8.989067,599455.983874,0.005000,hold,2,0.000000,0.000000,0.000000,0.000000,0.000000,0.594539,0.003254,0.003254,0.000000,1138412
8.994067,599455.988958,0.005000,hold,2,0.000000,0.000000,0.000000,0.000000,0.000000,0.600458,0.003715,0.003715,0.000001,1138414
8.999067,599455.994083,0.005000,hold,2,0.000000,0.000000,0.000000,0.000000,0.000000,0.612783,0.004127,0.004127,0.000001,1138416
9.004067,599455.999154,0.005000,hold,2,0.000000,0.000000,0.000000,0.000000,0.000000,0.615527,0.003570,0.003570,0.000000,1138418
9.009067,599456.004233,0.005000,hold,2,0.000000,0.000000,0.000000,0.000000,0.000000,0.619045,0.004029,0.004029,0.000004,1138420
9.014067,599456.009306,0.005000,hold,2,0.000000,0.000000,0.000000,0.000000,0.000000,0.625119,0.003594,0.003594,0.000000,1138422
9.019067,599456.014444,0.004999,hold,2,0.000000,0.000000,0.000000,0.000000,0.000000,0.616323,0.004109,0.004109,0.000000,1138424
9.024067,599456.019565,0.005001,hold,2,0.000000,0.000000,0.000000,0.000000,0.000000,0.602356,0.003631,0.003631,0.000001,1138426
9.029069,599456.024678,0.005002,hold,2,0.000000,0.000000,0.000000,0.000000,0.000000,0.599683,0.003832,0.003832,0.000000,1138428
9.034067,599456.029798,0.004998,hold,2,0.000000,0.000000,0.000000,0.000000,0.000000,0.613410,0.004284,0.004284,0.000008,1138430
9.039067,599456.034924,0.004999,hold,2,0.000000,0.000000,0.000000,0.000000,0.000000,0.622561,0.003673,0.003673,0.000000,1138432
9.044067,599456.040040,0.005000,hold,2,0.000000,0.000000,0.000000,0.000000,0.000000,0.614587,0.003999,0.003999,0.000001,1138434
9.049067,599456.045113,0.005000,hold,2,0.000000,0.000000,0.000000,0.000000,0.000000,0.617836,0.003589,0.003589,0.000000,1138436
9.054070,599456.050206,0.005003,hold,2,0.000000,0.000000,0.000000,0.000000,0.000000,0.621351,0.003876,0.003876,0.000000,1138438
9.059067,599456.055326,0.004997,hold,2,0.000000,0.000000,0.000000,0.000000,0.000000,0.614271,0.004336,0.004336,0.000001,1138440
9.064067,599456.060439,0.005000,hold,2,0.000000,0.000000,0.000000,0.000000,0.000000,0.612844,0.003679,0.003679,0.000000,1138442
9.069067,599456.065548,0.005000,hold,2,0.000000,0.000000,0.000000,0.000000,0.000000,0.623806,0.004017,0.004017,0.000003,1138444
9.074067,599456.070673,0.005000,hold,2,0.000000,0.000000,0.000000,0.000000,0.000000,0.638900,0.003562,0.003562,0.000001,1138446
9.079067,599456.075788,0.005000,hold,2,0.000000,0.000000,0.000000,0.000000,0.000000,0.630055,0.004087,0.004087,0.000000,1138448
9.084067,599456.080904,0.005000,hold,2,0.000000,0.000000,0.000000,-0.000488,-0.000488,0.609988,0.003560,0.003560,0.000000,1138450
9.089067,599456.086029,0.005000,hold,2,0.000000,0.000000,0.000000,0.000000,0.000000,0.603262,0.004140,0.004140,0.097633,1138452
9.094067,599456.091174,0.005000,hold,2,0.000000,0.000000,0.000000,0.000000,0.000000,0.601778,0.003674,0.003674,0.000001,1138454
9.099067,599456.096248,0.005000,hold,2,0.000000,0.000000,0.000000,0.000000,0.000000,0.595911,0.004260,0.004260,0.000004,1138456
9.104067,599456.101358,0.005000,hold,2,0.000000,0.000000,0.000000,0.000000,0.000000,0.581061,0.003909,0.003909,0.000000,1138458
9.109067,599456.106476,0.005000,hold,2,0.000000,0.000000,0.000000,0.000000,0.000000,0.582046,0.003429,0.003429,0.000001,1138460
9.114067,599456.111619,0.005000,hold,2,0.000000,0.000000,0.000000,0.000000,0.000000,0.593358,0.004022,0.004022,0.000001,1138462
9.119067,599456.116751,0.005000,hold,2,0.000000,0.000000,0.000000,0.000000,0.000000,0.596113,0.003613,0.003613,0.000000,1138464
9.124067,599456.121832,0.005000,hold,2,0.000000,0.000000,0.000000,0.000000,0.000000,0.593113,0.004276,0.004276,0.000000,1138466
9.129067,599456.126912,0.005000,hold,2,0.000000,0.000000,0.000000,0.000000,0.000000,0.593956,0.003899,0.003899,0.000000,1138468
9.139067,599456.132031,0.010000,hold,2,0.000000,0.000000,0.000000,0.000000,0.000000,0.604943,0.004179,0.004179,0.000000,1138472
9.144067,599456.137105,0.005000,hold,2,0.000000,0.000000,0.000000,0.000000,0.000000,0.579981,0.003802,0.003802,0.000000,1138474
9.149067,599456.142182,0.005000,hold,2,0.000000,0.000000,0.000000,0.000000,0.000000,0.577696,0.003412,0.003412,0.000000,1138476
9.154068,599456.147254,0.005001,hold,2,0.000000,0.000000,0.000000,-0.000488,-0.000488,0.601479,0.004062,0.004062,0.000000,1138478
9.159067,599456.152388,0.004999,hold,2,0.000000,0.000000,0.000000,0.000000,0.000000,0.605388,0.003616,0.003616,0.097650,1138480
9.164067,599456.157517,0.005000,hold,2,0.000000,0.000000,0.000000,0.000000,0.000000,0.610577,0.004226,0.004226,0.000004,1138482
9.169067,599456.162606,0.005000,hold,2,0.000000,0.000000,0.000000,0.000000,0.000000,0.614834,0.003877,0.003877,0.000000,1138484
9.174067,599456.167762,0.005000,hold,2,0.000000,0.000000,0.000000,0.000000,0.000000,0.609852,0.003460,0.003460,0.000001,1138486
9.179067,599456.172881,0.005001,hold,2,0.000000,0.000000,0.000000,0.000000,0.000000,0.611164,0.004094,0.004094,0.000001,1138488
9.184067,599456.178092,0.005000,hold,2,0.000000,0.000000,0.000000,0.000000,0.000000,0.608177,0.003743,0.003743,0.000007,1138490
9.189066,599456.183247,0.004999,hold,2,0.000000,0.000000,0.000000,0.000000,0.000000,0.613660,0.003331,0.003331,0.000000,1138492
9.194067,599456.188326,0.005001,hold,2,0.000000,0.000000,0.000000,0.000000,0.000000,0.614645,0.003952,0.003952,0.000004,1138494
9.199067,599456.193447,0.005000,hold,2,0.000000,0.000000,0.000000,0.000000,0.000000,0.603025,0.003536,0.003536,0.000000,1138496
9.204070,599456.198586,0.005003,hold,2,0.000000,0.000000,0.000000,0.000000,0.000000,0.590251,0.004189,0.004189,0.000000,1138498
9.209067,599456.203694,0.004997,hold,2,0.000000,0.000000,0.000000,0.000000,0.000000,0.594324,0.003782,0.003782,0.000000,1138500
9.214067,599456.208808,0.005000,hold,2,0.000000,0.000000,0.000000,0.000000,0.000000,0.606981,0.003301,0.003301,0.000005,1138502
9.219067,599456.213929,0.005000,hold,2,0.000000,0.000000,0.000000,0.000000,0.000000,0.607960,0.003932,0.003932,0.000000,1138504
9.224067,599456.219051,0.005000,hold,2,0.000000,0.000000,0.000000,0.000000,0.000000,0.599463,0.003541,0.003541,0.000004,1138506
9.229067,599456.224129,0.004999,hold,2,0.000000,0.000000,0.000000,0.000000,0.000000,0.582837,0.004155,0.004155,0.000001,1138508
9.234067,599456.229209,0.005001,hold,2,0.000000,0.000000,0.000000,0.000000,0.000000,0.587138,0.003758,0.003758,0.000000,1138510
9.239067,599456.234289,0.005000,hold,2,0.000000,0.000000,0.000000,0.000000,0.000000,0.615904,0.003342,0.003342,0.000000,1138512
9.244067,599456.239409,0.005000,hold,2,0.000000,0.000000,0.000000,0.000000,0.000000,0.623192,0.003951,0.003951,0.000001,1138514
9.249067,599456.244528,0.005000,hold,2,0.000000,0.000000,0.000000,0.000000,0.000000,0.602105,0.003493,0.003493,0.000000,1138516
9.254068,599456.249639,0.005001,hold,2,0.000000,0.000000,0.000000,0.000000,0.000000,0.596475,0.004179,0.004179,0.000002,1138518
9.259067,599456.254773,0.004999,hold,2,0.000000,0.000000,0.000000,0.000000,0.000000,0.606864,0.003755,0.003755,0.000001,1138520
9.264067,599456.259850,0.005000,hold,2,0.000000,0.000000,0.000000,-0.000075,-0.000075,0.602647,0.003307,0.003307,0.000000,1138522
9.269067,599456.264960,0.005000,hold,2,0.000000,0.000000,0.000000,0.000576,0.000576,0.598044,0.003912,0.003912,0.130298,1138524
9.274067,599456.270074,0.005000,hold,2,0.000000,0.000000,0.000000,0.000000,0.000000,0.609571,0.003447,0.003447,0.000000,1138526
9.279069,599456.275205,0.005002,hold,2,0.000000,0.000000,0.000000,0.000000,0.000000,0.613452,0.004056,0.004056,0.000001,1138528
9.284067,599456.280282,0.004998,hold,2,0.000000,0.000000,0.000000,-0.000151,-0.000151,0.592383,0.003661,0.003661,0.000000,1138530
9.289067,599456.285400,0.005000,hold,2,0.000000,0.000000,0.000000,0.000000,0.000000,0.590026,0.003955,0.003955,0.030129,1138532
9.294067,599456.290618,0.005000,hold,2,0.000000,0.000000,0.000000,0.000000,0.000000,0.607345,0.003406,0.003406,0.000000,1138534
9.299068,599456.295824,0.005000,hold,2,0.000000,0.000000,0.000000,0.000000,0.000000,0.614278,0.003781,0.003781,0.000001,1138536
9.304067,599456.301039,0.005000,hold,2,0.000000,0.000000,0.000000,0.000000,0.000000,0.606979,0.004198,0.004198,0.000000,1138538
9.309067,599456.306140,0.005000,hold,2,0.000000,0.000000,0.000000,0.000000,0.000000,0.593550,0.003664,0.003664,0.000001,1138540
9.314067,599456.311245,0.004999,hold,2,0.000000,0.000000,0.000000,0.000000,0.000000,0.601437,0.004113,0.004113,0.000004,1138542
9.319068,599456.316346,0.005001,hold,2,0.000000,0.000000,0.000000,-0.000075,-0.000075,0.611819,0.003672,0.003672,0.000000,1138544
9.324067,599456.321466,0.004999,hold,2,0.000000,0.000000,0.000000,0.000000,0.000000,0.596680,0.004072,0.004072,0.015067,1138546
9.329069,599456.326538,0.005002,hold,2,0.000000,0.000000,0.000000,0.000000,0.000000,0.587853,0.003614,0.003614,0.000000,1138548
9.334067,599456.331614,0.004998,hold,2,0.000000,0.000000,0.000000,0.000000,0.000000,0.602047,0.004124,0.004124,0.000004,1138550
9.339067,599456.336770,0.005000,hold,2,0.000000,0.000000,0.000000,-0.000151,-0.000151,0.608126,0.003684,0.003684,0.000000,1138552
9.349067,599456.341902,0.010000,hold,2,0.000000,0.000000,0.000000,0.000000,0.000000,0.596328,0.003885,0.003885,0.000001,1138556
9.354070,599456.347020,0.005003,hold,2,0.000000,0.000000,0.000000,0.000000,0.000000,0.592108,0.003533,0.003533,0.000000,1138558
9.359067,599456.352141,0.004997,hold,2,0.000000,0.000000,0.000000,0.000000,0.000000,0.601850,0.004102,0.004102,0.000009,1138560
9.364067,599456.357210,0.005000,hold,2,0.000000,0.000000,0.000000,0.000000,0.000000,0.618059,0.003698,0.003698,0.000000,1138562
9.369067,599456.362278,0.005000,hold,2,0.000000,0.000000,0.000000,0.000000,0.000000,0.608350,0.004331,0.004331,0.000000,1138564
9.374067,599456.367407,0.005000,hold,2,0.000000,0.000000,0.000000,0.000000,0.000000,0.592779,0.003905,0.003905,0.000000,1138566
9.379069,599456.372519,0.005002,hold,2,0.000000,0.000000,0.000000,0.000000,0.000000,0.586283,0.003497,0.003497,0.000001,1138568
9.384067,599456.377628,0.004998,hold,2,0.000000,0.000000,0.000000,0.000000,0.000000,0.583809,0.004116,0.004116,0.000000,1138570
9.389067,599456.382745,0.005000,hold,2,0.000000,0.000000,0.000000,0.000000,0.000000,0.601351,0.003808,0.003808,0.000002,1138572
9.394067,599456.387861,0.005000,hold,2,0.000000,0.000000,0.000000,0.000000,0.000000,0.613092,0.003347,0.003347,0.000000,1138574
9.399067,599456.393014,0.005000,hold,2,0.000000,0.000000,0.000000,0.000000,0.000000,0.626848,0.003984,0.003984,0.000000,1138576
9.404070,599456.398134,0.005003,hold,2,0.000000,0.000000,0.000000,0.000000,0.000000,0.622326,0.003605,0.003605,0.000000,1138578
9.409075,599456.403204,0.005004,hold,2,0.000000,0.000000,0.000000,0.000000,0.000000,0.592140,0.004260,0.004260,0.000007,1138580
9.414067,599456.408307,0.004993,hold,2,0.000000,0.000000,0.000000,0.000000,0.000000,0.596574,0.003793,0.003793,0.000000,1138582
9.419068,599456.413418,0.005000,hold,2,0.000000,0.000000,0.000000,0.000000,0.000000,0.619935,0.003361,0.003361,0.000000,1138584
9.424067,599456.418495,0.004999,hold,2,0.000000,0.000000,0.000000,-0.000576,-0.000576,0.635083,0.003982,0.003982,0.000000,1138586
9.429067,599456.423611,0.005000,hold,2,0.000000,0.000000,0.000000,0.000000,0.000000,0.632018,0.003581,0.003581,0.115221,1138588
9.434067,599456.428750,0.005000,hold,2,0.000000,0.000000,0.000000,0.000000,0.000000,0.613277,0.004244,0.004244,0.000000,1138590
9.439067,599456.433865,0.005000,hold,2,0.000000,0.000000,0.000000,0.000000,0.000000,0.597179,0.003851,0.003851,0.000000,1138592
9.444068,599456.438982,0.005000,hold,2,0.000000,0.000000,0.000000,0.000000,0.000000,0.605232,0.003399,0.003399,0.000000,1138594
9.449068,599456.444078,0.005000,hold,2,0.000000,0.000000,0.000000,0.000000,0.000000,0.614437,0.004071,0.004071,0.000000,1138596
9.454068,599456.449148,0.005000,hold,2,0.000000,0.000000,0.000000,0.000000,0.000000,0.629303,0.003747,0.003747,0.000000,1138598
9.459067,599456.454198,0.004999,hold,2,0.000000,0.000000,0.000000,-0.000000,-0.000000,0.634264,0.004339,0.004339,0.000000,1138600
9.464067,599456.459283,0.005000,hold,2,0.000000,0.000000,0.000000,-0.000026,-0.000026,0.602351,0.003962,0.003962,0.000000,1138602
9.469067,599456.464369,0.005000,hold,2,0.000000,0.000000,0.000000,0.000000,0.000000,0.582837,0.003614,0.003614,0.005234,1138604
9.474067,599456.469523,0.005000,hold,2,0.000000,0.000000,0.000000,0.000000,0.000000,0.595771,0.004238,0.004238,0.000000,1138606
9.479067,599456.474667,0.005000,hold,2,0.000000,0.000000,0.000000,0.000000,0.000000,0.623496,0.003848,0.003848,0.000004,1138608
9.484067,599456.479784,0.005000,hold,2,0.000000,0.000000,0.000000,0.000000,0.000000,0.621168,0.003415,0.003415,0.000000,1138610
9.489067,599456.484900,0.005000,hold,2,0.000000,0.000000,0.000000,0.000000,0.000000,0.603016,0.004054,0.004054,0.000006,1138612
9.494067,599456.490025,0.005000,hold,2,0.000000,0.000000,0.000000,0.000000,0.000000,0.607714,0.003586,0.003586,0.000000,1138614
9.499067,599456.495101,0.005000,hold,2,0.000000,0.000000,0.000000,0.000000,0.000000,0.619848,0.003845,0.003845,0.000000,1138616
9.504067,599456.500181,0.005000,hold,2,0.000000,0.000000,0.000000,0.000000,0.000000,0.631460,0.003262,0.003262,0.000000,1138618
9.509067,599456.505312,0.005000,hold,2,0.000000,0.000000,0.000000,0.000000,0.000000,0.639533,0.003731,0.003731,0.000004,1138620
9.514067,599456.510451,0.005000,hold,2,0.000000,0.000000,0.000000,-0.000425,-0.000425,0.640375,0.004114,0.004114,0.000000,1138622
9.519067,599456.515566,0.005000,hold,2,0.000000,0.000000,0.000000,-0.000000,-0.000000,0.620850,0.003631,0.003631,0.085051,1138624
9.524067,599456.520739,0.005000,hold,2,0.000000,0.000000,0.000000,0.000000,0.000000,0.590949,0.004082,0.004082,0.000014,1138626
9.529067,599456.525877,0.005000,hold,2,0.000000,0.000000,0.000000,-0.000075,-0.000075,0.580733,0.003625,0.003625,0.000000,1138628
9.534067,599456.531006,0.005000,hold,2,0.000000,0.000000,0.000000,-0.000075,-0.000075,0.600938,0.004164,0.004164,0.000000,1138630
9.539067,599456.536091,0.005000,hold,2,0.000000,0.000000,0.000000,0.000000,0.000000,0.618148,0.003799,0.003799,0.015067,1138632
9.544067,599456.541164,0.005000,hold,2,0.000000,0.000000,0.000000,-0.000000,-0.000000,0.606430,0.003345,0.003345,0.000000,1138634
9.549067,599456.546243,0.005000,hold,2,0.000000,0.000000,0.000000,0.000000,0.000000,0.585806,0.003972,0.003972,0.000007,1138636
9.554070,599456.551365,0.005003,hold,2,0.000000,0.000000,0.000000,0.000000,0.000000,0.584385,0.003591,0.003591,0.000003,1138638
9.559067,599456.556476,0.004997,hold,2,0.000000,0.000000,0.000000,0.000000,0.000000,0.603966,0.004165,0.004165,0.000000,1138640
9.564068,599456.561607,0.005000,hold,2,0.000000,0.000000,0.000000,0.000000,0.000000,0.610578,0.003726,0.003726,0.000000,1138642
9.569067,599456.566752,0.004999,hold,2,0.000000,0.000000,0.000000,0.000000,0.000000,0.603567,0.003300,0.003300,0.000000,1138644
9.574067,599456.571829,0.005000,hold,2,0.000000,0.000000,0.000000,-0.000000,-0.000000,0.603428,0.003970,0.003970,0.000000,1138646
9.579067,599456.576949,0.005000,hold,2,0.000000,0.000000,0.000000,-0.000000,-0.000000,0.617084,0.003573,0.003573,0.000004,1138648
9.589067,599456.582022,0.010000,hold,2,0.000000,0.000000,0.000000,0.000000,0.000000,0.609473,0.003863,0.003863,0.000000,1138652
9.594067,599456.587125,0.005000,hold,2,0.000000,0.000000,0.000000,0.000000,0.000000,0.595639,0.003244,0.003244,0.000000,1138654
9.599067,599456.592239,0.005000,hold,2,0.000000,0.000000,0.000000,-0.000425,-0.000425,0.602368,0.003852,0.003852,0.000000,1138656
9.604070,599456.597320,0.005003,hold,2,0.000000,0.000000,0.000000,-0.000000,-0.000000,0.620727,0.003387,0.003387,0.085015,1138658
9.609067,599456.602444,0.004997,hold,2,0.000000,0.000000,0.000000,-0.000000,-0.000000,0.617747,0.003956,0.003956,0.000004,1138660
9.614067,599456.607524,0.005000,hold,2,0.000000,0.000000,0.000000,-0.000000,-0.000000,0.611436,0.003522,0.003522,0.000000,1138662
9.619067,599456.612650,0.005000,hold,2,0.000000,0.000000,0.000000,-0.000000,-0.000000,0.611640,0.004131,0.004131,0.000000,1138664
9.624067,599456.617789,0.005000,hold,2,0.000000,0.000000,0.000000,-0.000000,-0.000000,0.615164,0.003747,0.003747,0.000000,1138666
9.629067,599456.622931,0.005000,hold,2,0.000000,0.000000,0.000000,-0.000000,-0.000000,0.617188,0.003309,0.003309,0.000000,1138668
9.634067,599456.628066,0.005000,hold,2,0.000000,0.000000,0.000000,-0.000000,-0.000000,0.618447,0.003910,0.003910,0.000007,1138670
9.639067,599456.633141,0.005000,hold,2,0.000000,0.000000,0.000000,-0.000000,-0.000000,0.612588,0.003501,0.003501,0.000000,1138672
9.644068,599456.638224,0.005000,hold,2,0.000000,0.000000,0.000000,-0.000000,-0.000000,0.610003,0.004099,0.004099,0.000000,1138674
9.649069,599456.643366,0.005001,hold,2,0.000000,0.000000,0.000000,-0.000000,-0.000000,0.609598,0.003723,0.003723,0.000000,1138676
9.654071,599456.648498,0.005002,hold,2,0.000000,0.000000,0.000000,-0.000000,-0.000000,0.615939,0.003343,0.003343,0.000000,1138678
9.659067,599456.653609,0.004996,hold,2,0.000000,0.000000,0.000000,0.000576,0.000576,0.624305,0.003898,0.003898,0.115330,1138680
9.664067,599456.658734,0.005000,hold,2,0.000000,0.000000,0.000000,0.000576,0.000576,0.619396,0.003470,0.003470,0.000000,1138682
9.669068,599456.663875,0.005001,hold,2,0.000000,0.000000,0.000000,0.000000,0.000000,0.613093,0.004103,0.004103,0.000000,1138684
9.674067,599456.668952,0.004999,hold,2,0.000000,0.000000,0.000000,-0.000000,-0.000000,0.611160,0.003737,0.003737,0.000000,1138686
9.679069,599456.674092,0.005002,hold,2,0.000000,0.000000,0.000000,0.000000,0.000000,0.614239,0.003316,0.003316,0.000004,1138688
9.684068,599456.679199,0.004999,hold,2,0.000000,0.000000,0.000000,0.000000,0.000000,0.620812,0.003952,0.003952,0.000004,1138690
9.689067,599456.684273,0.004999,hold,2,0.000000,0.000000,0.000000,-0.000000,-0.000000,0.610790,0.003541,0.003541,0.000000,1138692
9.694067,599456.689384,0.005000,hold,2,0.000000,0.000000,0.000000,-0.000000,-0.000000,0.597072,0.004165,0.004165,0.000004,1138694
9.699067,599456.694485,0.005000,hold,2,0.000000,0.000000,0.000000,-0.000000,-0.000000,0.611257,0.003762,0.003762,0.000000,1138696
9.704069,599456.699606,0.005002,hold,2,0.000000,0.000000,0.000000,-0.000000,-0.000000,0.611396,0.003335,0.003335,0.000000,1138698
9.709067,599456.704745,0.004997,hold,2,0.000000,0.000000,0.000000,0.000000,0.000000,0.596650,0.003882,0.003882,0.000007,1138700
9.714067,599456.709878,0.005000,hold,2,0.000000,0.000000,0.000000,0.000000,0.000000,0.597047,0.003475,0.003475,0.000000,1138702
9.719067,599456.715098,0.005000,hold,2,0.000000,0.000000,0.000000,0.000000,0.000000,0.596865,0.004111,0.004111,0.000000,1138704
9.724067,599456.720199,0.005000,hold,2,0.000000,0.000000,0.000000,0.000000,0.000000,0.594090,0.003747,0.003747,0.000007,1138706
9.729067,599456.725335,0.005000,hold,2,0.000000,0.000000,0.000000,0.000000,0.000000,0.599221,0.003306,0.003306,0.000000,1138708
9.734067,599456.730455,0.005000,hold,2,0.000000,0.000000,0.000000,0.000000,0.000000,0.608220,0.003941,0.003941,0.000000,1138710
9.739067,599456.735590,0.005000,hold,2,0.000000,0.000000,0.000000,0.000000,0.000000,0.614778,0.003519,0.003519,0.000000,1138712
9.744067,599456.740774,0.005000,hold,2,0.000000,0.000000,0.000000,0.000000,0.000000,0.622961,0.004116,0.004116,0.000000,1138714
9.749067,599456.745996,0.005001,hold,2,0.000000,0.000000,0.000000,0.000000,0.000000,0.616497,0.003743,0.003743,0.000000,1138716
9.754067,599456.751201,0.005000,hold,2,0.000000,0.000000,0.000000,0.000000,0.000000,0.602479,0.003339,0.003339,0.000000,1138718
9.759067,599456.756305,0.005000,hold,2,0.000000,0.000000,0.000000,-0.000000,-0.000000,0.607678,0.003918,0.003918,0.000000,1138720
9.764067,599456.761410,0.005000,hold,2,0.000000,0.000000,0.000000,0.000000,0.000000,0.616703,0.003490,0.003490,0.000004,1138722
9.769067,599456.766551,0.004999,hold,2,0.000000,0.000000,0.000000,-0.000425,-0.000425,0.617980,0.004101,0.004101,0.000000,1138724
9.779069,599456.771801,0.010002,hold,2,0.000000,0.000000,0.000000,-0.000000,-0.000000,0.623835,0.004349,0.004349,0.000000,1138728
9.784067,599456.776998,0.004998,hold,2,0.000000,0.000000,0.000000,-0.000000,-0.000000,0.625563,0.003924,0.003924,0.000000,1138730
9.789067,599456.782131,0.005000,hold,2,0.000000,0.000000,0.000000,-0.000000,-0.000000,0.620093,0.003483,0.003483,0.000000,1138732
9.794067,599456.787234,0.005000,hold,2,0.000000,0.000000,0.000000,-0.000000,-0.000000,0.633340,0.004092,0.004092,0.000000,1138734
9.799068,599456.792340,0.005001,hold,2,0.000000,0.000000,0.000000,-0.000000,-0.000000,0.655497,0.003728,0.003728,0.000004,1138736
9.804068,599456.797484,0.004999,hold,2,0.000000,0.000000,0.000000,-0.000000,-0.000000,0.636408,0.004329,0.004329,0.000000,1138738
9.809067,599456.802701,0.004999,hold,2,0.000000,0.000000,0.000000,-0.000000,-0.000000,0.602899,0.003877,0.003877,0.000000,1138740
9.814067,599456.807909,0.005001,hold,2,0.000000,0.000000,0.000000,-0.000000,-0.000000,0.596183,0.003413,0.003413,0.000000,1138742
9.819068,599456.813126,0.005001,hold,2,0.000000,0.000000,0.000000,-0.000000,-0.000000,0.610763,0.004021,0.004021,0.000000,1138744
9.824082,599456.818230,0.005014,hold,2,0.000000,0.000000,0.000000,-0.000000,-0.000000,0.609001,0.003664,0.003664,0.000000,1138746
9.829067,599456.823334,0.004985,hold,2,0.000000,0.000000,0.000000,-0.000000,-0.000000,0.605873,0.004104,0.004104,0.000000,1138748
9.834067,599456.828458,0.005000,hold,2,0.000000,0.000000,0.000000,-0.000000,-0.000000,0.610059,0.003735,0.003735,0.000000,1138750
9.839067,599456.833675,0.005000,hold,2,0.000000,0.000000,0.000000,-0.000488,-0.000488,0.612598,0.004307,0.004307,0.000000,1138752
9.844067,599456.838899,0.005000,hold,2,0.000000,0.000000,0.000000,0.000000,0.000000,0.628428,0.003937,0.003937,0.097659,1138754
9.849067,599456.844137,0.005000,hold,2,0.000000,0.000000,0.000000,-0.000000,-0.000000,0.623160,0.003435,0.003435,0.000000,1138756
9.854067,599456.849242,0.005000,hold,2,0.000000,0.000000,0.000000,-0.000000,-0.000000,0.612610,0.004046,0.004046,0.000000,1138758
9.859067,599456.854346,0.005000,hold,2,0.000000,0.000000,0.000000,-0.000000,-0.000000,0.611666,0.003548,0.003548,0.000000,1138760
9.864067,599456.859479,0.005000,hold,2,0.000000,0.000000,0.000000,0.000000,0.000000,0.612368,0.004106,0.004106,0.000004,1138762
9.869067,599456.864616,0.005000,hold,2,0.000000,0.000000,0.000000,-0.000000,-0.000000,0.616237,0.003672,0.003672,0.000000,1138764
9.874067,599456.869811,0.005000,hold,2,0.000000,0.000000,0.000000,-0.000000,-0.000000,0.611825,0.004223,0.004223,0.000000,1138766
9.879069,599456.874916,0.005002,hold,2,0.000000,0.000000,0.000000,-0.000000,-0.000000,0.607600,0.003838,0.003838,0.000000,1138768
9.884067,599456.880137,0.004999,hold,2,0.000000,0.000000,0.000000,-0.000000,-0.000000,0.605113,0.003415,0.003415,0.000000,1138770
9.889067,599456.885242,0.005000,hold,2,0.000000,0.000000,0.000000,-0.000000,-0.000000,0.613287,0.004040,0.004040,0.000000,1138772
9.894067,599456.890346,0.004999,hold,2,0.000000,0.000000,0.000000,0.000000,0.000000,0.630703,0.003610,0.003610,0.000004,1138774
9.899067,599456.895450,0.005000,hold,2,0.000000,0.000000,0.000000,-0.000000,-0.000000,0.628705,0.003862,0.003862,0.000000,1138776
9.904067,599456.900663,0.005000,hold,2,0.000000,0.000000,0.000000,-0.000000,-0.000000,0.618539,0.003307,0.003307,0.000000,1138778
9.909067,599456.905863,0.005000,hold,2,0.000000,0.000000,0.000000,-0.000000,-0.000000,0.603959,0.003745,0.003745,0.000000,1138780
9.914067,599456.911071,0.005000,hold,2,0.000000,0.000000,0.000000,-0.000000,-0.000000,0.606227,0.004117,0.004117,0.000000,1138782
9.919078,599456.916174,0.005012,hold,2,0.000000,0.000000,0.000000,0.000000,0.000000,0.621692,0.003757,0.003757,0.000004,1138784
9.924067,599456.921277,0.004989,hold,2,0.000000,0.000000,0.000000,-0.000000,-0.000000,0.609891,0.004152,0.004152,0.000000,1138786
9.929067,599456.926382,0.005000,hold,2,0.000000,0.000000,0.000000,-0.000000,-0.000000,0.601324,0.003712,0.003712,0.000000,1138788
9.934068,599456.931521,0.005001,hold,2,0.000000,0.000000,0.000000,-0.000000,-0.000000,0.604109,0.004352,0.004352,0.000000,1138790
9.939067,599456.936722,0.004999,hold,2,0.000000,0.000000,0.000000,-0.000000,-0.000000,0.599258,0.003958,0.003958,0.000000,1138792
9.949067,599456.941967,0.010000,hold,2,0.000000,0.000000,0.000000,0.000000,0.000000,0.606832,0.004052,0.004052,0.000004,1138796
9.954067,599456.947195,0.005000,hold,2,0.000000,0.000000,0.000000,0.000000,0.000000,0.618177,0.003528,0.003528,0.000000,1138798
9.959067,599456.952300,0.005000,hold,2,0.000000,0.000000,0.000000,-0.000000,-0.000000,0.627846,0.004138,0.004138,0.000000,1138800
9.964067,599456.957404,0.005000,hold,2,0.000000,0.000000,0.000000,-0.000000,-0.000000,0.607940,0.003623,0.003623,0.000000,1138802
9.969067,599456.962565,0.005000,hold,2,0.000000,0.000000,0.000000,0.000488,0.000488,0.605307,0.003886,0.003886,0.097660,1138804
9.974067,599456.967780,0.005000,hold,2,0.000000,0.000000,0.000000,0.000488,0.000488,0.612932,0.003325,0.003325,0.000000,1138806
9.979069,599456.973041,0.005002,hold,2,0.000000,0.000000,0.000000,-0.000000,-0.000000,0.633109,0.003715,0.003715,0.000000,1138808
9.984067,599456.978146,0.004998,hold,2,0.000000,0.000000,0.000000,-0.000000,-0.000000,0.627353,0.004020,0.004020,0.000000,1138810
9.989067,599456.983248,0.005000,hold,2,0.000000,0.000000,0.000000,-0.000000,-0.000000,0.601420,0.003547,0.003547,0.000007,1138812
9.994067,599456.988350,0.005000,hold,2,0.000000,0.000000,0.000000,-0.000000,-0.000000,0.608708,0.003836,0.003836,0.000000,1138814
9.999067,599456.993452,0.005000,hold,2,0.000000,0.000000,0.000000,-0.000000,-0.000000,0.630607,0.004214,0.004214,0.000004,1138816
10.004068,599456.998586,0.005001,hold,2,0.000000,0.000000,0.000000,-0.000000,-0.000000,0.632547,0.003510,0.003510,0.000000,1138818
10.009067,599457.003721,0.004999,hold,2,0.000000,0.000000,0.000000,-0.000000,-0.000000,0.615295,0.004050,0.004050,0.000004,1138820
10.014068,599457.008874,0.005001,hold,2,0.000000,0.000000,0.000000,-0.000000,-0.000000,0.608129,0.003625,0.003625,0.000000,1138822
10.019067,599457.014072,0.005000,hold,2,0.000000,0.000000,0.000000,-0.000000,-0.000000,0.613054,0.003833,0.003833,0.000000,1138824
10.024068,599457.019177,0.005000,hold,2,0.000000,0.000000,0.000000,-0.000000,-0.000000,0.612225,0.003391,0.003391,0.000004,1138826
10.029067,599457.024401,0.004999,hold,2,0.000000,0.000000,0.000000,0.000000,0.000000,0.602614,0.003907,0.003907,0.000000,1138828
10.034067,599457.029564,0.005000,hold,2,0.000000,0.000000,0.000000,-0.000000,-0.000000,0.604328,0.003473,0.003473,0.000000,1138830
10.039067,599457.034686,0.005000,hold,2,0.000000,0.000000,0.000000,-0.000000,-0.000000,0.620878,0.004139,0.004139,0.000000,1138832
10.044067,599457.039794,0.005000,hold,2,0.000000,0.000000,0.000000,0.000000,0.000000,0.625054,0.003599,0.003599,0.000007,1138834
10.049067,599457.044896,0.005000,hold,2,0.000000,0.000000,0.000000,0.000000,0.000000,0.612677,0.003833,0.003833,0.000000,1138836
10.054070,599457.049998,0.005003,hold,2,0.000000,0.000000,0.000000,0.000000,0.000000,0.605527,0.004301,0.004301,0.000000,1138838
10.059067,599457.055103,0.004997,hold,2,0.000000,0.000000,0.000000,-0.000000,-0.000000,0.611492,0.003640,0.003640,0.000000,1138840
10.064067,599457.060205,0.005000,hold,2,0.000000,0.000000,0.000000,-0.000000,-0.000000,0.622282,0.003964,0.003964,0.000000,1138842
10.069067,599457.065306,0.005000,hold,2,0.000000,0.000000,0.000000,0.000000,0.000000,0.614018,0.003466,0.003466,0.000080,1138844
10.074067,599457.070439,0.005000,hold,2,0.000000,0.000000,0.000000,0.000000,0.000000,0.606696,0.004072,0.004072,0.000000,1138846
10.079067,599457.075540,0.005000,hold,2,0.000000,0.000000,0.000000,0.000000,0.000000,0.613687,0.003586,0.003586,0.000000,1138848
10.084067,599457.080641,0.005000,hold,2,0.000000,0.000000,0.000000,0.000000,0.000000,0.618319,0.004200,0.004200,0.000000,1138850
10.089067,599457.085794,0.005000,hold,2,0.000000,0.000000,0.000000,0.000000,0.000000,0.607882,0.003803,0.003803,0.000000,1138852
10.094067,599457.090896,0.005000,hold,2,0.000000,0.000000,0.000000,0.000000,0.000000,0.592273,0.003356,0.003356,0.000000,1138854
10.099524,599457.096081,0.005457,hold,2,0.000000,0.000000,0.000000,0.000000,0.000000,0.597538,0.004213,0.004213,0.000000,1138856
10.104067,599457.101222,0.004543,hold,2,0.000000,0.000000,0.000000,0.000000,0.000000,0.611090,0.003038,0.003038,0.000000,1138858
10.109067,599457.106345,0.005000,hold,2,0.000000,0.000000,0.000000,0.000000,0.000000,0.621290,0.003526,0.003526,0.000000,1138860
10.114067,599457.111449,0.005000,hold,2,0.000000,0.000000,0.000000,0.000000,0.000000,0.616470,0.004105,0.004105,0.000000,1138862
10.119067,599457.116585,0.005000,hold,2,0.000000,0.000000,0.000000,0.000000,0.000000,0.593330,0.003725,0.003725,0.000000,1138864
10.129067,599457.121778,0.010000,hold,2,0.000000,0.000000,0.000000,-0.000000,-0.000000,0.612576,0.003965,0.003965,0.000000,1138868
10.134067,599457.127049,0.005001,hold,2,0.000000,0.000000,0.000000,0.000000,0.000000,0.625152,0.003563,0.003563,0.000014,1138870
10.139067,599457.132169,0.005000,hold,2,0.000000,0.000000,0.000000,0.000000,0.000000,0.620787,0.004171,0.004171,0.000000,1138872
10.144067,599457.137273,0.005000,hold,2,0.000000,0.000000,0.000000,0.000000,0.000000,0.609368,0.003777,0.003777,0.000000,1138874
10.149067,599457.142379,0.005000,hold,2,0.000000,0.000000,0.000000,0.000000,0.000000,0.598792,0.003367,0.003367,0.000000,1138876
10.154067,599457.147516,0.005000,hold,2,0.000000,0.000000,0.000000,0.000000,0.000000,0.586864,0.004052,0.004052,0.000000,1138878
10.159067,599457.152734,0.005000,hold,2,0.000000,0.000000,0.000000,0.000000,0.000000,0.579964,0.003537,0.003537,0.000000,1138880
10.164067,599457.157989,0.005000,hold,2,0.000000,0.000000,0.000000,0.000000,0.000000,0.575977,0.003795,0.003795,0.000000,1138882
10.169067,599457.163145,0.005000,hold,2,0.000000,0.000000,0.000000,0.000000,0.000000,0.592056,0.004270,0.004270,0.000000,1138884
10.174067,599457.168249,0.004999,hold,2,0.000000,0.000000,0.000000,0.000000,0.000000,0.605023,0.003624,0.003624,0.000000,1138886
10.179069,599457.173354,0.005003,hold,2,0.000000,0.000000,0.000000,0.000000,0.000000,0.597363,0.003820,0.003820,0.000000,1138888
10.184067,599457.178475,0.004998,hold,2,0.000000,0.000000,0.000000,0.000000,0.000000,0.599062,0.003296,0.003296,0.000000,1138890
10.189067,599457.183735,0.005000,hold,2,0.000000,0.000000,0.000000,0.000000,0.000000,0.603717,0.003890,0.003890,0.000000,1138892
10.194067,599457.188937,0.005000,hold,2,0.000000,0.000000,0.000000,-0.000000,-0.000000,0.600675,0.003450,0.003450,0.000000,1138894
10.199067,599457.194158,0.005000,hold,2,0.000000,0.000000,0.000000,0.000000,0.000000,0.601477,0.004063,0.004063,0.000007,1138896
10.204068,599457.199263,0.005001,hold,2,0.000000,0.000000,0.000000,0.000000,0.000000,0.596710,0.003651,0.003651,0.000000,1138898
10.209067,599457.204367,0.004999,hold,2,0.000000,0.000000,0.000000,0.000000,0.000000,0.601747,0.004221,0.004221,0.000000,1138900
10.214067,599457.209506,0.005000,hold,2,0.000000,0.000000,0.000000,0.000000,0.000000,0.629241,0.003795,0.003795,0.000000,1138902
10.219067,599457.214736,0.004999,hold,2,0.000000,0.000000,0.000000,0.000000,0.000000,0.629752,0.003325,0.003325,0.000000,1138904
10.224068,599457.220007,0.005002,hold,2,0.000000,0.000000,0.000000,-0.000000,-0.000000,0.615298,0.003803,0.003803,0.000000,1138906
10.229067,599457.225194,0.004999,hold,2,0.000000,0.000000,0.000000,-0.000000,-0.000000,0.614041,0.004279,0.004279,0.000000,1138908
10.234067,599457.230331,0.005000,hold,2,0.000000,0.000000,0.000000,0.000000,0.000000,0.611167,0.003626,0.003626,0.000004,1138910
10.239067,599457.235436,0.005000,hold,2,0.000000,0.000000,0.000000,-0.000000,-0.000000,0.603306,0.003812,0.003812,0.000000,1138912
10.244067,599457.240603,0.005000,hold,2,0.000000,0.000000,0.000000,-0.000000,-0.000000,0.608711,0.004229,0.004229,0.000000,1138914
10.249067,599457.245866,0.005000,hold,2,0.000000,0.000000,0.000000,0.000000,0.000000,0.622651,0.003638,0.003638,0.000007,1138916
10.254067,599457.251072,0.005000,hold,2,0.000000,0.000000,0.000000,0.000000,0.000000,0.622824,0.003960,0.003960,0.000003,1138918
10.259067,599457.256190,0.005000,hold,2,0.000000,0.000000,0.000000,-0.000000,-0.000000,0.625851,0.003465,0.003465,0.000000,1138920
10.264067,599457.261293,0.005000,hold,2,0.000000,0.000000,0.000000,-0.000000,-0.000000,0.626735,0.003725,0.003725,0.000004,1138922
10.269067,599457.266396,0.005000,hold,2,0.000000,0.000000,0.000000,0.000000,0.000000,0.613386,0.003951,0.003951,0.000007,1138924
10.274067,599457.271561,0.005000,hold,2,0.000000,0.000000,0.000000,-0.000000,-0.000000,0.605240,0.003468,0.003468,0.000000,1138926
10.279067,599457.276782,0.005000,hold,2,0.000000,0.000000,0.000000,-0.000000,-0.000000,0.594067,0.003783,0.003783,0.000004,1138928
10.289067,599457.282013,0.010000,hold,2,0.000000,0.000000,0.000000,-0.000000,-0.000000,0.590307,0.003632,0.003632,0.000000,1138932
10.294067,599457.287210,0.005000,hold,2,0.000000,0.000000,0.000000,-0.000000,-0.000000,0.610818,0.003833,0.003833,0.000000,1138934
10.299067,599457.292314,0.005000,hold,2,0.000000,0.000000,0.000000,0.000000,0.000000,0.613929,0.004254,0.004254,0.000004,1138936
10.304067,599457.297417,0.005000,hold,2,0.000000,0.000000,0.000000,0.000000,0.000000,0.618749,0.003795,0.003795,0.000000,1138938
10.309067,599457.302601,0.005000,hold,2,0.000000,0.000000,0.000000,-0.000000,-0.000000,0.627420,0.003362,0.003362,0.000000,1138940
10.314067,599457.307848,0.005000,hold,2,0.000000,0.000000,0.000000,-0.000000,-0.000000,0.619487,0.003966,0.003966,0.000000,1138942
10.319067,599457.313060,0.005000,hold,2,0.000000,0.000000,0.000000,0.000000,0.000000,0.602913,0.003529,0.003529,0.000003,1138944
10.324068,599457.318164,0.005001,hold,2,0.000000,0.000000,0.000000,0.000000,0.000000,0.605410,0.004160,0.004160,0.000004,1138946
10.329069,599457.323267,0.005001,hold,2,0.000000,0.000000,0.000000,0.000000,0.000000,0.622927,0.003809,0.003809,0.000000,1138948
10.334067,599457.328370,0.004998,hold,2,0.000000,0.000000,0.000000,0.000000,0.000000,0.627321,0.003378,0.003378,0.000000,1138950
10.339067,599457.333484,0.005000,hold,2,0.000000,0.000000,0.000000,-0.000488,-0.000488,0.619751,0.003943,0.003943,0.000000,1138952
10.344067,599457.338654,0.005000,hold,2,0.000000,0.000000,0.000000,0.000000,0.000000,0.614929,0.003509,0.003509,0.097644,1138954
10.349067,599457.343872,0.005000,hold,2,0.000000,0.000000,0.000000,0.000000,0.000000,0.615448,0.004128,0.004128,0.000000,1138956
10.354068,599457.349098,0.005001,hold,2,0.000000,0.000000,0.000000,0.000000,0.000000,0.616687,0.003799,0.003799,0.000000,1138958
10.359067,599457.354200,0.004999,hold,2,0.000000,0.000000,0.000000,0.000000,0.000000,0.616419,0.003401,0.003401,0.000000,1138960
10.364067,599457.359303,0.005000,hold,2,0.000000,0.000000,0.000000,0.000000,0.000000,0.604584,0.004030,0.004030,0.000000,1138962
10.369067,599457.364438,0.005000,hold,2,0.000000,0.000000,0.000000,0.000000,0.000000,0.588486,0.003647,0.003647,0.000003,1138964
10.374067,599457.369583,0.004999,hold,2,0.000000,0.000000,0.000000,-0.000000,-0.000000,0.572937,0.004163,0.004163,0.000000,1138966
10.379069,599457.374796,0.005002,hold,2,0.000000,0.000000,0.000000,0.000000,0.000000,0.580197,0.003739,0.003739,0.000004,1138968
10.384067,599457.380008,0.004998,hold,2,0.000000,0.000000,0.000000,0.000000,0.000000,0.599239,0.004328,0.004328,0.000000,1138970
10.389067,599457.385109,0.005000,hold,2,0.000000,0.000000,0.000000,0.000000,0.000000,0.609674,0.003956,0.003956,0.000000,1138972
10.394067,599457.390209,0.005001,hold,2,0.000000,0.000000,0.000000,0.000000,0.000000,0.599793,0.003506,0.003506,0.000000,1138974
10.399067,599457.395309,0.004999,hold,2,0.000000,0.000000,0.000000,0.000000,0.000000,0.589123,0.004053,0.004053,0.000000,1138976
10.404067,599457.400409,0.005000,hold,2,0.000000,0.000000,0.000000,0.000000,0.000000,0.600510,0.003451,0.003451,0.000007,1138978
10.409067,599457.405509,0.005000,hold,2,0.000000,0.000000,0.000000,0.000000,0.000000,0.612879,0.004007,0.004007,0.000000,1138980
10.414067,599457.410654,0.005000,hold,2,0.000000,0.000000,0.000000,0.000000,0.000000,0.625073,0.003564,0.003564,0.000000,1138982
10.419067,599457.415797,0.005000,hold,2,0.000000,0.000000,0.000000,0.000000,0.000000,0.614623,0.004179,0.004179,0.000000,1138984
10.424067,599457.420973,0.005000,hold,2,0.000000,0.000000,0.000000,0.000000,0.000000,0.592635,0.003823,0.003823,0.000000,1138986
10.429068,599457.426165,0.005001,hold,2,0.000000,0.000000,0.000000,0.000000,0.000000,0.589904,0.003424,0.003424,0.000000,1138988
10.434067,599457.431306,0.004999,hold,2,0.000000,0.000000,0.000000,0.000000,0.000000,0.591487,0.004049,0.004049,0.000000,1138990
10.439067,599457.436499,0.004999,hold,2,0.000000,0.000000,0.000000,0.000000,0.000000,0.589440,0.003669,0.003669,0.000000,1138992
10.444067,599457.441703,0.005000,hold,2,0.000000,0.000000,0.000000,0.000000,0.000000,0.596538,0.004185,0.004185,0.000000,1138994
10.454067,599457.446917,0.010001,hold,2,0.000000,0.000000,0.000000,0.000000,0.000000,0.613799,0.004333,0.004333,0.000000,1138998
10.459067,599457.452206,0.005000,hold,2,0.000000,0.000000,0.000000,0.000000,0.000000,0.610513,0.003887,0.003887,0.000004,1139000
10.464067,599457.457308,0.005000,hold,2,0.000000,0.000000,0.000000,-0.000000,-0.000000,0.602133,0.003435,0.003435,0.000000,1139002
10.469067,599457.462428,0.005000,hold,2,0.000000,0.000000,0.000000,0.000000,0.000000,0.591174,0.004013,0.004013,0.000007,1139004
10.474067,599457.467567,0.005000,hold,2,0.000000,0.000000,0.000000,0.000488,0.000488,0.597770,0.003425,0.003425,0.097656,1139006
10.479068,599457.472787,0.005001,hold,2,0.000000,0.000000,0.000000,0.000000,0.000000,0.611553,0.003878,0.003878,0.000000,1139008
10.484067,599457.478129,0.004999,hold,2,0.000000,0.000000,0.000000,0.000000,0.000000,0.598213,0.003402,0.003402,0.000000,1139010
10.489067,599457.483231,0.005000,hold,2,0.000000,0.000000,0.000000,0.000000,0.000000,0.581347,0.003949,0.003949,0.000000,1139012
10.494067,599457.488334,0.005000,hold,2,0.000000,0.000000,0.000000,0.000000,0.000000,0.586735,0.003491,0.003491,0.000000,1139014
10.499067,599457.493472,0.005000,hold,2,0.000000,0.000000,0.000000,0.000000,0.000000,0.607836,0.004131,0.004131,0.000000,1139016
10.504074,599457.498704,0.005007,hold,2,0.000000,0.000000,0.000000,0.000000,0.000000,0.613324,0.003747,0.003747,0.000000,1139018
10.509067,599457.503903,0.004994,hold,2,0.000000,0.000000,0.000000,0.000000,0.000000,0.606621,0.004357,0.004357,0.000000,1139020
10.514067,599457.509146,0.005000,hold,2,0.000000,0.000000,0.000000,0.000000,0.000000,0.594793,0.003889,0.003889,0.000000,1139022
10.519067,599457.514249,0.005000,hold,2,0.000000,0.000000,0.000000,0.000000,0.000000,0.577312,0.003471,0.003471,0.000000,1139024
10.524067,599457.519352,0.005000,hold,2,0.000000,0.000000,0.000000,0.000000,0.000000,0.567980,0.004105,0.004105,0.000000,1139026
10.529069,599457.524478,0.005002,hold,2,0.000000,0.000000,0.000000,0.000000,0.000000,0.584120,0.003750,0.003750,0.000000,1139028
10.534067,599457.529732,0.004999,hold,2,0.000000,0.000000,0.000000,0.000000,0.000000,0.613238,0.003278,0.003278,0.000000,1139030
10.539068,599457.534955,0.005001,hold,2,0.000000,0.000000,0.000000,0.000000,0.000000,0.606482,0.003787,0.003787,0.000000,1139032
10.544067,599457.540203,0.004999,hold,2,0.000000,0.000000,0.000000,0.000000,0.000000,0.583301,0.004242,0.004242,0.000000,1139034
10.549067,599457.545306,0.005000,hold,2,0.000000,0.000000,0.000000,0.000000,0.000000,0.583519,0.003623,0.003623,0.000000,1139036
10.554067,599457.550409,0.004999,hold,2,0.000000,0.000000,0.000000,0.000000,0.000000,0.609841,0.003845,0.003845,0.000000,1139038
10.559067,599457.555653,0.005000,hold,2,0.000000,0.000000,0.000000,0.000000,0.000000,0.619648,0.004313,0.004313,0.000001,1139040
10.564068,599457.560865,0.005001,hold,2,0.000000,0.000000,0.000000,0.000000,0.000000,0.606848,0.003700,0.003700,0.000000,1139042
10.569067,599457.566070,0.004999,hold,2,0.000000,0.000000,0.000000,0.000000,0.000000,0.601616,0.004011,0.004011,0.000000,1139044
10.574067,599457.571244,0.005000,hold,2,0.000000,0.000000,0.000000,0.000000,0.000000,0.602031,0.003554,0.003554,0.000000,1139046
10.579068,599457.576348,0.005002,hold,2,0.000000,0.000000,0.000000,0.000000,0.000000,0.600987,0.003811,0.003811,0.000000,1139048
10.584068,599457.581448,0.004999,hold,2,0.000000,0.000000,0.000000,0.000000,0.000000,0.605170,0.003247,0.003247,0.000000,1139050
10.589082,599457.586651,0.005015,hold,2,0.000000,0.000000,0.000000,0.000000,0.000000,0.617644,0.003771,0.003771,0.000000,1139052
10.594067,599457.591870,0.004985,hold,2,0.000000,0.000000,0.000000,-0.000000,-0.000000,0.623491,0.003932,0.003932,0.000000,1139054
10.604069,599457.597116,0.010002,hold,2,0.000000,0.000000,0.000000,0.000000,0.000000,0.598859,0.004034,0.004034,0.000000,1139058
10.609067,599457.602233,0.004998,hold,2,0.000000,0.000000,0.000000,0.000000,0.000000,0.599981,0.003559,0.003559,0.000000,1139060
10.614067,599457.607336,0.005000,hold,2,0.000000,0.000000,0.000000,0.000000,0.000000,0.608131,0.004167,0.004167,0.000000,1139062
10.619067,599457.612482,0.005000,hold,2,0.000000,0.000000,0.000000,0.000000,0.000000,0.605289,0.003801,0.003801,0.000000,1139064
10.624067,599457.617584,0.005000,hold,2,0.000000,0.000000,0.000000,-0.000000,-0.000000,0.602390,0.003418,0.003418,0.000000,1139066
10.629067,599457.622698,0.004999,hold,2,0.000000,0.000000,0.000000,-0.000000,-0.000000,0.597753,0.003864,0.003864,0.000000,1139068
10.634068,599457.627867,0.005002,hold,2,0.000000,0.000000,0.000000,0.000000,0.000000,0.598619,0.003358,0.003358,0.000011,1139070
10.639067,599457.633009,0.004998,hold,2,0.000000,0.000000,0.000000,0.000000,0.000000,0.597016,0.003899,0.003899,0.000000,1139072
10.644082,599457.638121,0.005015,hold,2,0.000000,0.000000,0.000000,0.000000,0.000000,0.579187,0.003444,0.003444,0.000000,1139074
10.649067,599457.643253,0.004985,hold,2,0.000000,0.000000,0.000000,0.000000,0.000000,0.583519,0.003771,0.003771,0.000000,1139076
10.654067,599457.648394,0.005000,hold,2,0.000000,0.000000,0.000000,0.000000,0.000000,0.607975,0.004359,0.004359,0.000000,1139078
10.659067,599457.653541,0.004999,hold,2,0.000000,0.000000,0.000000,0.000000,0.000000,0.601239,0.003909,0.003909,0.000000,1139080
10.664067,599457.658731,0.005000,hold,2,0.000000,0.000000,0.000000,-0.000000,-0.000000,0.581430,0.003375,0.003375,0.000000,1139082
10.669081,599457.663964,0.005014,hold,2,0.000000,0.000000,0.000000,0.000000,0.000000,0.597780,0.003888,0.003888,0.000007,1139084
10.674067,599457.669165,0.004985,hold,2,0.000000,0.000000,0.000000,-0.000425,-0.000425,0.632554,0.003307,0.003307,0.000000,1139086
10.679067,599457.674267,0.005000,hold,2,0.000000,0.000000,0.000000,0.000000,0.000000,0.624555,0.003870,0.003870,0.085053,1139088
10.684067,599457.679371,0.005000,hold,2,0.000000,0.000000,0.000000,0.000000,0.000000,0.594764,0.003478,0.003478,0.000000,1139090
10.689067,599457.684523,0.005000,hold,2,0.000000,0.000000,0.000000,0.000000,0.000000,0.590384,0.004095,0.004095,0.000000,1139092
10.694067,599457.689719,0.005000,hold,2,0.000000,0.000000,0.000000,-0.000000,-0.000000,0.603255,0.003590,0.003590,0.000000,1139094
10.699067,599457.694930,0.005000,hold,2,0.000000,0.000000,0.000000,0.000000,0.000000,0.608904,0.003761,0.003761,0.000014,1139096
10.704067,599457.700165,0.005000,hold,2,0.000000,0.000000,0.000000,0.000000,0.000000,0.594394,0.004266,0.004266,0.000000,1139098
10.709067,599457.705270,0.005001,hold,2,0.000000,0.000000,0.000000,0.000000,0.000000,0.595700,0.003730,0.003730,0.000000,1139100
10.714068,599457.710371,0.005001,hold,2,0.000000,0.000000,0.000000,0.000000,0.000000,0.608090,0.004272,0.004272,0.000007,1139102
10.719068,599457.715471,0.005000,hold,2,0.000000,0.000000,0.000000,0.000000,0.000000,0.616157,0.003779,0.003779,0.000000,1139104
10.724068,599457.720603,0.005000,hold,2,0.000000,0.000000,0.000000,0.000000,0.000000,0.608384,0.004347,0.004347,0.000000,1139106
10.729067,599457.725735,0.004999,hold,2,0.000000,0.000000,0.000000,0.000000,0.000000,0.595616,0.003816,0.003816,0.000000,1139108
10.734067,599457.730880,0.005000,hold,2,0.000000,0.000000,0.000000,0.000000,0.000000,0.610236,0.004317,0.004317,0.000000,1139110
10.739067,599457.736026,0.004999,hold,2,0.000000,0.000000,0.000000,0.000000,0.000000,0.616907,0.003816,0.003816,0.000000,1139112
10.744067,599457.741246,0.005000,hold,2,0.000000,0.000000,0.000000,-0.000026,-0.000026,0.612747,0.004293,0.004293,0.000000,1139114
10.749067,599457.746349,0.005000,hold,2,0.000000,0.000000,0.000000,0.000000,0.000000,0.610934,0.003832,0.003832,0.005221,1139116
10.754067,599457.751479,0.005000,hold,2,0.000000,0.000000,0.000000,0.000000,0.000000,0.610637,0.003289,0.003289,0.000010,1139118
10.759067,599457.756670,0.005000,hold,2,0.000000,0.000000,0.000000,0.000000,0.000000,0.601038,0.003856,0.003856,0.000000,1139120
10.769068,599457.761880,0.010001,hold,2,0.000000,0.000000,0.000000,0.000000,0.000000,0.606505,0.003904,0.003904,0.000007,1139124
10.774067,599457.767017,0.004999,hold,2,0.000000,0.000000,0.000000,0.000000,0.000000,0.606695,0.004047,0.004047,0.000000,1139126
10.779067,599457.772173,0.005000,hold,2,0.000000,0.000000,0.000000,0.000000,0.000000,0.603541,0.003491,0.003491,0.000000,1139128
10.784068,599457.777293,0.005002,hold,2,0.000000,0.000000,0.000000,0.000000,0.000000,0.604341,0.003761,0.003761,0.000004,1139130
10.789067,599457.782391,0.004998,hold,2,0.000000,0.000000,0.000000,0.000000,0.000000,0.619891,0.004323,0.004323,0.000000,1139132
10.794067,599457.787527,0.005001,hold,2,0.000000,0.000000,0.000000,0.000000,0.000000,0.633762,0.003669,0.003669,0.000000,1139134
10.799083,599457.792671,0.005015,hold,2,0.000000,0.000000,0.000000,0.000000,0.000000,0.613719,0.004077,0.004077,0.000000,1139136
10.804067,599457.797790,0.004984,hold,2,0.000000,0.000000,0.000000,0.000000,0.000000,0.595748,0.003556,0.003556,0.000000,1139138
10.809067,599457.802907,0.005000,hold,2,0.000000,0.000000,0.000000,0.000000,0.000000,0.606972,0.004129,0.004129,0.000004,1139140
10.814067,599457.807985,0.005000,hold,2,0.000000,0.000000,0.000000,0.000000,0.000000,0.607557,0.003671,0.003671,0.000000,1139142
10.819067,599457.813139,0.005000,hold,2,0.000000,0.000000,0.000000,0.000000,0.000000,0.600869,0.004281,0.004281,0.000003,1139144
10.824071,599457.818223,0.005004,hold,2,0.000000,0.000000,0.000000,-0.000000,-0.000000,0.602032,0.003921,0.003921,0.000000,1139146
10.829067,599457.823364,0.004997,hold,2,0.000000,0.000000,0.000000,0.000000,0.000000,0.602389,0.003365,0.003365,0.000004,1139148
10.834067,599457.828516,0.004999,hold,2,0.000000,0.000000,0.000000,0.000000,0.000000,0.602335,0.003953,0.003953,0.000003,1139150
10.839067,599457.833627,0.005000,hold,2,0.000000,0.000000,0.000000,0.000000,0.000000,0.594699,0.003495,0.003495,0.000000,1139152
10.844067,599457.838737,0.005000,hold,2,0.000000,0.000000,0.000000,-0.000026,-0.000026,0.583200,0.003865,0.003865,0.000000,1139154
10.849067,599457.843856,0.005000,hold,2,0.000000,0.000000,0.000000,0.000000,0.000000,0.585918,0.004356,0.004356,0.005218,1139156
10.854070,599457.848968,0.005003,hold,2,0.000000,0.000000,0.000000,0.000000,0.000000,0.601512,0.003701,0.003701,0.000000,1139158
10.859067,599457.854119,0.004997,hold,2,0.000000,0.000000,0.000000,0.000000,0.000000,0.612575,0.003864,0.003864,0.000000,1139160
10.864067,599457.859201,0.005000,hold,2,0.000000,0.000000,0.000000,0.000000,0.000000,0.609079,0.004195,0.004195,0.000000,1139162
10.869067,599457.864281,0.005000,hold,2,0.000000,0.000000,0.000000,0.000000,0.000000,0.613158,0.003626,0.003626,0.000000,1139164
10.874067,599457.869416,0.005000,hold,2,0.000000,0.000000,0.000000,0.000000,0.000000,0.621596,0.003859,0.003859,0.000000,1139166
10.879069,599457.874566,0.005002,hold,2,0.000000,0.000000,0.000000,0.000000,0.000000,0.615530,0.004158,0.004158,0.000000,1139168
10.884068,599457.879680,0.004999,hold,2,0.000000,0.000000,0.000000,0.000000,0.000000,0.599034,0.003614,0.003614,0.000000,1139170
10.889067,599457.884817,0.005000,hold,2,0.000000,0.000000,0.000000,0.000000,0.000000,0.582349,0.004118,0.004118,0.000000,1139172
10.894068,599457.889911,0.005001,hold,2,0.000000,0.000000,0.000000,0.000000,0.000000,0.586122,0.003586,0.003586,0.000000,1139174
10.899067,599457.895035,0.004999,hold,2,0.000000,0.000000,0.000000,0.000000,0.000000,0.591955,0.003970,0.003970,0.000000,1139176
10.904069,599457.900125,0.005002,hold,2,0.000000,0.000000,0.000000,0.000000,0.000000,0.596240,0.003481,0.003481,0.000000,1139178
10.909067,599457.905198,0.004998,hold,2,0.000000,0.000000,0.000000,0.000000,0.000000,0.607426,0.003939,0.003939,0.000004,1139180
10.914067,599457.910276,0.005000,hold,2,0.000000,0.000000,0.000000,0.000000,0.000000,0.615266,0.003395,0.003395,0.000004,1139182
10.919067,599457.915423,0.005000,hold,2,0.000000,0.000000,0.000000,0.000000,0.000000,0.610320,0.003894,0.003894,0.000000,1139184
10.924067,599457.920566,0.005001,hold,2,0.000000,0.000000,0.000000,0.000000,0.000000,0.602841,0.003312,0.003312,0.000000,1139186
10.929067,599457.925698,0.005000,hold,2,0.000000,0.000000,0.000000,0.000000,0.000000,0.608221,0.003839,0.003839,0.000000,1139188
10.934067,599457.930910,0.005000,hold,2,0.000000,0.000000,0.000000,0.000000,0.000000,0.617704,0.003294,0.003294,0.000000,1139190
10.939067,599457.936126,0.005000,hold,2,0.000000,0.000000,0.000000,0.000000,0.000000,0.604750,0.003824,0.003824,0.000000,1139192
10.944067,599457.941228,0.005000,hold,2,0.000000,0.000000,0.000000,0.000000,0.000000,0.585153,0.003253,0.003253,0.000000,1139194
10.949067,599457.946329,0.005000,hold,2,0.000000,0.000000,0.000000,0.000000,0.000000,0.597666,0.003780,0.003780,0.000000,1139196
10.954070,599457.951430,0.005003,hold,2,0.000000,0.000000,0.000000,0.000000,0.000000,0.604092,0.004363,0.004363,0.000000,1139198
10.959067,599457.956627,0.004997,hold,2,0.000000,0.000000,0.000000,0.000000,0.000000,0.589239,0.003830,0.003830,0.000004,1139200
10.964067,599457.961726,0.005000,hold,2,0.000000,0.000000,0.000000,0.000000,0.000000,0.577726,0.003283,0.003283,0.000000,1139202
10.974067,599457.966973,0.010000,hold,2,0.000000,0.000000,0.000000,0.000000,0.000000,0.579532,0.003314,0.003314,0.000000,1139206
10.979069,599457.972204,0.005002,hold,2,0.000000,0.000000,0.000000,-0.000000,-0.000000,0.588084,0.003884,0.003884,0.000000,1139208
10.984067,599457.977309,0.004998,hold,2,0.000000,0.000000,0.000000,-0.000000,-0.000000,0.587365,0.003355,0.003355,0.000000,1139210
10.989067,599457.982411,0.005000,hold,2,0.000000,0.000000,0.000000,0.000000,0.000000,0.582406,0.003826,0.003826,0.000007,1139212
10.994067,599457.987645,0.005000,hold,2,0.000000,0.000000,0.000000,0.000000,0.000000,0.585687,0.003246,0.003246,0.000000,1139214
10.999067,599457.992913,0.005001,hold,2,0.000000,0.000000,0.000000,0.000000,0.000000,0.605103,0.003861,0.003861,0.000000,1139216
11.004067,599457.998213,0.005000,hold,2,0.000000,0.000000,0.000000,0.000000,0.000000,0.613549,0.003344,0.003344,0.000000,1139218
11.009067,599458.003316,0.005000,hold,2,0.000000,0.000000,0.000000,0.000000,0.000000,0.617213,0.003873,0.003873,0.000000,1139220
11.014067,599458.008461,0.005000,hold,2,0.000000,0.000000,0.000000,-0.000000,-0.000000,0.626266,0.003306,0.003306,0.000000,1139222
11.019067,599458.013560,0.005000,hold,2,0.000000,0.000000,0.000000,0.000000,0.000000,0.617142,0.003814,0.003814,0.000010,1139224
11.024067,599458.018820,0.005000,hold,2,0.000000,0.000000,0.000000,0.000000,0.000000,0.609383,0.004306,0.004306,0.000000,1139226
11.029079,599458.024015,0.005012,hold,2,0.000000,0.000000,0.000000,0.000000,0.000000,0.602958,0.003863,0.003863,0.000004,1139228
11.034067,599458.029247,0.004988,hold,2,0.000000,0.000000,0.000000,0.000000,0.000000,0.606235,0.004312,0.004312,0.000000,1139230
11.039067,599458.034458,0.005000,hold,2,0.000000,0.000000,0.000000,-0.000000,-0.000000,0.614117,0.003849,0.003849,0.000000,1139232
11.044067,599458.039666,0.005000,hold,2,0.000000,0.000000,0.000000,0.000000,0.000000,0.624733,0.004381,0.004381,0.000004,1139234
11.049067,599458.044907,0.005000,hold,2,0.000000,0.000000,0.000000,0.000000,0.000000,0.629732,0.003883,0.003883,0.000000,1139236
11.054067,599458.050130,0.005000,hold,2,0.000000,0.000000,0.000000,0.000000,0.000000,0.616913,0.003374,0.003374,0.000000,1139238
11.059067,599458.055376,0.005000,hold,2,0.000000,0.000000,0.000000,-0.000000,-0.000000,0.604825,0.003886,0.003886,0.000000,1139240
11.064067,599458.060477,0.005000,hold,2,0.000000,0.000000,0.000000,0.000000,0.000000,0.600021,0.003332,0.003332,0.000004,1139242
11.069067,599458.065619,0.005000,hold,2,0.000000,0.000000,0.000000,0.000000,0.000000,0.605927,0.003736,0.003736,0.000000,1139244
11.074067,599458.070874,0.004999,hold,2,0.000000,0.000000,0.000000,0.000000,0.000000,0.611406,0.004295,0.004295,0.000004,1139246
11.079068,599458.076064,0.005002,hold,2,0.000000,0.000000,0.000000,0.000000,0.000000,0.610437,0.003789,0.003789,0.000000,1139248
11.084067,599458.081166,0.004999,hold,2,0.000000,0.000000,0.000000,0.000000,0.000000,0.627074,0.004341,0.004341,0.000011,1139250
11.089067,599458.086267,0.005000,hold,2,0.000000,0.000000,0.000000,0.000000,0.000000,0.641192,0.003849,0.003849,0.000000,1139252
11.094067,599458.091435,0.005001,hold,2,0.000000,0.000000,0.000000,0.000000,0.000000,0.634313,0.004317,0.004317,0.000007,1139254
11.099067,599458.096574,0.004999,hold,2,0.000000,0.000000,0.000000,0.000000,0.000000,0.615217,0.003680,0.003680,0.000000,1139256
11.109067,599458.101791,0.010000,hold,2,0.000000,0.000000,0.000000,0.000000,0.000000,0.596302,0.003498,0.003498,0.000000,1139260
11.114068,599458.107009,0.005001,hold,2,0.000000,0.000000,0.000000,0.000000,0.000000,0.607632,0.003739,0.003739,0.000004,1139262
11.119068,599458.112189,0.005000,hold,2,0.000000,0.000000,0.000000,-0.000000,-0.000000,0.593330,0.004086,0.004086,0.000000,1139264
11.124067,599458.117288,0.005000,hold,2,0.000000,0.000000,0.000000,0.000000,0.000000,0.565969,0.003512,0.003512,0.000007,1139266
11.129068,599458.122389,0.005001,hold,2,0.000000,0.000000,0.000000,0.000000,0.000000,0.571225,0.003794,0.003794,0.000000,1139268
11.134067,599458.127543,0.004999,hold,2,0.000000,0.000000,0.000000,-0.000000,-0.000000,0.598819,0.004118,0.004118,0.000000,1139270
11.139067,599458.132844,0.005000,hold,2,0.000000,0.000000,0.000000,0.000000,0.000000,0.606646,0.003527,0.003527,0.000003,1139272
11.144067,599458.138050,0.005000,hold,2,0.000000,0.000000,0.000000,0.000000,0.000000,0.596413,0.004041,0.004041,0.000000,1139274
11.149067,599458.143149,0.005000,hold,2,0.000000,0.000000,0.000000,0.000000,0.000000,0.593086,0.003604,0.003604,0.000000,1139276
11.154067,599458.148251,0.005001,hold,2,0.000000,0.000000,0.000000,0.000000,0.000000,0.606586,0.004158,0.004158,0.000000,1139278
11.159067,599458.153351,0.005000,hold,2,0.000000,0.000000,0.000000,0.000000,0.000000,0.612506,0.003800,0.003800,0.000000,1139280
11.164067,599458.158503,0.005000,hold,2,0.000000,0.000000,0.000000,0.000000,0.000000,0.600690,0.003335,0.003335,0.000000,1139282
11.169067,599458.163735,0.005000,hold,2,0.000000,0.000000,0.000000,0.000000,0.000000,0.601273,0.003927,0.003927,0.000000,1139284
11.174067,599458.168933,0.005000,hold,2,0.000000,0.000000,0.000000,0.000000,0.000000,0.612757,0.003499,0.003499,0.000000,1139286
11.179067,599458.174176,0.005000,hold,2,0.000000,0.000000,0.000000,0.000000,0.000000,0.608738,0.004120,0.004120,0.000007,1139288
11.184067,599458.179278,0.005000,hold,2,0.000000,0.000000,0.000000,0.000000,0.000000,0.602245,0.003799,0.003799,0.000000,1139290
11.189067,599458.184379,0.005000,hold,2,0.000000,0.000000,0.000000,-0.000000,-0.000000,0.619186,0.003332,0.003332,0.000000,1139292
11.194067,599458.189478,0.005001,hold,2,0.000000,0.000000,0.000000,-0.000000,-0.000000,0.624637,0.003961,0.003961,0.000000,1139294
11.199067,599458.194625,0.005000,hold,2,0.000000,0.000000,0.000000,-0.000000,-0.000000,0.608478,0.003558,0.003558,0.000000,1139296
11.204067,599458.199817,0.005000,hold,2,0.000000,0.000000,0.000000,0.000000,0.000000,0.609343,0.004160,0.004160,0.000011,1139298
11.209067,599458.205027,0.005000,hold,2,0.000000,0.000000,0.000000,-0.000000,-0.000000,0.628809,0.003788,0.003788,0.000000,1139300
11.214067,599458.210225,0.005000,hold,2,0.000000,0.000000,0.000000,-0.000000,-0.000000,0.632804,0.003337,0.003337,0.000000,1139302
11.219067,599458.215331,0.005000,hold,2,0.000000,0.000000,0.000000,-0.000000,-0.000000,0.612608,0.003938,0.003938,0.000000,1139304
11.224067,599458.220432,0.005000,hold,2,0.000000,0.000000,0.000000,-0.000000,-0.000000,0.601093,0.003534,0.003534,0.000000,1139306
11.229067,599458.225696,0.005000,hold,2,0.000000,0.000000,0.000000,-0.000000,-0.000000,0.611031,0.004177,0.004177,0.000000,1139308
11.234067,599458.230889,0.005000,hold,2,0.000000,0.000000,0.000000,-0.000000,-0.000000,0.615294,0.003792,0.003792,0.000000,1139310
11.239067,599458.236113,0.005000,hold,2,0.000000,0.000000,0.000000,-0.000000,-0.000000,0.606692,0.003346,0.003346,0.000000,1139312
11.244067,599458.241215,0.005000,hold,2,0.000000,0.000000,0.000000,-0.000000,-0.000000,0.600304,0.003959,0.003959,0.000000,1139314
11.249067,599458.246316,0.005000,hold,2,0.000000,0.000000,0.000000,0.000000,0.000000,0.605771,0.003533,0.003533,0.000007,1139316
11.254067,599458.251440,0.005000,hold,2,0.000000,0.000000,0.000000,-0.000000,-0.000000,0.617280,0.004187,0.004187,0.000000,1139318
11.259067,599458.256589,0.004999,hold,2,0.000000,0.000000,0.000000,-0.000000,-0.000000,0.614565,0.003849,0.003849,0.000000,1139320
11.264067,599458.261694,0.005000,hold,2,0.000000,0.000000,0.000000,-0.000000,-0.000000,0.604603,0.003378,0.003378,0.000000,1139322
11.274067,599458.266829,0.010000,hold,2,0.000000,0.000000,0.000000,-0.000000,-0.000000,0.616786,0.003521,0.003521,0.000000,1139326
11.279067,599458.271938,0.005000,hold,2,0.000000,0.000000,0.000000,-0.000000,-0.000000,0.623639,0.004108,0.004108,0.000000,1139328
11.284067,599458.277195,0.005000,hold,2,0.000000,0.000000,0.000000,-0.000000,-0.000000,0.614556,0.003723,0.003723,0.000000,1139330
11.289067,599458.282294,0.005000,hold,2,0.000000,0.000000,0.000000,0.000000,0.000000,0.596561,0.004316,0.004316,0.000004,1139332
11.294067,599458.287391,0.005000,hold,2,0.000000,0.000000,0.000000,0.000000,0.000000,0.599739,0.003908,0.003908,0.000000,1139334
11.299067,599458.292547,0.005000,hold,2,0.000000,0.000000,0.000000,-0.000000,-0.000000,0.610906,0.003423,0.003423,0.000000,1139336
11.304067,599458.297669,0.005000,hold,2,0.000000,0.000000,0.000000,-0.000000,-0.000000,0.596012,0.003769,0.003769,0.000000,1139338
11.309067,599458.302910,0.005000,hold,2,0.000000,0.000000,0.000000,-0.000000,-0.000000,0.585302,0.004262,0.004262,0.000000,1139340
11.314067,599458.308155,0.005000,hold,2,0.000000,0.000000,0.000000,-0.000488,-0.000488,0.610291,0.003681,0.003681,0.000000,1139342
11.319067,599458.313409,0.005000,hold,2,0.000000,0.000000,0.000000,0.000000,0.000000,0.637076,0.004055,0.004055,0.097683,1139344
11.324082,599458.318646,0.005015,hold,2,0.000000,0.000000,0.000000,-0.000000,-0.000000,0.629028,0.003654,0.003654,0.000000,1139346
11.329067,599458.323843,0.004985,hold,2,0.000000,0.000000,0.000000,0.000000,0.000000,0.611240,0.003842,0.003842,0.000007,1139348
11.334067,599458.329051,0.005001,hold,2,0.000000,0.000000,0.000000,-0.000000,-0.000000,0.612594,0.003224,0.003224,0.000000,1139350
11.339067,599458.334264,0.005000,hold,2,0.000000,0.000000,0.000000,-0.000000,-0.000000,0.616152,0.003670,0.003670,0.000000,1139352
11.344067,599458.339533,0.005000,hold,2,0.000000,0.000000,0.000000,-0.000000,-0.000000,0.608295,0.003977,0.003977,0.000000,1139354
11.349067,599458.344737,0.005000,hold,2,0.000000,0.000000,0.000000,-0.000000,-0.000000,0.601082,0.003486,0.003486,0.000000,1139356
11.354071,599458.349838,0.005004,hold,2,0.000000,0.000000,0.000000,-0.000000,-0.000000,0.609214,0.004090,0.004090,0.000000,1139358
11.359067,599458.355142,0.004996,hold,2,0.000000,0.000000,0.000000,0.000000,0.000000,0.607450,0.003658,0.003658,0.000007,1139360
11.364067,599458.360439,0.005000,hold,2,0.000000,0.000000,0.000000,-0.000000,-0.000000,0.590054,0.004230,0.004230,0.000000,1139362
11.369067,599458.365718,0.005000,hold,2,0.000000,0.000000,0.000000,-0.000000,-0.000000,0.583416,0.003736,0.003736,0.000000,1139364
11.374067,599458.370978,0.005001,hold,2,0.000000,0.000000,0.000000,-0.000000,-0.000000,0.598942,0.004269,0.004269,0.000000,1139366
11.379068,599458.376220,0.005000,hold,2,0.000000,0.000000,0.000000,-0.000000,-0.000000,0.607798,0.003651,0.003651,0.000000,1139368
11.384068,599458.381463,0.005000,hold,2,0.000000,0.000000,0.000000,0.000000,0.000000,0.607130,0.003847,0.003847,0.000007,1139370
11.389067,599458.386625,0.004999,hold,2,0.000000,0.000000,0.000000,-0.000000,-0.000000,0.612214,0.003273,0.003273,0.000000,1139372
11.399067,599458.391929,0.010000,hold,2,0.000000,0.000000,0.000000,-0.000000,-0.000000,0.589494,0.004144,0.004144,0.000000,1139376
11.399067,599458.397189,0.000001,hold,2,0.000000,0.000000,0.000000,-0.000000,-0.000000,0.589494,0.004144,0.004144,0.000000,1139376
11.409072,599458.402489,0.010005,hold,2,0.000000,0.000000,0.000000,-0.000000,-0.000000,0.600391,0.004129,0.004129,0.000000,1139380
11.414072,599458.407702,0.005000,hold,2,0.000000,0.000000,0.000000,-0.000000,-0.000000,0.606880,0.003645,0.003645,0.000000,1139382
11.419072,599458.412919,0.005000,hold,2,0.000000,0.000000,0.000000,-0.000000,-0.000000,0.608609,0.003137,0.003137,0.000000,1139384
11.424072,599458.418151,0.005000,hold,2,0.000000,0.000000,0.000000,-0.000000,-0.000000,0.598811,0.003744,0.003744,0.000000,1139386
11.429067,599458.423446,0.004995,hold,2,0.000000,0.000000,0.000000,-0.000000,-0.000000,0.592915,0.004134,0.004134,0.000000,1139388
11.434067,599458.428695,0.005000,hold,2,0.000000,0.000000,0.000000,0.000000,0.000000,0.604978,0.003599,0.003599,0.000004,1139390
11.439067,599458.433898,0.005000,hold,2,0.000000,0.000000,0.000000,-0.000000,-0.000000,0.619589,0.004059,0.004059,0.000000,1139392
11.444067,599458.439136,0.005000,hold,2,0.000000,0.000000,0.000000,-0.000000,-0.000000,0.610029,0.003580,0.003580,0.000000,1139394
11.449067,599458.444238,0.005000,hold,2,0.000000,0.000000,0.000000,-0.000000,-0.000000,0.592770,0.004191,0.004191,0.000000,1139396
11.454067,599458.449339,0.005001,hold,2,0.000000,0.000000,0.000000,-0.000000,-0.000000,0.603412,0.003789,0.003789,0.000000,1139398
11.459067,599458.454438,0.004999,hold,2,0.000000,0.000000,0.000000,-0.000000,-0.000000,0.620932,0.004292,0.004292,0.000000,1139400
11.464067,599458.459651,0.005000,hold,2,0.000000,0.000000,0.000000,0.000425,0.000425,0.607587,0.003715,0.003715,0.085061,1139402
11.469067,599458.464921,0.005000,hold,2,0.000000,0.000000,0.000000,-0.000000,-0.000000,0.591390,0.004248,0.004248,0.000000,1139404
11.474067,599458.470149,0.005000,hold,2,0.000000,0.000000,0.000000,0.000000,0.000000,0.598434,0.003776,0.003776,0.000011,1139406
11.479067,599458.475248,0.005000,hold,2,0.000000,0.000000,0.000000,-0.000000,-0.000000,0.601870,0.004381,0.004381,0.000000,1139408
11.484067,599458.480350,0.005000,hold,2,0.000000,0.000000,0.000000,-0.000000,-0.000000,0.602990,0.003657,0.003657,0.000000,1139410
11.489067,599458.485537,0.005000,hold,2,0.000000,0.000000,0.000000,-0.000000,-0.000000,0.604108,0.003866,0.003866,0.000000,1139412
11.494068,599458.490690,0.005000,hold,2,0.000000,0.000000,0.000000,-0.000000,-0.000000,0.601639,0.003333,0.003333,0.000000,1139414
11.499068,599458.495919,0.005000,hold,2,0.000000,0.000000,0.000000,0.000000,0.000000,0.589575,0.003742,0.003742,0.000003,1139416
11.504068,599458.501136,0.005000,hold,2,0.000000,0.000000,0.000000,0.000000,0.000000,0.578663,0.004297,0.004297,0.000000,1139418
11.509068,599458.506249,0.005000,hold,2,0.000000,0.000000,0.000000,-0.000000,-0.000000,0.581141,0.003893,0.003893,0.000000,1139420
11.514068,599458.511352,0.005000,hold,2,0.000000,0.000000,0.000000,0.000000,0.000000,0.590081,0.003397,0.003397,0.000007,1139422
11.519067,599458.516513,0.004999,hold,2,0.000000,0.000000,0.000000,-0.000000,-0.000000,0.600566,0.003989,0.003989,0.000000,1139424
11.524067,599458.521719,0.005000,hold,2,0.000000,0.000000,0.000000,-0.000000,-0.000000,0.606680,0.003496,0.003496,0.000000,1139426
11.534067,599458.526983,0.010000,hold,2,0.000000,0.000000,0.000000,-0.000000,-0.000000,0.594769,0.003733,0.003733,0.000000,1139430
11.539067,599458.532237,0.005000,hold,2,0.000000,0.000000,0.000000,-0.000000,-0.000000,0.594200,0.003356,0.003356,0.000004,1139432
11.544067,599458.537339,0.005000,hold,2,0.000000,0.000000,0.000000,-0.000000,-0.000000,0.596956,0.004006,0.004006,0.000000,1139434
11.549067,599458.542486,0.005001,hold,2,0.000000,0.000000,0.000000,-0.000000,-0.000000,0.589256,0.003571,0.003571,0.000003,1139436
11.554068,599458.547690,0.005000,hold,2,0.000000,0.000000,0.000000,-0.000000,-0.000000,0.589156,0.004199,0.004199,0.000000,1139438
11.559067,599458.552970,0.005000,hold,2,0.000000,0.000000,0.000000,-0.000000,-0.000000,0.595750,0.003849,0.003849,0.000000,1139440
11.564067,599458.558163,0.005000,hold,2,0.000000,0.000000,0.000000,0.000000,0.000000,0.594781,0.003437,0.003437,0.000007,1139442
11.569067,599458.563265,0.005000,hold,2,0.000000,0.000000,0.000000,-0.000000,-0.000000,0.595639,0.004115,0.004115,0.000000,1139444
11.574069,599458.568411,0.005002,hold,2,0.000000,0.000000,0.000000,-0.000000,-0.000000,0.601517,0.003697,0.003697,0.000003,1139446
11.579067,599458.573546,0.004997,hold,2,0.000000,0.000000,0.000000,-0.000000,-0.000000,0.605170,0.004372,0.004372,0.000000,1139448
11.584067,599458.578655,0.005000,hold,2,0.000000,0.000000,0.000000,0.000000,0.000000,0.603575,0.003898,0.003898,0.000003,1139450
11.589067,599458.583725,0.005000,hold,2,0.000000,0.000000,0.000000,-0.000000,-0.000000,0.607066,0.003513,0.003513,0.000000,1139452
11.594067,599458.588901,0.005000,hold,2,0.000000,0.000000,0.000000,-0.000000,-0.000000,0.615015,0.004168,0.004168,0.000000,1139454
11.599068,599458.594125,0.005001,hold,2,0.000000,0.000000,0.000000,-0.000000,-0.000000,0.603509,0.003753,0.003753,0.000000,1139456
11.604067,599458.599252,0.004999,hold,2,0.000000,0.000000,0.000000,-0.000000,-0.000000,0.598996,0.004373,0.004373,0.000004,1139458
11.609067,599458.604378,0.005000,hold,2,0.000000,0.000000,0.000000,-0.000000,-0.000000,0.615243,0.003939,0.003939,0.000003,1139460
11.614067,599458.609507,0.005000,hold,2,0.000000,0.000000,0.000000,-0.000000,-0.000000,0.615627,0.003529,0.003529,0.000000,1139462
11.619067,599458.614675,0.005000,hold,2,0.000000,0.000000,0.000000,0.000000,0.000000,0.613782,0.004190,0.004190,0.000004,1139464
11.624067,599458.619944,0.005000,hold,2,0.000000,0.000000,0.000000,-0.000000,-0.000000,0.610954,0.003771,0.003771,0.000000,1139466
11.629067,599458.625109,0.005000,hold,2,0.000000,0.000000,0.000000,-0.000000,-0.000000,0.606050,0.003314,0.003314,0.000000,1139468
11.634074,599458.630225,0.005007,hold,2,0.000000,0.000000,0.000000,-0.000000,-0.000000,0.605556,0.004218,0.004218,0.000000,1139470
11.639067,599458.635338,0.004993,hold,2,0.000000,0.000000,0.000000,-0.000000,-0.000000,0.600389,0.003561,0.003561,0.000000,1139472
11.644067,599458.640495,0.005000,hold,2,0.000000,0.000000,0.000000,-0.000000,-0.000000,0.592965,0.004207,0.004207,0.000000,1139474
11.649067,599458.645675,0.005000,hold,2,0.000000,0.000000,0.000000,-0.000000,-0.000000,0.601336,0.003781,0.003781,0.000000,1139476
11.654067,599458.650923,0.005000,hold,2,0.000000,0.000000,0.000000,-0.000000,-0.000000,0.601599,0.003411,0.003411,0.000000,1139478
11.659067,599458.656122,0.005000,hold,2,0.000000,0.000000,0.000000,-0.000000,-0.000000,0.585578,0.004093,0.004093,0.000000,1139480
11.664067,599458.661238,0.004999,hold,2,0.000000,0.000000,0.000000,-0.000000,-0.000000,0.600087,0.003728,0.003728,0.000000,1139482
11.669067,599458.666353,0.005000,hold,2,0.000000,0.000000,0.000000,-0.000000,-0.000000,0.618886,0.004308,0.004308,0.000000,1139484
11.674067,599458.671467,0.005000,hold,2,0.000000,0.000000,0.000000,-0.000000,-0.000000,0.617198,0.003915,0.003915,0.000007,1139486
11.679068,599458.676629,0.005000,hold,2,0.000000,0.000000,0.000000,-0.000000,-0.000000,0.606835,0.003469,0.003469,0.000000,1139488
11.684067,599458.681830,0.005000,hold,2,0.000000,0.000000,0.000000,-0.000000,-0.000000,0.597116,0.004124,0.004124,0.000000,1139490
11.694068,599458.687050,0.010000,hold,2,0.000000,0.000000,0.000000,-0.000000,-0.000000,0.618082,0.003258,0.003258,0.000004,1139494
11.699067,599458.692141,0.004999,hold,2,0.000000,0.000000,0.000000,-0.000000,-0.000000,0.623554,0.003903,0.003903,0.000000,1139496
11.704067,599458.697257,0.005000,hold,2,0.000000,0.000000,0.000000,-0.000000,-0.000000,0.608099,0.003461,0.003461,0.000000,1139498
11.709067,599458.702371,0.005000,hold,2,0.000000,0.000000,0.000000,-0.000000,-0.000000,0.601427,0.004075,0.004075,0.000000,1139500
11.714067,599458.707573,0.005000,hold,2,0.000000,0.000000,0.000000,-0.000000,-0.000000,0.600218,0.003657,0.003657,0.000000,1139502
11.719067,599458.712812,0.005000,hold,2,0.000000,0.000000,0.000000,-0.000000,-0.000000,0.600264,0.003197,0.003197,0.000000,1139504
11.724067,599458.718024,0.005000,hold,2,0.000000,0.000000,0.000000,-0.000000,-0.000000,0.599217,0.003847,0.003847,0.000000,1139506
11.729067,599458.723161,0.005000,hold,2,0.000000,0.000000,0.000000,-0.000000,-0.000000,0.600538,0.003429,0.003429,0.000000,1139508
11.734067,599458.728276,0.005000,hold,2,0.000000,0.000000,0.000000,-0.000000,-0.000000,0.608999,0.004074,0.004074,0.000000,1139510
11.739067,599458.733389,0.005000,hold,2,0.000000,0.000000,0.000000,0.000000,0.000000,0.617297,0.003636,0.003636,0.000004,1139512
11.744067,599458.738503,0.005000,hold,2,0.000000,0.000000,0.000000,-0.000000,-0.000000,0.608996,0.004306,0.004306,0.000000,1139514
11.749067,599458.743737,0.005000,hold,2,0.000000,0.000000,0.000000,-0.000000,-0.000000,0.600739,0.003970,0.003970,0.000000,1139516
11.754068,599458.748961,0.005001,hold,2,0.000000,0.000000,0.000000,-0.000000,-0.000000,0.611796,0.003500,0.003500,0.000000,1139518
11.759067,599458.754135,0.004999,hold,2,0.000000,0.000000,0.000000,-0.000000,-0.000000,0.608725,0.004131,0.004131,0.000000,1139520
11.764067,599458.759251,0.005000,hold,2,0.000000,0.000000,0.000000,-0.000000,-0.000000,0.590325,0.003750,0.003750,0.000000,1139522
11.769067,599458.764464,0.005000,hold,2,0.000000,0.000000,0.000000,-0.000000,-0.000000,0.590140,0.003342,0.003342,0.000000,1139524
11.774069,599458.769712,0.005002,hold,2,0.000000,0.000000,0.000000,-0.000000,-0.000000,0.599236,0.003996,0.003996,0.000000,1139526
11.779068,599458.774962,0.004999,hold,2,0.000000,0.000000,0.000000,-0.000000,-0.000000,0.605732,0.003522,0.003522,0.000000,1139528
11.784067,599458.780123,0.004999,hold,2,0.000000,0.000000,0.000000,-0.000000,-0.000000,0.605687,0.004176,0.004176,0.000011,1139530
11.789067,599458.785236,0.005000,hold,2,0.000000,0.000000,0.000000,-0.000000,-0.000000,0.601086,0.003783,0.003783,0.000000,1139532
11.794068,599458.790353,0.005001,hold,2,0.000000,0.000000,0.000000,-0.000000,-0.000000,0.610246,0.003299,0.003299,0.000000,1139534
11.799067,599458.795467,0.004999,hold,2,0.000000,0.000000,0.000000,-0.000000,-0.000000,0.615494,0.004001,0.004001,0.000000,1139536
11.804067,599458.800626,0.004999,hold,2,0.000000,0.000000,0.000000,-0.000000,-0.000000,0.596991,0.003445,0.003445,0.000001,1139538
11.809067,599458.805825,0.005000,hold,2,0.000000,0.000000,0.000000,-0.000000,-0.000000,0.584190,0.003882,0.003882,0.000000,1139540
11.814067,599458.810965,0.005000,hold,2,0.000000,0.000000,0.000000,0.000000,0.000000,0.598824,0.003233,0.003233,0.000003,1139542
11.819067,599458.816049,0.005000,hold,2,0.000000,0.000000,0.000000,-0.000000,-0.000000,0.616017,0.003686,0.003686,0.000000,1139544
11.824067,599458.821146,0.005000,hold,2,0.000000,0.000000,0.000000,-0.000000,-0.000000,0.612460,0.003205,0.003205,0.000000,1139546
11.829067,599458.826261,0.005000,hold,2,0.000000,0.000000,0.000000,0.000000,0.000000,0.601625,0.003784,0.003784,0.000007,1139548
11.834067,599458.831375,0.005000,hold,2,0.000000,0.000000,0.000000,-0.000000,-0.000000,0.600618,0.003320,0.003320,0.000000,1139550
11.839067,599458.836487,0.004999,hold,2,0.000000,0.000000,0.000000,-0.000000,-0.000000,0.597907,0.003940,0.003940,0.000000,1139552
11.844067,599458.841636,0.005000,hold,2,0.000000,0.000000,0.000000,0.000000,0.000000,0.592485,0.003567,0.003567,0.000003,1139554
11.854069,599458.846916,0.010002,hold,2,0.000000,0.000000,0.000000,-0.000000,-0.000000,0.593656,0.003791,0.003791,0.000000,1139558
11.859067,599458.852137,0.004999,hold,2,0.000000,0.000000,0.000000,-0.000000,-0.000000,0.602774,0.003324,0.003324,0.000000,1139560
11.864067,599458.857292,0.005000,hold,2,0.000000,0.000000,0.000000,-0.000000,-0.000000,0.592864,0.003982,0.003982,0.000000,1139562
11.869067,599458.862411,0.005000,hold,2,0.000000,0.000000,0.000000,-0.000000,-0.000000,0.592136,0.003543,0.003543,0.000000,1139564
11.874067,599458.867623,0.005000,hold,2,0.000000,0.000000,0.000000,0.000000,0.000000,0.601973,0.004213,0.004213,0.000003,1139566
11.879067,599458.872800,0.005000,hold,2,0.000000,0.000000,0.000000,-0.000488,-0.000488,0.599279,0.003747,0.003747,0.000000,1139568
11.884067,599458.878059,0.005000,hold,2,0.000000,0.000000,0.000000,-0.000000,-0.000000,0.597125,0.003305,0.003305,0.097671,1139570
11.889067,599458.883156,0.005000,hold,2,0.000000,0.000000,0.000000,-0.000000,-0.000000,0.617227,0.003957,0.003957,0.000000,1139572
11.894068,599458.888272,0.005002,hold,2,0.000000,0.000000,0.000000,-0.000000,-0.000000,0.638690,0.003543,0.003543,0.000000,1139574
11.899068,599458.893447,0.004999,hold,2,0.000000,0.000000,0.000000,-0.000000,-0.000000,0.630078,0.004213,0.004213,0.000000,1139576
11.904068,599458.898617,0.005000,hold,2,0.000000,0.000000,0.000000,0.000000,0.000000,0.608930,0.003803,0.003803,0.000007,1139578
11.909067,599458.903817,0.004999,hold,2,0.000000,0.000000,0.000000,-0.000000,-0.000000,0.600942,0.003287,0.003287,0.000000,1139580
11.914067,599458.909019,0.005000,hold,2,0.000000,0.000000,0.000000,-0.000000,-0.000000,0.602835,0.003890,0.003890,0.000000,1139582
11.919067,599458.914119,0.005000,hold,2,0.000000,0.000000,0.000000,-0.000000,-0.000000,0.609763,0.003484,0.003484,0.000000,1139584
11.924067,599458.919233,0.005000,hold,2,0.000000,0.000000,0.000000,-0.000000,-0.000000,0.601204,0.004147,0.004147,0.000000,1139586
11.929067,599458.924374,0.005000,hold,2,0.000000,0.000000,0.000000,-0.000000,-0.000000,0.599042,0.003627,0.003627,0.000011,1139588
11.934067,599458.929527,0.005000,hold,2,0.000000,0.000000,0.000000,-0.000000,-0.000000,0.616258,0.004247,0.004247,0.000000,1139590
11.939067,599458.934724,0.005000,hold,2,0.000000,0.000000,0.000000,-0.000000,-0.000000,0.617506,0.003898,0.003898,0.000000,1139592
11.944067,599458.939879,0.005000,hold,2,0.000000,0.000000,0.000000,-0.000000,-0.000000,0.606595,0.003486,0.003486,0.000000,1139594
11.949067,599458.945017,0.005000,hold,2,0.000000,0.000000,0.000000,-0.000000,-0.000000,0.599279,0.004146,0.004146,0.000000,1139596
11.954069,599458.950201,0.005002,hold,2,0.000000,0.000000,0.000000,-0.000000,-0.000000,0.613472,0.003736,0.003736,0.000000,1139598
11.959067,599458.955316,0.004998,hold,2,0.000000,0.000000,0.000000,-0.000000,-0.000000,0.617257,0.003262,0.003262,0.000003,1139600
11.964067,599458.960431,0.005000,hold,2,0.000000,0.000000,0.000000,-0.000000,-0.000000,0.591374,0.003902,0.003902,0.000000,1139602
11.969072,599458.965577,0.005005,hold,2,0.000000,0.000000,0.000000,-0.000000,-0.000000,0.582752,0.003511,0.003511,0.000001,1139604
11.974067,599458.970779,0.004995,hold,2,0.000000,0.000000,0.000000,-0.000000,-0.000000,0.598618,0.004138,0.004138,0.000000,1139606
11.979067,599458.975935,0.005000,hold,2,0.000000,0.000000,0.000000,-0.000000,-0.000000,0.606186,0.003693,0.003693,0.000003,1139608
11.984067,599458.981230,0.005000,hold,2,0.000000,0.000000,0.000000,-0.000000,-0.000000,0.599481,0.003253,0.003253,0.000000,1139610
11.989067,599458.986346,0.005000,hold,2,0.000000,0.000000,0.000000,0.000000,0.000000,0.593838,0.003885,0.003885,0.000011,1139612
11.994068,599458.991496,0.005001,hold,2,0.000000,0.000000,0.000000,-0.000000,-0.000000,0.593641,0.003464,0.003464,0.000000,1139614
11.999068,599458.996645,0.005000,hold,2,0.000000,0.000000,0.000000,-0.000000,-0.000000,0.604091,0.004082,0.004082,0.000000,1139616
12.009067,599459.001816,0.009999,hold,2,0.000000,0.000000,0.000000,0.000000,0.000000,0.608431,0.003211,0.003211,0.000000,1139620
12.014067,599459.007031,0.005000,hold,2,0.000000,0.000000,0.000000,-0.000000,-0.000000,0.623227,0.003837,0.003837,0.000000,1139622
12.019067,599459.012181,0.005000,hold,2,0.000000,0.000000,0.000000,0.000000,0.000000,0.618199,0.003383,0.003383,0.000004,1139624
12.024067,599459.017294,0.005000,hold,2,0.000000,0.000000,0.000000,-0.000000,-0.000000,0.606236,0.003980,0.003980,0.000000,1139626
12.029067,599459.022444,0.005000,hold,2,0.000000,0.000000,0.000000,-0.000000,-0.000000,0.604831,0.003533,0.003533,0.000000,1139628
12.034067,599459.027658,0.005000,hold,2,0.000000,0.000000,0.000000,-0.000000,-0.000000,0.598843,0.004198,0.004198,0.000000,1139630
12.039067,599459.032773,0.005000,hold,2,0.000000,0.000000,0.000000,-0.000000,-0.000000,0.599092,0.003801,0.003801,0.000000,1139632
12.044067,599459.037931,0.005000,hold,2,0.000000,0.000000,0.000000,-0.000000,-0.000000,0.601008,0.003303,0.003303,0.000000,1139634
12.049068,599459.043107,0.005001,hold,2,0.000000,0.000000,0.000000,0.000000,0.000000,0.602417,0.003970,0.003970,0.000004,1139636
12.054068,599459.048217,0.005000,hold,2,0.000000,0.000000,0.000000,-0.000000,-0.000000,0.608207,0.003555,0.003555,0.000000,1139638
12.059067,599459.053323,0.004999,hold,2,0.000000,0.000000,0.000000,-0.000000,-0.000000,0.605380,0.004127,0.004127,0.000000,1139640
12.064067,599459.058432,0.005001,hold,2,0.000000,0.000000,0.000000,-0.000000,-0.000000,0.603506,0.003740,0.003740,0.000003,1139642
12.069067,599459.063584,0.005000,hold,2,0.000000,0.000000,0.000000,-0.000000,-0.000000,0.609437,0.003341,0.003341,0.000000,1139644
12.074067,599459.068684,0.005000,hold,2,0.000000,0.000000,0.000000,-0.000000,-0.000000,0.618584,0.003928,0.003928,0.000000,1139646
12.079067,599459.073828,0.005000,hold,2,0.000000,0.000000,0.000000,-0.000000,-0.000000,0.624456,0.003506,0.003506,0.000000,1139648
12.084067,599459.078968,0.005000,hold,2,0.000000,0.000000,0.000000,-0.000000,-0.000000,0.626206,0.004129,0.004129,0.000000,1139650
12.089067,599459.084052,0.005000,hold,2,0.000000,0.000000,0.000000,-0.000000,-0.000000,0.625855,0.003757,0.003757,0.000000,1139652
12.094068,599459.089210,0.005001,hold,2,0.000000,0.000000,0.000000,-0.000000,-0.000000,0.624442,0.003293,0.003293,0.000000,1139654
12.099067,599459.094313,0.004999,hold,2,0.000000,0.000000,0.000000,-0.000000,-0.000000,0.619575,0.003875,0.003875,0.000000,1139656
12.104067,599459.099415,0.005000,hold,2,0.000000,0.000000,0.000000,0.000000,0.000000,0.608307,0.003403,0.003403,0.000007,1139658
12.109067,599459.104559,0.005000,hold,2,0.000000,0.000000,0.000000,0.000000,0.000000,0.590959,0.003906,0.003906,0.000000,1139660
12.114067,599459.109660,0.005000,hold,2,0.000000,0.000000,0.000000,-0.000000,-0.000000,0.592355,0.003439,0.003439,0.000000,1139662
12.119067,599459.114799,0.005000,hold,2,0.000000,0.000000,0.000000,-0.000000,-0.000000,0.607092,0.004087,0.004087,0.000000,1139664
12.124067,599459.120023,0.005000,hold,2,0.000000,0.000000,0.000000,0.000000,0.000000,0.611542,0.003692,0.003692,0.000003,1139666
12.129067,599459.125192,0.005000,hold,2,0.000000,0.000000,0.000000,0.000000,0.000000,0.607085,0.004312,0.004312,0.000000,1139668
12.134068,599459.130393,0.005001,hold,2,0.000000,0.000000,0.000000,-0.000000,-0.000000,0.608241,0.003889,0.003889,0.000000,1139670
12.139067,599459.135614,0.005000,hold,2,0.000000,0.000000,0.000000,-0.000000,-0.000000,0.605593,0.003424,0.003424,0.000001,1139672
12.144068,599459.140714,0.005001,hold,2,0.000000,0.000000,0.000000,-0.000000,-0.000000,0.604148,0.003994,0.003994,0.000000,1139674
12.149077,599459.145914,0.005009,hold,2,0.000000,0.000000,0.000000,-0.000000,-0.000000,0.616503,0.003646,0.003646,0.000000,1139676
12.154067,599459.151118,0.004990,hold,2,0.000000,0.000000,0.000000,-0.000000,-0.000000,0.614129,0.004207,0.004207,0.000001,1139678
12.159067,599459.156342,0.005001,hold,2,0.000000,0.000000,0.000000,0.000576,0.000576,0.599624,0.003748,0.003748,0.115216,1139680
12.164067,599459.161546,0.005000,hold,2,0.000000,0.000000,0.000000,-0.000000,-0.000000,0.585829,0.004313,0.004313,0.000000,1139682
12.169081,599459.166791,0.005014,hold,2,0.000000,0.000000,0.000000,-0.000000,-0.000000,0.591295,0.003987,0.003987,0.000000,1139684
12.179067,599459.171992,0.009986,hold,2,0.000000,0.000000,0.000000,-0.000000,-0.000000,0.612059,0.004088,0.004088,0.000004,1139688
12.184067,599459.177209,0.005000,hold,2,0.000000,0.000000,0.000000,-0.000000,-0.000000,0.600890,0.003683,0.003683,0.000000,1139690
12.189067,599459.182311,0.005000,hold,2,0.000000,0.000000,0.000000,0.000000,0.000000,0.601314,0.004273,0.004273,0.000008,1139692
12.194067,599459.187415,0.005001,hold,2,0.000000,0.000000,0.000000,-0.000000,-0.000000,0.609510,0.003898,0.003898,0.000000,1139694
12.199067,599459.192584,0.005000,hold,2,0.000000,0.000000,0.000000,-0.000000,-0.000000,0.593928,0.003424,0.003424,0.000000,1139696
12.204067,599459.197790,0.005000,hold,2,0.000000,0.000000,0.000000,-0.000000,-0.000000,0.580574,0.004050,0.004050,0.000000,1139698
12.209067,599459.203109,0.005000,hold,2,0.000000,0.000000,0.000000,-0.000000,-0.000000,0.582932,0.003687,0.003687,0.000000,1139700
12.214067,599459.208231,0.005000,hold,2,0.000000,0.000000,0.000000,-0.000000,-0.000000,0.598116,0.003210,0.003210,0.000000,1139702
12.219067,599459.213334,0.005000,hold,2,0.000000,0.000000,0.000000,-0.000000,-0.000000,0.603377,0.003817,0.003817,0.000000,1139704
12.224067,599459.218434,0.005000,hold,2,0.000000,0.000000,0.000000,0.000000,0.000000,0.599080,0.003367,0.003367,0.000007,1139706
12.229067,599459.223571,0.004999,hold,2,0.000000,0.000000,0.000000,-0.000000,-0.000000,0.601229,0.003952,0.003952,0.000000,1139708
12.234081,599459.228768,0.005014,hold,2,0.000000,0.000000,0.000000,-0.000000,-0.000000,0.612671,0.003558,0.003558,0.000000,1139710
12.239067,599459.233979,0.004986,hold,2,0.000000,0.000000,0.000000,-0.000000,-0.000000,0.617377,0.003901,0.003901,0.000000,1139712
12.244067,599459.239189,0.005000,hold,2,0.000000,0.000000,0.000000,-0.000000,-0.000000,0.609028,0.003462,0.003462,0.000000,1139714
12.249067,599459.244291,0.005000,hold,2,0.000000,0.000000,0.000000,-0.000000,-0.000000,0.611756,0.004066,0.004066,0.000000,1139716
12.254067,599459.249402,0.005000,hold,2,0.000000,0.000000,0.000000,-0.000000,-0.000000,0.626826,0.003683,0.003683,0.000000,1139718
12.259067,599459.254653,0.005000,hold,2,0.000000,0.000000,0.000000,0.000000,0.000000,0.634354,0.004279,0.004279,0.000025,1139720
12.264067,599459.259859,0.005000,hold,2,0.000000,0.000000,0.000000,0.000000,0.000000,0.623836,0.003897,0.003897,0.000000,1139722
12.269067,599459.265123,0.005000,hold,2,0.000000,0.000000,0.000000,-0.000000,-0.000000,0.614255,0.003450,0.003450,0.000000,1139724
12.274067,599459.270225,0.005000,hold,2,0.000000,0.000000,0.000000,-0.000000,-0.000000,0.606730,0.004089,0.004089,0.000000,1139726
12.279067,599459.275328,0.005000,hold,2,0.000000,0.000000,0.000000,-0.000000,-0.000000,0.600253,0.003734,0.003734,0.000000,1139728
12.284067,599459.280550,0.005000,hold,2,0.000000,0.000000,0.000000,0.000000,0.000000,0.602173,0.003290,0.003290,0.000011,1139730
12.289067,599459.285749,0.005000,hold,2,0.000000,0.000000,0.000000,-0.000000,-0.000000,0.603334,0.003892,0.003892,0.000000,1139732
12.294067,599459.290942,0.005000,hold,2,0.000000,0.000000,0.000000,-0.000000,-0.000000,0.607481,0.003196,0.003196,0.000000,1139734
12.299067,599459.296152,0.005000,hold,2,0.000000,0.000000,0.000000,-0.000000,-0.000000,0.622696,0.003727,0.003727,0.000000,1139736
12.304067,599459.301255,0.005000,hold,2,0.000000,0.000000,0.000000,-0.000000,-0.000000,0.623215,0.004014,0.004014,0.000000,1139738
12.309067,599459.306358,0.005000,hold,2,0.000000,0.000000,0.000000,-0.000000,-0.000000,0.610669,0.003489,0.003489,0.000000,1139740
12.314069,599459.311500,0.005003,hold,2,0.000000,0.000000,0.000000,0.000000,0.000000,0.603441,0.003730,0.003730,0.000007,1139742
12.319067,599459.316738,0.004998,hold,2,0.000000,0.000000,0.000000,0.000000,0.000000,0.603621,0.004101,0.004101,0.000000,1139744
12.329067,599459.321965,0.010000,hold,2,0.000000,0.000000,0.000000,-0.000000,-0.000000,0.588417,0.003851,0.003851,0.000000,1139748
12.334067,599459.327132,0.005000,hold,2,0.000000,0.000000,0.000000,0.000000,0.000000,0.590348,0.003258,0.003258,0.000004,1139750
12.339067,599459.332235,0.005000,hold,2,0.000000,0.000000,0.000000,0.000000,0.000000,0.597101,0.003719,0.003719,0.000000,1139752
12.344067,599459.337338,0.005000,hold,2,0.000000,0.000000,0.000000,-0.000000,-0.000000,0.609195,0.004085,0.004085,0.000000,1139754
12.349067,599459.342447,0.005000,hold,2,0.000000,0.000000,0.000000,0.000000,0.000000,0.618700,0.003578,0.003578,0.000011,1139756
12.354067,599459.347718,0.005000,hold,2,0.000000,0.000000,0.000000,0.000000,0.000000,0.623481,0.003815,0.003815,0.000000,1139758
12.359067,599459.352850,0.005000,hold,2,0.000000,0.000000,0.000000,0.000000,0.000000,0.603488,0.004191,0.004191,0.000000,1139760
12.364067,599459.358143,0.005000,hold,2,0.000000,0.000000,0.000000,0.000000,0.000000,0.584823,0.003651,0.003651,0.000000,1139762
12.369067,599459.363244,0.005000,hold,2,0.000000,0.000000,0.000000,0.000000,0.000000,0.589111,0.003962,0.003962,0.000000,1139764
12.374067,599459.368297,0.005000,hold,2,0.000000,0.000000,0.000000,-0.000000,-0.000000,0.601711,0.003493,0.003493,0.000000,1139766
12.379082,599459.373400,0.005015,hold,2,0.000000,0.000000,0.000000,0.000000,0.000000,0.603492,0.004126,0.004126,0.000011,1139768
12.384067,599459.378616,0.004986,hold,2,0.000000,0.000000,0.000000,0.000000,0.000000,0.592921,0.003656,0.003656,0.000004,1139770
12.389067,599459.383820,0.005000,hold,2,0.000000,0.000000,0.000000,0.000000,0.000000,0.586291,0.003942,0.003942,0.000000,1139772
12.394067,599459.388963,0.005000,hold,2,0.000000,0.000000,0.000000,0.000000,0.000000,0.589356,0.003415,0.003415,0.000000,1139774
12.399067,599459.394169,0.005000,hold,2,0.000000,0.000000,0.000000,0.000000,0.000000,0.596303,0.003808,0.003808,0.000000,1139776
12.404070,599459.399271,0.005002,hold,2,0.000000,0.000000,0.000000,0.000000,0.000000,0.608849,0.003341,0.003341,0.000000,1139778
12.409067,599459.404373,0.004997,hold,2,0.000000,0.000000,0.000000,0.000000,0.000000,0.604244,0.003887,0.003887,0.000004,1139780
12.414067,599459.409513,0.005000,hold,2,0.000000,0.000000,0.000000,-0.000000,-0.000000,0.603161,0.003389,0.003389,0.000000,1139782
12.419067,599459.414645,0.005000,hold,2,0.000000,0.000000,0.000000,-0.000000,-0.000000,0.614887,0.003980,0.003980,0.000007,1139784
12.424067,599459.419842,0.005000,hold,2,0.000000,0.000000,0.000000,0.000000,0.000000,0.608836,0.003595,0.003595,0.000004,1139786
12.429582,599459.425067,0.005515,hold,2,0.000000,0.000000,0.000000,0.000000,0.000000,0.599478,0.004746,0.004746,0.000000,1139788
12.434067,599459.430239,0.004485,hold,2,0.000000,0.000000,0.000000,0.000000,0.000000,0.589828,0.003843,0.003843,0.000000,1139790
12.439067,599459.435341,0.005000,hold,2,0.000000,0.000000,0.000000,0.000000,0.000000,0.593305,0.003426,0.003426,0.000000,1139792
12.444067,599459.440493,0.005000,hold,2,0.000000,0.000000,0.000000,0.000000,0.000000,0.605956,0.004057,0.004057,0.000000,1139794
12.449067,599459.445628,0.005000,hold,2,0.000000,0.000000,0.000000,0.000000,0.000000,0.597402,0.003685,0.003685,0.000000,1139796
12.454068,599459.450846,0.005001,hold,2,0.000000,0.000000,0.000000,0.000000,0.000000,0.587783,0.003263,0.003263,0.000000,1139798
12.459067,599459.456079,0.005000,hold,2,0.000000,0.000000,0.000000,0.000000,0.000000,0.596267,0.003907,0.003907,0.000000,1139800
12.464067,599459.461175,0.005000,hold,2,0.000000,0.000000,0.000000,-0.000000,-0.000000,0.604923,0.003478,0.003478,0.000000,1139802
12.469067,599459.466277,0.005000,hold,2,0.000000,0.000000,0.000000,-0.000000,-0.000000,0.612740,0.004094,0.004094,0.000000,1139804
12.474067,599459.471379,0.005000,hold,2,0.000000,0.000000,0.000000,-0.000000,-0.000000,0.610283,0.003755,0.003755,0.000004,1139806
12.479069,599459.476509,0.005002,hold,2,0.000000,0.000000,0.000000,0.000000,0.000000,0.607163,0.004256,0.004256,0.000004,1139808
12.489067,599459.481815,0.009999,hold,2,0.000000,0.000000,0.000000,0.000000,0.000000,0.617244,0.003486,0.003486,0.000011,1139812
12.494067,599459.487032,0.005000,hold,2,0.000000,0.000000,0.000000,-0.000000,-0.000000,0.615554,0.004099,0.004099,0.000000,1139814
12.499067,599459.492203,0.005000,hold,2,0.000000,0.000000,0.000000,0.000000,0.000000,0.593675,0.003735,0.003735,0.000004,1139816
12.504067,599459.497306,0.005000,hold,2,0.000000,0.000000,0.000000,-0.000000,-0.000000,0.578802,0.003296,0.003296,0.000000,1139818
12.509067,599459.502408,0.005000,hold,2,0.000000,0.000000,0.000000,0.000000,0.000000,0.588684,0.003894,0.003894,0.000011,1139820
12.514067,599459.507544,0.005000,hold,2,0.000000,0.000000,0.000000,0.000000,0.000000,0.595784,0.003456,0.003456,0.000000,1139822
12.519067,599459.512744,0.005000,hold,2,0.000000,0.000000,0.000000,0.000000,0.000000,0.602754,0.004100,0.004100,0.000000,1139824
12.524068,599459.518073,0.005001,hold,2,0.000000,0.000000,0.000000,0.000000,0.000000,0.599466,0.003989,0.003989,0.000000,1139826
12.529067,599459.523186,0.004999,hold,2,0.000000,0.000000,0.000000,0.000000,0.000000,0.585069,0.003332,0.003332,0.000000,1139828
12.534067,599459.528289,0.005000,hold,2,0.000000,0.000000,0.000000,0.000000,0.000000,0.586280,0.003938,0.003938,0.000000,1139830
12.539067,599459.533391,0.005000,hold,2,0.000000,0.000000,0.000000,-0.000000,-0.000000,0.597848,0.003539,0.003539,0.000000,1139832
12.544067,599459.538594,0.005000,hold,2,0.000000,0.000000,0.000000,0.000000,0.000000,0.598556,0.004147,0.004147,0.000004,1139834
12.549068,599459.543844,0.005001,hold,2,0.000000,0.000000,0.000000,0.000000,0.000000,0.603239,0.003804,0.003804,0.000000,1139836
12.554068,599459.549049,0.005000,hold,2,0.000000,0.000000,0.000000,0.000000,0.000000,0.607643,0.003414,0.003414,0.000000,1139838
12.559067,599459.554179,0.004999,hold,2,0.000000,0.000000,0.000000,0.000000,0.000000,0.608240,0.003994,0.003994,0.000000,1139840
12.564067,599459.559281,0.005000,hold,2,0.000000,0.000000,0.000000,0.000000,0.000000,0.618299,0.003609,0.003609,0.000000,1139842
12.569067,599459.564384,0.005000,hold,2,0.000000,0.000000,0.000000,-0.000000,-0.000000,0.628939,0.004240,0.004240,0.000000,1139844
12.574067,599459.569541,0.005000,hold,2,0.000000,0.000000,0.000000,0.000000,0.000000,0.611069,0.003852,0.003852,0.000004,1139846
12.579068,599459.574761,0.005001,hold,2,0.000000,0.000000,0.000000,-0.000000,-0.000000,0.587794,0.003459,0.003459,0.000000,1139848
12.584067,599459.579984,0.004999,hold,2,0.000000,0.000000,0.000000,0.000000,0.000000,0.585056,0.004098,0.004098,0.000004,1139850
12.589068,599459.585221,0.005001,hold,2,0.000000,0.000000,0.000000,0.000000,0.000000,0.588055,0.003734,0.003734,0.000000,1139852
12.594067,599459.590324,0.004999,hold,2,0.000000,0.000000,0.000000,-0.000000,-0.000000,0.592253,0.003309,0.003309,0.000000,1139854
12.599067,599459.595426,0.005000,hold,2,0.000000,0.000000,0.000000,0.000000,0.000000,0.587474,0.003899,0.003899,0.000014,1139856
12.604070,599459.600594,0.005003,hold,2,0.000000,0.000000,0.000000,0.000000,0.000000,0.584181,0.003538,0.003538,0.000000,1139858
12.609067,599459.605781,0.004997,hold,2,0.000000,0.000000,0.000000,-0.000000,-0.000000,0.598717,0.004140,0.004140,0.000000,1139860
12.614067,599459.611021,0.005000,hold,2,0.000000,0.000000,0.000000,-0.000000,-0.000000,0.604001,0.003714,0.003714,0.000000,1139862
12.619067,599459.616165,0.005000,hold,2,0.000000,0.000000,0.000000,-0.000000,-0.000000,0.600112,0.003298,0.003298,0.000000,1139864
12.624067,599459.621269,0.005000,hold,2,0.000000,0.000000,0.000000,-0.000000,-0.000000,0.601799,0.003923,0.003923,0.000000,1139866
12.629067,599459.626371,0.005000,hold,2,0.000000,0.000000,0.000000,0.000000,0.000000,0.600879,0.003530,0.003530,0.000015,1139868
12.634067,599459.631502,0.005000,hold,2,0.000000,0.000000,0.000000,0.000000,0.000000,0.596704,0.004153,0.004153,0.000004,1139870
12.639067,599459.636720,0.005000,hold,2,0.000000,0.000000,0.000000,0.000000,0.000000,0.592893,0.003801,0.003801,0.000000,1139872
12.649067,599459.641966,0.010000,hold,2,0.000000,0.000000,0.000000,0.000000,0.000000,0.623289,0.004015,0.004015,0.000011,1139876
12.654067,599459.647188,0.005000,hold,2,0.000000,0.000000,0.000000,0.000000,0.000000,0.620745,0.003620,0.003620,0.000000,1139878
12.659067,599459.652291,0.005000,hold,2,0.000000,0.000000,0.000000,0.000000,0.000000,0.608970,0.003806,0.003806,0.000000,1139880
12.664067,599459.657393,0.004999,hold,2,0.000000,0.000000,0.000000,0.000000,0.000000,0.597353,0.004146,0.004146,0.000004,1139882
12.669068,599459.662517,0.005001,hold,2,0.000000,0.000000,0.000000,-0.000000,-0.000000,0.597929,0.003490,0.003490,0.000000,1139884
12.674067,599459.667739,0.004999,hold,2,0.000000,0.000000,0.000000,0.000000,0.000000,0.606386,0.003756,0.003756,0.000004,1139886
12.679067,599459.672937,0.005000,hold,2,0.000000,0.000000,0.000000,0.000000,0.000000,0.611397,0.004219,0.004219,0.000000,1139888
12.684067,599459.678219,0.005000,hold,2,0.000000,0.000000,0.000000,0.000000,0.000000,0.601286,0.003542,0.003542,0.000000,1139890
12.689067,599459.683323,0.005000,hold,2,0.000000,0.000000,0.000000,0.000000,0.000000,0.595170,0.003968,0.003968,0.000000,1139892
12.694067,599459.688425,0.005001,hold,2,0.000000,0.000000,0.000000,0.000000,0.000000,0.602008,0.003478,0.003478,0.000000,1139894
12.699067,599459.693563,0.005000,hold,2,0.000000,0.000000,0.000000,0.000000,0.000000,0.597376,0.003929,0.003929,0.000000,1139896
12.704067,599459.698758,0.005000,hold,2,0.000000,0.000000,0.000000,0.000000,0.000000,0.584358,0.003432,0.003432,0.000000,1139898
12.709067,599459.703973,0.005000,hold,2,0.000000,0.000000,0.000000,0.000000,0.000000,0.587654,0.003929,0.003929,0.000007,1139900
12.714067,599459.709069,0.005000,hold,2,0.000000,0.000000,0.000000,0.000000,0.000000,0.605145,0.003452,0.003452,0.000004,1139902
12.719073,599459.714210,0.005005,hold,2,0.000000,0.000000,0.000000,0.000000,0.000000,0.601708,0.004091,0.004091,0.000000,1139904
12.724396,599459.719355,0.005323,hold,2,0.000000,0.000000,0.000000,0.000000,0.000000,0.595576,0.004016,0.004016,0.000000,1139906
12.729315,599459.724559,0.004919,hold,2,0.000000,0.000000,0.000000,0.000000,0.000000,0.613944,0.003372,0.003372,0.000000,1139908
12.734124,599459.729826,0.004809,hold,2,0.000000,0.000000,0.000000,0.000000,0.000000,0.635985,0.003659,0.003659,0.000000,1139910
12.739085,599459.735033,0.004961,hold,2,0.000000,0.000000,0.000000,0.000000,0.000000,0.619018,0.004007,0.004007,0.000001,1139912
12.744067,599459.740241,0.004982,hold,2,0.000000,0.000000,0.000000,0.000000,0.000000,0.582175,0.004242,0.004242,0.000000,1139914
12.749067,599459.745344,0.005000,hold,2,0.000000,0.000000,0.000000,0.000000,0.000000,0.570559,0.003633,0.003633,0.000000,1139916
12.754067,599459.750491,0.005000,hold,2,0.000000,0.000000,0.000000,0.000000,0.000000,0.586992,0.003814,0.003814,0.000000,1139918
12.759067,599459.755591,0.005000,hold,2,0.000000,0.000000,0.000000,0.000000,0.000000,0.608090,0.003111,0.003111,0.000000,1139920
12.764067,599459.760743,0.005000,hold,2,0.000000,0.000000,0.000000,0.000000,0.000000,0.610391,0.003659,0.003659,0.000000,1139922
12.769067,599459.765890,0.005000,hold,2,0.000000,0.000000,0.000000,0.000000,0.000000,0.611089,0.003945,0.003945,0.000000,1139924
12.774067,599459.770988,0.005000,hold,2,0.000000,0.000000,0.000000,0.000000,0.000000,0.617067,0.003489,0.003489,0.000000,1139926
12.779067,599459.776188,0.005000,hold,2,0.000000,0.000000,0.000000,0.000000,0.000000,0.602639,0.004039,0.004039,0.000000,1139928
12.784067,599459.781290,0.005000,hold,2,0.000000,0.000000,0.000000,0.000000,0.000000,0.583137,0.003628,0.003628,0.000004,1139930
12.789068,599459.786402,0.005001,hold,2,0.000000,0.000000,0.000000,0.000000,0.000000,0.582964,0.003828,0.003828,0.000000,1139932
12.794068,599459.791574,0.005000,hold,2,0.000000,0.000000,0.000000,0.000000,0.000000,0.596167,0.004254,0.004254,0.000000,1139934
12.799068,599459.796745,0.005001,hold,2,0.000000,0.000000,0.000000,0.000000,0.000000,0.607267,0.003659,0.003659,0.000000,1139936
12.809067,599459.801979,0.009999,hold,2,0.000000,0.000000,0.000000,0.000000,0.000000,0.615934,0.003599,0.003599,0.000000,1139940
12.814067,599459.807162,0.005000,hold,2,0.000000,0.000000,0.000000,0.000000,0.000000,0.618992,0.004065,0.004065,0.000000,1139942
12.819067,599459.812303,0.005000,hold,2,0.000000,0.000000,0.000000,0.000000,0.000000,0.610077,0.003593,0.003593,0.000011,1139944
12.824067,599459.817408,0.005000,hold,2,0.000000,0.000000,0.000000,0.000000,0.000000,0.613810,0.003810,0.003810,0.000000,1139946
12.829069,599459.822592,0.005002,hold,2,0.000000,0.000000,0.000000,0.000000,0.000000,0.619749,0.003235,0.003235,0.000000,1139948
12.834067,599459.827828,0.004998,hold,2,0.000000,0.000000,0.000000,0.000000,0.000000,0.625066,0.003695,0.003695,0.000000,1139950
12.839067,599459.833059,0.005000,hold,2,0.000000,0.000000,0.000000,0.000000,0.000000,0.624826,0.003888,0.003888,0.000003,1139952
12.844067,599459.838183,0.005000,hold,2,0.000000,0.000000,0.000000,0.000000,0.000000,0.603530,0.003375,0.003375,0.000000,1139954
12.849067,599459.843285,0.005000,hold,2,0.000000,0.000000,0.000000,0.000000,0.000000,0.597626,0.003897,0.003897,0.000011,1139956
12.854067,599459.848388,0.005000,hold,2,0.000000,0.000000,0.000000,0.000000,0.000000,0.610725,0.003496,0.003496,0.000000,1139958
12.859067,599459.853542,0.005000,hold,2,0.000000,0.000000,0.000000,0.000000,0.000000,0.608627,0.004083,0.004083,0.000004,1139960
12.864068,599459.858787,0.005001,hold,2,0.000000,0.000000,0.000000,0.000000,0.000000,0.610817,0.003606,0.003606,0.000000,1139962
12.869067,599459.863993,0.005000,hold,2,0.000000,0.000000,0.000000,0.000000,0.000000,0.610668,0.004236,0.004236,0.000000,1139964
12.874067,599459.869183,0.005000,hold,2,0.000000,0.000000,0.000000,0.000000,0.000000,0.598765,0.003838,0.003838,0.000000,1139966
12.879067,599459.874285,0.004999,hold,2,0.000000,0.000000,0.000000,0.000000,0.000000,0.590903,0.003423,0.003423,0.000004,1139968
12.884067,599459.879388,0.005000,hold,2,0.000000,0.000000,0.000000,0.000000,0.000000,0.585100,0.003944,0.003944,0.000001,1139970
12.889067,599459.884529,0.005000,hold,2,0.000000,0.000000,0.000000,0.000000,0.000000,0.578795,0.003337,0.003337,0.000000,1139972
12.894067,599459.889629,0.005001,hold,2,0.000000,0.000000,0.000000,0.000000,0.000000,0.586610,0.003732,0.003732,0.000000,1139974
12.899067,599459.894821,0.005000,hold,2,0.000000,0.000000,0.000000,0.000000,0.000000,0.605231,0.004115,0.004115,0.000000,1139976
12.904067,599459.900030,0.005000,hold,2,0.000000,0.000000,0.000000,0.000000,0.000000,0.614047,0.003664,0.003664,0.000000,1139978
12.909067,599459.905171,0.005000,hold,2,0.000000,0.000000,0.000000,0.000000,0.000000,0.619255,0.004019,0.004019,0.000000,1139980
12.914067,599459.910273,0.005000,hold,2,0.000000,0.000000,0.000000,0.000000,0.000000,0.626246,0.003606,0.003606,0.000007,1139982
12.919067,599459.915376,0.005000,hold,2,0.000000,0.000000,0.000000,0.000000,0.000000,0.619043,0.003857,0.003857,0.000000,1139984
12.924067,599459.920538,0.005001,hold,2,0.000000,0.000000,0.000000,0.000000,0.000000,0.606573,0.003256,0.003256,0.000001,1139986
12.929067,599459.925739,0.005000,hold,2,0.000000,0.000000,0.000000,0.000000,0.000000,0.601113,0.003687,0.003687,0.000000,1139988
12.934067,599459.930944,0.005000,hold,2,0.000000,0.000000,0.000000,0.000000,0.000000,0.602095,0.003946,0.003946,0.000004,1139990
12.939067,599459.936041,0.005000,hold,2,0.000000,0.000000,0.000000,0.000000,0.000000,0.607660,0.003486,0.003486,0.000000,1139992
12.944067,599459.941172,0.005000,hold,2,0.000000,0.000000,0.000000,-0.000000,-0.000000,0.605149,0.003766,0.003766,0.000000,1139994
12.949067,599459.946274,0.005000,hold,2,0.000000,0.000000,0.000000,0.000000,0.000000,0.607786,0.004032,0.004032,0.000008,1139996
12.954068,599459.951376,0.005001,hold,2,0.000000,0.000000,0.000000,0.000000,0.000000,0.602297,0.003541,0.003541,0.000000,1139998
12.959067,599459.956494,0.004999,hold,2,0.000000,0.000000,0.000000,0.000000,0.000000,0.590631,0.003817,0.003817,0.000007,1140000
12.964067,599459.961641,0.005000,hold,2,0.000000,0.000000,0.000000,0.000000,0.000000,0.589051,0.003192,0.003192,0.000000,1140002
12.969069,599459.966836,0.005002,hold,2,0.000000,0.000000,0.000000,0.000000,0.000000,0.599709,0.003697,0.003697,0.000000,1140004
12.979067,599459.971988,0.009998,hold,2,0.000000,0.000000,0.000000,-0.000000,-0.000000,0.608110,0.003166,0.003166,0.000000,1140008
12.984067,599459.977130,0.005000,hold,2,0.000000,0.000000,0.000000,0.000000,0.000000,0.603328,0.003755,0.003755,0.000007,1140010
12.989067,599459.982252,0.005000,hold,2,0.000000,0.000000,0.000000,0.000000,0.000000,0.599985,0.004213,0.004213,0.000000,1140012
12.994067,599459.987327,0.005000,hold,2,0.000000,0.000000,0.000000,0.000000,0.000000,0.602160,0.003682,0.003682,0.000000,1140014
12.999067,599459.992441,0.005000,hold,2,0.000000,0.000000,0.000000,0.000000,0.000000,0.603707,0.004101,0.004101,0.000000,1140016
13.004067,599459.997652,0.005000,hold,2,0.000000,0.000000,0.000000,0.000000,0.000000,0.604933,0.003649,0.003649,0.000000,1140018
13.009067,599460.002790,0.005000,hold,2,0.000000,0.000000,0.000000,0.000000,0.000000,0.602874,0.004292,0.004292,0.000000,1140020
13.014068,599460.007930,0.005001,hold,2,0.000000,0.000000,0.000000,0.000000,0.000000,0.602635,0.003920,0.003920,0.000000,1140022
13.019067,599460.013098,0.004999,hold,2,0.000000,0.000000,0.000000,0.000000,0.000000,0.604997,0.003403,0.003403,0.000000,1140024
13.024068,599460.018180,0.005001,hold,2,0.000000,0.000000,0.000000,0.000000,0.000000,0.601971,0.003977,0.003977,0.000000,1140026
13.029067,599460.023325,0.005000,hold,2,0.000000,0.000000,0.000000,0.000000,0.000000,0.598658,0.003556,0.003556,0.000000,1140028
13.034069,599460.028421,0.005001,hold,2,0.000000,0.000000,0.000000,0.000000,0.000000,0.590726,0.004220,0.004220,0.000004,1140030
13.039068,599460.033605,0.004999,hold,2,0.000000,0.000000,0.000000,-0.000000,-0.000000,0.594257,0.003793,0.003793,0.000000,1140032
13.044067,599460.038750,0.005000,hold,2,0.000000,0.000000,0.000000,0.000000,0.000000,0.603721,0.003378,0.003378,0.000007,1140034
13.049067,599460.043938,0.005000,hold,2,0.000000,0.000000,0.000000,0.000000,0.000000,0.601258,0.004000,0.004000,0.000000,1140036
13.054068,599460.049180,0.005000,hold,2,0.000000,0.000000,0.000000,0.000000,0.000000,0.591120,0.003518,0.003518,0.000003,1140038
13.059067,599460.054283,0.004999,hold,2,0.000000,0.000000,0.000000,0.000000,0.000000,0.589215,0.004150,0.004150,0.000000,1140040
13.064067,599460.059385,0.005000,hold,2,0.000000,0.000000,0.000000,0.000000,0.000000,0.608475,0.003736,0.003736,0.000000,1140042
13.069067,599460.064518,0.005000,hold,2,0.000000,0.000000,0.000000,0.000000,0.000000,0.617690,0.003338,0.003338,0.000002,1140044
13.074068,599460.069620,0.005000,hold,2,0.000000,0.000000,0.000000,0.000000,0.000000,0.609697,0.003973,0.003973,0.000001,1140046
13.079067,599460.074862,0.005000,hold,2,0.000000,0.000000,0.000000,0.000000,0.000000,0.606473,0.003562,0.003562,0.000000,1140048
13.084067,599460.080120,0.005000,hold,2,0.000000,0.000000,0.000000,0.000000,0.000000,0.610369,0.004194,0.004194,0.000000,1140050
13.089067,599460.085223,0.005000,hold,2,0.000000,0.000000,0.000000,0.000000,0.000000,0.607182,0.003796,0.003796,0.000003,1140052
13.094067,599460.090325,0.005000,hold,2,0.000000,0.000000,0.000000,0.000000,0.000000,0.604433,0.003154,0.003154,0.000000,1140054
13.099067,599460.095428,0.005000,hold,2,0.000000,0.000000,0.000000,0.000000,0.000000,0.605115,0.003675,0.003675,0.000008,1140056
13.104067,599460.100592,0.005000,hold,2,0.000000,0.000000,0.000000,0.000000,0.000000,0.596272,0.003960,0.003960,0.000000,1140058
13.109067,599460.105791,0.005000,hold,2,0.000000,0.000000,0.000000,0.000000,0.000000,0.593028,0.003297,0.003297,0.000000,1140060
13.114067,599460.111016,0.004999,hold,2,0.000000,0.000000,0.000000,0.000000,0.000000,0.599281,0.003736,0.003736,0.000000,1140062
13.119068,599460.116180,0.005001,hold,2,0.000000,0.000000,0.000000,0.000000,0.000000,0.595484,0.004123,0.004123,0.000000,1140064
13.124067,599460.121282,0.005000,hold,2,0.000000,0.000000,0.000000,0.000000,0.000000,0.592696,0.003660,0.003660,0.000000,1140066
13.129067,599460.126438,0.005000,hold,2,0.000000,0.000000,0.000000,0.000000,0.000000,0.605684,0.004287,0.004287,0.000007,1140068
13.134067,599460.131574,0.005000,hold,2,0.000000,0.000000,0.000000,0.000000,0.000000,0.616334,0.003865,0.003865,0.000000,1140070
13.144067,599460.136768,0.010000,hold,2,0.000000,0.000000,0.000000,0.000000,0.000000,0.583985,0.004077,0.004077,0.000004,1140074
13.149067,599460.142026,0.005000,hold,2,0.000000,0.000000,0.000000,0.000000,0.000000,0.586062,0.003668,0.003668,0.000000,1140076
13.154067,599460.147173,0.005000,hold,2,0.000000,0.000000,0.000000,-0.000000,-0.000000,0.607145,0.003255,0.003255,0.000000,1140078
13.159067,599460.152275,0.005000,hold,2,0.000000,0.000000,0.000000,0.000000,0.000000,0.610104,0.003892,0.003892,0.000010,1140080
13.164067,599460.157478,0.005000,hold,2,0.000000,0.000000,0.000000,0.000000,0.000000,0.603828,0.003489,0.003489,0.000000,1140082
13.169067,599460.162611,0.005000,hold,2,0.000000,0.000000,0.000000,0.000000,0.000000,0.605189,0.004137,0.004137,0.000003,1140084
13.174067,599460.167836,0.005000,hold,2,0.000000,0.000000,0.000000,0.000000,0.000000,0.609302,0.003739,0.003739,0.000000,1140086
13.179069,599460.173045,0.005002,hold,2,0.000000,0.000000,0.000000,0.000000,0.000000,0.616941,0.003329,0.003329,0.000000,1140088
13.184068,599460.178148,0.004999,hold,2,0.000000,0.000000,0.000000,0.000000,0.000000,0.614991,0.003970,0.003970,0.000000,1140090
13.189070,599460.183250,0.005003,hold,2,0.000000,0.000000,0.000000,0.000000,0.000000,0.607865,0.003556,0.003556,0.000000,1140092
13.194067,599460.188351,0.004997,hold,2,0.000000,0.000000,0.000000,0.000000,0.000000,0.610919,0.004194,0.004194,0.000000,1140094
13.199067,599460.193453,0.005000,hold,2,0.000000,0.000000,0.000000,0.000000,0.000000,0.604586,0.003694,0.003694,0.000000,1140096
13.204067,599460.198604,0.005000,hold,2,0.000000,0.000000,0.000000,0.000000,0.000000,0.598525,0.003941,0.003941,0.000003,1140098
13.209067,599460.203800,0.005000,hold,2,0.000000,0.000000,0.000000,0.000000,0.000000,0.598633,0.003413,0.003413,0.000000,1140100
13.214067,599460.208997,0.005000,hold,2,0.000000,0.000000,0.000000,0.000000,0.000000,0.602643,0.003877,0.003877,0.000000,1140102
13.219067,599460.214123,0.005000,hold,2,0.000000,0.000000,0.000000,0.000000,0.000000,0.595520,0.003441,0.003441,0.000000,1140104
13.224067,599460.219241,0.005000,hold,2,0.000000,0.000000,0.000000,0.000000,0.000000,0.585886,0.004057,0.004057,0.000004,1140106
13.229067,599460.224367,0.005000,hold,2,0.000000,0.000000,0.000000,0.000000,0.000000,0.587356,0.003694,0.003694,0.000000,1140108
13.234067,599460.229524,0.005000,hold,2,0.000000,0.000000,0.000000,0.000000,0.000000,0.597575,0.003222,0.003222,0.000000,1140110
13.239067,599460.234666,0.005000,hold,2,0.000000,0.000000,0.000000,0.000000,0.000000,0.614915,0.003914,0.003914,0.000000,1140112
13.244068,599460.239817,0.005001,hold,2,0.000000,0.000000,0.000000,0.000000,0.000000,0.614264,0.003516,0.003516,0.000004,1140114
13.249067,599460.244963,0.005000,hold,2,0.000000,0.000000,0.000000,0.000000,0.000000,0.601908,0.004143,0.004143,0.000000,1140116
13.254067,599460.250220,0.005000,hold,2,0.000000,0.000000,0.000000,0.000000,0.000000,0.600716,0.003791,0.003791,0.000010,1140118
13.259067,599460.255319,0.005000,hold,2,0.000000,0.000000,0.000000,-0.000000,-0.000000,0.605731,0.003395,0.003395,0.000000,1140120
13.264067,599460.260420,0.005000,hold,2,0.000000,0.000000,0.000000,0.000000,0.000000,0.607357,0.004002,0.004002,0.000011,1140122
13.269067,599460.265521,0.005000,hold,2,0.000000,0.000000,0.000000,0.000000,0.000000,0.606354,0.003591,0.003591,0.000000,1140124
13.274067,599460.270697,0.005000,hold,2,0.000000,0.000000,0.000000,0.000425,0.000425,0.604406,0.004241,0.004241,0.085064,1140126
13.279067,599460.275796,0.005000,hold,2,0.000000,0.000000,0.000000,0.000000,0.000000,0.596509,0.003852,0.003852,0.000000,1140128
13.284067,599460.280915,0.005000,hold,2,0.000000,0.000000,0.000000,0.000000,0.000000,0.583876,0.003427,0.003427,0.000004,1140130
13.289067,599460.286137,0.005000,hold,2,0.000000,0.000000,0.000000,0.000000,0.000000,0.592970,0.004003,0.004003,0.000000,1140132
13.294067,599460.291298,0.005000,hold,2,0.000000,0.000000,0.000000,0.000000,0.000000,0.613133,0.003593,0.003593,0.000007,1140134
13.299067,599460.296431,0.005000,hold,2,0.000000,0.000000,0.000000,0.000000,0.000000,0.611834,0.004237,0.004237,0.000000,1140136
13.304067,599460.301567,0.005000,hold,2,0.000000,0.000000,0.000000,0.000000,0.000000,0.594692,0.003851,0.003851,0.000000,1140138
13.309067,599460.306761,0.005000,hold,2,0.000000,0.000000,0.000000,0.000000,0.000000,0.591454,0.003447,0.003447,0.000004,1140140
13.319067,599460.311965,0.010000,hold,2,0.000000,0.000000,0.000000,0.000000,0.000000,0.615714,0.003624,0.003624,0.000000,1140144
13.324067,599460.317160,0.005000,hold,2,0.000000,0.000000,0.000000,0.000000,0.000000,0.618646,0.003212,0.003212,0.000000,1140146
13.329067,599460.322263,0.005000,hold,2,0.000000,0.000000,0.000000,0.000000,0.000000,0.623349,0.003882,0.003882,0.000000,1140148
13.334067,599460.327366,0.004999,hold,2,0.000000,0.000000,0.000000,0.000000,0.000000,0.623117,0.003454,0.003454,0.000000,1140150
13.339067,599460.332468,0.005000,hold,2,0.000000,0.000000,0.000000,0.000000,0.000000,0.617979,0.004095,0.004095,0.000000,1140152
13.344067,599460.337727,0.005000,hold,2,0.000000,0.000000,0.000000,0.000000,0.000000,0.602931,0.003682,0.003682,0.000000,1140154
13.349067,599460.342954,0.005000,hold,2,0.000000,0.000000,0.000000,0.000000,0.000000,0.587594,0.004330,0.004330,0.000004,1140156
13.354067,599460.348173,0.005000,hold,2,0.000000,0.000000,0.000000,0.000000,0.000000,0.586788,0.003968,0.003968,0.000000,1140158
13.359067,599460.353277,0.005000,hold,2,0.000000,0.000000,0.000000,0.000000,0.000000,0.603863,0.003547,0.003547,0.000000,1140160
13.364067,599460.358379,0.005000,hold,2,0.000000,0.000000,0.000000,0.000000,0.000000,0.609923,0.004084,0.004084,0.000000,1140162
13.369082,599460.363481,0.005015,hold,2,0.000000,0.000000,0.000000,-0.000026,-0.000026,0.608004,0.003739,0.003739,0.000000,1140164
13.374067,599460.368681,0.004985,hold,2,0.000000,0.000000,0.000000,0.000000,0.000000,0.605387,0.003163,0.003163,0.005229,1140166
13.379067,599460.373886,0.005000,hold,2,0.000000,0.000000,0.000000,0.000000,0.000000,0.599952,0.003822,0.003822,0.000000,1140168
13.384067,599460.379121,0.005000,hold,2,0.000000,0.000000,0.000000,0.000000,0.000000,0.608058,0.003450,0.003450,0.000000,1140170
13.389067,599460.384224,0.005000,hold,2,0.000000,0.000000,0.000000,0.000000,0.000000,0.615010,0.004066,0.004066,0.000000,1140172
13.394067,599460.389324,0.005000,hold,2,0.000000,0.000000,0.000000,0.000000,0.000000,0.606366,0.003688,0.003688,0.000000,1140174
13.399067,599460.394478,0.005000,hold,2,0.000000,0.000000,0.000000,0.000000,0.000000,0.606396,0.004245,0.004245,0.000000,1140176
13.404067,599460.399613,0.005000,hold,2,0.000000,0.000000,0.000000,-0.000000,-0.000000,0.612272,0.003868,0.003868,0.000000,1140178
13.409070,599460.404911,0.005003,hold,2,0.000000,0.000000,0.000000,0.000000,0.000000,0.609763,0.003483,0.003483,0.000004,1140180
13.414067,599460.410123,0.004997,hold,2,0.000000,0.000000,0.000000,-0.000000,-0.000000,0.606980,0.004145,0.004145,0.000000,1140182
13.419067,599460.415227,0.005000,hold,2,0.000000,0.000000,0.000000,-0.000000,-0.000000,0.603171,0.003684,0.003684,0.000000,1140184
13.424067,599460.420329,0.005000,hold,2,0.000000,0.000000,0.000000,0.000000,0.000000,0.596348,0.003263,0.003263,0.000078,1140186
13.429067,599460.425457,0.005000,hold,2,0.000000,0.000000,0.000000,0.000000,0.000000,0.575215,0.003897,0.003897,0.000000,1140188
13.434067,599460.430593,0.005000,hold,2,0.000000,0.000000,0.000000,0.000000,0.000000,0.568188,0.003460,0.003460,0.000000,1140190
13.439067,599460.435746,0.005000,hold,2,0.000000,0.000000,0.000000,0.000000,0.000000,0.585589,0.004000,0.004000,0.000017,1140192
13.444067,599460.440973,0.005000,hold,2,0.000000,0.000000,0.000000,0.000000,0.000000,0.598899,0.003577,0.003577,0.000000,1140194
13.449067,599460.446170,0.005000,hold,2,0.000000,0.000000,0.000000,0.000000,0.000000,0.602235,0.004185,0.004185,0.000004,1140196
13.454067,599460.451272,0.005000,hold,2,0.000000,0.000000,0.000000,-0.000000,-0.000000,0.602136,0.003786,0.003786,0.000000,1140198
13.459067,599460.456373,0.005000,hold,2,0.000000,0.000000,0.000000,0.000000,0.000000,0.608677,0.003365,0.003365,0.000007,1140200
13.464067,599460.461475,0.005000,hold,2,0.000000,0.000000,0.000000,0.000000,0.000000,0.616441,0.003974,0.003974,0.000000,1140202
13.469067,599460.466648,0.005000,hold,2,0.000000,0.000000,0.000000,0.000000,0.000000,0.619001,0.003514,0.003514,0.000003,1140204
13.474068,599460.471821,0.005001,hold,2,0.000000,0.000000,0.000000,0.000000,0.000000,0.618909,0.004141,0.004141,0.000000,1140206
13.484068,599460.476969,0.010000,hold,2,0.000000,0.000000,0.000000,0.000000,0.000000,0.611860,0.003268,0.003268,0.000000,1140210
13.489068,599460.482030,0.005000,hold,2,0.000000,0.000000,0.000000,0.000000,0.000000,0.596798,0.003851,0.003851,0.000000,1140212
13.494068,599460.487185,0.005000,hold,2,0.000000,0.000000,0.000000,0.000000,0.000000,0.586513,0.003328,0.003328,0.000000,1140214
13.499067,599460.492275,0.004999,hold,2,0.000000,0.000000,0.000000,0.000000,0.000000,0.590871,0.003846,0.003846,0.000000,1140216
13.504067,599460.497416,0.005001,hold,2,0.000000,0.000000,0.000000,0.000000,0.000000,0.599072,0.003361,0.003361,0.000000,1140218
13.509067,599460.502581,0.005000,hold,2,0.000000,0.000000,0.000000,0.000000,0.000000,0.596466,0.003955,0.003955,0.000000,1140220
13.514067,599460.507849,0.005000,hold,2,0.000000,0.000000,0.000000,0.000000,0.000000,0.597113,0.003513,0.003513,0.000000,1140222
13.519067,599460.513107,0.005000,hold,2,0.000000,0.000000,0.000000,-0.000000,-0.000000,0.598640,0.004128,0.004128,0.000000,1140224
13.524067,599460.518210,0.005000,hold,2,0.000000,0.000000,0.000000,0.000000,0.000000,0.601791,0.003689,0.003689,0.000004,1140226
13.529067,599460.523312,0.005000,hold,2,0.000000,0.000000,0.000000,0.000000,0.000000,0.601051,0.004267,0.004267,0.000000,1140228
13.534067,599460.528414,0.005000,hold,2,0.000000,0.000000,0.000000,0.000000,0.000000,0.590683,0.003840,0.003840,0.000007,1140230
13.539067,599460.533556,0.005000,hold,2,0.000000,0.000000,0.000000,0.000000,0.000000,0.583139,0.003436,0.003436,0.000000,1140232
13.544067,599460.538657,0.005000,hold,2,0.000000,0.000000,0.000000,0.000000,0.000000,0.588450,0.004071,0.004071,0.000000,1140234
13.549067,599460.543845,0.005001,hold,2,0.000000,0.000000,0.000000,0.000000,0.000000,0.604977,0.003683,0.003683,0.000000,1140236
13.554068,599460.549094,0.005000,hold,2,0.000000,0.000000,0.000000,0.000000,0.000000,0.604118,0.003229,0.003229,0.000000,1140238
13.559067,599460.554197,0.005000,hold,2,0.000000,0.000000,0.000000,0.000000,0.000000,0.594038,0.003851,0.003851,0.000000,1140240
13.564067,599460.559300,0.005000,hold,2,0.000000,0.000000,0.000000,0.000000,0.000000,0.595862,0.003439,0.003439,0.000000,1140242
13.569067,599460.564402,0.005000,hold,2,0.000000,0.000000,0.000000,0.000000,0.000000,0.595179,0.004066,0.004066,0.000007,1140244
13.574067,599460.569553,0.005000,hold,2,0.000000,0.000000,0.000000,0.000000,0.000000,0.596030,0.003694,0.003694,0.000000,1140246
13.579069,599460.574698,0.005002,hold,2,0.000000,0.000000,0.000000,0.000000,0.000000,0.599637,0.003286,0.003286,0.000004,1140248
13.584067,599460.579895,0.004998,hold,2,0.000000,0.000000,0.000000,0.000000,0.000000,0.616060,0.003900,0.003900,0.000000,1140250
13.589067,599460.585111,0.005000,hold,2,0.000000,0.000000,0.000000,0.000000,0.000000,0.624028,0.003536,0.003536,0.000000,1140252
13.594068,599460.590224,0.005000,hold,2,0.000000,0.000000,0.000000,0.000000,0.000000,0.618554,0.003768,0.003768,0.000000,1140254
13.599067,599460.595327,0.004999,hold,2,0.000000,0.000000,0.000000,0.000000,0.000000,0.618070,0.004202,0.004202,0.000000,1140256
13.604067,599460.600429,0.005000,hold,2,0.000000,0.000000,0.000000,0.000000,0.000000,0.615975,0.003484,0.003484,0.000000,1140258
13.609067,599460.605587,0.005000,hold,2,0.000000,0.000000,0.000000,-0.000000,-0.000000,0.616497,0.004051,0.004051,0.000000,1140260
13.614067,599460.610853,0.005000,hold,2,0.000000,0.000000,0.000000,0.000000,0.000000,0.619133,0.003671,0.003671,0.000011,1140262
13.619067,599460.616060,0.005000,hold,2,0.000000,0.000000,0.000000,-0.000000,-0.000000,0.615898,0.004269,0.004269,0.000000,1140264
13.624067,599460.621160,0.005000,hold,2,0.000000,0.000000,0.000000,0.000000,0.000000,0.625557,0.003893,0.003893,0.000075,1140266
13.629069,599460.626261,0.005001,hold,2,0.000000,0.000000,0.000000,0.000000,0.000000,0.633358,0.003438,0.003438,0.000011,1140268
13.634067,599460.631363,0.004998,hold,2,0.000000,0.000000,0.000000,0.000000,0.000000,0.622538,0.004048,0.004048,0.000000,1140270
13.639067,599460.636513,0.005000,hold,2,0.000000,0.000000,0.000000,0.000000,0.000000,0.618131,0.003604,0.003604,0.000000,1140272
13.644067,599460.641662,0.005001,hold,2,0.000000,0.000000,0.000000,0.000000,0.000000,0.616992,0.003808,0.003808,0.000000,1140274
13.654067,599460.646896,0.010000,hold,2,0.000000,0.000000,0.000000,0.000000,0.000000,0.622340,0.003705,0.003705,0.000000,1140278
13.659067,599460.652139,0.005000,hold,2,0.000000,0.000000,0.000000,0.000000,0.000000,0.617158,0.003965,0.003965,0.000000,1140280
13.664067,599460.657242,0.005000,hold,2,0.000000,0.000000,0.000000,0.000000,0.000000,0.611587,0.003508,0.003508,0.000000,1140282
13.669067,599460.662346,0.005000,hold,2,0.000000,0.000000,0.000000,0.000000,0.000000,0.610931,0.003764,0.003764,0.000000,1140284
13.674067,599460.667445,0.005000,hold,2,0.000000,0.000000,0.000000,0.000000,0.000000,0.607433,0.003275,0.003275,0.000000,1140286
13.679068,599460.672577,0.005001,hold,2,0.000000,0.000000,0.000000,0.000000,0.000000,0.597740,0.003915,0.003915,0.000000,1140288
13.684067,599460.677810,0.004999,hold,2,0.000000,0.000000,0.000000,0.000000,0.000000,0.600100,0.003452,0.003452,0.000000,1140290
13.689067,599460.683030,0.005000,hold,2,0.000000,0.000000,0.000000,0.000000,0.000000,0.605371,0.004068,0.004068,0.000000,1140292
13.694067,599460.688171,0.005000,hold,2,0.000000,0.000000,0.000000,0.000000,0.000000,0.611061,0.003732,0.003732,0.000000,1140294
13.699067,599460.693322,0.005000,hold,2,0.000000,0.000000,0.000000,0.000000,0.000000,0.610392,0.004310,0.004310,0.000000,1140296
13.704067,599460.698424,0.005000,hold,2,0.000000,0.000000,0.000000,0.000000,0.000000,0.610877,0.003841,0.003841,0.000000,1140298
13.709067,599460.703569,0.005000,hold,2,0.000000,0.000000,0.000000,-0.000000,-0.000000,0.618533,0.003420,0.003420,0.000000,1140300
13.714067,599460.708719,0.005000,hold,2,0.000000,0.000000,0.000000,0.000000,0.000000,0.611717,0.004029,0.004029,0.000004,1140302
13.719067,599460.713820,0.005000,hold,2,0.000000,0.000000,0.000000,-0.000000,-0.000000,0.597927,0.003629,0.003629,0.000000,1140304
13.724067,599460.719057,0.005000,hold,2,0.000000,0.000000,0.000000,0.000000,0.000000,0.597855,0.003839,0.003839,0.000004,1140306
13.729067,599460.724194,0.005000,hold,2,0.000000,0.000000,0.000000,0.000000,0.000000,0.609042,0.004279,0.004279,0.000000,1140308
13.734067,599460.729297,0.005000,hold,2,0.000000,0.000000,0.000000,0.000000,0.000000,0.609337,0.003649,0.003649,0.000000,1140310
13.739067,599460.734399,0.005000,hold,2,0.000000,0.000000,0.000000,0.000000,0.000000,0.604363,0.003799,0.003799,0.000000,1140312
13.744067,599460.739547,0.005000,hold,2,0.000000,0.000000,0.000000,0.000000,0.000000,0.609420,0.003369,0.003369,0.000000,1140314
13.749068,599460.744807,0.005000,hold,2,0.000000,0.000000,0.000000,-0.000000,-0.000000,0.609098,0.003973,0.003973,0.000000,1140316
13.754067,599460.750053,0.004999,hold,2,0.000000,0.000000,0.000000,0.000000,0.000000,0.596212,0.003417,0.003417,0.000004,1140318
13.759067,599460.755152,0.005000,hold,2,0.000000,0.000000,0.000000,-0.000000,-0.000000,0.586019,0.004036,0.004036,0.000000,1140320
13.764067,599460.760252,0.005000,hold,2,0.000000,0.000000,0.000000,-0.000000,-0.000000,0.595259,0.003529,0.003529,0.000000,1140322
13.769067,599460.765355,0.005000,hold,2,0.000000,0.000000,0.000000,0.000000,0.000000,0.613484,0.004194,0.004194,0.000003,1140324
13.774068,599460.770499,0.005001,hold,2,0.000000,0.000000,0.000000,0.000000,0.000000,0.604569,0.003775,0.003775,0.000000,1140326
13.779068,599460.775657,0.004999,hold,2,0.000000,0.000000,0.000000,0.000000,0.000000,0.588085,0.003323,0.003323,0.000000,1140328
13.784067,599460.780844,0.004999,hold,2,0.000000,0.000000,0.000000,0.000000,0.000000,0.587160,0.004020,0.004020,0.000000,1140330
13.789648,599460.786057,0.005581,hold,2,0.000000,0.000000,0.000000,-0.000000,-0.000000,0.596832,0.004204,0.004204,0.000000,1140332
13.794919,599460.791245,0.005271,hold,2,0.000000,0.000000,0.000000,-0.000000,-0.000000,0.598990,0.004888,0.004888,0.000000,1140334
13.799303,599460.796348,0.004384,hold,2,0.000000,0.000000,0.000000,-0.000000,-0.000000,0.592023,0.003794,0.003794,0.000000,1140336
13.804067,599460.801502,0.004764,hold,2,0.000000,0.000000,0.000000,-0.000000,-0.000000,0.586399,0.003094,0.003094,0.000000,1140338
13.809067,599460.806668,0.005000,hold,2,0.000000,0.000000,0.000000,0.000000,0.000000,0.590123,0.003725,0.003725,0.000007,1140340
13.819067,599460.811882,0.009999,hold,2,0.000000,0.000000,0.000000,-0.000000,-0.000000,0.622769,0.003942,0.003942,0.000000,1140344
13.824067,599460.817137,0.005000,hold,2,0.000000,0.000000,0.000000,0.000000,0.000000,0.620896,0.003240,0.003240,0.000003,1140346
13.829069,599460.822238,0.005001,hold,2,0.000000,0.000000,0.000000,-0.000000,-0.000000,0.623562,0.003702,0.003702,0.000000,1140348
13.834067,599460.827340,0.004998,hold,2,0.000000,0.000000,0.000000,-0.000000,-0.000000,0.616680,0.003854,0.003854,0.000000,1140350
13.839067,599460.832442,0.005000,hold,2,0.000000,0.000000,0.000000,-0.000000,-0.000000,0.603179,0.003233,0.003233,0.000000,1140352
13.844067,599460.837612,0.005000,hold,2,0.000000,0.000000,0.000000,-0.000000,-0.000000,0.593529,0.003701,0.003701,0.000000,1140354
13.849067,599460.842895,0.005000,hold,2,0.000000,0.000000,0.000000,-0.000000,-0.000000,0.600956,0.003786,0.003786,0.000000,1140356
13.854067,599460.848124,0.005000,hold,2,0.000000,0.000000,0.000000,-0.000000,-0.000000,0.606532,0.004241,0.004241,0.000000,1140358
13.859067,599460.853226,0.005000,hold,2,0.000000,0.000000,0.000000,-0.000000,-0.000000,0.601488,0.003644,0.003644,0.000000,1140360
13.864067,599460.858329,0.005000,hold,2,0.000000,0.000000,0.000000,-0.000000,-0.000000,0.600181,0.003968,0.003968,0.000000,1140362
13.869067,599460.863452,0.005000,hold,2,0.000000,0.000000,0.000000,-0.000000,-0.000000,0.604586,0.003497,0.003497,0.000000,1140364
13.874067,599460.868721,0.005000,hold,2,0.000000,0.000000,0.000000,-0.000000,-0.000000,0.604413,0.004101,0.004101,0.000004,1140366
13.879069,599460.873930,0.005002,hold,2,0.000000,0.000000,0.000000,-0.000000,-0.000000,0.595176,0.003735,0.003735,0.000000,1140368
13.884067,599460.879100,0.004998,hold,2,0.000000,0.000000,0.000000,-0.000000,-0.000000,0.600145,0.003277,0.003277,0.000000,1140370
13.889079,599460.884201,0.005012,hold,2,0.000000,0.000000,0.000000,-0.000000,-0.000000,0.617487,0.004041,0.004041,0.000004,1140372
13.894067,599460.889302,0.004988,hold,2,0.000000,0.000000,0.000000,-0.000000,-0.000000,0.626771,0.003495,0.003495,0.000000,1140374
13.899068,599460.894403,0.005001,hold,2,0.000000,0.000000,0.000000,-0.000000,-0.000000,0.624532,0.003851,0.003851,0.000000,1140376
13.904067,599460.899536,0.004999,hold,2,0.000000,0.000000,0.000000,-0.000000,-0.000000,0.612761,0.003295,0.003295,0.000000,1140378
13.909067,599460.904784,0.005000,hold,2,0.000000,0.000000,0.000000,-0.000000,-0.000000,0.602009,0.003719,0.003719,0.000000,1140380
13.914067,599460.910026,0.005000,hold,2,0.000000,0.000000,0.000000,0.000000,0.000000,0.596942,0.004140,0.004140,0.000007,1140382
13.919067,599460.915189,0.005000,hold,2,0.000000,0.000000,0.000000,0.000488,0.000488,0.594805,0.003545,0.003545,0.097670,1140384
13.924067,599460.920290,0.005000,hold,2,0.000000,0.000000,0.000000,-0.000000,-0.000000,0.600004,0.003831,0.003831,0.000000,1140386
13.929069,599460.925482,0.005002,hold,2,0.000000,0.000000,0.000000,-0.000000,-0.000000,0.604697,0.003213,0.003213,0.000000,1140388
13.934067,599460.930716,0.004998,hold,2,0.000000,0.000000,0.000000,-0.000000,-0.000000,0.600503,0.003705,0.003705,0.000000,1140390
13.939068,599460.935908,0.005000,hold,2,0.000000,0.000000,0.000000,-0.000000,-0.000000,0.596452,0.003889,0.003889,0.000000,1140392
13.944067,599460.941140,0.005000,hold,2,0.000000,0.000000,0.000000,-0.000000,-0.000000,0.601211,0.003267,0.003267,0.000000,1140394
13.949067,599460.946242,0.005000,hold,2,0.000000,0.000000,0.000000,-0.000000,-0.000000,0.600454,0.003727,0.003727,0.000011,1140396
13.954067,599460.951346,0.005000,hold,2,0.000000,0.000000,0.000000,-0.000000,-0.000000,0.594953,0.003948,0.003948,0.000000,1140398
13.959067,599460.956449,0.005000,hold,2,0.000000,0.000000,0.000000,-0.000000,-0.000000,0.597286,0.003473,0.003473,0.000000,1140400
13.964067,599460.961710,0.005000,hold,2,0.000000,0.000000,0.000000,0.000000,0.000000,0.603611,0.003987,0.003987,0.000004,1140402
13.974067,599460.966908,0.010000,hold,2,0.000000,0.000000,0.000000,0.000000,0.000000,0.614800,0.003827,0.003827,0.000007,1140406
13.979069,599460.972120,0.005002,hold,2,0.000000,0.000000,0.000000,-0.000000,-0.000000,0.605685,0.003346,0.003346,0.000000,1140408
13.984067,599460.977222,0.004999,hold,2,0.000000,0.000000,0.000000,-0.000000,-0.000000,0.611221,0.003950,0.003950,0.000000,1140410
13.989069,599460.982324,0.005001,hold,2,0.000000,0.000000,0.000000,-0.000000,-0.000000,0.627187,0.003512,0.003512,0.000007,1140412
13.994067,599460.987428,0.004998,hold,2,0.000000,0.000000,0.000000,-0.000000,-0.000000,0.623354,0.004148,0.004148,0.000000,1140414
13.999067,599460.992576,0.005000,hold,2,0.000000,0.000000,0.000000,-0.000000,-0.000000,0.605330,0.003699,0.003699,0.000000,1140416
14.004067,599460.997772,0.005000,hold,2,0.000000,0.000000,0.000000,-0.000000,-0.000000,0.590804,0.003109,0.003109,0.000000,1140418
14.009067,599461.002999,0.005000,hold,2,0.000000,0.000000,0.000000,-0.000000,-0.000000,0.591182,0.003776,0.003776,0.000000,1140420
14.014067,599461.008174,0.005000,hold,2,0.000000,0.000000,0.000000,-0.000000,-0.000000,0.590743,0.003273,0.003273,0.000000,1140422
14.019067,599461.013276,0.005000,hold,2,0.000000,0.000000,0.000000,-0.000000,-0.000000,0.589554,0.003961,0.003961,0.000000,1140424
14.024067,599461.018378,0.005000,hold,2,0.000000,0.000000,0.000000,-0.000000,-0.000000,0.600280,0.003512,0.003512,0.000000,1140426
14.029069,599461.023502,0.005002,hold,2,0.000000,0.000000,0.000000,-0.000000,-0.000000,0.609159,0.004121,0.004121,0.000000,1140428
14.034067,599461.028728,0.004998,hold,2,0.000000,0.000000,0.000000,-0.000000,-0.000000,0.606879,0.003740,0.003740,0.000000,1140430
14.039067,599461.033938,0.005000,hold,2,0.000000,0.000000,0.000000,-0.000000,-0.000000,0.607913,0.003288,0.003288,0.000000,1140432
14.044067,599461.039157,0.005000,hold,2,0.000000,0.000000,0.000000,-0.000000,-0.000000,0.611045,0.003921,0.003921,0.000007,1140434
14.049067,599461.044259,0.005000,hold,2,0.000000,0.000000,0.000000,-0.000000,-0.000000,0.615343,0.003484,0.003484,0.000000,1140436
14.054067,599461.049362,0.005000,hold,2,0.000000,0.000000,0.000000,-0.000000,-0.000000,0.612503,0.004136,0.004136,0.000007,1140438
14.059067,599461.054505,0.005000,hold,2,0.000000,0.000000,0.000000,-0.000000,-0.000000,0.602973,0.003791,0.003791,0.000000,1140440
14.064069,599461.059650,0.005002,hold,2,0.000000,0.000000,0.000000,-0.000000,-0.000000,0.607889,0.003311,0.003311,0.000000,1140442
14.069067,599461.064838,0.004999,hold,2,0.000000,0.000000,0.000000,-0.000000,-0.000000,0.610927,0.004037,0.004037,0.000000,1140444
14.074067,599461.070038,0.005000,hold,2,0.000000,0.000000,0.000000,-0.000000,-0.000000,0.608910,0.003573,0.003573,0.000004,1140446
14.079080,599461.075151,0.005014,hold,2,0.000000,0.000000,0.000000,0.000000,0.000000,0.605861,0.004205,0.004205,0.000007,1140448
14.084067,599461.080256,0.004987,hold,2,0.000000,0.000000,0.000000,0.000000,0.000000,0.613051,0.003792,0.003792,0.000004,1140450
14.089751,599461.085389,0.005684,hold,2,0.000000,0.000000,0.000000,0.000000,0.000000,0.628708,0.004915,0.004915,0.000000,1140452
14.094067,599461.090533,0.004316,hold,2,0.000000,0.000000,0.000000,0.000000,0.000000,0.615759,0.003635,0.003635,0.000000,1140454
14.099067,599461.095671,0.005000,hold,2,0.000000,0.000000,0.000000,-0.000000,-0.000000,0.606792,0.003839,0.003839,0.000000,1140456
14.104067,599461.100862,0.005000,hold,2,0.000000,0.000000,0.000000,-0.000000,-0.000000,0.612068,0.003245,0.003245,0.000000,1140458
14.109067,599461.106074,0.005000,hold,2,0.000000,0.000000,0.000000,-0.000000,-0.000000,0.614806,0.003710,0.003710,0.000000,1140460
14.114067,599461.111173,0.005000,hold,2,0.000000,0.000000,0.000000,-0.000000,-0.000000,0.619063,0.003243,0.003243,0.000003,1140462
14.119067,599461.116276,0.005000,hold,2,0.000000,0.000000,0.000000,-0.000000,-0.000000,0.615935,0.003888,0.003888,0.000000,1140464
14.124067,599461.121379,0.005000,hold,2,0.000000,0.000000,0.000000,-0.000000,-0.000000,0.609043,0.003457,0.003457,0.000000,1140466
14.129067,599461.126520,0.005000,hold,2,0.000000,0.000000,0.000000,-0.000000,-0.000000,0.604646,0.004068,0.004068,0.000000,1140468
14.134067,599461.131703,0.005000,hold,2,0.000000,0.000000,0.000000,-0.000000,-0.000000,0.606427,0.003733,0.003733,0.000000,1140470
14.144067,599461.136912,0.010000,hold,2,0.000000,0.000000,0.000000,0.000000,0.000000,0.587860,0.003913,0.003913,0.000000,1140474
14.149068,599461.142136,0.005000,hold,2,0.000000,0.000000,0.000000,-0.000000,-0.000000,0.597458,0.003451,0.003451,0.000000,1140476
14.154067,599461.147240,0.004999,hold,2,0.000000,0.000000,0.000000,-0.000000,-0.000000,0.599418,0.004081,0.004081,0.000000,1140478
14.159068,599461.152343,0.005001,hold,2,0.000000,0.000000,0.000000,0.000000,0.000000,0.595771,0.003739,0.003739,0.000021,1140480
14.164067,599461.157498,0.004999,hold,2,0.000000,0.000000,0.000000,-0.000000,-0.000000,0.593659,0.003264,0.003264,0.000000,1140482
14.169068,599461.162794,0.005001,hold,2,0.000000,0.000000,0.000000,-0.000000,-0.000000,0.592322,0.003913,0.003913,0.000000,1140484
14.174067,599461.168056,0.005000,hold,2,0.000000,0.000000,0.000000,-0.000000,-0.000000,0.593459,0.003464,0.003464,0.000003,1140486
14.179067,599461.173155,0.005000,hold,2,0.000000,0.000000,0.000000,-0.000000,-0.000000,0.592079,0.004065,0.004065,0.000000,1140488
14.184067,599461.178257,0.005000,hold,2,0.000000,0.000000,0.000000,-0.000000,-0.000000,0.588209,0.003673,0.003673,0.000000,1140490
14.189067,599461.183361,0.005000,hold,2,0.000000,0.000000,0.000000,-0.000000,-0.000000,0.600491,0.003943,0.003943,0.000000,1140492
14.194067,599461.188581,0.005000,hold,2,0.000000,0.000000,0.000000,-0.000000,-0.000000,0.609849,0.003400,0.003400,0.000007,1140494
14.199068,599461.193772,0.005000,hold,2,0.000000,0.000000,0.000000,-0.000000,-0.000000,0.590158,0.003771,0.003771,0.000000,1140496
14.204068,599461.198979,0.005000,hold,2,0.000000,0.000000,0.000000,-0.000000,-0.000000,0.584568,0.004091,0.004091,0.000000,1140498
14.209067,599461.204215,0.004999,hold,2,0.000000,0.000000,0.000000,-0.000000,-0.000000,0.605861,0.003610,0.003610,0.000000,1140500
14.214067,599461.209318,0.005000,hold,2,0.000000,0.000000,0.000000,-0.000000,-0.000000,0.607861,0.004029,0.004029,0.000000,1140502
14.219067,599461.214444,0.005000,hold,2,0.000000,0.000000,0.000000,0.000000,0.000000,0.593987,0.003513,0.003513,0.000008,1140504
14.224067,599461.219636,0.005000,hold,2,0.000000,0.000000,0.000000,-0.000000,-0.000000,0.598904,0.004145,0.004145,0.000000,1140506
14.229067,599461.224797,0.005000,hold,2,0.000000,0.000000,0.000000,-0.000000,-0.000000,0.613045,0.003722,0.003722,0.000003,1140508
14.234067,599461.229992,0.005000,hold,2,0.000000,0.000000,0.000000,-0.000000,-0.000000,0.609956,0.003264,0.003264,0.000000,1140510
14.239067,599461.235159,0.004999,hold,2,0.000000,0.000000,0.000000,-0.000000,-0.000000,0.595968,0.003893,0.003893,0.000001,1140512
14.244067,599461.240262,0.005000,hold,2,0.000000,0.000000,0.000000,-0.000000,-0.000000,0.594554,0.003439,0.003439,0.000000,1140514
14.249067,599461.245365,0.005001,hold,2,0.000000,0.000000,0.000000,-0.000000,-0.000000,0.602424,0.004059,0.004059,0.000000,1140516
14.254067,599461.250503,0.005000,hold,2,0.000000,0.000000,0.000000,-0.000000,-0.000000,0.602455,0.003615,0.003615,0.000000,1140518
14.259067,599461.255653,0.005000,hold,2,0.000000,0.000000,0.000000,-0.000000,-0.000000,0.595899,0.004226,0.004226,0.000000,1140520
14.264067,599461.260854,0.005000,hold,2,0.000000,0.000000,0.000000,-0.000000,-0.000000,0.590636,0.003836,0.003836,0.000000,1140522
14.269067,599461.266133,0.005000,hold,2,0.000000,0.000000,0.000000,-0.000000,-0.000000,0.601349,0.003428,0.003428,0.000000,1140524
14.274067,599461.271233,0.005000,hold,2,0.000000,0.000000,0.000000,-0.000000,-0.000000,0.620203,0.004051,0.004051,0.000000,1140526
14.279068,599461.276336,0.005001,hold,2,0.000000,0.000000,0.000000,-0.000000,-0.000000,0.608239,0.003630,0.003630,0.000000,1140528
14.284067,599461.281438,0.005000,hold,2,0.000000,0.000000,0.000000,-0.000000,-0.000000,0.580574,0.004174,0.004174,0.000000,1140530
14.289067,599461.286587,0.005000,hold,2,0.000000,0.000000,0.000000,-0.000026,-0.000026,0.589324,0.003791,0.003791,0.000000,1140532
14.299067,599461.291816,0.010000,hold,2,0.000000,0.000000,0.000000,-0.000000,-0.000000,0.627287,0.003906,0.003906,0.000000,1140536
14.304067,599461.297027,0.005000,hold,2,0.000000,0.000000,0.000000,-0.000000,-0.000000,0.611707,0.003471,0.003471,0.000001,1140538
14.309067,599461.302223,0.005000,hold,2,0.000000,0.000000,0.000000,-0.000000,-0.000000,0.609994,0.004096,0.004096,0.000000,1140540
14.314067,599461.307326,0.005000,hold,2,0.000000,0.000000,0.000000,-0.000000,-0.000000,0.616968,0.003724,0.003724,0.000000,1140542
14.319067,599461.312442,0.005000,hold,2,0.000000,0.000000,0.000000,0.000000,0.000000,0.614982,0.003219,0.003219,0.000011,1140544
14.324067,599461.317584,0.005000,hold,2,0.000000,0.000000,0.000000,0.000000,0.000000,0.595427,0.003910,0.003910,0.000000,1140546
14.329067,599461.322782,0.005001,hold,2,0.000000,0.000000,0.000000,-0.000000,-0.000000,0.588622,0.003435,0.003435,0.000000,1140548
14.334067,599461.328015,0.005000,hold,2,0.000000,0.000000,0.000000,-0.000000,-0.000000,0.612756,0.004085,0.004085,0.000000,1140550
14.339067,599461.333151,0.005000,hold,2,0.000000,0.000000,0.000000,-0.000000,-0.000000,0.621917,0.003666,0.003666,0.000004,1140552
14.344067,599461.338252,0.005000,hold,2,0.000000,0.000000,0.000000,-0.000000,-0.000000,0.614390,0.004002,0.004002,0.000000,1140554
14.349067,599461.343354,0.005000,hold,2,0.000000,0.000000,0.000000,-0.000000,-0.000000,0.619805,0.003499,0.003499,0.000000,1140556
14.354067,599461.348457,0.005000,hold,2,0.000000,0.000000,0.000000,-0.000000,-0.000000,0.618706,0.004047,0.004047,0.000000,1140558
14.359067,599461.353610,0.005000,hold,2,0.000000,0.000000,0.000000,-0.000000,-0.000000,0.605451,0.003668,0.003668,0.000000,1140560
14.364067,599461.358815,0.005000,hold,2,0.000000,0.000000,0.000000,-0.000000,-0.000000,0.598957,0.004220,0.004220,0.000000,1140562
14.369067,599461.363955,0.005000,hold,2,0.000000,0.000000,0.000000,-0.000000,-0.000000,0.598100,0.003846,0.003846,0.000001,1140564
14.374067,599461.369168,0.005000,hold,2,0.000000,0.000000,0.000000,-0.000000,-0.000000,0.603858,0.003435,0.003435,0.000000,1140566
14.379067,599461.374270,0.005000,hold,2,0.000000,0.000000,0.000000,-0.000000,-0.000000,0.613776,0.004055,0.004055,0.000000,1140568
14.384067,599461.379374,0.005000,hold,2,0.000000,0.000000,0.000000,-0.000000,-0.000000,0.613108,0.003667,0.003667,0.000000,1140570
14.389067,599461.384502,0.005000,hold,2,0.000000,0.000000,0.000000,0.000000,0.000000,0.614707,0.003932,0.003932,0.000008,1140572
14.394070,599461.389696,0.005003,hold,2,0.000000,0.000000,0.000000,-0.000000,-0.000000,0.618684,0.003328,0.003328,0.000000,1140574
14.399067,599461.394958,0.004998,hold,2,0.000000,0.000000,0.000000,0.000000,0.000000,0.610563,0.003749,0.003749,0.000011,1140576
14.404067,599461.400099,0.005000,hold,2,0.000000,0.000000,0.000000,-0.000000,-0.000000,0.586233,0.004169,0.004169,0.000000,1140578
14.409068,599461.405200,0.005000,hold,2,0.000000,0.000000,0.000000,-0.000000,-0.000000,0.586631,0.003682,0.003682,0.000000,1140580
14.414067,599461.410302,0.004999,hold,2,0.000000,0.000000,0.000000,-0.000000,-0.000000,0.607764,0.004211,0.004211,0.000003,1140582
14.419067,599461.415403,0.005000,hold,2,0.000000,0.000000,0.000000,-0.000000,-0.000000,0.603045,0.003758,0.003758,0.000004,1140584
14.424067,599461.420473,0.005000,hold,2,0.000000,0.000000,0.000000,0.000000,0.000000,0.603680,0.003261,0.003261,0.000080,1140586
14.429067,599461.425574,0.005001,hold,2,0.000000,0.000000,0.000000,-0.000000,-0.000000,0.612572,0.003908,0.003908,0.000000,1140588
14.434067,599461.430722,0.005000,hold,2,0.000000,0.000000,0.000000,-0.000000,-0.000000,0.613004,0.003513,0.003513,0.000000,1140590
14.439067,599461.435880,0.005000,hold,2,0.000000,0.000000,0.000000,-0.000000,-0.000000,0.607758,0.004170,0.004170,0.000001,1140592
14.444068,599461.441039,0.005001,hold,2,0.000000,0.000000,0.000000,-0.000000,-0.000000,0.599618,0.003839,0.003839,0.000000,1140594
14.449067,599461.446140,0.005000,hold,2,0.000000,0.000000,0.000000,-0.000000,-0.000000,0.598499,0.003312,0.003312,0.000000,1140596
14.454067,599461.451241,0.005000,hold,2,0.000000,0.000000,0.000000,0.000000,0.000000,0.602290,0.003869,0.003869,0.000079,1140598
14.459068,599461.456342,0.005001,hold,2,0.000000,0.000000,0.000000,0.000000,0.000000,0.610697,0.003442,0.003442,0.000000,1140600
14.464067,599461.461444,0.004998,hold,2,0.000000,0.000000,0.000000,0.000000,0.000000,0.610994,0.004076,0.004076,0.000000,1140602
14.469067,599461.466563,0.005001,hold,2,0.000000,0.000000,0.000000,-0.000000,-0.000000,0.596092,0.003737,0.003737,0.000000,1140604
14.474068,599461.471666,0.005001,hold,2,0.000000,0.000000,0.000000,-0.000000,-0.000000,0.598589,0.003311,0.003311,0.000000,1140606
14.484067,599461.476925,0.010000,hold,2,0.000000,0.000000,0.000000,-0.000000,-0.000000,0.599290,0.003490,0.003490,0.000000,1140610
14.489067,599461.482128,0.005000,hold,2,0.000000,0.000000,0.000000,-0.000000,-0.000000,0.601758,0.004146,0.004146,0.000000,1140612
14.494068,599461.487231,0.005000,hold,2,0.000000,0.000000,0.000000,-0.000000,-0.000000,0.606375,0.003750,0.003750,0.000000,1140614
14.499067,599461.492334,0.004999,hold,2,0.000000,0.000000,0.000000,-0.000000,-0.000000,0.600455,0.003303,0.003303,0.000000,1140616
14.504068,599461.497490,0.005001,hold,2,0.000000,0.000000,0.000000,-0.000000,-0.000000,0.600340,0.003893,0.003893,0.000001,1140618
14.509067,599461.502791,0.005000,hold,2,0.000000,0.000000,0.000000,-0.000000,-0.000000,0.619039,0.003460,0.003460,0.000000,1140620
14.514067,599461.508055,0.005000,hold,2,0.000000,0.000000,0.000000,-0.000000,-0.000000,0.611299,0.004116,0.004116,0.000000,1140622
14.519067,599461.513192,0.005000,hold,2,0.000000,0.000000,0.000000,-0.000000,-0.000000,0.598216,0.003725,0.003725,0.000000,1140624
14.524067,599461.518295,0.005000,hold,2,0.000000,0.000000,0.000000,-0.000000,-0.000000,0.610039,0.003238,0.003238,0.000000,1140626
14.529067,599461.523398,0.005000,hold,2,0.000000,0.000000,0.000000,-0.000000,-0.000000,0.627698,0.003902,0.003902,0.000011,1140628
14.534067,599461.528500,0.005000,hold,2,0.000000,0.000000,0.000000,-0.000000,-0.000000,0.627201,0.003502,0.003502,0.000000,1140630
14.539067,599461.533740,0.005000,hold,2,0.000000,0.000000,0.000000,-0.000000,-0.000000,0.603228,0.004127,0.004127,0.000000,1140632
14.544067,599461.538998,0.005000,hold,2,0.000000,0.000000,0.000000,0.000000,0.000000,0.596781,0.003811,0.003811,0.000014,1140634
14.549067,599461.544209,0.005000,hold,2,0.000000,0.000000,0.000000,-0.000000,-0.000000,0.601579,0.003377,0.003377,0.000000,1140636
14.554067,599461.549312,0.005001,hold,2,0.000000,0.000000,0.000000,-0.000000,-0.000000,0.601148,0.003964,0.003964,0.000001,1140638
14.559067,599461.554372,0.005000,hold,2,0.000000,0.000000,0.000000,0.000000,0.000000,0.593396,0.003567,0.003567,0.000007,1140640
14.564067,599461.559501,0.005000,hold,2,0.000000,0.000000,0.000000,-0.000000,-0.000000,0.593878,0.004225,0.004225,0.000000,1140642
14.569067,599461.564776,0.005000,hold,2,0.000000,0.000000,0.000000,-0.000000,-0.000000,0.618966,0.003849,0.003849,0.000008,1140644
14.574068,599461.569967,0.005000,hold,2,0.000000,0.000000,0.000000,-0.000000,-0.000000,0.614805,0.003474,0.003474,0.000000,1140646
14.579067,599461.575191,0.005000,hold,2,0.000000,0.000000,0.000000,-0.000000,-0.000000,0.589273,0.004084,0.004084,0.000000,1140648
14.584069,599461.580320,0.005001,hold,2,0.000000,0.000000,0.000000,-0.000000,-0.000000,0.600428,0.003746,0.003746,0.000000,1140650
14.589067,599461.585423,0.004999,hold,2,0.000000,0.000000,0.000000,-0.000000,-0.000000,0.620419,0.003316,0.003316,0.000001,1140652
14.594068,599461.590601,0.005001,hold,2,0.000000,0.000000,0.000000,-0.000000,-0.000000,0.615075,0.003944,0.003944,0.000000,1140654
14.599068,599461.595784,0.005000,hold,2,0.000000,0.000000,0.000000,-0.000000,-0.000000,0.611219,0.003526,0.003526,0.000000,1140656
14.604067,599461.600888,0.004999,hold,2,0.000000,0.000000,0.000000,-0.000000,-0.000000,0.620537,0.004157,0.004157,0.000001,1140658
14.609067,599461.605995,0.005000,hold,2,0.000000,0.000000,0.000000,-0.000000,-0.000000,0.630380,0.003797,0.003797,0.000000,1140660
14.614067,599461.611173,0.005000,hold,2,0.000000,0.000000,0.000000,-0.000000,-0.000000,0.640491,0.003378,0.003378,0.000000,1140662
14.619067,599461.616275,0.004999,hold,2,0.000000,0.000000,0.000000,-0.000000,-0.000000,0.636306,0.004009,0.004009,0.000001,1140664
14.624067,599461.621379,0.005000,hold,2,0.000000,0.000000,0.000000,0.000000,0.000000,0.624837,0.003596,0.003596,0.000007,1140666
14.629068,599461.626531,0.005001,hold,2,0.000000,0.000000,0.000000,-0.000000,-0.000000,0.630059,0.004232,0.004232,0.000000,1140668
14.634067,599461.631679,0.004999,hold,2,0.000000,0.000000,0.000000,0.000000,0.000000,0.643787,0.003844,0.003844,0.000007,1140670
14.644067,599461.636782,0.010000,hold,2,0.000000,0.000000,0.000000,-0.000000,-0.000000,0.603886,0.004047,0.004047,0.000003,1140674
14.649067,599461.641921,0.005000,hold,2,0.000000,0.000000,0.000000,-0.000000,-0.000000,0.613074,0.003692,0.003692,0.000000,1140676
14.654068,599461.647086,0.005000,hold,2,0.000000,0.000000,0.000000,-0.000000,-0.000000,0.612828,0.003282,0.003282,0.000001,1140678
14.659068,599461.652191,0.005000,hold,2,0.000000,0.000000,0.000000,-0.000000,-0.000000,0.591587,0.003910,0.003910,0.000000,1140680
14.664067,599461.657295,0.004999,hold,2,0.000000,0.000000,0.000000,-0.000000,-0.000000,0.590646,0.003477,0.003477,0.000000,1140682
14.669067,599461.662397,0.005000,hold,2,0.000000,0.000000,0.000000,-0.000000,-0.000000,0.598174,0.004091,0.004091,0.000004,1140684
14.674067,599461.667547,0.005000,hold,2,0.000000,0.000000,0.000000,-0.000000,-0.000000,0.599681,0.003716,0.003716,0.000000,1140686
14.679067,599461.672728,0.005000,hold,2,0.000000,0.000000,0.000000,-0.000000,-0.000000,0.594701,0.003287,0.003287,0.000000,1140688
14.684067,599461.678072,0.005000,hold,2,0.000000,0.000000,0.000000,-0.000000,-0.000000,0.584714,0.003892,0.003892,0.000000,1140690
14.689067,599461.683174,0.005000,hold,2,0.000000,0.000000,0.000000,-0.000000,-0.000000,0.598852,0.003431,0.003431,0.000001,1140692
14.694067,599461.688275,0.005000,hold,2,0.000000,0.000000,0.000000,-0.000000,-0.000000,0.614243,0.004064,0.004064,0.000000,1140694
14.699067,599461.693378,0.005000,hold,2,0.000000,0.000000,0.000000,-0.000000,-0.000000,0.601752,0.003740,0.003740,0.000000,1140696
14.704067,599461.698480,0.005001,hold,2,0.000000,0.000000,0.000000,-0.000000,-0.000000,0.587445,0.003343,0.003343,0.000001,1140698
14.709067,599461.703636,0.005000,hold,2,0.000000,0.000000,0.000000,-0.000000,-0.000000,0.583972,0.003967,0.003967,0.000000,1140700
14.714067,599461.708833,0.005000,hold,2,0.000000,0.000000,0.000000,-0.000000,-0.000000,0.589915,0.003531,0.003531,0.000000,1140702
14.719067,599461.713970,0.004999,hold,2,0.000000,0.000000,0.000000,-0.000000,-0.000000,0.587146,0.004110,0.004110,0.000012,1140704
14.724067,599461.719141,0.005000,hold,2,0.000000,0.000000,0.000000,0.000000,0.000000,0.577313,0.003807,0.003807,0.000010,1140706
14.729067,599461.724239,0.005000,hold,2,0.000000,0.000000,0.000000,-0.000000,-0.000000,0.595747,0.003375,0.003375,0.000000,1140708
14.734067,599461.729331,0.005000,hold,2,0.000000,0.000000,0.000000,-0.000000,-0.000000,0.610230,0.003962,0.003962,0.000000,1140710
14.739067,599461.734443,0.005000,hold,2,0.000000,0.000000,0.000000,-0.000000,-0.000000,0.604622,0.003481,0.003481,0.000001,1140712
14.744067,599461.739574,0.005000,hold,2,0.000000,0.000000,0.000000,-0.000000,-0.000000,0.603958,0.004044,0.004044,0.000000,1140714
14.749067,599461.744679,0.005000,hold,2,0.000000,0.000000,0.000000,-0.000000,-0.000000,0.615143,0.003662,0.003662,0.000000,1140716
14.754067,599461.749801,0.005000,hold,2,0.000000,0.000000,0.000000,-0.000000,-0.000000,0.612957,0.004255,0.004255,0.000004,1140718
14.759069,599461.754951,0.005002,hold,2,0.000000,0.000000,0.000000,-0.000000,-0.000000,0.588269,0.003824,0.003824,0.000000,1140720
14.764068,599461.760091,0.004999,hold,2,0.000000,0.000000,0.000000,0.000000,0.000000,0.578674,0.003324,0.003324,0.000007,1140722
14.769067,599461.765173,0.004998,hold,2,0.000000,0.000000,0.000000,-0.000000,-0.000000,0.596271,0.003945,0.003945,0.000000,1140724
14.774067,599461.770254,0.005000,hold,2,0.000000,0.000000,0.000000,-0.000000,-0.000000,0.615491,0.003502,0.003502,0.000000,1140726
14.779069,599461.775365,0.005001,hold,2,0.000000,0.000000,0.000000,-0.000000,-0.000000,0.613506,0.004076,0.004076,0.000000,1140728
14.784067,599461.780446,0.004999,hold,2,0.000000,0.000000,0.000000,-0.000000,-0.000000,0.600716,0.003686,0.003686,0.000000,1140730
14.789067,599461.785528,0.005000,hold,2,0.000000,0.000000,0.000000,-0.000000,-0.000000,0.592038,0.003248,0.003248,0.000001,1140732
14.794067,599461.790642,0.005000,hold,2,0.000000,0.000000,0.000000,-0.000000,-0.000000,0.585457,0.003858,0.003858,0.000000,1140734
14.799067,599461.795724,0.005000,hold,2,0.000000,0.000000,0.000000,-0.000000,-0.000000,0.583211,0.003407,0.003407,0.000000,1140736
14.804067,599461.800839,0.005000,hold,2,0.000000,0.000000,0.000000,-0.000000,-0.000000,0.579261,0.004027,0.004027,0.000001,1140738
14.809067,599461.805965,0.005000,hold,2,0.000000,0.000000,0.000000,-0.000000,-0.000000,0.579324,0.003589,0.003589,0.000000,1140740
14.814067,599461.811102,0.005000,hold,2,0.000000,0.000000,0.000000,-0.000000,-0.000000,0.593431,0.004199,0.004199,0.000000,1140742
14.819075,599461.816183,0.005008,hold,2,0.000000,0.000000,0.000000,-0.000000,-0.000000,0.599102,0.003833,0.003833,0.000005,1140744
14.824067,599461.821310,0.004992,hold,2,0.000000,0.000000,0.000000,-0.000000,-0.000000,0.584175,0.003343,0.003343,0.000000,1140746
14.829069,599461.826476,0.005002,hold,2,0.000000,0.000000,0.000000,-0.000000,-0.000000,0.584006,0.003908,0.003908,0.000000,1140748
14.834067,599461.831620,0.004998,hold,2,0.000000,0.000000,0.000000,-0.000000,-0.000000,0.599013,0.003494,0.003494,0.000003,1140750
14.839067,599461.836745,0.005000,hold,2,0.000000,0.000000,0.000000,-0.000000,-0.000000,0.595582,0.004111,0.004111,0.000001,1140752
14.844067,599461.841900,0.005000,hold,2,0.000000,0.000000,0.000000,-0.000000,-0.000000,0.584535,0.003728,0.003728,0.000000,1140754
14.854067,599461.847017,0.010000,hold,2,0.000000,0.000000,0.000000,-0.000000,-0.000000,0.583268,0.003874,0.003874,0.000001,1140758
14.859067,599461.852246,0.005000,hold,2,0.000000,0.000000,0.000000,-0.000000,-0.000000,0.578433,0.003360,0.003360,0.000000,1140760
14.864067,599461.857348,0.005000,hold,2,0.000000,0.000000,0.000000,0.000000,0.000000,0.594551,0.003975,0.003975,0.000076,1140762
14.869067,599461.862497,0.005000,hold,2,0.000000,0.000000,0.000000,0.000000,0.000000,0.604444,0.003551,0.003551,0.000000,1140764
14.874067,599461.867698,0.005000,hold,2,0.000000,0.000000,0.000000,-0.000000,-0.000000,0.599782,0.004151,0.004151,0.000000,1140766
14.879067,599461.872912,0.005000,hold,2,0.000000,0.000000,0.000000,-0.000000,-0.000000,0.585775,0.003795,0.003795,0.000000,1140768
14.884067,599461.878142,0.005000,hold,2,0.000000,0.000000,0.000000,-0.000000,-0.000000,0.575832,0.003363,0.003363,0.000000,1140770
14.889067,599461.883243,0.005000,hold,2,0.000000,0.000000,0.000000,-0.000000,-0.000000,0.601063,0.003946,0.003946,0.000001,1140772
14.894067,599461.888464,0.005000,hold,2,0.000000,0.000000,0.000000,-0.000000,-0.000000,0.620362,0.003492,0.003492,0.000000,1140774
14.899067,599461.893600,0.005000,hold,2,0.000000,0.000000,0.000000,-0.000000,-0.000000,0.612802,0.004135,0.004135,0.000000,1140776
14.904067,599461.898801,0.005000,hold,2,0.000000,0.000000,0.000000,-0.000000,-0.000000,0.612201,0.003733,0.003733,0.000001,1140778
14.909067,599461.903993,0.005000,hold,2,0.000000,0.000000,0.000000,-0.000000,-0.000000,0.601566,0.003258,0.003258,0.000000,1140780
14.914067,599461.909230,0.005000,hold,2,0.000000,0.000000,0.000000,-0.000000,-0.000000,0.603448,0.003861,0.003861,0.000000,1140782
14.919067,599461.914353,0.005000,hold,2,0.000000,0.000000,0.000000,-0.000000,-0.000000,0.619998,0.003433,0.003433,0.000001,1140784
14.924067,599461.919465,0.005000,hold,2,0.000000,0.000000,0.000000,-0.000000,-0.000000,0.613327,0.004075,0.004075,0.000000,1140786
14.929067,599461.924542,0.005000,hold,2,0.000000,0.000000,0.000000,-0.000000,-0.000000,0.601061,0.003655,0.003655,0.000006,1140788
14.934067,599461.929659,0.005000,hold,2,0.000000,0.000000,0.000000,-0.000000,-0.000000,0.597315,0.003942,0.003942,0.000000,1140790
14.939067,599461.934734,0.005000,hold,2,0.000000,0.000000,0.000000,-0.000000,-0.000000,0.597912,0.003402,0.003402,0.000008,1140792
14.944067,599461.939814,0.005000,hold,2,0.000000,0.000000,0.000000,-0.000000,-0.000000,0.593492,0.003803,0.003803,0.000000,1140794
14.949067,599461.944911,0.005000,hold,2,0.000000,0.000000,0.000000,-0.000000,-0.000000,0.589231,0.004164,0.004164,0.000000,1140796
14.954082,599461.950004,0.005015,hold,2,0.000000,0.000000,0.000000,-0.000000,-0.000000,0.587880,0.003760,0.003760,0.000005,1140798
14.959067,599461.955112,0.004985,hold,2,0.000000,0.000000,0.000000,-0.000000,-0.000000,0.591525,0.004211,0.004211,0.000000,1140800
14.964067,599461.960212,0.005000,hold,2,0.000000,0.000000,0.000000,-0.000000,-0.000000,0.594026,0.003802,0.003802,0.000000,1140802
14.969067,599461.965377,0.005000,hold,2,0.000000,0.000000,0.000000,-0.000000,-0.000000,0.598112,0.003299,0.003299,0.000001,1140804
14.974067,599461.970643,0.005000,hold,2,0.000000,0.000000,0.000000,-0.000000,-0.000000,0.602018,0.003951,0.003951,0.000000,1140806
14.979069,599461.975841,0.005001,hold,2,0.000000,0.000000,0.000000,-0.000000,-0.000000,0.596588,0.003511,0.003511,0.000000,1140808
14.984067,599461.981042,0.004999,hold,2,0.000000,0.000000,0.000000,-0.000000,-0.000000,0.586676,0.004160,0.004160,0.000004,1140810
14.989067,599461.986206,0.005000,hold,2,0.000000,0.000000,0.000000,-0.000000,-0.000000,0.591305,0.003680,0.003680,0.000000,1140812
14.994068,599461.991371,0.005001,hold,2,0.000000,0.000000,0.000000,-0.000000,-0.000000,0.613153,0.003209,0.003209,0.000003,1140814
14.999067,599461.996471,0.005000,hold,2,0.000000,0.000000,0.000000,-0.000000,-0.000000,0.611422,0.003894,0.003894,0.000000,1140816
15.004067,599462.001606,0.005000,hold,2,0.000000,0.000000,0.000000,-0.000000,-0.000000,0.603082,0.003464,0.003464,0.000001,1140818
15.014067,599462.006839,0.010000,done,2,0.000000,0.000000,0.000000,-0.000488,-0.000488,0.623535,0.003691,0.003691,0.000000,1140822
